{
  "last_link_id": 323,
  "nodes": [
    {
      "mode": 0,
      "outputs": [
        {
          "shape": 3,
          "name": "SEGS",
          "slot_index": 0,
          "links": [
            163
          ],
          "label": "Seg",
          "type": "SEGS"
        }
      ],
      "size": {
        "0": 400,
        "1": 212.00003051757812
      },
      "pos": [
        -305.3328653971511,
        1215.1644060349345
      ],
      "widgets_values": [
        0.5,
        10,
        3,
        10,
        "all"
      ],
      "inputs": [
        {
          "name": "bbox_detector",
          "link": 165,
          "label": "BBox检测",
          "type": "BBOX_DETECTOR"
        },
        {
          "name": "image",
          "link": 164,
          "label": "图像",
          "type": "IMAGE"
        },
        {
          "name": "detailer_hook",
          "slot_index": 2,
          "label": "detailer_hook",
          "type": "DETAILER_HOOK"
        }
      ],
      "flags": {},
      "id": 89,
      "type": "BboxDetectorSEGS",
      "properties": {
        "Node name for S&R": "BboxDetectorSEGS"
      },
      "order": 16
    },
    {
      "mode": 0,
      "outputs": [
        {
          "shape": 3,
          "name": "SAM_MODEL",
          "slot_index": 0,
          "links": [
            158
          ],
          "label": "SAM模型",
          "type": "SAM_MODEL"
        }
      ],
      "size": {
        "0": 315,
        "1": 82
      },
      "pos": [
        -254.33286539715135,
        950.1644060349342
      ],
      "widgets_values": [
        "sam_vit_b_01ec64.pth",
        "Prefer GPU"
      ],
      "flags": {},
      "id": 77,
      "type": "SAMLoader",
      "properties": {
        "Node name for S&R": "SAMLoader"
      },
      "order": 0
    },
    {
      "mode": 0,
      "outputs": [
        {
          "shape": 3,
          "name": "MASK",
          "slot_index": 0,
          "links": [
            166
          ],
          "label": "遮罩",
          "type": "MASK"
        }
      ],
      "size": {
        "0": 315,
        "1": 218
      },
      "pos": [
        115.66713460284846,
        949.1644060349342
      ],
      "widgets_values": [
        "center-1",
        0,
        0,
        0,
        0,
        "False"
      ],
      "inputs": [
        {
          "name": "sam_model",
          "link": 158,
          "label": "SAM模型",
          "type": "SAM_MODEL"
        },
        {
          "name": "segs",
          "link": 163,
          "slot_index": 1,
          "label": "Seg",
          "type": "SEGS"
        },
        {
          "name": "image",
          "link": 159,
          "slot_index": 2,
          "label": "图像",
          "type": "IMAGE"
        }
      ],
      "flags": {},
      "id": 84,
      "type": "SAMDetectorCombined",
      "properties": {
        "Node name for S&R": "SAMDetectorCombined"
      },
      "order": 18
    },
    {
      "mode": 0,
      "outputs": [
        {
          "shape": 3,
          "name": "IMAGE",
          "slot_index": 0,
          "links": [
            50
          ],
          "label": "图像",
          "type": "IMAGE"
        },
        {
          "shape": 3,
          "name": "x",
          "slot_index": 1,
          "links": [],
          "label": "X",
          "type": "INT"
        },
        {
          "shape": 3,
          "name": "y",
          "slot_index": 2,
          "links": [],
          "label": "Y",
          "type": "INT"
        }
      ],
      "size": {
        "0": 210,
        "1": 138
      },
      "pos": [
        832.8053140073303,
        1195.0005493164058,
        0,
        0,
        0,
        0,
        0,
        0,
        0,
        0
      ],
      "widgets_values": [
        256,
        256,
        "top-left",
        0,
        0
      ],
      "inputs": [
        {
          "name": "image",
          "link": 167,
          "label": "图像",
          "type": "IMAGE"
        },
        {
          "widget": {
            "name": "width"
          },
          "name": "width",
          "link": 42,
          "label": "宽度",
          "type": "INT"
        },
        {
          "widget": {
            "name": "height"
          },
          "name": "height",
          "link": 43,
          "label": "高度",
          "type": "INT"
        },
        {
          "widget": {
            "name": "x_offset"
          },
          "name": "x_offset",
          "link": 130,
          "label": "X偏移",
          "type": "INT"
        },
        {
          "widget": {
            "name": "y_offset"
          },
          "name": "y_offset",
          "link": 129,
          "label": "Y偏移",
          "type": "INT"
        }
      ],
      "flags": {},
      "id": 36,
      "type": "ImageCrop+",
      "properties": {
        "Node name for S&R": "ImageCrop+"
      },
      "order": 24
    },
    {
      "mode": 0,
      "outputs": [
        {
          "shape": 3,
          "name": "cropped_mask",
          "slot_index": 0,
          "links": [
            221
          ],
          "label": "遮罩",
          "type": "MASK"
        },
        {
          "shape": 3,
          "name": "crop_data",
          "slot_index": 1,
          "links": [],
          "label": "裁剪数据",
          "type": "CROP_DATA"
        },
        {
          "shape": 3,
          "name": "top_int",
          "slot_index": 2,
          "links": [
            129,
            131
          ],
          "label": "上",
          "type": "INT"
        },
        {
          "shape": 3,
          "name": "left_int",
          "slot_index": 3,
          "links": [
            130,
            132
          ],
          "label": "左",
          "type": "INT"
        },
        {
          "shape": 3,
          "name": "right_int",
          "slot_index": 4,
          "links": [],
          "label": "右",
          "type": "INT"
        },
        {
          "shape": 3,
          "name": "bottom_int",
          "slot_index": 5,
          "links": [],
          "label": "下",
          "type": "INT"
        },
        {
          "shape": 3,
          "name": "width_int",
          "slot_index": 6,
          "links": [
            42,
            109
          ],
          "label": "宽度",
          "type": "INT"
        },
        {
          "shape": 3,
          "name": "height_int",
          "slot_index": 7,
          "links": [
            43,
            110
          ],
          "label": "高度",
          "type": "INT"
        }
      ],
      "size": {
        "0": 315,
        "1": 222
      },
      "pos": [
        461.0435058775886,
        949.8283025192366,
        0,
        0,
        0,
        0,
        0,
        0,
        0,
        0
      ],
      "widgets_values": [
        50,
        "dominant"
      ],
      "inputs": [
        {
          "name": "mask",
          "link": 166,
          "label": "遮罩",
          "type": "MASK"
        }
      ],
      "flags": {},
      "id": 35,
      "type": "Mask Crop Region",
      "properties": {
        "Node name for S&R": "Mask Crop Region"
      },
      "order": 20
    },
    {
      "mode": 0,
      "outputs": [
        {
          "shape": 3,
          "name": "MASK",
          "slot_index": 0,
          "links": [
            222
          ],
          "label": "遮罩",
          "type": "MASK"
        }
      ],
      "size": {
        "0": 315,
        "1": 82
      },
      "pos": [
        808.8053140073301,
        952.0005493164067
      ],
      "widgets_values": [
        30,
        true
      ],
      "inputs": [
        {
          "name": "mask",
          "link": 221,
          "label": "遮罩",
          "type": "MASK"
        }
      ],
      "flags": {},
      "id": 112,
      "type": "GrowMask",
      "properties": {
        "Node name for S&R": "GrowMask"
      },
      "order": 23
    },
    {
      "mode": 0,
      "outputs": [
        {
          "shape": 3,
          "name": "MASK",
          "slot_index": 0,
          "links": [
            216,
            228
          ],
          "label": "遮罩",
          "type": "MASK"
        }
      ],
      "size": {
        "0": 315,
        "1": 82
      },
      "pos": [
        1145.4443596733774,
        952
      ],
      "widgets_values": [
        64,
        "gpu"
      ],
      "inputs": [
        {
          "name": "mask",
          "link": 222,
          "label": "遮罩",
          "type": "MASK"
        }
      ],
      "flags": {},
      "id": 99,
      "type": "MaskBlur+",
      "properties": {
        "Node name for S&R": "MaskBlur+"
      },
      "order": 25
    },
    {
      "mode": 4,
      "outputs": [
        {
          "shape": 3,
          "name": "PULID",
          "slot_index": 0,
          "links": [
            259
          ],
          "label": "PuLID",
          "type": "PULID"
        }
      ],
      "bgcolor": "#3f5159",
      "size": {
        "0": 378.01416015625,
        "1": 66.77894592285156
      },
      "color": "#2a363b",
      "pos": [
        -1708.210473916218,
        1532.856833904586
      ],
      "widgets_values": [
        "ip-adapter_pulid_sdxl_fp16.safetensors"
      ],
      "flags": {},
      "id": 144,
      "type": "PulidModelLoader",
      "properties": {
        "Node name for S&R": "PulidModelLoader"
      },
      "order": 1
    },
    {
      "mode": 4,
      "outputs": [
        {
          "shape": 3,
          "name": "EVA_CLIP",
          "slot_index": 0,
          "links": [
            260
          ],
          "label": "EVA_CLIP",
          "type": "EVA_CLIP"
        }
      ],
      "bgcolor": "#3f5159",
      "size": {
        "0": 371.68328857421875,
        "1": 59.245452880859375
      },
      "color": "#2a363b",
      "pos": [
        -1702.210473916218,
        1641.856833904586
      ],
      "flags": {},
      "id": 145,
      "type": "PulidEvaClipLoader",
      "properties": {
        "Node name for S&R": "PulidEvaClipLoader"
      },
      "order": 2
    },
    {
      "mode": 4,
      "outputs": [
        {
          "shape": 3,
          "name": "FACEANALYSIS",
          "slot_index": 0,
          "links": [
            261
          ],
          "label": "面部分析",
          "type": "FACEANALYSIS"
        }
      ],
      "bgcolor": "#3f5159",
      "size": {
        "0": 363.8265380859375,
        "1": 62.90843963623047
      },
      "color": "#2a363b",
      "pos": [
        -1695.210473916218,
        1753.8568339045862
      ],
      "widgets_values": [
        "CPU"
      ],
      "flags": {},
      "id": 143,
      "type": "InstantIDFaceAnalysis",
      "properties": {
        "Node name for S&R": "InstantIDFaceAnalysis"
      },
      "order": 3
    },
    {
      "mode": 0,
      "outputs": [
        {
          "shape": 3,
          "name": "FACEANALYSIS",
          "slot_index": 0,
          "links": [
            173
          ],
          "label": "面部分析",
          "type": "FACEANALYSIS"
        }
      ],
      "bgcolor": "#3f5159",
      "size": {
        "0": 258.3302917480469,
        "1": 62.330970764160156
      },
      "color": "#2a363b",
      "pos": [
        -957.2104739162181,
        1636.856833904586
      ],
      "widgets_values": [
        "CPU"
      ],
      "flags": {
        "collapsed": false
      },
      "id": 93,
      "type": "InstantIDFaceAnalysis",
      "properties": {
        "Node name for S&R": "InstantIDFaceAnalysis"
      },
      "order": 4
    },
    {
      "mode": 0,
      "outputs": [
        {
          "shape": 3,
          "name": "CONTROL_NET",
          "slot_index": 0,
          "links": [
            174
          ],
          "label": "ControlNet",
          "type": "CONTROL_NET"
        }
      ],
      "bgcolor": "#3f5159",
      "size": {
        "0": 273.12890625,
        "1": 58
      },
      "color": "#2a363b",
      "pos": [
        -957.2104739162181,
        1755.8568339045862
      ],
      "widgets_values": [
        "instantid/diffusion_pytorch_model.safetensors"
      ],
      "flags": {},
      "id": 92,
      "type": "ControlNetLoader",
      "properties": {
        "Node name for S&R": "ControlNetLoader"
      },
      "order": 5
    },
    {
      "mode": 0,
      "outputs": [
        {
          "shape": 3,
          "name": "face_image",
          "slot_index": 0,
          "links": [
            248
          ],
          "label": "face_image",
          "type": "IMAGE"
        },
        {
          "shape": 3,
          "name": "preview",
          "label": "preview",
          "type": "IMAGE"
        },
        {
          "shape": 3,
          "name": "bbox",
          "label": "bbox",
          "type": "BBOX"
        }
      ],
      "size": {
        "0": 280.596435546875,
        "1": 122
      },
      "pos": [
        -1703.2123726422556,
        1051.4447034656714
      ],
      "widgets_values": [
        0.1,
        100
      ],
      "inputs": [
        {
          "name": "model",
          "link": 246,
          "slot_index": 0,
          "label": "model",
          "type": "RETINAFACE"
        },
        {
          "name": "image",
          "link": 250,
          "label": "image",
          "type": "IMAGE"
        }
      ],
      "flags": {},
      "id": 129,
      "type": "Crop Face",
      "properties": {
        "Node name for S&R": "Crop Face"
      },
      "order": 15
    },
    {
      "mode": 0,
      "outputs": [
        {
          "shape": 3,
          "name": "MODEL",
          "links": [
            246
          ],
          "label": "MODEL",
          "type": "RETINAFACE"
        }
      ],
      "size": {
        "0": 263.15625,
        "1": 26.87950897216797
      },
      "pos": [
        -1703.2123726422556,
        971.4447034656714
      ],
      "flags": {},
      "id": 130,
      "type": "Load RetinaFace",
      "properties": {
        "Node name for S&R": "Load RetinaFace"
      },
      "order": 6
    },
    {
      "mode": 0,
      "outputs": [
        {
          "shape": 3,
          "name": "IMAGE",
          "slot_index": 0,
          "links": [
            241
          ],
          "label": "图像",
          "type": "IMAGE"
        },
        {
          "shape": 3,
          "name": "width",
          "label": "宽度",
          "type": "INT"
        },
        {
          "shape": 3,
          "name": "height",
          "label": "高度",
          "type": "INT"
        }
      ],
      "size": {
        "0": 315,
        "1": 218
      },
      "pos": [
        540,
        1630,
        0,
        0,
        0,
        0,
        0,
        0,
        0,
        0
      ],
      "widgets_values": [
        1024,
        1024,
        "lanczos",
        "pad",
        "always",
        0
      ],
      "inputs": [
        {
          "name": "image",
          "link": 112,
          "label": "图像",
          "type": "IMAGE"
        },
        {
          "widget": {
            "name": "width"
          },
          "name": "width",
          "link": 109,
          "label": "宽度",
          "type": "INT"
        },
        {
          "widget": {
            "name": "height"
          },
          "name": "height",
          "link": 110,
          "label": "高度",
          "type": "INT"
        }
      ],
      "flags": {},
      "id": 48,
      "type": "ImageResize+",
      "properties": {
        "Node name for S&R": "ImageResize+"
      },
      "order": 34
    },
    {
      "mode": 0,
      "outputs": [
        {
          "shape": 3,
          "name": "IMAGE",
          "slot_index": 0,
          "links": [
            112
          ],
          "label": "图像",
          "type": "IMAGE"
        }
      ],
      "size": {
        "0": 312.3017883300781,
        "1": 47.612098693847656
      },
      "pos": [
        540,
        1540,
        0,
        0,
        0,
        0,
        0,
        0,
        0,
        0
      ],
      "inputs": [
        {
          "name": "samples",
          "link": 108,
          "label": "Latent",
          "type": "LATENT"
        },
        {
          "name": "vae",
          "link": 93,
          "label": "VAE",
          "type": "VAE"
        }
      ],
      "flags": {
        "collapsed": false
      },
      "id": 2,
      "type": "VAEDecode",
      "properties": {
        "Node name for S&R": "VAEDecode"
      },
      "order": 33
    },
    {
      "outputs": [
        {
          "shape": 3,
          "name": "LATENT",
          "slot_index": 0,
          "links": [
            108
          ],
          "label": "Latent",
          "type": "LATENT"
        }
      ],
      "color": "#432",
      "widgets_values": [
        92332524608603,
        "fixed",
        10,
        1,
        "euler_ancestral",
        "sgm_uniform",
        0.5
      ],
      "inputs": [
        {
          "name": "model",
          "link": 176,
          "label": "模型",
          "type": "MODEL"
        },
        {
          "name": "positive",
          "link": 105,
          "label": "正面条件",
          "type": "CONDITIONING"
        },
        {
          "name": "negative",
          "link": 106,
          "label": "负面条件",
          "type": "CONDITIONING"
        },
        {
          "name": "latent_image",
          "link": 107,
          "label": "Latent",
          "type": "LATENT"
        }
      ],
      "flags": {},
      "type": "KSampler",
      "mode": 0,
      "bgcolor": "#653",
      "size": {
        "0": 315,
        "1": 474
      },
      "pos": [
        180,
        1540
      ],
      "id": 57,
      "properties": {
        "Node name for S&R": "KSampler"
      },
      "order": 32
    },
    {
      "mode": 0,
      "outputs": [
        {
          "shape": 3,
          "name": "BBOX_DETECTOR",
          "slot_index": 0,
          "links": [
            165
          ],
          "label": "BBox检测",
          "type": "BBOX_DETECTOR"
        },
        {
          "shape": 3,
          "name": "SEGM_DETECTOR",
          "slot_index": 1,
          "links": [],
          "label": "SEGM检测",
          "type": "SEGM_DETECTOR"
        }
      ],
      "size": {
        "0": 315,
        "1": 78
      },
      "pos": [
        -249,
        1083.27562565299
      ],
      "widgets_values": [
        "bbox/face_yolov8n_v2.pt"
      ],
      "flags": {},
      "id": 76,
      "type": "UltralyticsDetectorProvider",
      "properties": {
        "Node name for S&R": "UltralyticsDetectorProvider"
      },
      "order": 7
    },
    {
      "outputs": [
        {
          "shape": 3,
          "name": "CONDITIONING",
          "slot_index": 0,
          "links": [
            177
          ],
          "label": "条件",
          "type": "CONDITIONING"
        }
      ],
      "color": "#232",
      "widgets_values": [
        ""
      ],
      "inputs": [
        {
          "name": "clip",
          "link": 89,
          "slot_index": 0,
          "label": "CLIP",
          "type": "CLIP"
        }
      ],
      "flags": {
        "collapsed": false
      },
      "type": "CLIPTextEncode",
      "mode": 0,
      "bgcolor": "#353",
      "size": {
        "0": 337.9335021972656,
        "1": 76.22089385986328
      },
      "pos": [
        -961.9098815626364,
        2058.329880954603,
        0,
        0,
        0,
        0,
        0,
        0,
        0,
        0
      ],
      "id": 16,
      "properties": {
        "Node name for S&R": "CLIPTextEncode"
      },
      "order": 13
    },
    {
      "mode": 0,
      "outputs": [
        {
          "shape": 3,
          "name": "UPSCALE_MODEL",
          "links": [
            247
          ],
          "label": "放大模型",
          "type": "UPSCALE_MODEL"
        }
      ],
      "size": {
        "0": 270,
        "1": 60
      },
      "pos": [
        -1693,
        1213
      ],
      "widgets_values": [
        "4x-UltraSharp.pth"
      ],
      "flags": {},
      "id": 132,
      "type": "UpscaleModelLoader",
      "properties": {
        "Node name for S&R": "UpscaleModelLoader"
      },
      "order": 8
    },
    {
      "mode": 0,
      "size": {
        "0": 174.94667053222656,
        "1": 246
      },
      "pos": [
        -1367,
        1153
      ],
      "inputs": [
        {
          "name": "images",
          "link": 257,
          "label": "图像",
          "type": "IMAGE"
        }
      ],
      "flags": {},
      "id": 141,
      "type": "PreviewImage",
      "properties": {
        "Node name for S&R": "PreviewImage"
      },
      "order": 21
    },
    {
      "mode": 0,
      "outputs": [
        {
          "shape": 3,
          "name": "IMAGE",
          "slot_index": 0,
          "links": [
            249
          ],
          "label": "图像",
          "type": "IMAGE"
        }
      ],
      "size": {
        "0": 250.00869750976562,
        "1": 46
      },
      "pos": [
        -1679,
        1336
      ],
      "inputs": [
        {
          "name": "upscale_model",
          "link": 247,
          "slot_index": 0,
          "label": "放大模型",
          "type": "UPSCALE_MODEL"
        },
        {
          "name": "image",
          "link": 248,
          "label": "图像",
          "type": "IMAGE"
        }
      ],
      "flags": {},
      "id": 131,
      "type": "ImageUpscaleWithModel",
      "properties": {
        "Node name for S&R": "ImageUpscaleWithModel"
      },
      "order": 17
    },
    {
      "outputs": [
        {
          "shape": 3,
          "name": "CONDITIONING",
          "slot_index": 0,
          "links": [
            178
          ],
          "label": "条件",
          "type": "CONDITIONING"
        }
      ],
      "color": "#322",
      "widgets_values": [
        "worst quality, low quality, normal quality,"
      ],
      "inputs": [
        {
          "name": "clip",
          "link": 90,
          "label": "CLIP",
          "type": "CLIP"
        }
      ],
      "flags": {
        "collapsed": false
      },
      "type": "CLIPTextEncode",
      "mode": 0,
      "bgcolor": "#533",
      "size": {
        "0": 351.410400390625,
        "1": 76
      },
      "pos": [
        -961,
        2187,
        0,
        0,
        0,
        0,
        0,
        0,
        0,
        0
      ],
      "id": 11,
      "properties": {
        "Node name for S&R": "CLIPTextEncode"
      },
      "order": 14
    },
    {
      "mode": 0,
      "outputs": [
        {
          "shape": 3,
          "name": "MODEL",
          "slot_index": 0,
          "links": [
            262
          ],
          "label": "模型",
          "type": "MODEL"
        },
        {
          "shape": 3,
          "name": "CLIP",
          "slot_index": 1,
          "links": [
            89,
            90
          ],
          "label": "CLIP",
          "type": "CLIP"
        },
        {
          "shape": 3,
          "name": "VAE",
          "slot_index": 2,
          "links": [
            92,
            93
          ],
          "label": "VAE",
          "type": "VAE"
        }
      ],
      "bgcolor": "#335",
      "size": {
        "0": 673.654052734375,
        "1": 186.1818084716797
      },
      "color": "#223",
      "pos": [
        -1693.9098815626364,
        2064.329880954603
      ],
      "widgets_values": [
        "juggernautXL_v9Rdphoto2Lightning.safetensors"
      ],
      "flags": {},
      "id": 52,
      "type": "CheckpointLoaderSimple",
      "properties": {
        "Node name for S&R": "CheckpointLoaderSimple"
      },
      "order": 9
    },
    {
      "mode": 0,
      "outputs": [
        {
          "shape": 3,
          "name": "INSTANTID",
          "slot_index": 0,
          "links": [
            172
          ],
          "label": "INSTANTID",
          "type": "INSTANTID"
        }
      ],
      "bgcolor": "#3f5159",
      "size": {
        "0": 238.72393798828125,
        "1": 58
      },
      "color": "#2a363b",
      "pos": [
        -950,
        1520
      ],
      "widgets_values": [
        "ip-adapter.bin"
      ],
      "flags": {},
      "id": 91,
      "type": "InstantIDModelLoader",
      "properties": {
        "Node name for S&R": "InstantIDModelLoader"
      },
      "order": 10
    },
    {
      "outputs": [
        {
          "shape": 3,
          "name": "MODEL",
          "slot_index": 0,
          "links": [
            263
          ],
          "label": "模型",
          "type": "MODEL"
        }
      ],
      "color": "#2a363b",
      "widgets_values": [
        "fidelity",
        1,
        0,
        0.9
      ],
      "inputs": [
        {
          "name": "model",
          "link": 262,
          "label": "模型",
          "type": "MODEL"
        },
        {
          "name": "pulid",
          "link": 259,
          "label": "PuLID",
          "type": "PULID"
        },
        {
          "name": "eva_clip",
          "link": 260,
          "label": "EVA_CLIP",
          "type": "EVA_CLIP"
        },
        {
          "name": "face_analysis",
          "link": 261,
          "label": "面部分析模型",
          "type": "FACEANALYSIS"
        },
        {
          "name": "image",
          "link": 264,
          "label": "图像",
          "type": "IMAGE"
        },
        {
          "name": "attn_mask",
          "slot_index": 5,
          "label": "attn_mask",
          "type": "MASK"
        }
      ],
      "flags": {},
      "type": "ApplyPulid",
      "mode": 4,
      "bgcolor": "#3f5159",
      "size": {
        "0": 256.8341064453125,
        "1": 268.0543518066406
      },
      "pos": [
        -1270,
        1596
      ],
      "id": 146,
      "properties": {
        "Node name for S&R": "ApplyPulid"
      },
      "order": 22
    },
    {
      "mode": 0,
      "outputs": [
        {
          "shape": 3,
          "name": "IMAGE",
          "slot_index": 0,
          "links": [
            232
          ],
          "label": "图像",
          "type": "IMAGE"
        }
      ],
      "size": {
        "0": 283.37799072265625,
        "1": 26
      },
      "pos": [
        1521,
        962
      ],
      "inputs": [
        {
          "name": "mask",
          "link": 228,
          "label": "遮罩",
          "type": "MASK"
        }
      ],
      "flags": {},
      "id": 104,
      "type": "MaskToImage",
      "properties": {
        "Node name for S&R": "MaskToImage"
      },
      "order": 27
    },
    {
      "mode": 0,
      "outputs": [
        {
          "shape": 3,
          "name": "IMAGE",
          "slot_index": 0,
          "links": [
            54,
            315,
            316
          ],
          "label": "图像",
          "type": "IMAGE"
        },
        {
          "shape": 3,
          "name": "width",
          "slot_index": 1,
          "links": [],
          "label": "宽度",
          "type": "INT"
        },
        {
          "shape": 3,
          "name": "height",
          "slot_index": 2,
          "links": [],
          "label": "高度",
          "type": "INT"
        }
      ],
      "size": {
        "0": 315,
        "1": 218
      },
      "pos": [
        1052.4443596733774,
        1111,
        0,
        0,
        0,
        0,
        0,
        0,
        0,
        0
      ],
      "widgets_values": [
        1152,
        1152,
        "lanczos",
        "fill / crop",
        "always",
        0
      ],
      "inputs": [
        {
          "name": "image",
          "link": 50,
          "label": "图像",
          "type": "IMAGE"
        }
      ],
      "flags": {},
      "id": 41,
      "type": "ImageResize+",
      "properties": {
        "Node name for S&R": "ImageResize+"
      },
      "order": 26
    },
    {
      "mode": 0,
      "outputs": [
        {
          "shape": 3,
          "name": "IMAGE",
          "slot_index": 0,
          "links": [
            257,
            264,
            317
          ],
          "label": "IMAGE",
          "type": "IMAGE"
        }
      ],
      "size": {
        "0": 210,
        "1": 130
      },
      "pos": [
        -1382,
        966
      ],
      "widgets_values": [
        1024,
        "Longest",
        "nearest-exact",
        "disabled"
      ],
      "inputs": [
        {
          "name": "image",
          "link": 249,
          "label": "image",
          "type": "IMAGE"
        }
      ],
      "flags": {},
      "id": 133,
      "type": "DF_Image_scale_to_side",
      "properties": {
        "Node name for S&R": "DF_Image_scale_to_side"
      },
      "order": 19
    },
    {
      "mode": 0,
      "size": {
        "0": 210,
        "1": 246
      },
      "pos": [
        1643,
        1074
      ],
      "inputs": [
        {
          "name": "images",
          "link": 232,
          "label": "图像",
          "type": "IMAGE"
        }
      ],
      "flags": {},
      "id": 105,
      "type": "PreviewImage",
      "properties": {
        "Node name for S&R": "PreviewImage"
      },
      "order": 30
    },
    {
      "mode": 0,
      "outputs": [
        {
          "shape": 3,
          "name": "IMAGE",
          "slot_index": 0,
          "links": [
            193,
            258
          ],
          "label": "IMAGE",
          "type": "IMAGE"
        }
      ],
      "size": {
        "0": 329.2317810058594,
        "1": 211.7525634765625
      },
      "pos": [
        890,
        1660,
        0,
        0,
        0,
        0,
        0,
        0,
        0,
        0
      ],
      "widgets_values": [
        0,
        0,
        0,
        0
      ],
      "inputs": [
        {
          "name": "destination",
          "link": 168,
          "label": "destination",
          "type": "IMAGE"
        },
        {
          "name": "source",
          "link": 241,
          "label": "source",
          "type": "IMAGE"
        },
        {
          "name": "mask",
          "label": "mask",
          "type": "MASK"
        },
        {
          "widget": {
            "name": "x"
          },
          "name": "x",
          "link": 132,
          "label": "x",
          "type": "INT"
        },
        {
          "widget": {
            "name": "y"
          },
          "name": "y",
          "link": 131,
          "label": "y",
          "type": "INT"
        }
      ],
      "flags": {},
      "id": 43,
      "type": "ImageComposite+",
      "properties": {
        "Node name for S&R": "ImageComposite+"
      },
      "order": 35
    },
    {
      "mode": 0,
      "size": {
        "0": 315,
        "1": 270
      },
      "pos": [
        1181,
        1618
      ],
      "widgets_values": [
        "ComfyUI"
      ],
      "inputs": [
        {
          "name": "images",
          "link": 258,
          "label": "图像",
          "type": "IMAGE"
        }
      ],
      "flags": {
        "collapsed": true
      },
      "id": 142,
      "type": "SaveImage",
      "properties": {
        "Node name for S&R": "SaveImage"
      },
      "order": 37
    },
    {
      "mode": 0,
      "outputs": [
        {
          "shape": 3,
          "name": "IMAGE",
          "slot_index": 0,
          "links": [
            250
          ],
          "label": "图像",
          "type": "IMAGE"
        },
        {
          "shape": 3,
          "name": "MASK",
          "label": "遮罩",
          "type": "MASK"
        }
      ],
      "size": {
        "0": 367.3069152832031,
        "1": 466.32305908203125
      },
      "pos": [
        -1047,
        953
      ],
      "widgets_values": [
        "be081c3bb9011fd060c9867f14a497cd38bdcb365cddd8f960cb8d70e1c3e947.png",
        "image"
      ],
      "flags": {},
      "id": 128,
      "type": "LoadImage",
      "properties": {
        "Node name for S&R": "LoadImage"
      },
      "order": 11
    },
    {
      "mode": 0,
      "outputs": [
        {
          "shape": 3,
          "name": "IMAGE",
          "slot_index": 0,
          "links": [
            159,
            164,
            167,
            168
          ],
          "label": "图像",
          "type": "IMAGE"
        },
        {
          "shape": 3,
          "name": "MASK",
          "label": "遮罩",
          "type": "MASK"
        }
      ],
      "size": {
        "0": 316.6905517578125,
        "1": 444.93212890625
      },
      "pos": [
        -644,
        964
      ],
      "widgets_values": [
        "a7163502f795fc49abb09f84564398a9851f09af853bec96ee2d6a6d3d3366fd.jpg",
        "image"
      ],
      "flags": {},
      "id": 85,
      "type": "LoadImage",
      "properties": {
        "Node name for S&R": "LoadImage"
      },
      "order": 12
    },
    {
      "outputs": [
        {
          "shape": 3,
          "name": "MODEL",
          "slot_index": 0,
          "links": [
            176
          ],
          "label": "模型",
          "type": "MODEL"
        },
        {
          "shape": 3,
          "name": "POSITIVE",
          "slot_index": 1,
          "links": [
            179
          ],
          "label": "POSITIVE",
          "type": "CONDITIONING"
        },
        {
          "shape": 3,
          "name": "NEGATIVE",
          "slot_index": 2,
          "links": [
            180
          ],
          "label": "NEGATIVE",
          "type": "CONDITIONING"
        }
      ],
      "color": "#2a363b",
      "widgets_values": [
        1.2,
        0,
        1
      ],
      "inputs": [
        {
          "name": "instantid",
          "link": 172,
          "label": "InstantID",
          "type": "INSTANTID"
        },
        {
          "name": "insightface",
          "link": 173,
          "label": "InsightFace",
          "type": "FACEANALYSIS"
        },
        {
          "name": "control_net",
          "link": 174,
          "label": "ControlNet",
          "type": "CONTROL_NET"
        },
        {
          "name": "image",
          "link": 317,
          "slot_index": 3,
          "label": "图像",
          "type": "IMAGE"
        },
        {
          "name": "model",
          "link": 263,
          "label": "模型",
          "type": "MODEL"
        },
        {
          "name": "positive",
          "link": 177,
          "label": "正面条件",
          "type": "CONDITIONING"
        },
        {
          "name": "negative",
          "link": 178,
          "label": "负面条件",
          "type": "CONDITIONING"
        },
        {
          "name": "image_kps",
          "link": 316,
          "slot_index": 7,
          "label": "图像_kps",
          "type": "IMAGE"
        },
        {
          "name": "mask",
          "label": "遮罩",
          "type": "MASK"
        }
      ],
      "flags": {},
      "type": "ApplyInstantID",
      "mode": 0,
      "bgcolor": "#3f5159",
      "size": {
        "0": 315,
        "1": 266
      },
      "pos": [
        -647,
        1534
      ],
      "id": 94,
      "properties": {
        "Node name for S&R": "ApplyInstantID"
      },
      "order": 29
    },
    {
      "mode": 0,
      "outputs": [
        {
          "shape": 3,
          "name": "positive",
          "slot_index": 0,
          "links": [
            105
          ],
          "label": "正面条件",
          "type": "CONDITIONING"
        },
        {
          "shape": 3,
          "name": "negative",
          "slot_index": 1,
          "links": [
            106
          ],
          "label": "负面条件",
          "type": "CONDITIONING"
        },
        {
          "shape": 3,
          "name": "latent",
          "slot_index": 2,
          "links": [
            107
          ],
          "label": "Latent",
          "type": "LATENT"
        }
      ],
      "size": {
        "0": 216.59999084472656,
        "1": 138
      },
      "pos": [
        -101,
        1547,
        0,
        0,
        0,
        0,
        0,
        0,
        0,
        0
      ],
      "widgets_values": [
        true
      ],
      "inputs": [
        {
          "name": "positive",
          "link": 179,
          "label": "正面条件",
          "type": "CONDITIONING"
        },
        {
          "name": "negative",
          "link": 180,
          "slot_index": 1,
          "label": "负面条件",
          "type": "CONDITIONING"
        },
        {
          "name": "vae",
          "link": 92,
          "slot_index": 2,
          "label": "VAE",
          "type": "VAE"
        },
        {
          "name": "pixels",
          "link": 54,
          "label": "图像",
          "type": "IMAGE"
        },
        {
          "name": "mask",
          "link": 216,
          "slot_index": 4,
          "label": "遮罩",
          "type": "MASK"
        }
      ],
      "flags": {},
      "id": 9,
      "type": "InpaintModelConditioning",
      "properties": {
        "Node name for S&R": "InpaintModelConditioning"
      },
      "order": 31
    },
    {
      "mode": 0,
      "size": {
        "0": 210,
        "1": 246
      },
      "pos": [
        1400,
        1084
      ],
      "inputs": [
        {
          "name": "images",
          "link": 315,
          "label": "图像",
          "type": "IMAGE"
        }
      ],
      "flags": {},
      "id": 168,
      "type": "PreviewImage",
      "properties": {
        "Node name for S&R": "PreviewImage"
      },
      "order": 28
    },
    {
      "mode": 0,
      "size": {
        "0": 521.812744140625,
        "1": 859.8512573242188
      },
      "pos": [
        1334,
        1525
      ],
      "inputs": [
        {
          "name": "images",
          "link": 193,
          "label": "图像",
          "type": "IMAGE"
        }
      ],
      "flags": {},
      "id": 103,
      "type": "PreviewImage",
      "properties": {
        "Node name for S&R": "PreviewImage"
      },
      "order": 36
    }
  ],
  "extra": {
    "workspace_info": {
      "id": "FgNvjwRXTcwvkEHO44FYZ"
    },
    "0246.VERSION": [
      0,
      0,
      4
    ],
    "ds": {
      "offset": {
        "0": 3064.6188214154326,
        "1": -108.73414280683139
      },
      "scale": 0.25401326852419986
    }
  },
  "groups": [
    {
      "color": "#3f789e",
      "font_size": 24,
      "title": "Group",
      "locked": false,
      "bounding": [
        -664,
        875,
        1104,
        567
      ]
    },
    {
      "color": "#3f789e",
      "font_size": 24,
      "title": "PuLID+InstantID",
      "locked": false,
      "bounding": [
        -1724,
        1453,
        1413,
        493
      ]
    },
    {
      "color": "#3f789e",
      "font_size": 24,
      "title": "Group",
      "locked": false,
      "bounding": [
        450,
        876,
        1463,
        564
      ]
    },
    {
      "color": "#3f789e",
      "font_size": 24,
      "title": "采样器",
      "locked": false,
      "bounding": [
        -307,
        1450,
        2218,
        986
      ]
    },
    {
      "color": "#3f789e",
      "font_size": 24,
      "title": "Group",
      "locked": false,
      "bounding": [
        -1724,
        876,
        1054,
        575
      ]
    },
    {
      "color": "#3f789e",
      "font_size": 24,
      "title": "Group",
      "locked": false,
      "bounding": [
        -1728,
        1961,
        1410,
        464
      ]
    }
  ],
  "links": [
    [
      42,
      35,
      6,
      36,
      1,
      "INT"
    ],
    [
      43,
      35,
      7,
      36,
      2,
      "INT"
    ],
    [
      50,
      36,
      0,
      41,
      0,
      "IMAGE"
    ],
    [
      54,
      41,
      0,
      9,
      3,
      "IMAGE"
    ],
    [
      83,
      19,
      0,
      2,
      1,
      "VAE"
    ],
    [
      84,
      19,
      0,
      9,
      2,
      "VAE"
    ],
    [
      85,
      19,
      0,
      2,
      1,
      "VAE"
    ],
    [
      86,
      19,
      0,
      9,
      2,
      "VAE"
    ],
    [
      89,
      52,
      1,
      16,
      0,
      "CLIP"
    ],
    [
      90,
      52,
      1,
      11,
      0,
      "CLIP"
    ],
    [
      92,
      52,
      2,
      9,
      2,
      "VAE"
    ],
    [
      93,
      52,
      2,
      2,
      1,
      "VAE"
    ],
    [
      105,
      9,
      0,
      57,
      1,
      "CONDITIONING"
    ],
    [
      106,
      9,
      1,
      57,
      2,
      "CONDITIONING"
    ],
    [
      107,
      9,
      2,
      57,
      3,
      "LATENT"
    ],
    [
      108,
      57,
      0,
      2,
      0,
      "LATENT"
    ],
    [
      109,
      35,
      6,
      48,
      1,
      "INT"
    ],
    [
      110,
      35,
      7,
      48,
      2,
      "INT"
    ],
    [
      112,
      2,
      0,
      48,
      0,
      "IMAGE"
    ],
    [
      129,
      35,
      2,
      36,
      4,
      "INT"
    ],
    [
      130,
      35,
      3,
      36,
      3,
      "INT"
    ],
    [
      131,
      35,
      2,
      43,
      4,
      "INT"
    ],
    [
      132,
      35,
      3,
      43,
      3,
      "INT"
    ],
    [
      158,
      77,
      0,
      84,
      0,
      "SAM_MODEL"
    ],
    [
      159,
      85,
      0,
      84,
      2,
      "IMAGE"
    ],
    [
      163,
      89,
      0,
      84,
      1,
      "SEGS"
    ],
    [
      164,
      85,
      0,
      89,
      1,
      "IMAGE"
    ],
    [
      165,
      76,
      0,
      89,
      0,
      "BBOX_DETECTOR"
    ],
    [
      166,
      84,
      0,
      35,
      0,
      "MASK"
    ],
    [
      167,
      85,
      0,
      36,
      0,
      "IMAGE"
    ],
    [
      168,
      85,
      0,
      43,
      0,
      "IMAGE"
    ],
    [
      172,
      91,
      0,
      94,
      0,
      "INSTANTID"
    ],
    [
      173,
      93,
      0,
      94,
      1,
      "FACEANALYSIS"
    ],
    [
      174,
      92,
      0,
      94,
      2,
      "CONTROL_NET"
    ],
    [
      176,
      94,
      0,
      57,
      0,
      "MODEL"
    ],
    [
      177,
      16,
      0,
      94,
      5,
      "CONDITIONING"
    ],
    [
      178,
      11,
      0,
      94,
      6,
      "CONDITIONING"
    ],
    [
      179,
      94,
      1,
      9,
      0,
      "CONDITIONING"
    ],
    [
      180,
      94,
      2,
      9,
      1,
      "CONDITIONING"
    ],
    [
      193,
      43,
      0,
      103,
      0,
      "IMAGE"
    ],
    [
      216,
      99,
      0,
      9,
      4,
      "MASK"
    ],
    [
      221,
      35,
      0,
      112,
      0,
      "MASK"
    ],
    [
      222,
      112,
      0,
      99,
      0,
      "MASK"
    ],
    [
      228,
      99,
      0,
      104,
      0,
      "MASK"
    ],
    [
      232,
      104,
      0,
      105,
      0,
      "IMAGE"
    ],
    [
      241,
      48,
      0,
      43,
      1,
      "IMAGE"
    ],
    [
      246,
      130,
      0,
      129,
      0,
      "RETINAFACE"
    ],
    [
      247,
      132,
      0,
      131,
      0,
      "UPSCALE_MODEL"
    ],
    [
      248,
      129,
      0,
      131,
      1,
      "IMAGE"
    ],
    [
      249,
      131,
      0,
      133,
      0,
      "IMAGE"
    ],
    [
      250,
      128,
      0,
      129,
      1,
      "IMAGE"
    ],
    [
      257,
      133,
      0,
      141,
      0,
      "IMAGE"
    ],
    [
      258,
      43,
      0,
      142,
      0,
      "IMAGE"
    ],
    [
      259,
      144,
      0,
      146,
      1,
      "PULID"
    ],
    [
      260,
      145,
      0,
      146,
      2,
      "EVA_CLIP"
    ],
    [
      261,
      143,
      0,
      146,
      3,
      "FACEANALYSIS"
    ],
    [
      262,
      52,
      0,
      146,
      0,
      "MODEL"
    ],
    [
      263,
      146,
      0,
      94,
      4,
      "MODEL"
    ],
    [
      264,
      133,
      0,
      146,
      4,
      "IMAGE"
    ],
    [
      315,
      41,
      0,
      168,
      0,
      "IMAGE"
    ],
    [
      316,
      41,
      0,
      94,
      7,
      "IMAGE"
    ],
    [
      317,
      133,
      0,
      94,
      3,
      "IMAGE"
    ]
  ],
  "config": {},
  "version": 0.4,
  "last_node_id": 172
}