{
  "last_link_id": 50,
  "nodes": [
    {
      "mode": 0,
      "outputs": [
        {
          "name": "*",
          "label": "*",
          "type": "*"
        }
      ],
      "size": {
        "0": 210,
        "1": 58
      },
      "pos": {
        "0": -470,
        "1": -262,
        "2": 0,
        "3": 0,
        "4": 0,
        "5": 0,
        "6": 0,
        "7": 0,
        "8": 0,
        "9": 0
      },
      "widgets_values": [
        "LoraModle"
      ],
      "inputs": [
        {
          "name": "MODEL",
          "link": 32,
          "label": "MODEL",
          "type": "MODEL"
        }
      ],
      "flags": {
        "collapsed": false
      },
      "id": 28,
      "type": "SetNode",
      "title": "Set_MODEL",
      "properties": {
        "previousName": ""
      },
      "order": 24
    },
    {
      "mode": 0,
      "outputs": [
        {
          "shape": 3,
          "name": "CONDITIONING",
          "slot_index": 0,
          "links": [
            33
          ],
          "label": "CONDITIONING",
          "type": "CONDITIONING"
        }
      ],
      "size": {
        "0": 308.3372802734375,
        "1": 58
      },
      "pos": [
        -790,
        470
      ],
      "widgets_values": [
        3.5
      ],
      "inputs": [
        {
          "name": "conditioning",
          "link": 30,
          "slot_index": 0,
          "label": "conditioning",
          "type": "CONDITIONING"
        }
      ],
      "flags": {
        "collapsed": false
      },
      "id": 26,
      "type": "FluxGuidance",
      "properties": {
        "Node name for S&R": "FluxGuidance"
      },
      "order": 25
    },
    {
      "outputs": [
        {
          "name": "CONDITIONING",
          "slot_index": 0,
          "links": [
            30
          ],
          "label": "CONDITIONING",
          "type": "CONDITIONING"
        }
      ],
      "color": "#232",
      "widgets_values": [
        ""
      ],
      "inputs": [
        {
          "name": "clip",
          "link": 27,
          "label": "clip",
          "type": "CLIP"
        },
        {
          "widget": {
            "name": "text"
          },
          "name": "text",
          "link": 38,
          "label": "text",
          "type": "STRING"
        }
      ],
      "flags": {
        "collapsed": false
      },
      "type": "CLIPTextEncode",
      "mode": 0,
      "bgcolor": "#353",
      "size": {
        "0": 307.7572937011719,
        "1": 54
      },
      "pos": [
        -788,
        367
      ],
      "id": 21,
      "properties": {
        "Node name for S&R": "CLIPTextEncode"
      },
      "order": 21
    },
    {
      "mode": 0,
      "outputs": [
        {
          "shape": 3,
          "name": "VAE",
          "slot_index": 0,
          "links": [
            34
          ],
          "label": "VAE",
          "type": "VAE"
        }
      ],
      "size": {
        "0": 312.1766357421875,
        "1": 58
      },
      "pos": [
        -791,
        598
      ],
      "widgets_values": [
        "ae.sft"
      ],
      "inputs": [],
      "flags": {
        "collapsed": false
      },
      "id": 23,
      "type": "VAELoader",
      "properties": {
        "Node name for S&R": "VAELoader"
      },
      "order": 0
    },
    {
      "mode": 0,
      "outputs": [
        {
          "name": "*",
          "label": "*",
          "type": "*"
        }
      ],
      "size": {
        "0": 210,
        "1": 58
      },
      "pos": {
        "0": -769,
        "1": 721,
        "2": 0,
        "3": 0,
        "4": 0,
        "5": 0,
        "6": 0,
        "7": 0,
        "8": 0,
        "9": 0
      },
      "widgets_values": [
        "FluxVae"
      ],
      "inputs": [
        {
          "name": "VAE",
          "link": 34,
          "label": "VAE",
          "type": "VAE"
        }
      ],
      "flags": {
        "collapsed": false
      },
      "id": 30,
      "type": "SetNode",
      "title": "Set_VAE",
      "properties": {
        "previousName": ""
      },
      "order": 12
    },
    {
      "mode": 0,
      "outputs": [
        {
          "shape": 3,
          "name": "LATENT",
          "slot_index": 0,
          "links": [
            9
          ],
          "label": "LATENT",
          "type": "LATENT"
        }
      ],
      "size": {
        "0": 210,
        "1": 46
      },
      "pos": [
        739,
        61
      ],
      "inputs": [
        {
          "name": "pixels",
          "link": 20,
          "label": "pixels",
          "type": "IMAGE"
        },
        {
          "name": "vae",
          "link": 21,
          "label": "vae",
          "type": "VAE"
        }
      ],
      "flags": {
        "collapsed": false
      },
      "id": 12,
      "type": "VAEEncode",
      "properties": {
        "Node name for S&R": "VAEEncode"
      },
      "order": 30
    },
    {
      "mode": 0,
      "outputs": [
        {
          "name": "VAE",
          "slot_index": 0,
          "links": [
            14,
            21
          ],
          "label": "VAE",
          "type": "VAE"
        }
      ],
      "size": {
        "0": 210,
        "1": 58
      },
      "pos": {
        "0": 740,
        "1": 150,
        "2": 0,
        "3": 0,
        "4": 0,
        "5": 0,
        "6": 0,
        "7": 0,
        "8": 0,
        "9": 0
      },
      "widgets_values": [
        "FluxVae"
      ],
      "inputs": [],
      "flags": {
        "collapsed": false
      },
      "id": 17,
      "type": "GetNode",
      "properties": {},
      "order": 1
    },
    {
      "mode": 0,
      "outputs": [
        {
          "shape": 3,
          "name": "GUIDER",
          "slot_index": 0,
          "links": [
            6
          ],
          "label": "GUIDER",
          "type": "GUIDER"
        }
      ],
      "size": {
        "0": 241.79998779296875,
        "1": 46
      },
      "pos": [
        381,
        -125
      ],
      "inputs": [
        {
          "name": "model",
          "link": 11,
          "slot_index": 0,
          "label": "model",
          "type": "MODEL"
        },
        {
          "name": "conditioning",
          "link": 12,
          "slot_index": 1,
          "label": "conditioning",
          "type": "CONDITIONING"
        }
      ],
      "flags": {
        "collapsed": false
      },
      "id": 8,
      "type": "BasicGuider",
      "properties": {
        "Node name for S&R": "BasicGuider"
      },
      "order": 14
    },
    {
      "mode": 0,
      "outputs": [
        {
          "shape": 3,
          "name": "output",
          "slot_index": 0,
          "links": [
            13
          ],
          "label": "output",
          "type": "LATENT"
        },
        {
          "shape": 3,
          "name": "denoised_output",
          "label": "denoised_output",
          "type": "LATENT"
        }
      ],
      "bgcolor": "#335",
      "size": {
        "0": 247.8081817626953,
        "1": 114.60433197021484
      },
      "color": "#223",
      "pos": [
        734,
        -103
      ],
      "inputs": [
        {
          "name": "noise",
          "link": 5,
          "slot_index": 0,
          "label": "noise",
          "type": "NOISE"
        },
        {
          "name": "guider",
          "link": 6,
          "slot_index": 1,
          "label": "guider",
          "type": "GUIDER"
        },
        {
          "name": "sampler",
          "link": 7,
          "slot_index": 2,
          "label": "sampler",
          "type": "SAMPLER"
        },
        {
          "name": "sigmas",
          "link": 8,
          "slot_index": 3,
          "label": "sigmas",
          "type": "SIGMAS"
        },
        {
          "name": "latent_image",
          "link": 9,
          "slot_index": 4,
          "label": "latent_image",
          "type": "LATENT"
        }
      ],
      "flags": {
        "collapsed": false
      },
      "id": 4,
      "type": "SamplerCustomAdvanced",
      "properties": {
        "Node name for S&R": "SamplerCustomAdvanced"
      },
      "order": 31
    },
    {
      "mode": 0,
      "outputs": [
        {
          "shape": 3,
          "name": "SAMPLER",
          "links": [
            7
          ],
          "label": "SAMPLER",
          "type": "SAMPLER"
        }
      ],
      "size": {
        "0": 248.15496826171875,
        "1": 84.4096908569336
      },
      "pos": [
        731,
        -236
      ],
      "widgets_values": [
        "euler"
      ],
      "inputs": [],
      "flags": {
        "collapsed": false
      },
      "id": 5,
      "type": "KSamplerSelect",
      "properties": {
        "Node name for S&R": "KSamplerSelect"
      },
      "order": 2
    },
    {
      "mode": 0,
      "outputs": [
        {
          "shape": 3,
          "name": "IMAGES",
          "slot_index": 0,
          "links": [
            20
          ],
          "label": "IMAGES",
          "type": "IMAGE"
        },
        {
          "shape": 3,
          "name": "POSITIONS",
          "slot_index": 1,
          "links": [
            17
          ],
          "label": "POSITIONS",
          "type": "LIST"
        },
        {
          "shape": 3,
          "name": "ORIGINAL_SIZE",
          "slot_index": 2,
          "links": [
            18
          ],
          "label": "ORIGINAL_SIZE",
          "type": "TUPLE"
        },
        {
          "shape": 3,
          "name": "GRID_SIZE",
          "slot_index": 3,
          "links": [
            19
          ],
          "label": "GRID_SIZE",
          "type": "TUPLE"
        }
      ],
      "size": {
        "0": 250.18014526367188,
        "1": 94
      },
      "pos": [
        1050,
        41
      ],
      "widgets_values": [
        1024,
        1024
      ],
      "inputs": [
        {
          "name": "image",
          "link": 2,
          "label": "image",
          "type": "IMAGE"
        },
        {
          "widget": {
            "name": "tile_width"
          },
          "name": "tile_width",
          "link": 3,
          "label": "tile_width",
          "type": "INT"
        },
        {
          "widget": {
            "name": "tile_height"
          },
          "name": "tile_height",
          "link": 4,
          "label": "tile_height",
          "type": "INT"
        }
      ],
      "flags": {
        "collapsed": false
      },
      "id": 3,
      "type": "TTP_Image_Tile_Batch",
      "properties": {
        "Node name for S&R": "TTP_Image_Tile_Batch"
      },
      "order": 29
    },
    {
      "mode": 0,
      "outputs": [
        {
          "name": "CONDITIONING",
          "slot_index": 0,
          "links": [
            12
          ],
          "label": "CONDITIONING",
          "type": "CONDITIONING"
        }
      ],
      "size": {
        "0": 210,
        "1": 58
      },
      "pos": {
        "0": 93,
        "1": -122,
        "2": 0,
        "3": 0,
        "4": 0,
        "5": 0,
        "6": 0,
        "7": 0,
        "8": 0,
        "9": 0
      },
      "widgets_values": [
        "FluxGuidance"
      ],
      "inputs": [],
      "flags": {
        "collapsed": false
      },
      "id": 16,
      "type": "GetNode",
      "properties": {},
      "order": 3
    },
    {
      "mode": 0,
      "outputs": [
        {
          "name": "MODEL",
          "slot_index": 0,
          "links": [
            10,
            11
          ],
          "label": "MODEL",
          "type": "MODEL"
        }
      ],
      "size": {
        "0": 210,
        "1": 58
      },
      "pos": {
        "0": 100,
        "1": 14,
        "2": 0,
        "3": 0,
        "4": 0,
        "5": 0,
        "6": 0,
        "7": 0,
        "8": 0,
        "9": 0
      },
      "widgets_values": [
        "LoraModle"
      ],
      "inputs": [],
      "flags": {
        "collapsed": false
      },
      "id": 15,
      "type": "GetNode",
      "properties": {},
      "order": 4
    },
    {
      "mode": 4,
      "outputs": [
        {
          "name": "output",
          "label": "output",
          "type": "*"
        }
      ],
      "size": {
        "0": 210,
        "1": 26
      },
      "pos": [
        -1261,
        -131
      ],
      "inputs": [
        {
          "name": "anything",
          "label": "anything",
          "type": "*"
        }
      ],
      "flags": {},
      "id": 38,
      "type": "easy cleanGpuUsed",
      "properties": {
        "Node name for S&R": "easy cleanGpuUsed"
      },
      "order": 5
    },
    {
      "mode": 0,
      "outputs": [
        {
          "shape": 3,
          "name": "tile_width",
          "slot_index": 0,
          "links": [
            3
          ],
          "label": "tile_width",
          "type": "INT"
        },
        {
          "shape": 3,
          "name": "tile_height",
          "slot_index": 1,
          "links": [
            4
          ],
          "label": "tile_height",
          "type": "INT"
        }
      ],
      "size": {
        "0": 250,
        "1": 130
      },
      "pos": [
        1053,
        215
      ],
      "widgets_values": [
        2,
        3,
        0.05
      ],
      "inputs": [
        {
          "name": "image",
          "link": 15,
          "label": "image",
          "type": "IMAGE"
        }
      ],
      "flags": {
        "collapsed": false
      },
      "id": 10,
      "type": "TTP_Tile_image_size",
      "properties": {
        "Node name for S&R": "TTP_Tile_image_size"
      },
      "order": 27
    },
    {
      "mode": 0,
      "outputs": [
        {
          "shape": 3,
          "name": "UPSCALE_MODEL",
          "slot_index": 0,
          "links": [
            22
          ],
          "label": "UPSCALE_MODEL",
          "type": "UPSCALE_MODEL"
        }
      ],
      "size": {
        "0": 315,
        "1": 58
      },
      "pos": [
        -142,
        414
      ],
      "widgets_values": [
        "4x_NMKD-Siax_200k.pth"
      ],
      "inputs": [],
      "flags": {
        "collapsed": false
      },
      "id": 13,
      "type": "UpscaleModelLoader",
      "properties": {
        "Node name for S&R": "UpscaleModelLoader"
      },
      "order": 6
    },
    {
      "mode": 0,
      "outputs": [
        {
          "shape": 3,
          "name": "IMAGE",
          "slot_index": 0,
          "links": [
            25
          ],
          "label": "IMAGE",
          "type": "IMAGE"
        }
      ],
      "size": {
        "0": 307.9496765136719,
        "1": 220.983154296875
      },
      "pos": [
        253,
        276
      ],
      "inputs": [
        {
          "name": "upscale_model",
          "link": 22,
          "label": "upscale_model",
          "type": "UPSCALE_MODEL"
        },
        {
          "name": "image",
          "link": 36,
          "label": "image",
          "type": "IMAGE"
        }
      ],
      "flags": {
        "collapsed": false
      },
      "id": 14,
      "type": "ImageUpscaleWithModel",
      "properties": {
        "Node name for S&R": "ImageUpscaleWithModel"
      },
      "order": 16
    },
    {
      "mode": 0,
      "size": {
        "0": 210,
        "1": 26
      },
      "pos": [
        -1495,
        -97
      ],
      "widgets_values": [],
      "inputs": [
        {
          "name": "anything",
          "label": "anything",
          "type": "*"
        }
      ],
      "flags": {},
      "id": 39,
      "type": "Anything Everywhere",
      "properties": {
        "color_restricted": 0,
        "Node name for S&R": "Anything Everywhere",
        "group_restricted": 0
      },
      "order": 7
    },
    {
      "outputs": [
        {
          "shape": 3,
          "name": "text",
          "slot_index": 0,
          "links": [
            39
          ],
          "label": "text",
          "type": "STRING"
        }
      ],
      "color": "#232",
      "widgets_values": [
        "english",
        "chinese (simplified)",
        false,
        "",
        "",
        "GoogleTranslator [free]",
        "",
        "proxy_show",
        "authorization_show"
      ],
      "inputs": [
        {
          "widget": {
            "name": "text"
          },
          "name": "text",
          "link": 40,
          "label": "text",
          "type": "STRING"
        }
      ],
      "flags": {
        "collapsed": true
      },
      "type": "DeepTranslatorTextNode",
      "mode": 0,
      "bgcolor": "#353",
      "size": [
        210,
        320
      ],
      "pos": [
        -1753,
        775
      ],
      "id": 34,
      "properties": {
        "Node name for S&R": "DeepTranslatorTextNode"
      },
      "order": 22
    },
    {
      "outputs": [
        {
          "shape": 6,
          "name": "STRING",
          "label": "STRING",
          "type": "STRING"
        }
      ],
      "color": "#749975",
      "widgets_values": [
        "",
        "该图像展示了一个年轻女子，皮肤光滑，皮肤良好，椭圆形的脸。她的长长，时尚，黑色的头发在她的肩膀上层叠着，整齐地修剪了刘海，部分覆盖了她的额头，巧妙地构图了她的脸。她的大而圆而富有表现力的眼睛用眼线笔和精致的睫毛突出，为她的功能增添了定义。天然的粉红色腮红突出了她的脸颊，互补了她玫瑰色的嘴唇。她的妆容柔软而低调，增强了她的自然美感。她穿着无袖的黑色顶部，带有高领带，编织的带状图案，与中性的深灰色背景形成鲜明对比。图像的整体语调和风格传达了优雅和简单性。这张照片具有精美的风格化外观，可能被编辑为干净，专业的美学。"
      ],
      "inputs": [
        {
          "widget": {
            "name": "text"
          },
          "name": "text",
          "link": 39,
          "label": "text",
          "type": "STRING"
        }
      ],
      "flags": {
        "collapsed": false
      },
      "type": "ShowText|pysssss",
      "mode": 0,
      "bgcolor": "#608561",
      "size": {
        "0": 269.10198974609375,
        "1": 428.2509765625
      },
      "pos": [
        -2017,
        833
      ],
      "id": 35,
      "properties": {
        "Node name for S&R": "ShowText|pysssss"
      },
      "order": 26
    },
    {
      "mode": 4,
      "size": {
        "0": 415.4176330566406,
        "1": 466.5426940917969
      },
      "pos": [
        2869,
        -133
      ],
      "widgets_values": [
        "ComfyUI"
      ],
      "inputs": [
        {
          "name": "images",
          "link": 44,
          "label": "images",
          "type": "IMAGE"
        }
      ],
      "flags": {},
      "id": 42,
      "type": "SaveImage",
      "properties": {
        "Node name for S&R": "SaveImage"
      },
      "order": 40
    },
    {
      "mode": 4,
      "outputs": [],
      "size": {
        "0": 659.7357788085938,
        "1": 958.2954711914062
      },
      "color": "#1f1f48",
      "pos": {
        "0": 2690,
        "1": 453,
        "2": 0,
        "3": 0,
        "4": 0,
        "5": 0,
        "6": 0,
        "7": 0,
        "8": 0,
        "9": 0
      },
      "widgets_values": [
        [
          {
            "name": "A",
            "selected": true,
            "url": "/view?filename=rgthree.compare._temp_kunts_00001_.png&type=temp&subfolder=&rand=0.17235143421300703&Rh-Comfy-Auth=eyJ1c2VySWQiOiIzYmZhNzE1NGMyMGM0MWM4NmIyMDc0ZWZkZDNmNTFjNCIsInNpZ25FeHBpcmUiOjE3MzEzMTE5MTEyMTcsInRzIjoxNzMwNzA3MTExMjE3LCJzaWduIjoiYjcxMzZhOWI4NDc1ZDUxMWRkMDMzNTQwNDE2YzdkYjkifQ==&Rh-Identify=3bfa7154c20c41c86b2074efdd3f51c4"
          },
          {
            "name": "B",
            "selected": true,
            "url": "/view?filename=rgthree.compare._temp_kunts_00002_.png&type=temp&subfolder=&rand=0.5947859661973125&Rh-Comfy-Auth=eyJ1c2VySWQiOiIzYmZhNzE1NGMyMGM0MWM4NmIyMDc0ZWZkZDNmNTFjNCIsInNpZ25FeHBpcmUiOjE3MzEzMTE5MTEyMTcsInRzIjoxNzMwNzA3MTExMjE3LCJzaWduIjoiYjcxMzZhOWI4NDc1ZDUxMWRkMDMzNTQwNDE2YzdkYjkifQ==&Rh-Identify=3bfa7154c20c41c86b2074efdd3f51c4"
          }
        ]
      ],
      "inputs": [
        {
          "name": "image_a",
          "link": 47,
          "label": "image_a",
          "type": "IMAGE",
          "dir": 3
        },
        {
          "name": "image_b",
          "link": 48,
          "label": "image_b",
          "type": "IMAGE",
          "dir": 3
        }
      ],
      "flags": {},
      "id": 43,
      "type": "Image Comparer (rgthree)",
      "properties": {
        "comparer_mode": "Slide",
        "ttNbgOverride": {
          "groupcolor": "#88A",
          "color": "#1f1f48"
        }
      },
      "order": 41
    },
    {
      "mode": 4,
      "outputs": [
        {
          "shape": 3,
          "name": "image",
          "slot_index": 0,
          "links": [
            44,
            47,
            49
          ],
          "label": "image",
          "type": "IMAGE"
        }
      ],
      "size": {
        "0": 210,
        "1": 370
      },
      "color": "rgba(34, 67, 111, 0.7)",
      "pos": [
        1991,
        496
      ],
      "widgets_values": [
        0.5,
        0.5,
        1,
        0.1,
        "filmgrainer",
        0.05,
        1,
        0.3,
        0.3,
        0.2,
        2,
        1,
        0.2
      ],
      "inputs": [
        {
          "name": "image",
          "link": 46,
          "label": "image",
          "type": "IMAGE"
        },
        {
          "name": "depth_map",
          "link": 43,
          "label": "depth_map",
          "type": "IMAGE"
        }
      ],
      "flags": {
        "collapsed": false
      },
      "id": 41,
      "type": "LayerFilter: FilmV2",
      "properties": {
        "Node name for S&R": "LayerFilter: FilmV2"
      },
      "order": 39
    },
    {
      "mode": 4,
      "size": {
        "0": 210,
        "1": 246
      },
      "pos": [
        2313,
        886
      ],
      "inputs": [
        {
          "name": "images",
          "link": 49,
          "label": "images",
          "type": "IMAGE"
        }
      ],
      "flags": {},
      "id": 44,
      "type": "PreviewImage",
      "properties": {
        "Node name for S&R": "PreviewImage"
      },
      "order": 42
    },
    {
      "mode": 0,
      "outputs": [
        {
          "name": "*",
          "label": "*",
          "type": "*"
        }
      ],
      "size": {
        "0": 210,
        "1": 120.54595947265625
      },
      "pos": {
        "0": -302,
        "1": 79,
        "2": 0,
        "3": 0,
        "4": 0,
        "5": 0,
        "6": 0,
        "7": 0,
        "8": 0,
        "9": 0
      },
      "widgets_values": [
        "FluxGuidance"
      ],
      "inputs": [
        {
          "name": "CONDITIONING",
          "link": 33,
          "label": "CONDITIONING",
          "type": "CONDITIONING"
        }
      ],
      "flags": {
        "collapsed": false
      },
      "id": 29,
      "type": "SetNode",
      "title": "Set_CONDITIONING",
      "properties": {
        "previousName": ""
      },
      "order": 28
    },
    {
      "mode": 4,
      "outputs": [
        {
          "shape": 3,
          "name": "IMAGE",
          "slot_index": 0,
          "links": [
            43
          ],
          "label": "IMAGE",
          "type": "IMAGE"
        }
      ],
      "size": {
        "0": 315,
        "1": 82
      },
      "pos": [
        2240,
        141
      ],
      "widgets_values": [
        "depth_anything_vitl14.pth",
        1024
      ],
      "inputs": [
        {
          "name": "image",
          "link": 45,
          "label": "image",
          "type": "IMAGE"
        }
      ],
      "flags": {
        "collapsed": false
      },
      "id": 40,
      "type": "DepthAnythingPreprocessor",
      "properties": {
        "Node name for S&R": "DepthAnythingPreprocessor"
      },
      "order": 37
    },
    {
      "mode": 4,
      "outputs": [
        {
          "name": "*",
          "label": "*",
          "type": "*"
        }
      ],
      "size": {
        "0": 210,
        "1": 58
      },
      "pos": {
        "0": 2332,
        "1": -65,
        "2": 0,
        "3": 0,
        "4": 0,
        "5": 0,
        "6": 0,
        "7": 0,
        "8": 0,
        "9": 0
      },
      "widgets_values": [
        "Upscale"
      ],
      "inputs": [
        {
          "name": "IMAGE",
          "link": 24,
          "label": "IMAGE",
          "type": "IMAGE"
        }
      ],
      "flags": {
        "collapsed": false
      },
      "id": 18,
      "type": "SetNode",
      "title": "Set_IMAGE",
      "properties": {
        "previousName": ""
      },
      "order": 34
    },
    {
      "mode": 0,
      "outputs": [
        {
          "shape": 3,
          "name": "RECONSTRUCTED_IMAGE",
          "slot_index": 0,
          "links": [
            24,
            26,
            41,
            45,
            46,
            48,
            50
          ],
          "label": "RECONSTRUCTED_IMAGE",
          "type": "IMAGE"
        }
      ],
      "size": {
        "0": 280,
        "1": 120
      },
      "pos": [
        1392,
        -84
      ],
      "widgets_values": [
        128
      ],
      "inputs": [
        {
          "name": "tiles",
          "link": 16,
          "label": "tiles",
          "type": "IMAGE"
        },
        {
          "name": "positions",
          "link": 17,
          "label": "positions",
          "type": "LIST"
        },
        {
          "name": "original_size",
          "link": 18,
          "label": "original_size",
          "type": "TUPLE"
        },
        {
          "name": "grid_size",
          "link": 19,
          "label": "grid_size",
          "type": "TUPLE"
        }
      ],
      "flags": {
        "collapsed": false
      },
      "id": 11,
      "type": "TTP_Image_Assy",
      "properties": {
        "Node name for S&R": "TTP_Image_Assy"
      },
      "order": 33
    },
    {
      "mode": 0,
      "outputs": [
        {
          "shape": 3,
          "name": "IMAGE",
          "slot_index": 0,
          "links": [
            35,
            36,
            42
          ],
          "label": "IMAGE",
          "type": "IMAGE"
        },
        {
          "shape": 3,
          "name": "MASK",
          "label": "MASK",
          "type": "MASK"
        }
      ],
      "size": {
        "0": 1082.7037353515625,
        "1": 1206.5555419921875
      },
      "pos": [
        -3554,
        136
      ],
      "widgets_values": [
        "8d22f13e17a0c9edea0cd4ce27e4b8d28250851d5d387fc18bb0f3036e61f697.jpg",
        "image"
      ],
      "flags": {},
      "id": 31,
      "type": "LoadImage",
      "properties": {
        "Node name for S&R": "LoadImage"
      },
      "order": 8
    },
    {
      "mode": 0,
      "size": {
        "0": 311.5880432128906,
        "1": 275.61322021484375
      },
      "pos": [
        1824,
        -402
      ],
      "widgets_values": [
        "ComfyUI"
      ],
      "inputs": [
        {
          "name": "images",
          "link": 26,
          "label": "images",
          "type": "IMAGE"
        }
      ],
      "flags": {},
      "id": 20,
      "type": "SaveImage",
      "properties": {
        "Node name for S&R": "SaveImage"
      },
      "order": 35
    },
    {
      "mode": 0,
      "size": {
        "0": 309.40338134765625,
        "1": 483.7335205078125
      },
      "pos": [
        1493,
        316
      ],
      "inputs": [
        {
          "name": "images",
          "link": 50,
          "label": "images",
          "type": "IMAGE"
        }
      ],
      "flags": {},
      "id": 45,
      "type": "PreviewImage",
      "properties": {
        "Node name for S&R": "PreviewImage"
      },
      "order": 38
    },
    {
      "mode": 0,
      "outputs": [
        {
          "shape": 3,
          "name": "IMAGE",
          "slot_index": 0,
          "links": [
            16
          ],
          "label": "IMAGE",
          "type": "IMAGE"
        }
      ],
      "size": {
        "0": 254.91563415527344,
        "1": 150
      },
      "pos": [
        1030,
        -103
      ],
      "widgets_values": [
        1024,
        64,
        64,
        8
      ],
      "inputs": [
        {
          "name": "samples",
          "link": 13,
          "label": "samples",
          "type": "LATENT"
        },
        {
          "name": "vae",
          "link": 14,
          "label": "vae",
          "type": "VAE"
        }
      ],
      "flags": {
        "collapsed": false
      },
      "id": 9,
      "type": "VAEDecodeTiled",
      "properties": {
        "Node name for S&R": "VAEDecodeTiled"
      },
      "order": 32
    },
    {
      "mode": 0,
      "outputs": [
        {
          "shape": 3,
          "name": "NOISE",
          "links": [
            5
          ],
          "label": "NOISE",
          "type": "NOISE"
        }
      ],
      "size": {
        "0": 274.7954406738281,
        "1": 85.92839050292969
      },
      "pos": [
        269,
        -569
      ],
      "widgets_values": [
        73368778139210,
        "randomize"
      ],
      "inputs": [],
      "flags": {
        "collapsed": false
      },
      "id": 7,
      "type": "RandomNoise",
      "properties": {
        "Node name for S&R": "RandomNoise"
      },
      "order": 9
    },
    {
      "mode": 0,
      "outputs": [
        {
          "shape": 3,
          "name": "SIGMAS",
          "links": [
            8
          ],
          "label": "SIGMAS",
          "type": "SIGMAS"
        }
      ],
      "size": {
        "0": 264.7033386230469,
        "1": 109.95319366455078
      },
      "pos": [
        341,
        -392
      ],
      "widgets_values": [
        "simple",
        10,
        0.3
      ],
      "inputs": [
        {
          "name": "model",
          "link": 10,
          "slot_index": 0,
          "label": "model",
          "type": "MODEL"
        }
      ],
      "flags": {
        "collapsed": false
      },
      "id": 6,
      "type": "BasicScheduler",
      "properties": {
        "Node name for S&R": "BasicScheduler"
      },
      "order": 13
    },
    {
      "mode": 0,
      "outputs": [
        {
          "shape": 6,
          "name": "IMAGE",
          "slot_index": 0,
          "links": [
            1
          ],
          "label": "IMAGE",
          "type": "IMAGE"
        }
      ],
      "size": {
        "0": 210,
        "1": 26
      },
      "pos": [
        562,
        387
      ],
      "inputs": [
        {
          "name": "image",
          "link": 25,
          "label": "image",
          "type": "IMAGE"
        }
      ],
      "flags": {
        "collapsed": true
      },
      "id": 19,
      "type": "ImpactImageBatchToImageList",
      "properties": {
        "Node name for S&R": "ImpactImageBatchToImageList"
      },
      "order": 19
    },
    {
      "mode": 0,
      "outputs": [
        {
          "shape": 3,
          "name": "IMAGE",
          "slot_index": 0,
          "links": [
            2,
            15
          ],
          "label": "IMAGE",
          "type": "IMAGE"
        }
      ],
      "size": {
        "0": 226.8000030517578,
        "1": 82
      },
      "pos": [
        739,
        255
      ],
      "widgets_values": [
        "lanczos",
        8
      ],
      "inputs": [
        {
          "name": "image",
          "link": 1,
          "label": "image",
          "type": "IMAGE"
        }
      ],
      "flags": {
        "collapsed": false
      },
      "id": 2,
      "type": "ImageScaleToTotalPixels",
      "properties": {
        "Node name for S&R": "ImageScaleToTotalPixels"
      },
      "order": 23
    },
    {
      "mode": 0,
      "outputs": [],
      "size": {
        "0": 659.7357788085938,
        "1": 958.2954711914062
      },
      "color": "#1f1f48",
      "pos": {
        "0": 439,
        "1": 933,
        "2": 0,
        "3": 0,
        "4": 0,
        "5": 0,
        "6": 0,
        "7": 0,
        "8": 0,
        "9": 0
      },
      "widgets_values": [
        [
          {
            "name": "A",
            "selected": true,
            "url": "/view?filename=rgthree.compare._temp_mvgpl_00001_lfxvp_1741071669_yjaeb_1741071670.png&type=temp&subfolder=&rand=0.7630617819565351&Rh-Comfy-Auth=eyJ1c2VySWQiOiIxMTAyOGEzYWQ0MjViMzY2MjY4NDZmYWJlYTQwNjAyNiIsInNpZ25FeHBpcmUiOjE3NDE2NzYyNzA5NTEsInRzIjoxNzQxMDcxNDcwOTUxLCJzaWduIjoiNjQyZjI4ZWIxNGZlNjA3YzNiOWU4MTIyMmFhNTRmMTIifQ==&Rh-Identify=11028a3ad425b36626846fabea406026"
          },
          {
            "name": "B",
            "selected": true,
            "url": "/view?filename=rgthree.compare._temp_mvgpl_00002_kipnj_1741071672_uphgp_1741071672.png&type=temp&subfolder=&rand=0.803828491918966&Rh-Comfy-Auth=eyJ1c2VySWQiOiIxMTAyOGEzYWQ0MjViMzY2MjY4NDZmYWJlYTQwNjAyNiIsInNpZ25FeHBpcmUiOjE3NDE2NzYyNzA5NTEsInRzIjoxNzQxMDcxNDcwOTUxLCJzaWduIjoiNjQyZjI4ZWIxNGZlNjA3YzNiOWU4MTIyMmFhNTRmMTIifQ==&Rh-Identify=11028a3ad425b36626846fabea406026"
          }
        ]
      ],
      "inputs": [
        {
          "name": "image_a",
          "link": 41,
          "label": "image_a",
          "type": "IMAGE",
          "dir": 3
        },
        {
          "name": "image_b",
          "link": 42,
          "label": "image_b",
          "type": "IMAGE",
          "dir": 3
        }
      ],
      "flags": {},
      "id": 37,
      "type": "Image Comparer (rgthree)",
      "properties": {
        "comparer_mode": "Slide",
        "ttNbgOverride": {
          "groupcolor": "#88A",
          "color": "#1f1f48"
        }
      },
      "order": 36
    },
    {
      "mode": 0,
      "outputs": [
        {
          "shape": 6,
          "name": "STRING",
          "slot_index": 0,
          "links": [
            38,
            40
          ],
          "label": "STRING",
          "type": "STRING"
        }
      ],
      "size": {
        "0": 312.53631591796875,
        "1": 328.41204833984375
      },
      "pos": [
        -1553,
        326
      ],
      "widgets_values": [
        "",
        "The image showcases a young woman with smooth, fair skin and a symmetrical, oval-shaped face. She has long, sleek, jet-black hair cascading over her shoulders with neatly trimmed bangs that partially cover her forehead, subtly framing her face. Her large, round, and expressive eyes are accentuated with eyeliner and delicate eyelashes, adding definition to her features. A natural pinkish blush highlights her cheeks, complementing her rosy lips. Her makeup is soft and understated, enhancing her natural beauty. She is wearing a sleeveless black top with a high neckline, knit in a ribbed pattern, which contrasts sharply with the neutral, dark gray background. The overall tone and style of the image convey elegance and simplicity. The photograph has a polished and stylized appearance, possibly edited for a clean, professional aesthetic."
      ],
      "inputs": [
        {
          "widget": {
            "name": "text"
          },
          "name": "text",
          "link": 37,
          "label": "text",
          "type": "STRING"
        }
      ],
      "flags": {},
      "id": 33,
      "type": "ShowText|pysssss",
      "properties": {
        "Node name for S&R": "ShowText|pysssss"
      },
      "order": 18
    },
    {
      "mode": 0,
      "outputs": [
        {
          "shape": 3,
          "name": "describe",
          "slot_index": 0,
          "links": [
            37
          ],
          "label": "describe",
          "type": "STRING"
        }
      ],
      "size": {
        "0": 400,
        "1": 200
      },
      "pos": [
        -1982,
        687
      ],
      "widgets_values": [
        "Please provide a detailed description of this image. If any characters in the image are familiar to you, such as celebrities, movie characters, or animated figures, please directly use their names. The description should be as detailed as possible, but should not exceed 200 words."
      ],
      "inputs": [
        {
          "name": "ref_image",
          "link": 35,
          "label": "ref_image",
          "type": "IMAGE"
        }
      ],
      "flags": {
        "collapsed": false
      },
      "id": 32,
      "type": "RH_Captioner",
      "properties": {
        "Node name for S&R": "RH_Captioner"
      },
      "order": 15
    },
    {
      "mode": 0,
      "outputs": [
        {
          "shape": 3,
          "name": "CLIP",
          "slot_index": 0,
          "links": [
            27
          ],
          "label": "CLIP",
          "type": "CLIP"
        }
      ],
      "size": {
        "0": 306.4404296875,
        "1": 130
      },
      "pos": [
        -791,
        211
      ],
      "widgets_values": [
        "sd3/t5xxl_fp16.safetensors",
        "sd3/clip_l.safetensors",
        "flux",
        "default"
      ],
      "inputs": [],
      "flags": {},
      "id": 22,
      "type": "DualCLIPLoader",
      "properties": {
        "Node name for S&R": "DualCLIPLoader"
      },
      "order": 10
    },
    {
      "mode": 0,
      "outputs": [
        {
          "shape": 3,
          "name": "MODEL",
          "slot_index": 0,
          "links": [
            32
          ],
          "label": "MODEL",
          "type": "MODEL"
        }
      ],
      "size": {
        "0": 325.5959777832031,
        "1": 104.62604522705078
      },
      "pos": [
        -809,
        16
      ],
      "widgets_values": [
        "Flux手部稳定器.safetensors",
        0
      ],
      "inputs": [
        {
          "name": "model",
          "link": 31,
          "label": "model",
          "type": "MODEL"
        }
      ],
      "flags": {},
      "id": 27,
      "type": "LoraLoaderModelOnly",
      "properties": {
        "Node name for S&R": "LoraLoaderModelOnly"
      },
      "order": 20
    },
    {
      "mode": 0,
      "outputs": [
        {
          "shape": 3,
          "name": "MODEL",
          "slot_index": 0,
          "links": [
            29
          ],
          "label": "MODEL",
          "type": "MODEL"
        }
      ],
      "size": {
        "0": 313.051513671875,
        "1": 82
      },
      "pos": [
        -809,
        -263
      ],
      "widgets_values": [
        "majicflus_v1.safetensors",
        "fp8_e4m3fn"
      ],
      "inputs": [],
      "flags": {},
      "id": 24,
      "type": "UNETLoader",
      "properties": {
        "Node name for S&R": "UNETLoader"
      },
      "order": 11
    },
    {
      "mode": 0,
      "outputs": [
        {
          "shape": 3,
          "name": "MODEL",
          "slot_index": 0,
          "links": [
            31
          ],
          "label": "MODEL",
          "type": "MODEL"
        }
      ],
      "size": {
        "0": 315.3472900390625,
        "1": 91.43144226074219
      },
      "pos": [
        -805,
        -126
      ],
      "widgets_values": [
        "Flux洗图神器.safetensors",
        0.15
      ],
      "inputs": [
        {
          "name": "model",
          "link": 29,
          "label": "model",
          "type": "MODEL"
        }
      ],
      "flags": {},
      "id": 25,
      "type": "LoraLoaderModelOnly",
      "properties": {
        "Node name for S&R": "LoraLoaderModelOnly"
      },
      "order": 17
    }
  ],
  "extra": {
    "0246.VERSION": [
      0,
      0,
      4
    ],
    "ds": {
      "offset": {
        "0": 103.00737553503973,
        "1": -897.8881149068695
      },
      "scale": 1.283902517749502
    }
  },
  "groups": [],
  "links": [
    [
      1,
      19,
      0,
      2,
      0,
      "IMAGE"
    ],
    [
      2,
      2,
      0,
      3,
      0,
      "IMAGE"
    ],
    [
      3,
      10,
      0,
      3,
      1,
      "INT"
    ],
    [
      4,
      10,
      1,
      3,
      2,
      "INT"
    ],
    [
      5,
      7,
      0,
      4,
      0,
      "NOISE"
    ],
    [
      6,
      8,
      0,
      4,
      1,
      "GUIDER"
    ],
    [
      7,
      5,
      0,
      4,
      2,
      "SAMPLER"
    ],
    [
      8,
      6,
      0,
      4,
      3,
      "SIGMAS"
    ],
    [
      9,
      12,
      0,
      4,
      4,
      "LATENT"
    ],
    [
      10,
      15,
      0,
      6,
      0,
      "MODEL"
    ],
    [
      11,
      15,
      0,
      8,
      0,
      "MODEL"
    ],
    [
      12,
      16,
      0,
      8,
      1,
      "CONDITIONING"
    ],
    [
      13,
      4,
      0,
      9,
      0,
      "LATENT"
    ],
    [
      14,
      17,
      0,
      9,
      1,
      "VAE"
    ],
    [
      15,
      2,
      0,
      10,
      0,
      "IMAGE"
    ],
    [
      16,
      9,
      0,
      11,
      0,
      "IMAGE"
    ],
    [
      17,
      3,
      1,
      11,
      1,
      "LIST"
    ],
    [
      18,
      3,
      2,
      11,
      2,
      "TUPLE"
    ],
    [
      19,
      3,
      3,
      11,
      3,
      "TUPLE"
    ],
    [
      20,
      3,
      0,
      12,
      0,
      "IMAGE"
    ],
    [
      21,
      17,
      0,
      12,
      1,
      "VAE"
    ],
    [
      22,
      13,
      0,
      14,
      0,
      "UPSCALE_MODEL"
    ],
    [
      24,
      11,
      0,
      18,
      0,
      "*"
    ],
    [
      25,
      14,
      0,
      19,
      0,
      "IMAGE"
    ],
    [
      26,
      11,
      0,
      20,
      0,
      "IMAGE"
    ],
    [
      27,
      22,
      0,
      21,
      0,
      "CLIP"
    ],
    [
      29,
      24,
      0,
      25,
      0,
      "MODEL"
    ],
    [
      30,
      21,
      0,
      26,
      0,
      "CONDITIONING"
    ],
    [
      31,
      25,
      0,
      27,
      0,
      "MODEL"
    ],
    [
      32,
      27,
      0,
      28,
      0,
      "*"
    ],
    [
      33,
      26,
      0,
      29,
      0,
      "*"
    ],
    [
      34,
      23,
      0,
      30,
      0,
      "*"
    ],
    [
      35,
      31,
      0,
      32,
      0,
      "IMAGE"
    ],
    [
      36,
      31,
      0,
      14,
      1,
      "IMAGE"
    ],
    [
      37,
      32,
      0,
      33,
      0,
      "STRING"
    ],
    [
      38,
      33,
      0,
      21,
      1,
      "STRING"
    ],
    [
      39,
      34,
      0,
      35,
      0,
      "STRING"
    ],
    [
      40,
      33,
      0,
      34,
      0,
      "STRING"
    ],
    [
      41,
      11,
      0,
      37,
      0,
      "IMAGE"
    ],
    [
      42,
      31,
      0,
      37,
      1,
      "IMAGE"
    ],
    [
      43,
      40,
      0,
      41,
      1,
      "IMAGE"
    ],
    [
      44,
      41,
      0,
      42,
      0,
      "IMAGE"
    ],
    [
      45,
      11,
      0,
      40,
      0,
      "IMAGE"
    ],
    [
      46,
      11,
      0,
      41,
      0,
      "IMAGE"
    ],
    [
      47,
      41,
      0,
      43,
      0,
      "IMAGE"
    ],
    [
      48,
      11,
      0,
      43,
      1,
      "IMAGE"
    ],
    [
      49,
      41,
      0,
      44,
      0,
      "IMAGE"
    ],
    [
      50,
      11,
      0,
      45,
      0,
      "IMAGE"
    ]
  ],
  "config": {},
  "version": 0.4,
  "last_node_id": 45
}