{
  "last_link_id": 241,
  "nodes": [
    {
      "mode": 0,
      "outputs": [
        {
          "shape": 3,
          "name": "SAMPLER",
          "links": [
            17
          ],
          "label": "SAMPLER",
          "type": "SAMPLER",
          "localized_name": "SAMPLER"
        }
      ],
      "size": [
        315,
        58
      ],
      "pos": [
        1547.232666015625,
        1838.7303466796875
      ],
      "widgets_values": [
        "euler"
      ],
      "inputs": [],
      "flags": {},
      "id": 17,
      "type": "KSamplerSelect",
      "properties": {
        "Node name for S&R": "KSamplerSelect"
      },
      "order": 0
    },
    {
      "mode": 0,
      "outputs": [
        {
          "shape": 3,
          "name": "SIGMAS",
          "links": [
            18
          ],
          "label": "SIGMAS",
          "type": "SIGMAS",
          "localized_name": "SIGMAS"
        }
      ],
      "size": [
        315,
        106
      ],
      "pos": [
        1547.232666015625,
        1948.7303466796875
      ],
      "widgets_values": [
        "simple",
        30,
        1
      ],
      "inputs": [
        {
          "name": "model",
          "link": 20,
          "label": "model",
          "type": "MODEL",
          "localized_name": "model"
        }
      ],
      "flags": {},
      "id": 18,
      "type": "BasicScheduler",
      "properties": {
        "Node name for S&R": "BasicScheduler"
      },
      "order": 45
    },
    {
      "mode": 0,
      "outputs": [
        {
          "shape": 3,
          "name": "MODEL",
          "slot_index": 0,
          "links": [
            20,
            45
          ],
          "label": "MODEL",
          "type": "MODEL",
          "localized_name": "MODEL"
        }
      ],
      "size": [
        315,
        130
      ],
      "pos": [
        1205.16845703125,
        1950.269287109375
      ],
      "widgets_values": [
        1.15,
        0.5,
        1024,
        672
      ],
      "inputs": [
        {
          "name": "model",
          "link": 22,
          "label": "model",
          "type": "MODEL",
          "localized_name": "model"
        },
        {
          "widget": {
            "name": "width"
          },
          "name": "width",
          "link": 23,
          "label": "width",
          "type": "INT"
        },
        {
          "widget": {
            "name": "height"
          },
          "name": "height",
          "link": 24,
          "label": "height",
          "type": "INT"
        }
      ],
      "flags": {},
      "id": 22,
      "type": "ModelSamplingFlux",
      "properties": {
        "Node name for S&R": "ModelSamplingFlux"
      },
      "order": 43
    },
    {
      "outputs": [
        {
          "shape": 3,
          "name": "CONDITIONING",
          "slot_index": 0,
          "links": [
            41
          ],
          "label": "CONDITIONING",
          "type": "CONDITIONING",
          "localized_name": "CONDITIONING"
        }
      ],
      "color": "#322",
      "widgets_values": [
        "",
        "bad,ugly,deformed",
        3.5
      ],
      "inputs": [
        {
          "name": "clip",
          "link": 48,
          "label": "clip",
          "type": "CLIP",
          "localized_name": "clip"
        }
      ],
      "flags": {},
      "type": "CLIPTextEncodeFlux",
      "mode": 0,
      "bgcolor": "#533",
      "size": [
        376.0863037109375,
        166
      ],
      "pos": [
        1859.2576904296875,
        1275.1673583984375
      ],
      "id": 37,
      "properties": {
        "Node name for S&R": "CLIPTextEncodeFlux"
      },
      "order": 14
    },
    {
      "mode": 0,
      "outputs": [
        {
          "shape": 3,
          "name": "positive",
          "slot_index": 0,
          "links": [
            46
          ],
          "label": "positive",
          "type": "CONDITIONING",
          "localized_name": "positive"
        },
        {
          "shape": 3,
          "name": "negative",
          "slot_index": 1,
          "links": [
            47
          ],
          "label": "negative",
          "type": "CONDITIONING",
          "localized_name": "negative"
        }
      ],
      "size": [
        325.2657775878906,
        206
      ],
      "pos": [
        2331.2578125,
        1114.1673583984375
      ],
      "widgets_values": [
        0.9,
        0,
        1
      ],
      "inputs": [
        {
          "name": "positive",
          "link": 40,
          "label": "positive",
          "type": "CONDITIONING",
          "localized_name": "positive"
        },
        {
          "name": "negative",
          "link": 41,
          "label": "negative",
          "type": "CONDITIONING",
          "localized_name": "negative"
        },
        {
          "name": "control_net",
          "link": 42,
          "label": "control_net",
          "type": "CONTROL_NET",
          "localized_name": "control_net"
        },
        {
          "name": "vae",
          "link": 43,
          "label": "vae",
          "type": "VAE",
          "localized_name": "vae"
        },
        {
          "name": "image",
          "link": 62,
          "label": "image",
          "type": "IMAGE",
          "localized_name": "image"
        },
        {
          "name": "mask",
          "link": 195,
          "label": "mask",
          "type": "MASK",
          "localized_name": "mask"
        }
      ],
      "flags": {},
      "id": 35,
      "type": "ControlNetInpaintingAliMamaApply",
      "properties": {
        "Node name for S&R": "ControlNetInpaintingAliMamaApply"
      },
      "order": 42
    },
    {
      "mode": 0,
      "outputs": [
        {
          "shape": 3,
          "name": "GUIDER",
          "slot_index": 0,
          "links": [
            16
          ],
          "label": "GUIDER",
          "type": "GUIDER",
          "localized_name": "GUIDER"
        }
      ],
      "size": [
        330.9755554199219,
        114.60063934326172
      ],
      "pos": [
        2329.2578125,
        1400.1673583984375
      ],
      "widgets_values": [
        3.5
      ],
      "inputs": [
        {
          "name": "model",
          "link": 45,
          "label": "model",
          "type": "MODEL",
          "localized_name": "model"
        },
        {
          "name": "positive",
          "link": 46,
          "label": "positive",
          "type": "CONDITIONING",
          "localized_name": "positive"
        },
        {
          "name": "negative",
          "link": 47,
          "label": "negative",
          "type": "CONDITIONING",
          "localized_name": "negative"
        }
      ],
      "flags": {},
      "id": 36,
      "type": "CFGGuider",
      "properties": {
        "Node name for S&R": "CFGGuider"
      },
      "order": 46
    },
    {
      "mode": 0,
      "outputs": [
        {
          "name": "IMAGE",
          "slot_index": 0,
          "links": [
            33,
            39
          ],
          "label": "IMAGE",
          "type": "IMAGE",
          "localized_name": "IMAGE"
        }
      ],
      "size": [
        210,
        46
      ],
      "pos": [
        2534,
        1740
      ],
      "widgets_values": [],
      "inputs": [
        {
          "name": "samples",
          "link": 13,
          "label": "samples",
          "type": "LATENT",
          "localized_name": "samples"
        },
        {
          "name": "vae",
          "link": 14,
          "label": "vae",
          "type": "VAE",
          "localized_name": "vae"
        }
      ],
      "flags": {},
      "id": 14,
      "type": "VAEDecode",
      "properties": {
        "Node name for S&R": "VAEDecode"
      },
      "order": 48
    },
    {
      "outputs": [
        {
          "shape": 3,
          "name": "output",
          "slot_index": 0,
          "links": [
            13
          ],
          "label": "output",
          "type": "LATENT",
          "localized_name": "output"
        },
        {
          "shape": 3,
          "name": "denoised_output",
          "label": "denoised_output",
          "type": "LATENT",
          "localized_name": "denoised_output"
        }
      ],
      "color": "#432",
      "widgets_values": [],
      "inputs": [
        {
          "name": "noise",
          "link": 15,
          "label": "noise",
          "type": "NOISE",
          "localized_name": "noise"
        },
        {
          "name": "guider",
          "link": 16,
          "label": "guider",
          "type": "GUIDER",
          "localized_name": "guider"
        },
        {
          "name": "sampler",
          "link": 17,
          "label": "sampler",
          "type": "SAMPLER",
          "localized_name": "sampler"
        },
        {
          "name": "sigmas",
          "link": 18,
          "label": "sigmas",
          "type": "SIGMAS",
          "localized_name": "sigmas"
        },
        {
          "name": "latent_image",
          "link": 19,
          "label": "latent_image",
          "type": "LATENT",
          "localized_name": "latent_image"
        }
      ],
      "flags": {},
      "type": "SamplerCustomAdvanced",
      "mode": 0,
      "bgcolor": "#653",
      "size": [
        476.1609191894531,
        147.24122619628906
      ],
      "pos": [
        2053,
        1857
      ],
      "id": 16,
      "properties": {
        "Node name for S&R": "SamplerCustomAdvanced"
      },
      "order": 47
    },
    {
      "mode": 0,
      "outputs": [],
      "size": [
        315,
        58
      ],
      "pos": [
        3516,
        1099
      ],
      "widgets_values": [
        "ComfyUI"
      ],
      "inputs": [
        {
          "name": "images",
          "link": 155,
          "label": "images",
          "type": "IMAGE",
          "localized_name": "images"
        }
      ],
      "flags": {
        "collapsed": true
      },
      "id": 97,
      "type": "SaveImage",
      "properties": {
        "Node name for S&R": "SaveImage"
      },
      "order": 55
    },
    {
      "mode": 0,
      "outputs": [
        {
          "name": "width_int",
          "slot_index": 0,
          "links": [
            23
          ],
          "label": "width_int",
          "type": "INT",
          "localized_name": "width_int"
        },
        {
          "name": "height_int",
          "slot_index": 1,
          "links": [
            24
          ],
          "label": "height_int",
          "type": "INT",
          "localized_name": "height_int"
        }
      ],
      "size": [
        382.7928466796875,
        108
      ],
      "pos": [
        770,
        2090
      ],
      "widgets_values": [
        "Width: 2048 , Height: 1352"
      ],
      "inputs": [
        {
          "name": "image",
          "link": 60,
          "label": "image",
          "type": "IMAGE",
          "localized_name": "image"
        }
      ],
      "flags": {
        "collapsed": false
      },
      "id": 33,
      "type": "easy imageSize",
      "properties": {
        "Node name for S&R": "easy imageSize"
      },
      "order": 40
    },
    {
      "mode": 0,
      "outputs": [
        {
          "name": "CONTROL_NET",
          "links": [
            42
          ],
          "label": "CONTROL_NET",
          "type": "CONTROL_NET",
          "localized_name": "CONTROL_NET"
        }
      ],
      "size": [
        400.3712158203125,
        114.67755126953125
      ],
      "pos": [
        1859.2576904296875,
        1485.1673583984375
      ],
      "widgets_values": [
        "alimama_FLUX.1-dev-Controlnet-Inpainting-Beta.safetensors"
      ],
      "inputs": [],
      "flags": {},
      "id": 38,
      "type": "ControlNetLoader",
      "properties": {
        "Node name for S&R": "ControlNetLoader"
      },
      "order": 1
    },
    {
      "mode": 0,
      "outputs": [
        {
          "name": "image",
          "slot_index": 0,
          "links": [
            55,
            155,
            160
          ],
          "label": "image",
          "type": "IMAGE",
          "localized_name": "image"
        },
        {
          "name": "show_help",
          "label": "show_help",
          "type": "STRING",
          "localized_name": "show_help"
        }
      ],
      "size": [
        400,
        282
      ],
      "pos": [
        3103.620361328125,
        1084
      ],
      "widgets_values": [
        "Input Image",
        "Output Image",
        100,
        "Roboto-Regular.ttf",
        50,
        "normal",
        20
      ],
      "inputs": [
        {
          "shape": 7,
          "name": "image1",
          "link": 228,
          "label": "image1",
          "type": "IMAGE",
          "localized_name": "image1"
        },
        {
          "shape": 7,
          "name": "image2",
          "link": 56,
          "label": "image2",
          "type": "IMAGE",
          "localized_name": "image2"
        }
      ],
      "flags": {},
      "id": 42,
      "type": "CR Simple Image Compare",
      "properties": {
        "Node name for S&R": "CR Simple Image Compare"
      },
      "order": 52
    },
    {
      "mode": 0,
      "outputs": [
        {
          "shape": 3,
          "name": "output",
          "label": "output",
          "type": "*",
          "localized_name": "output"
        }
      ],
      "size": [
        210,
        26
      ],
      "pos": [
        3537,
        1205
      ],
      "widgets_values": [],
      "inputs": [
        {
          "name": "anything",
          "link": 160,
          "label": "anything",
          "type": "*",
          "localized_name": "anything"
        }
      ],
      "flags": {},
      "id": 99,
      "type": "easy cleanGpuUsed",
      "properties": {
        "Node name for S&R": "easy cleanGpuUsed"
      },
      "order": 56
    },
    {
      "outputs": [
        {
          "shape": 3,
          "name": "CONDITIONING",
          "slot_index": 0,
          "links": [
            40
          ],
          "label": "CONDITIONING",
          "type": "CONDITIONING",
          "localized_name": "CONDITIONING"
        }
      ],
      "color": "#232",
      "widgets_values": [
        3.5
      ],
      "inputs": [
        {
          "name": "conditioning",
          "link": 21,
          "label": "conditioning",
          "type": "CONDITIONING",
          "localized_name": "conditioning"
        }
      ],
      "flags": {},
      "type": "FluxGuidance",
      "mode": 0,
      "bgcolor": "#353",
      "size": [
        380.01507568359375,
        100.94071197509766
      ],
      "pos": [
        1842.29443359375,
        1068.464111328125
      ],
      "id": 21,
      "properties": {
        "Node name for S&R": "FluxGuidance"
      },
      "order": 32
    },
    {
      "mode": 0,
      "outputs": [],
      "size": [
        600.7017211914062,
        323.5823974609375
      ],
      "pos": [
        3020,
        1476
      ],
      "widgets_values": [],
      "inputs": [
        {
          "name": "images",
          "link": 39,
          "label": "images",
          "type": "IMAGE",
          "localized_name": "images"
        }
      ],
      "flags": {},
      "id": 34,
      "type": "PreviewImage",
      "properties": {
        "Node name for S&R": "PreviewImage"
      },
      "order": 50
    },
    {
      "mode": 0,
      "outputs": [],
      "size": [
        618.2101440429688,
        436.3904724121094
      ],
      "pos": [
        2995,
        1868
      ],
      "widgets_values": [
        "ComfyUI"
      ],
      "inputs": [
        {
          "name": "images",
          "link": 37,
          "label": "images",
          "type": "IMAGE",
          "localized_name": "images"
        }
      ],
      "flags": {
        "collapsed": true
      },
      "id": 30,
      "type": "SaveImage",
      "properties": {
        "Node name for S&R": "SaveImage"
      },
      "order": 51
    },
    {
      "mode": 0,
      "outputs": [
        {
          "name": "IMAGE",
          "slot_index": 0,
          "links": [
            37,
            56,
            200
          ],
          "label": "IMAGE",
          "type": "IMAGE",
          "localized_name": "IMAGE"
        },
        {
          "name": "x",
          "label": "x",
          "type": "INT",
          "localized_name": "x"
        },
        {
          "name": "y",
          "label": "y",
          "type": "INT",
          "localized_name": "y"
        }
      ],
      "size": [
        301.77569580078125,
        194
      ],
      "pos": [
        2623,
        2211
      ],
      "widgets_values": [
        256,
        256,
        "top-left",
        0,
        0
      ],
      "inputs": [
        {
          "name": "image",
          "link": 33,
          "label": "image",
          "type": "IMAGE",
          "localized_name": "image"
        },
        {
          "widget": {
            "name": "x_offset"
          },
          "name": "x_offset",
          "link": 34,
          "label": "x_offset",
          "type": "INT"
        },
        {
          "widget": {
            "name": "width"
          },
          "name": "width",
          "link": 35,
          "label": "width",
          "type": "INT"
        },
        {
          "widget": {
            "name": "height"
          },
          "name": "height",
          "link": 36,
          "label": "height",
          "type": "INT"
        }
      ],
      "flags": {},
      "id": 29,
      "type": "ImageCrop+",
      "properties": {
        "Node name for S&R": "ImageCrop+"
      },
      "order": 49
    },
    {
      "outputs": [
        {
          "name": "CONDITIONING",
          "slot_index": 0,
          "links": [
            21
          ],
          "label": "CONDITIONING",
          "type": "CONDITIONING",
          "localized_name": "CONDITIONING"
        }
      ],
      "color": "#232",
      "widgets_values": [
        ""
      ],
      "inputs": [
        {
          "name": "clip",
          "link": 148,
          "label": "clip",
          "type": "CLIP",
          "localized_name": "clip"
        },
        {
          "widget": {
            "name": "text"
          },
          "name": "text",
          "link": 151,
          "label": "text",
          "type": "STRING"
        }
      ],
      "flags": {
        "collapsed": false
      },
      "type": "CLIPTextEncode",
      "mode": 0,
      "bgcolor": "#353",
      "size": [
        295.849609375,
        58
      ],
      "pos": [
        1507.29443359375,
        1064.464111328125
      ],
      "id": 13,
      "properties": {
        "Node name for S&R": "CLIPTextEncode"
      },
      "order": 29
    },
    {
      "mode": 0,
      "outputs": [
        {
          "name": "",
          "slot_index": 0,
          "links": [
            60,
            61,
            62
          ],
          "label": "",
          "type": "IMAGE"
        }
      ],
      "size": [
        75,
        26
      ],
      "pos": [
        579.6431274414062,
        2208.416015625
      ],
      "inputs": [
        {
          "name": "",
          "link": 192,
          "label": "",
          "type": "*"
        }
      ],
      "flags": {},
      "id": 44,
      "type": "Reroute",
      "properties": {
        "horizontal": false,
        "showOutputText": false
      },
      "order": 35
    },
    {
      "outputs": [
        {
          "shape": 3,
          "name": "VAE",
          "slot_index": 0,
          "links": [
            14,
            26,
            43
          ],
          "label": "VAE",
          "type": "VAE",
          "localized_name": "VAE"
        }
      ],
      "color": "#ff8282",
      "widgets_values": [
        "ae.sft"
      ],
      "inputs": [],
      "flags": {},
      "type": "VAELoader",
      "mode": 0,
      "bgcolor": "#ff6e6e",
      "size": [
        311.81634521484375,
        60.429901123046875
      ],
      "pos": [
        -271.35687255859375,
        2069.416015625
      ],
      "id": 15,
      "properties": {
        "Node name for S&R": "VAELoader"
      },
      "order": 2
    },
    {
      "mode": 0,
      "outputs": [
        {
          "name": "",
          "slot_index": 0,
          "links": [
            194,
            195
          ],
          "label": "",
          "type": "MASK"
        }
      ],
      "size": [
        75,
        26
      ],
      "pos": [
        589.6431274414062,
        2248.416015625
      ],
      "inputs": [
        {
          "name": "",
          "link": 193,
          "label": "",
          "type": "*"
        }
      ],
      "flags": {},
      "id": 45,
      "type": "Reroute",
      "properties": {
        "horizontal": false,
        "showOutputText": false
      },
      "order": 38
    },
    {
      "mode": 0,
      "outputs": [
        {
          "name": "",
          "slot_index": 0,
          "links": [
            151
          ],
          "label": "",
          "type": "STRING"
        }
      ],
      "size": [
        75,
        26
      ],
      "pos": [
        1158.8060302734375,
        1080.4830322265625
      ],
      "inputs": [
        {
          "widget": {
            "name": "value"
          },
          "name": "",
          "link": 168,
          "label": "",
          "type": "*"
        }
      ],
      "flags": {},
      "id": 93,
      "type": "Reroute",
      "properties": {
        "horizontal": false,
        "showOutputText": false
      },
      "order": 24
    },
    {
      "outputs": [
        {
          "name": "CLIP",
          "slot_index": 0,
          "links": [
            48,
            148
          ],
          "label": "CLIP",
          "type": "CLIP",
          "localized_name": "CLIP"
        }
      ],
      "color": "#ffe914",
      "widgets_values": [
        "sd3/t5xxl_fp16.safetensors",
        "sd3/clip_l.safetensors",
        "flux",
        "default"
      ],
      "inputs": [],
      "flags": {},
      "type": "DualCLIPLoader",
      "mode": 0,
      "bgcolor": "#ffd500",
      "size": [
        315,
        122
      ],
      "pos": [
        -269,
        1745
      ],
      "id": 32,
      "properties": {
        "Node name for S&R": "DualCLIPLoader"
      },
      "order": 3
    },
    {
      "mode": 0,
      "outputs": [],
      "size": [
        584.4562377929688,
        445.0824279785156
      ],
      "pos": [
        3044,
        1922
      ],
      "widgets_values": [],
      "inputs": [
        {
          "name": "images",
          "link": 200,
          "label": "images",
          "type": "IMAGE",
          "localized_name": "images"
        }
      ],
      "flags": {},
      "id": 128,
      "type": "PreviewImage",
      "properties": {
        "Node name for S&R": "PreviewImage"
      },
      "order": 53
    },
    {
      "mode": 0,
      "outputs": [
        {
          "name": "LATENT",
          "slot_index": 0,
          "links": [
            19
          ],
          "label": "LATENT",
          "type": "LATENT",
          "localized_name": "LATENT"
        }
      ],
      "size": [
        328.58160400390625,
        76.82981872558594
      ],
      "pos": [
        1545.16845703125,
        2140.269287109375
      ],
      "widgets_values": [],
      "inputs": [
        {
          "name": "samples",
          "link": 27,
          "label": "samples",
          "type": "LATENT",
          "localized_name": "samples"
        },
        {
          "name": "mask",
          "link": 194,
          "label": "mask",
          "type": "MASK",
          "localized_name": "mask"
        }
      ],
      "flags": {
        "collapsed": false
      },
      "id": 24,
      "type": "SetLatentNoiseMask",
      "properties": {
        "Node name for S&R": "SetLatentNoiseMask"
      },
      "order": 44
    },
    {
      "outputs": [
        {
          "shape": 3,
          "name": "NOISE",
          "links": [
            15
          ],
          "label": "NOISE",
          "type": "NOISE",
          "localized_name": "NOISE"
        }
      ],
      "color": "#2a363b",
      "widgets_values": [
        370616069455310,
        "fixed"
      ],
      "inputs": [
        {
          "widget": {
            "name": "noise_seed"
          },
          "name": "noise_seed",
          "link": 218,
          "label": "noise_seed",
          "type": "INT"
        }
      ],
      "flags": {},
      "type": "RandomNoise",
      "mode": 0,
      "bgcolor": "#3f5159",
      "size": [
        316.782470703125,
        58
      ],
      "pos": [
        1215.16845703125,
        1830.269287109375
      ],
      "id": 20,
      "properties": {
        "Node name for S&R": "RandomNoise"
      },
      "order": 15
    },
    {
      "mode": 0,
      "outputs": [
        {
          "shape": 3,
          "name": "seed",
          "slot_index": 0,
          "links": [
            218
          ],
          "label": "seed",
          "type": "INT",
          "localized_name": "seed"
        }
      ],
      "size": [
        315,
        82
      ],
      "pos": [
        794,
        1822
      ],
      "widgets_values": [
        575217738578494,
        "randomize"
      ],
      "inputs": [],
      "flags": {},
      "id": 141,
      "type": "SeedGenerator",
      "properties": {
        "Node name for S&R": "SeedGenerator"
      },
      "order": 4
    },
    {
      "mode": 0,
      "outputs": [
        {
          "shape": 3,
          "name": "IMAGE",
          "slot_index": 0,
          "links": [
            232
          ],
          "label": "IMAGE",
          "type": "IMAGE",
          "localized_name": "IMAGE"
        },
        {
          "shape": 3,
          "name": "width",
          "label": "width",
          "type": "INT",
          "localized_name": "width"
        },
        {
          "shape": 3,
          "name": "height",
          "label": "height",
          "type": "INT",
          "localized_name": "height"
        }
      ],
      "size": [
        315,
        218
      ],
      "pos": [
        -1266.1051025390625,
        1745.081787109375
      ],
      "widgets_values": [
        1024,
        1024,
        "nearest",
        "keep proportion",
        "always",
        0
      ],
      "inputs": [
        {
          "name": "image",
          "link": 220,
          "label": "image",
          "type": "IMAGE",
          "localized_name": "image"
        }
      ],
      "flags": {},
      "id": 142,
      "type": "ImageResize+",
      "properties": {
        "Node name for S&R": "ImageResize+"
      },
      "order": 21
    },
    {
      "mode": 0,
      "outputs": [],
      "size": [
        210,
        246
      ],
      "pos": [
        -920.1051025390625,
        1773.081787109375
      ],
      "widgets_values": [
        ""
      ],
      "inputs": [
        {
          "name": "images",
          "link": 210,
          "label": "images",
          "type": "IMAGE",
          "localized_name": "images"
        }
      ],
      "flags": {},
      "id": 136,
      "type": "PreviewImage",
      "properties": {
        "Node name for S&R": "PreviewImage"
      },
      "order": 26
    },
    {
      "mode": 0,
      "outputs": [],
      "size": [
        210,
        246
      ],
      "pos": [
        -696.1051025390625,
        1773.081787109375
      ],
      "widgets_values": [
        ""
      ],
      "inputs": [
        {
          "name": "mask",
          "link": 211,
          "label": "mask",
          "type": "MASK",
          "localized_name": "mask"
        }
      ],
      "flags": {},
      "id": 137,
      "type": "MaskPreview+",
      "properties": {
        "Node name for S&R": "MaskPreview+"
      },
      "order": 28
    },
    {
      "mode": 0,
      "outputs": [
        {
          "shape": 6,
          "name": "STRING",
          "label": "STRING",
          "type": "STRING",
          "localized_name": "STRING"
        }
      ],
      "size": [
        677.3958129882812,
        294.0155029296875
      ],
      "pos": [
        616.4299926757812,
        1315.3050537109375
      ],
      "widgets_values": [
        [
          "Realistic, real photos, photography,Model clothing display, full body photo,Make the character [Image 2] wear the clothes of [Image 1].[Image 1]:The clothing depicted is a short, pink dress with a ribbed crew neckline and short sleeves featuring striped red and white cuffs. It is cinched at the waist, and a small red heart embellishment adorns the left chest area. The skirt is flared and ends above the knees.[Image 2]:The character is a young female with long, straight light brown hair and a relaxed expression. Her facial features include arched eyebrows, large eyes, a straight nose, and soft lips. This is a full-length portrait where she's directly facing the camera.Realistic style, [Clothes on], this set of pictures highlights the transition from clothing sample photos to the actual wearing effect."
        ],
        "Realistic, real photos, photography,Model clothing display, full body photo,Make the character [Image 2] wear the clothes of [Image 1].[Image 1]:The clothing is a light pink dress with a fitted waist and flared skirt. The top has short sleeves, a crew neckline with striped trim, and a red embroidered heart detail. The upper body ends at the ribs, making it short, and the lower body is shorter than the knees.[Image 2]:This is a full-length portrait of a character with long, straight, light brown hair styled with a top half tied loosely. Facial details are indistinct, but the overall figure exhibits slender proportions with a tall and lean build, emphasizing elongated limbs and a youthful appearance.Realistic style, [Clothes on], this set of pictures highlights the transition from clothing sample photos to the actual wearing effect."
      ],
      "inputs": [
        {
          "widget": {
            "name": "text"
          },
          "name": "text",
          "link": 169,
          "label": "text",
          "type": "STRING"
        }
      ],
      "flags": {},
      "id": 109,
      "type": "ShowText|pysssss",
      "properties": {
        "Node name for S&R": "ShowText|pysssss"
      },
      "order": 25
    },
    {
      "mode": 0,
      "outputs": [
        {
          "name": "MODEL",
          "slot_index": 0,
          "links": [
            22
          ],
          "label": "MODEL",
          "type": "MODEL",
          "localized_name": "MODEL"
        }
      ],
      "size": [
        390.0092468261719,
        82
      ],
      "pos": [
        760,
        1950
      ],
      "widgets_values": [
        "IC_TRY_ON_v3_e4.safetensors",
        1
      ],
      "inputs": [
        {
          "name": "model",
          "link": 236,
          "label": "model",
          "type": "MODEL",
          "localized_name": "model"
        }
      ],
      "flags": {},
      "id": 25,
      "type": "LoraLoaderModelOnly",
      "properties": {
        "Node name for S&R": "LoraLoaderModelOnly"
      },
      "order": 19
    },
    {
      "outputs": [
        {
          "name": "MODEL",
          "slot_index": 0,
          "links": [
            235
          ],
          "label": "MODEL",
          "type": "MODEL",
          "localized_name": "MODEL"
        }
      ],
      "color": "#223",
      "widgets_values": [
        "flux1-dev-fp8-Kijai.safetensors",
        "default"
      ],
      "inputs": [],
      "flags": {},
      "type": "UNETLoader",
      "mode": 0,
      "bgcolor": "#335",
      "size": [
        315,
        82
      ],
      "pos": [
        -269,
        1909
      ],
      "id": 31,
      "properties": {
        "Node name for S&R": "UNETLoader"
      },
      "order": 5
    },
    {
      "mode": 0,
      "outputs": [],
      "size": [
        210,
        246
      ],
      "pos": [
        138,
        2146
      ],
      "widgets_values": [
        ""
      ],
      "inputs": [
        {
          "name": "images",
          "link": 223,
          "label": "images",
          "type": "IMAGE",
          "localized_name": "images"
        }
      ],
      "flags": {},
      "id": 143,
      "type": "PreviewImage",
      "properties": {
        "Node name for S&R": "PreviewImage"
      },
      "order": 36
    },
    {
      "mode": 0,
      "outputs": [
        {
          "name": "LATENT",
          "slot_index": 0,
          "links": [
            27
          ],
          "label": "LATENT",
          "type": "LATENT",
          "localized_name": "LATENT"
        }
      ],
      "size": [
        309.1463623046875,
        87.00836181640625
      ],
      "pos": [
        789,
        2254
      ],
      "widgets_values": [],
      "inputs": [
        {
          "name": "pixels",
          "link": 61,
          "label": "pixels",
          "type": "IMAGE",
          "localized_name": "pixels"
        },
        {
          "name": "vae",
          "link": 26,
          "label": "vae",
          "type": "VAE",
          "localized_name": "vae"
        }
      ],
      "flags": {
        "collapsed": false
      },
      "id": 23,
      "type": "VAEEncode",
      "properties": {
        "Node name for S&R": "VAEEncode"
      },
      "order": 41
    },
    {
      "mode": 0,
      "outputs": [
        {
          "name": "width_int",
          "slot_index": 0,
          "links": [
            34,
            35
          ],
          "label": "width_int",
          "type": "INT",
          "localized_name": "width_int"
        },
        {
          "name": "height_int",
          "slot_index": 1,
          "links": [
            36
          ],
          "label": "height_int",
          "type": "INT",
          "localized_name": "height_int"
        }
      ],
      "size": [
        370.1943664550781,
        108
      ],
      "pos": [
        1566,
        2271
      ],
      "widgets_values": [
        "Width: 1024 , Height: 1352"
      ],
      "inputs": [
        {
          "name": "image",
          "link": 67,
          "label": "image",
          "type": "IMAGE",
          "localized_name": "image"
        }
      ],
      "flags": {
        "collapsed": false
      },
      "id": 40,
      "type": "easy imageSize",
      "properties": {
        "Node name for S&R": "easy imageSize"
      },
      "order": 39
    },
    {
      "mode": 0,
      "outputs": [
        {
          "name": "",
          "slot_index": 0,
          "links": [
            67
          ],
          "label": "",
          "type": "IMAGE"
        }
      ],
      "size": [
        75,
        26
      ],
      "pos": [
        541,
        2331
      ],
      "inputs": [
        {
          "name": "",
          "link": 227,
          "label": "",
          "type": "*"
        }
      ],
      "flags": {},
      "id": 46,
      "type": "Reroute",
      "properties": {
        "horizontal": false,
        "showOutputText": false
      },
      "order": 34
    },
    {
      "mode": 0,
      "outputs": [],
      "size": [
        192.4019317626953,
        250.0446014404297
      ],
      "pos": [
        406,
        2132
      ],
      "widgets_values": [
        ""
      ],
      "inputs": [
        {
          "name": "mask",
          "link": 181,
          "label": "mask",
          "type": "MASK",
          "localized_name": "mask"
        }
      ],
      "flags": {},
      "id": 120,
      "type": "MaskPreview+",
      "properties": {
        "Node name for S&R": "MaskPreview+"
      },
      "order": 37
    },
    {
      "mode": 0,
      "outputs": [
        {
          "shape": 3,
          "name": "image",
          "slot_index": 0,
          "links": [
            216,
            234
          ],
          "label": "image",
          "type": "IMAGE",
          "localized_name": "image"
        },
        {
          "shape": 3,
          "name": "mask",
          "slot_index": 1,
          "links": [],
          "label": "mask",
          "type": "MASK",
          "localized_name": "mask"
        }
      ],
      "size": [
        315,
        102
      ],
      "pos": [
        -1265,
        2250
      ],
      "widgets_values": [
        "white",
        "auto"
      ],
      "inputs": [
        {
          "name": "image",
          "link": 233,
          "label": "image",
          "type": "IMAGE",
          "localized_name": "image"
        }
      ],
      "flags": {},
      "id": 138,
      "type": "BiRefNet_Hugo",
      "properties": {
        "Node name for S&R": "BiRefNet_Hugo"
      },
      "order": 27
    },
    {
      "outputs": [
        {
          "shape": 3,
          "name": "describe",
          "slot_index": 0,
          "links": [
            205
          ],
          "label": "describe",
          "type": "STRING",
          "localized_name": "describe"
        }
      ],
      "color": "#476947",
      "widgets_values": [
        "Please describe only the appearance and type of the character, mainly including the facial features, and determine whether it is a full-length or half-length portrait. Do not describe the background and clothing. The description should be as detailed as possible, but no more than 50 words."
      ],
      "inputs": [
        {
          "name": "ref_image",
          "link": 203,
          "label": "ref_image",
          "type": "IMAGE",
          "localized_name": "ref_image"
        }
      ],
      "flags": {},
      "type": "RH_Captioner",
      "mode": 0,
      "bgcolor": "#335533",
      "size": [
        400,
        200
      ],
      "pos": [
        -302,
        1259
      ],
      "id": 132,
      "properties": {
        "Node name for S&R": "RH_Captioner"
      },
      "order": 17
    },
    {
      "outputs": [
        {
          "shape": 3,
          "name": "describe",
          "slot_index": 0,
          "links": [
            165
          ],
          "label": "describe",
          "type": "STRING",
          "localized_name": "describe"
        }
      ],
      "color": "#476947",
      "widgets_values": [
        "Please provide the style and pattern of the clothing in the picture, indicating whether the top is long or short. The upper body is based on the ribs, and if it is longer than the ribs, it is long, and if it is shorter than the ribs, it is short. The lower body is based on the knees, and if it is longer than the knees, it is long, and if it is shorter than the knees, it is short. Please do not describe the background, and the description should be as detailed as possible, but not more than 50 words."
      ],
      "inputs": [
        {
          "name": "ref_image",
          "link": 199,
          "label": "ref_image",
          "type": "IMAGE",
          "localized_name": "ref_image"
        }
      ],
      "flags": {},
      "type": "RH_Captioner",
      "mode": 0,
      "bgcolor": "#335533",
      "size": [
        381.8766174316406,
        122.65404510498047
      ],
      "pos": [
        -297,
        1074
      ],
      "id": 101,
      "properties": {
        "Node name for S&R": "RH_Captioner"
      },
      "order": 20
    },
    {
      "mode": 0,
      "outputs": [
        {
          "shape": 3,
          "name": "text",
          "slot_index": 0,
          "links": [
            168,
            169
          ],
          "label": "text",
          "type": "STRING",
          "localized_name": "text"
        }
      ],
      "size": [
        315,
        178
      ],
      "pos": [
        601.4299926757812,
        1083.3050537109375
      ],
      "widgets_values": [
        "",
        "",
        "",
        "",
        "",
        ""
      ],
      "inputs": [
        {
          "widget": {
            "name": "text1"
          },
          "name": "text1",
          "link": 241,
          "label": "text1",
          "type": "STRING"
        },
        {
          "widget": {
            "name": "text2"
          },
          "name": "text2",
          "link": 240,
          "label": "text2",
          "type": "STRING"
        },
        {
          "widget": {
            "name": "text3"
          },
          "name": "text3",
          "link": 165,
          "label": "text3",
          "type": "STRING"
        },
        {
          "widget": {
            "name": "text4"
          },
          "name": "text4",
          "link": 239,
          "label": "text4",
          "type": "STRING"
        },
        {
          "widget": {
            "name": "text5"
          },
          "name": "text5",
          "link": 205,
          "label": "text5",
          "type": "STRING"
        },
        {
          "widget": {
            "name": "text6"
          },
          "name": "text6",
          "link": 238,
          "label": "text6",
          "type": "STRING"
        }
      ],
      "flags": {},
      "id": 108,
      "type": "TextCombinerSix",
      "properties": {
        "Node name for S&R": "TextCombinerSix"
      },
      "order": 22
    },
    {
      "mode": 0,
      "outputs": [
        {
          "shape": 3,
          "name": "image",
          "slot_index": 0,
          "links": [
            199,
            220
          ],
          "label": "image",
          "type": "IMAGE",
          "localized_name": "image"
        },
        {
          "shape": 3,
          "name": "mask",
          "slot_index": 1,
          "links": [],
          "label": "mask",
          "type": "MASK",
          "localized_name": "mask"
        }
      ],
      "size": [
        315,
        102
      ],
      "pos": [
        -443,
        1065
      ],
      "widgets_values": [
        "white",
        "auto"
      ],
      "inputs": [
        {
          "name": "image",
          "link": 197,
          "label": "image",
          "type": "IMAGE",
          "localized_name": "image"
        }
      ],
      "flags": {
        "collapsed": true
      },
      "id": 125,
      "type": "BiRefNet_Hugo",
      "properties": {
        "Node name for S&R": "BiRefNet_Hugo"
      },
      "order": 18
    },
    {
      "mode": 0,
      "outputs": [
        {
          "name": "IMAGE",
          "slot_index": 0,
          "links": [
            203
          ],
          "label": "IMAGE",
          "type": "IMAGE",
          "localized_name": "IMAGE"
        },
        {
          "name": "MASK",
          "label": "MASK",
          "type": "MASK",
          "localized_name": "MASK"
        }
      ],
      "size": [
        445.171630859375,
        549.9407348632812
      ],
      "pos": [
        -1275,
        1053
      ],
      "widgets_values": [
        "100b678ce16782d9fc92357c8c725bc4 (1).jpg",
        "image",
        ""
      ],
      "inputs": [],
      "flags": {},
      "id": 131,
      "type": "LoadImage",
      "properties": {
        "Node name for S&R": "LoadImage"
      },
      "order": 6
    },
    {
      "mode": 0,
      "outputs": [
        {
          "name": "IMAGE",
          "slot_index": 0,
          "links": [
            197
          ],
          "label": "IMAGE",
          "type": "IMAGE",
          "localized_name": "IMAGE"
        },
        {
          "name": "MASK",
          "label": "MASK",
          "type": "MASK",
          "localized_name": "MASK"
        }
      ],
      "size": [
        406.8235778808594,
        544.0866088867188
      ],
      "pos": [
        -774,
        1052
      ],
      "widgets_values": [
        "9894cf68984c5e262d49b3ec2096f9cd.jpg",
        "image",
        ""
      ],
      "inputs": [],
      "flags": {},
      "id": 1,
      "type": "LoadImage",
      "properties": {
        "Node name for S&R": "LoadImage"
      },
      "order": 7
    },
    {
      "mode": 0,
      "outputs": [
        {
          "name": "",
          "slot_index": 0,
          "links": [
            226,
            227,
            228
          ],
          "label": "",
          "type": "IMAGE"
        }
      ],
      "size": [
        75,
        26
      ],
      "pos": [
        -453.1051330566406,
        2054.081787109375
      ],
      "inputs": [
        {
          "name": "",
          "link": 234,
          "label": "",
          "type": "*"
        }
      ],
      "flags": {
        "pinned": false
      },
      "id": 144,
      "type": "Reroute",
      "properties": {
        "horizontal": false,
        "showOutputText": false
      },
      "order": 31
    },
    {
      "mode": 0,
      "outputs": [],
      "size": [
        210,
        246
      ],
      "pos": [
        -906,
        2092
      ],
      "widgets_values": [
        ""
      ],
      "inputs": [
        {
          "name": "images",
          "link": 216,
          "label": "images",
          "type": "IMAGE",
          "localized_name": "images"
        }
      ],
      "flags": {},
      "id": 139,
      "type": "PreviewImage",
      "properties": {
        "Node name for S&R": "PreviewImage"
      },
      "order": 30
    },
    {
      "mode": 0,
      "outputs": [
        {
          "shape": 3,
          "name": "IMAGE",
          "slot_index": 0,
          "links": [
            210,
            233
          ],
          "label": "IMAGE",
          "type": "IMAGE",
          "localized_name": "IMAGE"
        },
        {
          "shape": 3,
          "name": "MASK",
          "slot_index": 1,
          "links": [
            211
          ],
          "label": "MASK",
          "type": "MASK",
          "localized_name": "MASK"
        }
      ],
      "size": [
        315,
        174
      ],
      "pos": [
        -1272.1051025390625,
        2016.081787109375
      ],
      "widgets_values": [
        0,
        128,
        0,
        200,
        40
      ],
      "inputs": [
        {
          "name": "image",
          "link": 232,
          "label": "image",
          "type": "IMAGE",
          "localized_name": "image"
        }
      ],
      "flags": {},
      "id": 135,
      "type": "ImagePadForOutpaint",
      "properties": {
        "Node name for S&R": "ImagePadForOutpaint"
      },
      "order": 23
    },
    {
      "outputs": [],
      "color": "#fff0",
      "inputs": [],
      "flags": {
        "pinned": true,
        "allow_interaction": false
      },
      "type": "Label (rgthree)",
      "title": "您无需设置 ComfyUI 环境即可运行此工作流程，而且它是免费的。",
      "mode": 0,
      "bgcolor": "#fff0",
      "size": [
        4416.7236328125,
        150
      ],
      "pos": [
        -1289,
        595
      ],
      "id": 129,
      "properties": {
        "padding": 0,
        "backgroundColor": "transparent",
        "fontFamily": "Arial",
        "borderRadius": 0,
        "textAlign": "left",
        "fontSize": 150,
        "fontColor": "#ffffff"
      },
      "order": 8
    },
    {
      "outputs": [],
      "color": "#fff0",
      "inputs": [],
      "flags": {
        "pinned": true,
        "allow_interaction": false
      },
      "type": "Label (rgthree)",
      "title": "Runninghub原创工作流，如需搬运请保留这个标签",
      "mode": 0,
      "bgcolor": "#335",
      "size": [
        3359.033203125,
        150
      ],
      "pos": [
        -1298,
        768
      ],
      "id": 130,
      "properties": {
        "padding": 0,
        "backgroundColor": "transparent",
        "fontFamily": "Arial",
        "borderRadius": 0,
        "textAlign": "left",
        "fontSize": 150,
        "fontColor": "#ffffff"
      },
      "order": 9
    },
    {
      "mode": 0,
      "outputs": [
        {
          "name": "MODEL",
          "slot_index": 0,
          "links": [
            236
          ],
          "label": "MODEL",
          "type": "MODEL",
          "localized_name": "MODEL"
        }
      ],
      "size": [
        390.0092468261719,
        82
      ],
      "pos": [
        107,
        1918
      ],
      "widgets_values": [
        "盛世美颜系列.safetensors",
        0.63
      ],
      "inputs": [
        {
          "name": "model",
          "link": 235,
          "label": "model",
          "type": "MODEL",
          "localized_name": "model"
        }
      ],
      "flags": {},
      "id": 145,
      "type": "LoraLoaderModelOnly",
      "properties": {
        "Node name for S&R": "LoraLoaderModelOnly"
      },
      "order": 16
    },
    {
      "mode": 0,
      "outputs": [],
      "size": [
        1045.671142578125,
        1084.1243896484375
      ],
      "pos": [
        3772,
        1084
      ],
      "widgets_values": [],
      "inputs": [
        {
          "name": "images",
          "link": 55,
          "label": "images",
          "type": "IMAGE",
          "localized_name": "images"
        }
      ],
      "flags": {},
      "id": 43,
      "type": "PreviewImage",
      "properties": {
        "Node name for S&R": "PreviewImage"
      },
      "order": 54
    },
    {
      "mode": 0,
      "outputs": [
        {
          "shape": 3,
          "name": "text",
          "slot_index": 0,
          "links": [
            238
          ],
          "label": "text",
          "type": "STRING",
          "localized_name": "text"
        }
      ],
      "size": [
        347.6296081542969,
        98.30210876464844
      ],
      "pos": [
        -289,
        1509
      ],
      "widgets_values": [
        "Realistic style, [Clothes on], this set of pictures highlights the transition from clothing sample photos to the actual wearing effect."
      ],
      "inputs": [],
      "flags": {},
      "id": 147,
      "type": "JjkText",
      "properties": {
        "Node name for S&R": "JjkText"
      },
      "order": 10
    },
    {
      "mode": 0,
      "outputs": [
        {
          "shape": 3,
          "name": "text",
          "slot_index": 0,
          "links": [
            241
          ],
          "label": "text",
          "type": "STRING",
          "localized_name": "text"
        }
      ],
      "size": [
        381.7735290527344,
        178.98849487304688
      ],
      "pos": [
        475,
        1102
      ],
      "widgets_values": [
        "Realistic, real photos, photography,Model clothing display, full body photo,Make the character [Image 2] wear the clothes of [Image 1]."
      ],
      "inputs": [],
      "flags": {
        "collapsed": true
      },
      "id": 150,
      "type": "JjkText",
      "properties": {
        "Node name for S&R": "JjkText"
      },
      "order": 11
    },
    {
      "mode": 0,
      "outputs": [
        {
          "shape": 3,
          "name": "text",
          "slot_index": 0,
          "links": [
            240
          ],
          "label": "text",
          "type": "STRING",
          "localized_name": "text"
        }
      ],
      "size": [
        381.7735290527344,
        178.98849487304688
      ],
      "pos": [
        472,
        1154
      ],
      "widgets_values": [
        "[Image 1]:"
      ],
      "inputs": [],
      "flags": {
        "collapsed": true
      },
      "id": 149,
      "type": "JjkText",
      "properties": {
        "Node name for S&R": "JjkText"
      },
      "order": 12
    },
    {
      "mode": 0,
      "outputs": [
        {
          "shape": 3,
          "name": "text",
          "slot_index": 0,
          "links": [
            239
          ],
          "label": "text",
          "type": "STRING",
          "localized_name": "text"
        }
      ],
      "size": [
        381.7735290527344,
        178.98849487304688
      ],
      "pos": [
        476,
        1204
      ],
      "widgets_values": [
        "[Image 2]:"
      ],
      "inputs": [],
      "flags": {
        "collapsed": true
      },
      "id": 148,
      "type": "JjkText",
      "properties": {
        "Node name for S&R": "JjkText"
      },
      "order": 13
    },
    {
      "mode": 0,
      "outputs": [
        {
          "name": "EXPANDED_IMAGE",
          "slot_index": 0,
          "links": [
            192,
            223
          ],
          "label": "EXPANDED_IMAGE",
          "type": "IMAGE",
          "localized_name": "EXPANDED_IMAGE"
        },
        {
          "name": "MASK",
          "slot_index": 1,
          "links": [
            181,
            193
          ],
          "label": "MASK",
          "type": "MASK",
          "localized_name": "MASK"
        }
      ],
      "size": [
        315,
        318
      ],
      "pos": [
        -264.35687255859375,
        2213.416015625
      ],
      "widgets_values": [
        "white",
        false,
        "#ffffff",
        true,
        false,
        true,
        false,
        1,
        1,
        1,
        1
      ],
      "inputs": [
        {
          "name": "image",
          "link": 226,
          "label": "image",
          "type": "IMAGE",
          "localized_name": "image"
        }
      ],
      "flags": {},
      "id": 12,
      "type": "TTP_Expand_And_Mask",
      "properties": {
        "Node name for S&R": "TTP_Expand_And_Mask"
      },
      "order": 33
    }
  ],
  "extra": {
    "ue_links": [],
    "0246.VERSION": [
      0,
      0,
      4
    ],
    "ds": {
      "offset": [
        501.8784806864884,
        -2012.641520787447
      ],
      "scale": 0.9646149645000011
    }
  },
  "groups": [
    {
      "color": "#3f789e",
      "font_size": 24,
      "flags": {},
      "id": 1,
      "title": "Output",
      "bounding": [
        2963,
        980,
        1946,
        1447
      ]
    },
    {
      "color": "#3f789e",
      "font_size": 24,
      "flags": {},
      "id": 2,
      "title": "Input & Seed",
      "bounding": [
        -1291,
        977,
        973,
        657
      ]
    },
    {
      "color": "#3f789e",
      "font_size": 24,
      "flags": {},
      "id": 3,
      "title": "Image pre processor",
      "bounding": [
        -1286,
        1646,
        969,
        766
      ]
    },
    {
      "color": "#3f789e",
      "font_size": 24,
      "flags": {},
      "id": 4,
      "title": "Inpainting CN",
      "bounding": [
        1368,
        984,
        1568,
        650
      ]
    },
    {
      "color": "#3f789e",
      "font_size": 24,
      "flags": {},
      "id": 5,
      "title": "Sampler",
      "bounding": [
        712,
        1659,
        2239,
        762
      ]
    },
    {
      "color": "#3f789e",
      "font_size": 24,
      "flags": {},
      "id": 6,
      "title": "Group",
      "bounding": [
        -314,
        1654,
        1007,
        758
      ]
    },
    {
      "color": "#3f789e",
      "font_size": 24,
      "flags": {},
      "id": 7,
      "title": "Prompt",
      "bounding": [
        -308,
        984,
        1670,
        655
      ]
    }
  ],
  "links": [
    [
      13,
      16,
      0,
      14,
      0,
      "LATENT"
    ],
    [
      14,
      15,
      0,
      14,
      1,
      "VAE"
    ],
    [
      15,
      20,
      0,
      16,
      0,
      "NOISE"
    ],
    [
      16,
      36,
      0,
      16,
      1,
      "GUIDER"
    ],
    [
      17,
      17,
      0,
      16,
      2,
      "SAMPLER"
    ],
    [
      18,
      18,
      0,
      16,
      3,
      "SIGMAS"
    ],
    [
      19,
      24,
      0,
      16,
      4,
      "LATENT"
    ],
    [
      20,
      22,
      0,
      18,
      0,
      "MODEL"
    ],
    [
      21,
      13,
      0,
      21,
      0,
      "CONDITIONING"
    ],
    [
      22,
      25,
      0,
      22,
      0,
      "MODEL"
    ],
    [
      23,
      33,
      0,
      22,
      1,
      "INT"
    ],
    [
      24,
      33,
      1,
      22,
      2,
      "INT"
    ],
    [
      26,
      15,
      0,
      23,
      1,
      "VAE"
    ],
    [
      27,
      23,
      0,
      24,
      0,
      "LATENT"
    ],
    [
      33,
      14,
      0,
      29,
      0,
      "IMAGE"
    ],
    [
      34,
      40,
      0,
      29,
      1,
      "INT"
    ],
    [
      35,
      40,
      0,
      29,
      2,
      "INT"
    ],
    [
      36,
      40,
      1,
      29,
      3,
      "INT"
    ],
    [
      37,
      29,
      0,
      30,
      0,
      "IMAGE"
    ],
    [
      39,
      14,
      0,
      34,
      0,
      "IMAGE"
    ],
    [
      40,
      21,
      0,
      35,
      0,
      "CONDITIONING"
    ],
    [
      41,
      37,
      0,
      35,
      1,
      "CONDITIONING"
    ],
    [
      42,
      38,
      0,
      35,
      2,
      "CONTROL_NET"
    ],
    [
      43,
      15,
      0,
      35,
      3,
      "VAE"
    ],
    [
      45,
      22,
      0,
      36,
      0,
      "MODEL"
    ],
    [
      46,
      35,
      0,
      36,
      1,
      "CONDITIONING"
    ],
    [
      47,
      35,
      1,
      36,
      2,
      "CONDITIONING"
    ],
    [
      48,
      32,
      0,
      37,
      0,
      "CLIP"
    ],
    [
      55,
      42,
      0,
      43,
      0,
      "IMAGE"
    ],
    [
      56,
      29,
      0,
      42,
      1,
      "IMAGE"
    ],
    [
      60,
      44,
      0,
      33,
      0,
      "IMAGE"
    ],
    [
      61,
      44,
      0,
      23,
      0,
      "IMAGE"
    ],
    [
      62,
      44,
      0,
      35,
      4,
      "IMAGE"
    ],
    [
      67,
      46,
      0,
      40,
      0,
      "IMAGE"
    ],
    [
      148,
      32,
      0,
      13,
      0,
      "CLIP"
    ],
    [
      151,
      93,
      0,
      13,
      1,
      "STRING"
    ],
    [
      155,
      42,
      0,
      97,
      0,
      "IMAGE"
    ],
    [
      160,
      42,
      0,
      99,
      0,
      "*"
    ],
    [
      165,
      101,
      0,
      108,
      2,
      "STRING"
    ],
    [
      168,
      108,
      0,
      93,
      0,
      "*"
    ],
    [
      169,
      108,
      0,
      109,
      0,
      "STRING"
    ],
    [
      181,
      12,
      1,
      120,
      0,
      "MASK"
    ],
    [
      192,
      12,
      0,
      44,
      0,
      "*"
    ],
    [
      193,
      12,
      1,
      45,
      0,
      "*"
    ],
    [
      194,
      45,
      0,
      24,
      1,
      "MASK"
    ],
    [
      195,
      45,
      0,
      35,
      5,
      "MASK"
    ],
    [
      197,
      1,
      0,
      125,
      0,
      "IMAGE"
    ],
    [
      199,
      125,
      0,
      101,
      0,
      "IMAGE"
    ],
    [
      200,
      29,
      0,
      128,
      0,
      "IMAGE"
    ],
    [
      203,
      131,
      0,
      132,
      0,
      "IMAGE"
    ],
    [
      205,
      132,
      0,
      108,
      4,
      "STRING"
    ],
    [
      210,
      135,
      0,
      136,
      0,
      "IMAGE"
    ],
    [
      211,
      135,
      1,
      137,
      0,
      "MASK"
    ],
    [
      216,
      138,
      0,
      139,
      0,
      "IMAGE"
    ],
    [
      218,
      141,
      0,
      20,
      0,
      "INT"
    ],
    [
      220,
      125,
      0,
      142,
      0,
      "IMAGE"
    ],
    [
      223,
      12,
      0,
      143,
      0,
      "IMAGE"
    ],
    [
      226,
      144,
      0,
      12,
      0,
      "IMAGE"
    ],
    [
      227,
      144,
      0,
      46,
      0,
      "*"
    ],
    [
      228,
      144,
      0,
      42,
      0,
      "IMAGE"
    ],
    [
      232,
      142,
      0,
      135,
      0,
      "IMAGE"
    ],
    [
      233,
      135,
      0,
      138,
      0,
      "IMAGE"
    ],
    [
      234,
      138,
      0,
      144,
      0,
      "*"
    ],
    [
      235,
      31,
      0,
      145,
      0,
      "MODEL"
    ],
    [
      236,
      145,
      0,
      25,
      0,
      "MODEL"
    ],
    [
      238,
      147,
      0,
      108,
      5,
      "STRING"
    ],
    [
      239,
      148,
      0,
      108,
      3,
      "STRING"
    ],
    [
      240,
      149,
      0,
      108,
      1,
      "STRING"
    ],
    [
      241,
      150,
      0,
      108,
      0,
      "STRING"
    ]
  ],
  "id": "2e053731-8494-4811-b1d2-c6695ef270b7",
  "config": {},
  "version": 0.4,
  "last_node_id": 150,
  "revision": 0
}