{
  "last_link_id": 70,
  "nodes": [
    {
      "mode": 0,
      "outputs": [
        {
          "name": "IMAGE",
          "slot_index": 0,
          "links": [
            53,
            68
          ],
          "label": "图像",
          "type": "IMAGE",
          "localized_name": "图像"
        },
        {
          "name": "frame_count",
          "label": "帧计数",
          "type": "INT",
          "localized_name": "frame_count"
        },
        {
          "name": "audio",
          "label": "音频",
          "type": "AUDIO",
          "localized_name": "audio"
        },
        {
          "name": "video_info",
          "slot_index": 3,
          "links": [],
          "label": "视频信息",
          "type": "VHS_VIDEOINFO",
          "localized_name": "video_info"
        }
      ],
      "size": [
        336.5584716796875,
        665.05859375
      ],
      "pos": [
        -210.04373168945312,
        730.9093627929688
      ],
      "widgets_values": {
        "custom_height": 0,
        "force_rate": 25,
        "custom_width": 0,
        "select_every_nth": 1,
        "frame_load_cap": 0,
        "videopreview": {
          "paused": false,
          "hidden": false,
          "params": {
            "force_rate": 25,
            "filename": "f0daf569a52198b9bb2e73771a0b3e3367720b710c44ab4b56ea14637857c0d6.mp4",
            "select_every_nth": 1,
            "frame_load_cap": 0,
            "format": "video/mp4",
            "skip_first_frames": 0,
            "type": "input"
          },
          "muted": false
        },
        "format": "AnimateDiff",
        "video": "f0daf569a52198b9bb2e73771a0b3e3367720b710c44ab4b56ea14637857c0d6.mp4",
        "skip_first_frames": 0,
        "force_size": "Disabled",
        "choose video to upload": "image"
      },
      "inputs": [
        {
          "shape": 7,
          "name": "meta_batch",
          "label": "批次管理",
          "type": "VHS_BatchManager",
          "localized_name": "meta_batch"
        },
        {
          "shape": 7,
          "name": "vae",
          "label": "vae",
          "type": "VAE",
          "localized_name": "vae"
        }
      ],
      "flags": {},
      "id": 40,
      "type": "VHS_LoadVideo",
      "properties": {
        "Node name for S&R": "VHS_LoadVideo"
      },
      "order": 0
    },
    {
      "mode": 0,
      "outputs": [
        {
          "name": "images",
          "slot_index": 0,
          "links": [
            64
          ],
          "label": "images",
          "type": "IMAGE",
          "localized_name": "images"
        },
        {
          "name": "audio",
          "slot_index": 1,
          "links": [
            65
          ],
          "label": "audio",
          "type": "AUDIO",
          "localized_name": "audio"
        }
      ],
      "size": [
        315,
        126
      ],
      "pos": [
        190,
        740
      ],
      "widgets_values": [
        "pingpong",
        25,
        0.5
      ],
      "inputs": [
        {
          "name": "images",
          "link": 68,
          "label": "images",
          "type": "IMAGE",
          "localized_name": "images"
        },
        {
          "name": "audio",
          "link": 69,
          "label": "audio",
          "type": "AUDIO",
          "localized_name": "audio"
        }
      ],
      "flags": {},
      "id": 52,
      "type": "VideoLengthAdjuster",
      "properties": {
        "Node name for S&R": "VideoLengthAdjuster"
      },
      "order": 3
    },
    {
      "mode": 0,
      "outputs": [
        {
          "name": "images",
          "slot_index": 0,
          "links": [
            66
          ],
          "label": "images",
          "type": "IMAGE",
          "localized_name": "images"
        },
        {
          "name": "audio",
          "slot_index": 1,
          "links": [
            67
          ],
          "label": "audio",
          "type": "AUDIO",
          "localized_name": "audio"
        }
      ],
      "size": [
        315,
        150
      ],
      "pos": [
        530,
        730
      ],
      "widgets_values": [
        1033,
        "randomize",
        1.5,
        20
      ],
      "inputs": [
        {
          "name": "images",
          "link": 64,
          "label": "images",
          "type": "IMAGE",
          "localized_name": "images"
        },
        {
          "name": "audio",
          "link": 65,
          "label": "audio",
          "type": "AUDIO",
          "localized_name": "audio"
        }
      ],
      "flags": {},
      "id": 53,
      "type": "LatentSyncNode",
      "properties": {
        "Node name for S&R": "LatentSyncNode"
      },
      "order": 4
    },
    {
      "mode": 0,
      "outputs": [
        {
          "name": "AUDIO",
          "slot_index": 0,
          "links": [
            60,
            69
          ],
          "label": "音频",
          "type": "AUDIO",
          "localized_name": "音频"
        }
      ],
      "size": [
        315,
        136
      ],
      "pos": [
        -174.45761108398438,
        527.9617309570312
      ],
      "widgets_values": [
        "8090f1d2a651dfc4d25c11d746aea11b8eed0646bbc9aa7335a8bb2261105b00.m4a",
        "",
        ""
      ],
      "inputs": [],
      "flags": {},
      "id": 37,
      "type": "LoadAudio",
      "properties": {
        "Node name for S&R": "LoadAudio"
      },
      "order": 1
    },
    {
      "mode": 0,
      "outputs": [
        {
          "name": "",
          "slot_index": 0,
          "links": [],
          "label": "",
          "type": "AUDIO"
        }
      ],
      "size": [
        75,
        26
      ],
      "pos": [
        274.2955627441406,
        546.35546875
      ],
      "inputs": [
        {
          "name": "",
          "link": 60,
          "label": "",
          "type": "*"
        }
      ],
      "flags": {},
      "id": 51,
      "type": "Reroute",
      "properties": {
        "horizontal": false,
        "showOutputText": false
      },
      "order": 2
    },
    {
      "mode": 0,
      "outputs": [
        {
          "name": "Filenames",
          "label": "文件名",
          "type": "VHS_FILENAMES",
          "localized_name": "Filenames"
        }
      ],
      "size": [
        373.38238525390625,
        701.3823852539062
      ],
      "pos": [
        881.1417846679688,
        731.3550415039062
      ],
      "widgets_values": {
        "save_output": true,
        "filename_prefix": "latentsync",
        "loop_count": 0,
        "pix_fmt": "yuv420p",
        "save_metadata": true,
        "crf": 19,
        "trim_to_audio": false,
        "videopreview": {
          "paused": false,
          "hidden": false,
          "params": {
            "filename": "latentsync_00002-audio_egchd_1744786793.mp4",
            "workflow": "latentsync_00002.png",
            "fullpath": "/data/ComfyUI/personal/e096852f39ba6bc6e88d00f6b1e0057a/output/latentsync_00002-audio.mp4",
            "format": "video/h264-mp4",
            "subfolder": "",
            "type": "output",
            "frame_rate": 25
          },
          "muted": false
        },
        "format": "video/h264-mp4",
        "frame_rate": 25,
        "pingpong": false
      },
      "inputs": [
        {
          "name": "images",
          "link": 66,
          "label": "图像",
          "type": "IMAGE",
          "localized_name": "images"
        },
        {
          "shape": 7,
          "name": "audio",
          "link": 67,
          "label": "音频",
          "type": "AUDIO",
          "localized_name": "audio"
        },
        {
          "shape": 7,
          "name": "meta_batch",
          "label": "批次管理",
          "type": "VHS_BatchManager",
          "localized_name": "meta_batch"
        },
        {
          "shape": 7,
          "name": "vae",
          "label": "vae",
          "type": "VAE",
          "localized_name": "vae"
        }
      ],
      "flags": {},
      "id": 41,
      "type": "VHS_VideoCombine",
      "properties": {
        "Node name for S&R": "VHS_VideoCombine"
      },
      "order": 5
    }
  ],
  "extra": {
    "workspace_info": {
      "saveLock": false,
      "id": "pdbYnk386LvXhcCuOca6c"
    },
    "ue_links": [],
    "0246.VERSION": [
      0,
      0,
      4
    ],
    "VHS_latentpreviewrate": 0,
    "VHS_latentpreview": false,
    "ds": {
      "offset": [
        937.7172338965993,
        -334.6901757101173
      ],
      "scale": 0.724729500000001
    }
  },
  "groups": [],
  "links": [
    [
      60,
      37,
      0,
      51,
      0,
      "*"
    ],
    [
      64,
      52,
      0,
      53,
      0,
      "IMAGE"
    ],
    [
      65,
      52,
      1,
      53,
      1,
      "AUDIO"
    ],
    [
      66,
      53,
      0,
      41,
      0,
      "IMAGE"
    ],
    [
      67,
      53,
      1,
      41,
      1,
      "AUDIO"
    ],
    [
      68,
      40,
      0,
      52,
      0,
      "IMAGE"
    ],
    [
      69,
      37,
      0,
      52,
      1,
      "AUDIO"
    ]
  ],
  "id": "40e08252-4182-406a-b80c-3848ac1a0da6",
  "config": {},
  "version": 0.4,
  "last_node_id": 53,
  "revision": 0
}