{
  "last_link_id": 257,
  "nodes": [
    {
      "mode": 0,
      "outputs": [
        {
          "shape": 3,
          "name": "CLIP",
          "slot_index": 0,
          "links": [
            18
          ],
          "label": "CLIP",
          "type": "CLIP",
          "localized_name": "CLIP"
        }
      ],
      "size": [
        315,
        130
      ],
      "pos": [
        660,
        10
      ],
      "widgets_values": [
        "sd3/clip_l.safetensors",
        "sd3/t5xxl_fp8_e4m3fn.safetensors",
        "flux",
        "default"
      ],
      "inputs": [],
      "flags": {},
      "id": 11,
      "type": "DualCLIPLoader",
      "properties": {
        "Node name for S&R": "DualCLIPLoader"
      },
      "order": 0
    },
    {
      "mode": 0,
      "outputs": [
        {
          "shape": 3,
          "name": "MODEL",
          "slot_index": 0,
          "links": [
            17
          ],
          "label": "模型",
          "type": "MODEL",
          "localized_name": "模型"
        }
      ],
      "size": [
        397.0731506347656,
        82
      ],
      "pos": [
        520,
        460
      ],
      "widgets_values": [
        "flux1-dev-fp8-Kijai.safetensors",
        "fp8_e4m3fn"
      ],
      "inputs": [],
      "flags": {},
      "id": 10,
      "type": "UNETLoader",
      "properties": {
        "Node name for S&R": "UNETLoader"
      },
      "order": 1
    },
    {
      "mode": 0,
      "outputs": [
        {
          "name": "STRING",
          "slot_index": 0,
          "links": [
            43
          ],
          "label": "字符串",
          "type": "STRING",
          "localized_name": "字符串"
        }
      ],
      "size": [
        400,
        200
      ],
      "pos": [
        -2060,
        270
      ],
      "widgets_values": [
        "\n[Top right image]:",
        [
          false,
          true
        ]
      ],
      "inputs": [],
      "flags": {},
      "id": 37,
      "type": "TextInput_",
      "properties": {
        "Node name for S&R": "TextInput_"
      },
      "order": 2
    },
    {
      "mode": 0,
      "outputs": [
        {
          "name": "STRING",
          "slot_index": 0,
          "links": [
            44
          ],
          "label": "字符串",
          "type": "STRING",
          "localized_name": "字符串"
        }
      ],
      "size": [
        400,
        200
      ],
      "pos": [
        -2060,
        900
      ],
      "widgets_values": [
        "\n[Bottom right image]:",
        [
          false,
          true
        ]
      ],
      "inputs": [],
      "flags": {},
      "id": 38,
      "type": "TextInput_",
      "properties": {
        "Node name for S&R": "TextInput_"
      },
      "order": 3
    },
    {
      "mode": 0,
      "outputs": [
        {
          "name": "STRING",
          "slot_index": 0,
          "links": [
            45
          ],
          "label": "字符串",
          "type": "STRING",
          "localized_name": "字符串"
        }
      ],
      "size": [
        400,
        200
      ],
      "pos": [
        -2060,
        570
      ],
      "widgets_values": [
        "\n[Bottom left image]:",
        [
          false,
          true
        ]
      ],
      "inputs": [],
      "flags": {},
      "id": 39,
      "type": "TextInput_",
      "properties": {
        "Node name for S&R": "TextInput_"
      },
      "order": 4
    },
    {
      "mode": 0,
      "outputs": [
        {
          "name": "STRING",
          "slot_index": 0,
          "links": [
            41
          ],
          "label": "字符串",
          "type": "STRING",
          "localized_name": "字符串"
        }
      ],
      "size": [
        400,
        200
      ],
      "pos": [
        -2060,
        -20
      ],
      "widgets_values": [
        "\n[Top left image]:",
        [
          false,
          true
        ]
      ],
      "inputs": [],
      "flags": {},
      "id": 35,
      "type": "TextInput_",
      "properties": {
        "Node name for S&R": "TextInput_"
      },
      "order": 5
    },
    {
      "mode": 0,
      "outputs": [
        {
          "shape": 3,
          "name": "text",
          "slot_index": 0,
          "links": [
            73
          ],
          "label": "text",
          "type": "STRING",
          "localized_name": "text"
        }
      ],
      "size": [
        219.5895233154297,
        178
      ],
      "pos": [
        -1590,
        -20
      ],
      "widgets_values": [
        "none",
        "",
        "",
        "",
        "",
        ""
      ],
      "inputs": [
        {
          "widget": {
            "name": "text1"
          },
          "shape": 7,
          "name": "text1",
          "link": 41,
          "label": "text1",
          "type": "STRING"
        },
        {
          "widget": {
            "name": "text2"
          },
          "shape": 7,
          "name": "text2",
          "link": 79,
          "label": "text2",
          "type": "STRING"
        },
        {
          "widget": {
            "name": "text3"
          },
          "shape": 7,
          "name": "text3",
          "label": "text3",
          "type": "STRING"
        },
        {
          "widget": {
            "name": "text4"
          },
          "shape": 7,
          "name": "text4",
          "label": "text4",
          "type": "STRING"
        },
        {
          "widget": {
            "name": "text5"
          },
          "shape": 7,
          "name": "text5",
          "label": "text5",
          "type": "STRING"
        }
      ],
      "flags": {
        "collapsed": false
      },
      "id": 21,
      "type": "Text Concatenate (JPS)",
      "properties": {
        "Node name for S&R": "Text Concatenate (JPS)"
      },
      "order": 34
    },
    {
      "mode": 0,
      "outputs": [
        {
          "shape": 3,
          "name": "text",
          "slot_index": 0,
          "links": [
            74
          ],
          "label": "text",
          "type": "STRING",
          "localized_name": "text"
        }
      ],
      "size": [
        219.5895233154297,
        178
      ],
      "pos": [
        -1590,
        280
      ],
      "widgets_values": [
        "none",
        "",
        "",
        "",
        "",
        ""
      ],
      "inputs": [
        {
          "widget": {
            "name": "text1"
          },
          "shape": 7,
          "name": "text1",
          "link": 43,
          "label": "text1",
          "type": "STRING"
        },
        {
          "widget": {
            "name": "text2"
          },
          "shape": 7,
          "name": "text2",
          "link": 80,
          "label": "text2",
          "type": "STRING"
        },
        {
          "widget": {
            "name": "text3"
          },
          "shape": 7,
          "name": "text3",
          "label": "text3",
          "type": "STRING"
        },
        {
          "widget": {
            "name": "text4"
          },
          "shape": 7,
          "name": "text4",
          "label": "text4",
          "type": "STRING"
        },
        {
          "widget": {
            "name": "text5"
          },
          "shape": 7,
          "name": "text5",
          "label": "text5",
          "type": "STRING"
        }
      ],
      "flags": {
        "collapsed": false
      },
      "id": 27,
      "type": "Text Concatenate (JPS)",
      "properties": {
        "Node name for S&R": "Text Concatenate (JPS)"
      },
      "order": 35
    },
    {
      "mode": 0,
      "outputs": [
        {
          "shape": 3,
          "name": "text",
          "slot_index": 0,
          "links": [
            75
          ],
          "label": "text",
          "type": "STRING",
          "localized_name": "text"
        }
      ],
      "size": [
        219.5895233154297,
        178
      ],
      "pos": [
        -1590,
        580
      ],
      "widgets_values": [
        "none",
        "",
        "",
        "",
        "",
        ""
      ],
      "inputs": [
        {
          "widget": {
            "name": "text1"
          },
          "shape": 7,
          "name": "text1",
          "link": 45,
          "label": "text1",
          "type": "STRING"
        },
        {
          "widget": {
            "name": "text2"
          },
          "shape": 7,
          "name": "text2",
          "link": 81,
          "label": "text2",
          "type": "STRING"
        },
        {
          "widget": {
            "name": "text3"
          },
          "shape": 7,
          "name": "text3",
          "label": "text3",
          "type": "STRING"
        },
        {
          "widget": {
            "name": "text4"
          },
          "shape": 7,
          "name": "text4",
          "label": "text4",
          "type": "STRING"
        },
        {
          "widget": {
            "name": "text5"
          },
          "shape": 7,
          "name": "text5",
          "label": "text5",
          "type": "STRING"
        }
      ],
      "flags": {
        "collapsed": false
      },
      "id": 28,
      "type": "Text Concatenate (JPS)",
      "properties": {
        "Node name for S&R": "Text Concatenate (JPS)"
      },
      "order": 36
    },
    {
      "mode": 0,
      "outputs": [
        {
          "shape": 3,
          "name": "text",
          "slot_index": 0,
          "links": [
            76
          ],
          "label": "text",
          "type": "STRING",
          "localized_name": "text"
        }
      ],
      "size": [
        219.5895233154297,
        178
      ],
      "pos": [
        -1590,
        900
      ],
      "widgets_values": [
        "none",
        "",
        "",
        "",
        "",
        ""
      ],
      "inputs": [
        {
          "widget": {
            "name": "text1"
          },
          "shape": 7,
          "name": "text1",
          "link": 44,
          "label": "text1",
          "type": "STRING"
        },
        {
          "widget": {
            "name": "text2"
          },
          "shape": 7,
          "name": "text2",
          "link": 82,
          "label": "text2",
          "type": "STRING"
        },
        {
          "widget": {
            "name": "text3"
          },
          "shape": 7,
          "name": "text3",
          "label": "text3",
          "type": "STRING"
        },
        {
          "widget": {
            "name": "text4"
          },
          "shape": 7,
          "name": "text4",
          "label": "text4",
          "type": "STRING"
        },
        {
          "widget": {
            "name": "text5"
          },
          "shape": 7,
          "name": "text5",
          "label": "text5",
          "type": "STRING"
        }
      ],
      "flags": {
        "collapsed": false
      },
      "id": 32,
      "type": "Text Concatenate (JPS)",
      "properties": {
        "Node name for S&R": "Text Concatenate (JPS)"
      },
      "order": 37
    },
    {
      "mode": 0,
      "outputs": [
        {
          "shape": 3,
          "name": "VAE",
          "slot_index": 0,
          "links": [
            12,
            113
          ],
          "type": "VAE",
          "localized_name": "VAE"
        }
      ],
      "size": [
        210,
        58
      ],
      "pos": [
        2210,
        550
      ],
      "widgets_values": [
        "ae.sft"
      ],
      "inputs": [],
      "flags": {},
      "id": 13,
      "type": "VAELoader",
      "properties": {
        "Node name for S&R": "VAELoader"
      },
      "order": 6
    },
    {
      "mode": 0,
      "outputs": [
        {
          "shape": 3,
          "name": "text",
          "slot_index": 0,
          "links": [
            69
          ],
          "label": "text",
          "type": "STRING",
          "localized_name": "text"
        }
      ],
      "size": [
        219.5895233154297,
        178
      ],
      "pos": [
        -1117,
        427
      ],
      "widgets_values": [
        "none",
        "",
        "",
        "",
        "",
        ""
      ],
      "inputs": [
        {
          "widget": {
            "name": "text1"
          },
          "shape": 7,
          "name": "text1",
          "link": 73,
          "label": "text1",
          "type": "STRING"
        },
        {
          "widget": {
            "name": "text2"
          },
          "shape": 7,
          "name": "text2",
          "link": 74,
          "label": "text2",
          "type": "STRING"
        },
        {
          "widget": {
            "name": "text3"
          },
          "shape": 7,
          "name": "text3",
          "link": 75,
          "label": "text3",
          "type": "STRING"
        },
        {
          "widget": {
            "name": "text4"
          },
          "shape": 7,
          "name": "text4",
          "link": 76,
          "label": "text4",
          "type": "STRING"
        },
        {
          "widget": {
            "name": "text5"
          },
          "shape": 7,
          "name": "text5",
          "label": "text5",
          "type": "STRING"
        }
      ],
      "flags": {
        "collapsed": false
      },
      "id": 29,
      "type": "Text Concatenate (JPS)",
      "properties": {
        "Node name for S&R": "Text Concatenate (JPS)"
      },
      "order": 44
    },
    {
      "mode": 0,
      "outputs": [
        {
          "shape": 3,
          "name": "CONDITIONING",
          "slot_index": 0,
          "links": [
            14,
            39,
            111
          ],
          "label": "条件",
          "type": "CONDITIONING",
          "localized_name": "条件"
        }
      ],
      "size": [
        307.95574951171875,
        136
      ],
      "pos": [
        1070,
        10
      ],
      "widgets_values": [
        "",
        "",
        3.5,
        [
          false,
          true
        ],
        [
          false,
          true
        ]
      ],
      "inputs": [
        {
          "name": "clip",
          "link": 18,
          "label": "CLIP",
          "type": "CLIP",
          "localized_name": "clip"
        },
        {
          "widget": {
            "name": "t5xxl"
          },
          "name": "t5xxl",
          "link": 77,
          "label": "t5xxl",
          "type": "STRING",
          "localized_name": "T5XXL"
        }
      ],
      "flags": {
        "collapsed": false
      },
      "id": 18,
      "type": "CLIPTextEncodeFlux",
      "properties": {
        "Node name for S&R": "CLIPTextEncodeFlux"
      },
      "order": 61
    },
    {
      "mode": 0,
      "outputs": [
        {
          "name": "CONDITIONING",
          "slot_index": 0,
          "links": [
            40,
            112
          ],
          "label": "条件",
          "type": "CONDITIONING",
          "localized_name": "条件"
        }
      ],
      "size": [
        312.39117431640625,
        26
      ],
      "pos": [
        1080,
        210
      ],
      "widgets_values": [],
      "inputs": [
        {
          "name": "conditioning",
          "link": 39,
          "label": "条件",
          "type": "CONDITIONING",
          "localized_name": "条件"
        }
      ],
      "flags": {},
      "id": 34,
      "type": "ConditioningZeroOut",
      "properties": {
        "Node name for S&R": "ConditioningZeroOut"
      },
      "order": 64
    },
    {
      "outputs": [
        {
          "name": "*",
          "slot_index": 0,
          "links": [],
          "label": "输出",
          "type": "*"
        }
      ],
      "color": "#332922",
      "widgets_values": [
        "f"
      ],
      "inputs": [
        {
          "name": "CONDITIONING",
          "link": 112,
          "label": "LATENT",
          "type": "CONDITIONING"
        }
      ],
      "flags": {
        "collapsed": false
      },
      "type": "SetNode",
      "mode": 0,
      "bgcolor": "#593930",
      "size": [
        210,
        58
      ],
      "pos": [
        1480,
        200
      ],
      "id": 80,
      "properties": {
        "previousName": "f",
        "ttNbgOverride": {
          "bgcolor": "#533",
          "groupcolor": "#A88",
          "color": "#322"
        }
      },
      "order": 69
    },
    {
      "outputs": [
        {
          "name": "*",
          "slot_index": 0,
          "links": [],
          "label": "输出",
          "type": "*"
        }
      ],
      "color": "#223",
      "widgets_values": [
        "m"
      ],
      "inputs": [
        {
          "name": "MODEL",
          "link": 110,
          "label": "LATENT",
          "type": "MODEL"
        }
      ],
      "flags": {
        "collapsed": false
      },
      "type": "SetNode",
      "mode": 0,
      "bgcolor": "#335",
      "size": [
        210,
        58
      ],
      "pos": [
        1480,
        460
      ],
      "id": 78,
      "properties": {
        "previousName": "m",
        "ttNbgOverride": {
          "bgcolor": "#533",
          "groupcolor": "#A88",
          "color": "#322"
        }
      },
      "order": 43
    },
    {
      "outputs": [
        {
          "name": "*",
          "slot_index": 0,
          "links": [],
          "label": "输出",
          "type": "*"
        }
      ],
      "color": "#322",
      "widgets_values": [
        "v"
      ],
      "inputs": [
        {
          "name": "VAE",
          "link": 113,
          "label": "LATENT",
          "type": "VAE"
        }
      ],
      "flags": {
        "collapsed": false
      },
      "type": "SetNode",
      "mode": 0,
      "bgcolor": "#533",
      "size": [
        210,
        58
      ],
      "pos": [
        2500,
        560
      ],
      "id": 81,
      "properties": {
        "previousName": "v",
        "ttNbgOverride": {
          "bgcolor": "#533",
          "groupcolor": "#A88",
          "color": "#322"
        }
      },
      "order": 29
    },
    {
      "mode": 0,
      "outputs": [
        {
          "shape": 3,
          "name": "IMAGE",
          "slot_index": 0,
          "links": [
            93
          ],
          "label": "图像",
          "type": "IMAGE",
          "localized_name": "图像"
        }
      ],
      "size": [
        215.20562744140625,
        46
      ],
      "pos": [
        2210,
        320
      ],
      "widgets_values": [],
      "inputs": [
        {
          "name": "samples",
          "link": 11,
          "label": "Latent",
          "type": "LATENT",
          "localized_name": "Latent"
        },
        {
          "name": "vae",
          "link": 12,
          "label": "VAE",
          "type": "VAE",
          "localized_name": "vae"
        }
      ],
      "flags": {},
      "id": 14,
      "type": "VAEDecode",
      "properties": {
        "Node name for S&R": "VAEDecode"
      },
      "order": 72
    },
    {
      "outputs": [
        {
          "name": "*",
          "slot_index": 0,
          "links": [],
          "label": "输出",
          "type": "*"
        }
      ],
      "color": "#332922",
      "widgets_values": [
        "z"
      ],
      "inputs": [
        {
          "name": "CONDITIONING",
          "link": 111,
          "label": "LATENT",
          "type": "CONDITIONING"
        }
      ],
      "flags": {
        "collapsed": false
      },
      "type": "SetNode",
      "mode": 0,
      "bgcolor": "#593930",
      "size": [
        210,
        58
      ],
      "pos": [
        1480,
        0
      ],
      "id": 79,
      "properties": {
        "previousName": "z",
        "ttNbgOverride": {
          "bgcolor": "#533",
          "groupcolor": "#A88",
          "color": "#322"
        }
      },
      "order": 65
    },
    {
      "mode": 0,
      "outputs": [
        {
          "shape": 3,
          "name": "output",
          "slot_index": 0,
          "links": [
            188
          ],
          "type": "*",
          "localized_name": "output"
        }
      ],
      "size": [
        210,
        26
      ],
      "pos": [
        2480,
        320
      ],
      "widgets_values": [],
      "inputs": [
        {
          "name": "anything",
          "link": 93,
          "label": "输入任何",
          "type": "*",
          "localized_name": "anything"
        }
      ],
      "flags": {},
      "id": 67,
      "type": "easy cleanGpuUsed",
      "properties": {
        "Node name for S&R": "easy cleanGpuUsed"
      },
      "order": 74
    },
    {
      "mode": 0,
      "outputs": [
        {
          "name": "STRING",
          "slot_index": 0,
          "links": [
            71
          ],
          "label": "字符串",
          "type": "STRING",
          "localized_name": "字符串"
        }
      ],
      "size": [
        400,
        200
      ],
      "pos": [
        -2055,
        -335
      ],
      "widgets_values": [
        "A standard 2x2 grid 4K high-definition photo:",
        [
          false,
          true
        ]
      ],
      "inputs": [],
      "flags": {},
      "id": 36,
      "type": "TextInput_",
      "properties": {
        "Node name for S&R": "TextInput_"
      },
      "order": 7
    },
    {
      "mode": 0,
      "outputs": [
        {
          "shape": 3,
          "name": "text",
          "slot_index": 0,
          "links": [
            77,
            78
          ],
          "label": "text",
          "type": "STRING",
          "localized_name": "text"
        }
      ],
      "size": [
        219.5895233154297,
        178
      ],
      "pos": [
        -825,
        431
      ],
      "widgets_values": [
        "none",
        "",
        "",
        "",
        "",
        ""
      ],
      "inputs": [
        {
          "widget": {
            "name": "text1"
          },
          "shape": 7,
          "name": "text1",
          "link": 71,
          "label": "text1",
          "type": "STRING"
        },
        {
          "widget": {
            "name": "text2"
          },
          "shape": 7,
          "name": "text2",
          "link": 72,
          "label": "text2",
          "type": "STRING"
        },
        {
          "widget": {
            "name": "text3"
          },
          "shape": 7,
          "name": "text3",
          "link": 69,
          "label": "text3",
          "type": "STRING"
        },
        {
          "widget": {
            "name": "text4"
          },
          "shape": 7,
          "name": "text4",
          "label": "text4",
          "type": "STRING"
        },
        {
          "widget": {
            "name": "text5"
          },
          "shape": 7,
          "name": "text5",
          "label": "text5",
          "type": "STRING"
        }
      ],
      "flags": {
        "collapsed": false
      },
      "id": 59,
      "type": "Text Concatenate (JPS)",
      "properties": {
        "Node name for S&R": "Text Concatenate (JPS)"
      },
      "order": 49
    },
    {
      "mode": 0,
      "outputs": [
        {
          "shape": 6,
          "name": "STRING",
          "slot_index": 0,
          "links": [
            66
          ],
          "label": "字符串",
          "type": "STRING",
          "localized_name": "字符串"
        }
      ],
      "size": [
        686.6837768554688,
        355.4077453613281
      ],
      "pos": [
        -498,
        -81
      ],
      "widgets_values": [
        "",
        "A standard 2x2 grid 4K high-definition photo:An Asian woman with fair skin and delicate features in a lush garden. She wears an elaborate, pastel purple and lavender traditional outfit adorned with intricate floral embroidery. Her dark hair is styled elegantly, and she wears a matching floral headpiece. A vibrant purple flower near her lips enhances the serene and ethereal mood. The background features verdant green foliage and large tropical leaves. The overall aesthetic is delicate and dreamy, blending traditional beauty with natural elements.\n[Top left image]:An Asian woman with fair skin and delicate features is seated on a curved garden bench. She wears a pastel purple and lavender embroidered outfit, her dark hair crowned with a floral headpiece. A vibrant purple flower rests on her lap, blending with the verdant tropical leaves surrounding her. Sunlight filters through the foliage, casting delicate shadows.\n[Top right image]:In a close-up composition, the woman’s slender fingers gently touch the petals of a vibrant purple flower held near her chin. Intricate floral embroidery on her lavender sleeves fills the foreground, while blurred tropical leaves glow softly in the background.\n[Bottom left image]:Captured mid-stride on a garden path, the woman’s embroidered robe flutters slightly as she turns her head toward sunlight. Her floral headpiece sways delicately against a backdrop of towering tropical foliage.\n[Bottom right image]:In a wide shot, the woman stands at the edge of a lotus pond, her pastel purple silhouette reflected in the water. Distant tropical leaves frame the scene as floating petals drift around her ankles."
      ],
      "inputs": [
        {
          "widget": {
            "name": "text"
          },
          "name": "text",
          "link": 78,
          "label": "文本",
          "type": "STRING",
          "localized_name": "文本"
        }
      ],
      "flags": {},
      "id": 55,
      "type": "ShowText|pysssss",
      "properties": {
        "Node name for S&R": "ShowText|pysssss"
      },
      "order": 62
    },
    {
      "mode": 0,
      "outputs": [
        {
          "shape": 3,
          "name": "LATENT",
          "slot_index": 0,
          "links": [
            11
          ],
          "label": "Latent",
          "type": "LATENT",
          "localized_name": "Latent"
        }
      ],
      "size": [
        315,
        262
      ],
      "pos": [
        1810,
        310
      ],
      "widgets_values": [
        1041674975732527,
        "randomize",
        20,
        1,
        "euler",
        "simple",
        1
      ],
      "inputs": [
        {
          "name": "model",
          "link": 38,
          "label": "模型",
          "type": "MODEL",
          "localized_name": "模型"
        },
        {
          "name": "positive",
          "link": 14,
          "label": "正面条件",
          "type": "CONDITIONING",
          "localized_name": "正面条件"
        },
        {
          "name": "negative",
          "link": 40,
          "label": "负面条件",
          "type": "CONDITIONING",
          "localized_name": "负面条件"
        },
        {
          "name": "latent_image",
          "link": 16,
          "label": "Latent",
          "type": "LATENT",
          "localized_name": "Latent图像"
        }
      ],
      "flags": {},
      "id": 15,
      "type": "KSampler",
      "properties": {
        "Node name for S&R": "KSampler"
      },
      "order": 68
    },
    {
      "mode": 0,
      "outputs": [],
      "size": [
        334.6337890625,
        553.093994140625
      ],
      "pos": [
        6490,
        1140
      ],
      "widgets_values": [
        "ComfyUI",
        ""
      ],
      "inputs": [
        {
          "name": "images",
          "link": 49,
          "label": "图像",
          "type": "IMAGE",
          "localized_name": "图片"
        }
      ],
      "flags": {},
      "id": 43,
      "type": "SaveImage",
      "properties": {
        "Node name for S&R": "SaveImage"
      },
      "order": 53
    },
    {
      "mode": 0,
      "outputs": [],
      "size": [
        334.6337890625,
        553.093994140625
      ],
      "pos": [
        6500,
        1910
      ],
      "widgets_values": [
        "ComfyUI",
        ""
      ],
      "inputs": [
        {
          "name": "images",
          "link": 50,
          "label": "图像",
          "type": "IMAGE",
          "localized_name": "图片"
        }
      ],
      "flags": {},
      "id": 44,
      "type": "SaveImage",
      "properties": {
        "Node name for S&R": "SaveImage"
      },
      "order": 55
    },
    {
      "mode": 0,
      "outputs": [],
      "size": [
        334.6337890625,
        553.093994140625
      ],
      "pos": [
        6500,
        2710
      ],
      "widgets_values": [
        "ComfyUI",
        ""
      ],
      "inputs": [
        {
          "name": "images",
          "link": 51,
          "label": "图像",
          "type": "IMAGE",
          "localized_name": "图片"
        }
      ],
      "flags": {},
      "id": 45,
      "type": "SaveImage",
      "properties": {
        "Node name for S&R": "SaveImage"
      },
      "order": 57
    },
    {
      "mode": 0,
      "outputs": [],
      "size": [
        546.4133911132812,
        756.6617431640625
      ],
      "pos": [
        534.7753295898438,
        2388.090087890625
      ],
      "widgets_values": [
        "ComfyUI",
        ""
      ],
      "inputs": [
        {
          "name": "images",
          "link": 181,
          "label": "图像",
          "type": "IMAGE",
          "localized_name": "图片"
        }
      ],
      "flags": {},
      "id": 138,
      "type": "SaveImage",
      "properties": {
        "Node name for S&R": "SaveImage"
      },
      "order": 31
    },
    {
      "mode": 0,
      "outputs": [],
      "size": [
        546.4133911132812,
        756.6617431640625
      ],
      "pos": [
        1186.775390625,
        2393.090087890625
      ],
      "widgets_values": [
        "ComfyUI",
        ""
      ],
      "inputs": [
        {
          "name": "images",
          "link": 182,
          "label": "图像",
          "type": "IMAGE",
          "localized_name": "图片"
        }
      ],
      "flags": {},
      "id": 139,
      "type": "SaveImage",
      "properties": {
        "Node name for S&R": "SaveImage"
      },
      "order": 30
    },
    {
      "outputs": [
        {
          "name": "IMAGE",
          "slot_index": 0,
          "links": [
            182
          ],
          "label": "输出",
          "type": "IMAGE"
        }
      ],
      "color": "#2a363b",
      "widgets_values": [
        "22"
      ],
      "inputs": [],
      "flags": {
        "collapsed": false
      },
      "type": "GetNode",
      "title": "Get_22",
      "mode": 0,
      "bgcolor": "#3f5159",
      "size": [
        210,
        58
      ],
      "pos": [
        1339.776123046875,
        2260.089599609375
      ],
      "id": 154,
      "properties": {
        "ttNbgOverride": {
          "bgcolor": "#533",
          "groupcolor": "#A88",
          "color": "#322"
        }
      },
      "order": 8
    },
    {
      "outputs": [
        {
          "name": "IMAGE",
          "slot_index": 0,
          "links": [
            181
          ],
          "label": "输出",
          "type": "IMAGE"
        }
      ],
      "color": "#2a363b",
      "widgets_values": [
        "11"
      ],
      "inputs": [],
      "flags": {
        "collapsed": false
      },
      "type": "GetNode",
      "title": "Get_11",
      "mode": 0,
      "bgcolor": "#3f5159",
      "size": [
        210,
        58
      ],
      "pos": [
        717.7752685546875,
        2260.089599609375
      ],
      "id": 153,
      "properties": {
        "ttNbgOverride": {
          "bgcolor": "#533",
          "groupcolor": "#A88",
          "color": "#322"
        }
      },
      "order": 9
    },
    {
      "mode": 0,
      "outputs": [],
      "size": [
        546.4133911132812,
        756.6617431640625
      ],
      "pos": [
        1859.775390625,
        2391.090087890625
      ],
      "widgets_values": [
        "ComfyUI",
        ""
      ],
      "inputs": [
        {
          "name": "images",
          "link": 183,
          "label": "图像",
          "type": "IMAGE",
          "localized_name": "图片"
        }
      ],
      "flags": {},
      "id": 140,
      "type": "SaveImage",
      "properties": {
        "Node name for S&R": "SaveImage"
      },
      "order": 32
    },
    {
      "outputs": [
        {
          "name": "IMAGE",
          "slot_index": 0,
          "links": [
            183
          ],
          "label": "输出",
          "type": "IMAGE"
        }
      ],
      "color": "#2a363b",
      "widgets_values": [
        "33"
      ],
      "inputs": [],
      "flags": {
        "collapsed": false
      },
      "type": "GetNode",
      "title": "Get_33",
      "mode": 0,
      "bgcolor": "#3f5159",
      "size": [
        210,
        58
      ],
      "pos": [
        2028.7763671875,
        2261.089599609375
      ],
      "id": 155,
      "properties": {
        "ttNbgOverride": {
          "bgcolor": "#533",
          "groupcolor": "#A88",
          "color": "#322"
        }
      },
      "order": 10
    },
    {
      "mode": 0,
      "outputs": [],
      "size": [
        546.4133911132812,
        756.6617431640625
      ],
      "pos": [
        2578.775390625,
        2393.090087890625
      ],
      "widgets_values": [
        "ComfyUI",
        ""
      ],
      "inputs": [
        {
          "name": "images",
          "link": 184,
          "label": "图像",
          "type": "IMAGE",
          "localized_name": "图片"
        }
      ],
      "flags": {},
      "id": 141,
      "type": "SaveImage",
      "properties": {
        "Node name for S&R": "SaveImage"
      },
      "order": 33
    },
    {
      "outputs": [
        {
          "name": "IMAGE",
          "slot_index": 0,
          "links": [
            184
          ],
          "label": "输出",
          "type": "IMAGE"
        }
      ],
      "color": "#2a363b",
      "widgets_values": [
        "44"
      ],
      "inputs": [],
      "flags": {
        "collapsed": false
      },
      "type": "GetNode",
      "title": "Get_44",
      "mode": 0,
      "bgcolor": "#3f5159",
      "size": [
        210,
        58
      ],
      "pos": [
        2749.7763671875,
        2260.089599609375
      ],
      "id": 156,
      "properties": {
        "ttNbgOverride": {
          "bgcolor": "#533",
          "groupcolor": "#A88",
          "color": "#322"
        }
      },
      "order": 11
    },
    {
      "mode": 0,
      "outputs": [
        {
          "name": "STRING",
          "slot_index": 0,
          "links": [
            72
          ],
          "label": "字符串",
          "type": "STRING",
          "localized_name": "字符串"
        }
      ],
      "size": [
        400,
        200
      ],
      "pos": [
        -3310.541015625,
        445.7660217285156
      ],
      "widgets_values": [
        "An Asian woman with fair skin and delicate features in a lush garden. She wears an elaborate, pastel purple and lavender traditional outfit adorned with intricate floral embroidery. Her dark hair is styled elegantly, and she wears a matching floral headpiece. A vibrant purple flower near her lips enhances the serene and ethereal mood. The background features verdant green foliage and large tropical leaves. The overall aesthetic is delicate and dreamy, blending traditional beauty with natural elements.",
        [
          false,
          true
        ]
      ],
      "inputs": [],
      "flags": {},
      "id": 60,
      "type": "TextInput_",
      "properties": {
        "Node name for S&R": "TextInput_"
      },
      "order": 12
    },
    {
      "mode": 0,
      "outputs": [
        {
          "name": "STRING",
          "slot_index": 0,
          "links": [
            79
          ],
          "label": "字符串",
          "type": "STRING",
          "localized_name": "字符串"
        }
      ],
      "size": [
        400,
        200
      ],
      "pos": [
        -2658.98583984375,
        3.7632954120635986
      ],
      "widgets_values": [
        "An Asian woman with fair skin and delicate features is seated on a curved garden bench. She wears a pastel purple and lavender embroidered outfit, her dark hair crowned with a floral headpiece. A vibrant purple flower rests on her lap, blending with the verdant tropical leaves surrounding her. Sunlight filters through the foliage, casting delicate shadows.",
        [
          false,
          true
        ]
      ],
      "inputs": [],
      "flags": {},
      "id": 50,
      "type": "TextInput_",
      "properties": {
        "Node name for S&R": "TextInput_"
      },
      "order": 13
    },
    {
      "mode": 0,
      "outputs": [
        {
          "name": "STRING",
          "slot_index": 0,
          "links": [
            80
          ],
          "label": "字符串",
          "type": "STRING",
          "localized_name": "字符串"
        }
      ],
      "size": [
        400,
        200
      ],
      "pos": [
        -2658.98583984375,
        293.7633056640625
      ],
      "widgets_values": [
        "In a close-up composition, the woman’s slender fingers gently touch the petals of a vibrant purple flower held near her chin. Intricate floral embroidery on her lavender sleeves fills the foreground, while blurred tropical leaves glow softly in the background.",
        [
          false,
          true
        ]
      ],
      "inputs": [],
      "flags": {},
      "id": 51,
      "type": "TextInput_",
      "properties": {
        "Node name for S&R": "TextInput_"
      },
      "order": 14
    },
    {
      "mode": 0,
      "outputs": [
        {
          "name": "STRING",
          "slot_index": 0,
          "links": [
            81
          ],
          "label": "字符串",
          "type": "STRING",
          "localized_name": "字符串"
        }
      ],
      "size": [
        400,
        200
      ],
      "pos": [
        -2658.59716796875,
        603.40283203125
      ],
      "widgets_values": [
        "Captured mid-stride on a garden path, the woman’s embroidered robe flutters slightly as she turns her head toward sunlight. Her floral headpiece sways delicately against a backdrop of towering tropical foliage.",
        [
          false,
          true
        ]
      ],
      "inputs": [],
      "flags": {},
      "id": 52,
      "type": "TextInput_",
      "properties": {
        "Node name for S&R": "TextInput_"
      },
      "order": 15
    },
    {
      "mode": 0,
      "outputs": [
        {
          "name": "STRING",
          "slot_index": 0,
          "links": [
            82
          ],
          "label": "字符串",
          "type": "STRING",
          "localized_name": "字符串"
        }
      ],
      "size": [
        400,
        200
      ],
      "pos": [
        -2658.59716796875,
        933.40283203125
      ],
      "widgets_values": [
        "In a wide shot, the woman stands at the edge of a lotus pond, her pastel purple silhouette reflected in the water. Distant tropical leaves frame the scene as floating petals drift around her ankles.",
        [
          false,
          true
        ]
      ],
      "inputs": [],
      "flags": {},
      "id": 53,
      "type": "TextInput_",
      "properties": {
        "Node name for S&R": "TextInput_"
      },
      "order": 16
    },
    {
      "mode": 0,
      "outputs": [],
      "size": [
        334.6337890625,
        553.093994140625
      ],
      "pos": [
        6500,
        3470
      ],
      "widgets_values": [
        "ComfyUI",
        ""
      ],
      "inputs": [
        {
          "name": "images",
          "link": 52,
          "label": "图像",
          "type": "IMAGE",
          "localized_name": "图片"
        }
      ],
      "flags": {},
      "id": 46,
      "type": "SaveImage",
      "properties": {
        "Node name for S&R": "SaveImage"
      },
      "order": 59
    },
    {
      "mode": 0,
      "outputs": [
        {
          "shape": 3,
          "name": "IMAGES",
          "slot_index": 0,
          "links": [
            221
          ],
          "label": "IMAGES",
          "type": "IMAGE",
          "localized_name": "IMAGES"
        },
        {
          "shape": 3,
          "name": "POSITIONS",
          "slot_index": 1,
          "links": [
            210
          ],
          "label": "POSITIONS",
          "type": "LIST",
          "localized_name": "POSITIONS"
        },
        {
          "shape": 3,
          "name": "ORIGINAL_SIZE",
          "slot_index": 2,
          "links": [
            211
          ],
          "label": "ORIGINAL_SIZE",
          "type": "TUPLE",
          "localized_name": "ORIGINAL_SIZE"
        },
        {
          "shape": 3,
          "name": "GRID_SIZE",
          "slot_index": 3,
          "links": [
            212
          ],
          "label": "GRID_SIZE",
          "type": "TUPLE",
          "localized_name": "GRID_SIZE"
        }
      ],
      "size": [
        255.79251098632812,
        142
      ],
      "pos": [
        5530,
        300
      ],
      "widgets_values": [
        1024,
        1024
      ],
      "inputs": [
        {
          "name": "image",
          "link": 193,
          "label": "image",
          "type": "IMAGE",
          "localized_name": "image"
        },
        {
          "widget": {
            "name": "tile_width"
          },
          "name": "tile_width",
          "link": 194,
          "label": "tile_width",
          "type": "INT"
        },
        {
          "widget": {
            "name": "tile_height"
          },
          "name": "tile_height",
          "link": 195,
          "label": "tile_height",
          "type": "INT"
        }
      ],
      "flags": {
        "collapsed": false
      },
      "id": 165,
      "type": "TTP_Image_Tile_Batch",
      "properties": {
        "Node name for S&R": "TTP_Image_Tile_Batch",
        "ttNbgOverride": {
          "bgcolor": "#335",
          "groupcolor": "#88A",
          "color": "#223"
        }
      },
      "order": 71
    },
    {
      "mode": 0,
      "outputs": [
        {
          "shape": 3,
          "name": "output",
          "slot_index": 0,
          "links": [
            206
          ],
          "label": "输出",
          "type": "LATENT",
          "localized_name": "Latent"
        },
        {
          "shape": 3,
          "name": "denoised_output",
          "label": "降噪输出",
          "type": "LATENT",
          "localized_name": "降噪Latent"
        }
      ],
      "size": [
        182.3080596923828,
        106
      ],
      "pos": [
        6460,
        -300
      ],
      "widgets_values": [],
      "inputs": [
        {
          "name": "noise",
          "link": 197,
          "label": "噪波生成",
          "type": "NOISE",
          "localized_name": "噪波"
        },
        {
          "name": "guider",
          "link": 198,
          "label": "引导",
          "type": "GUIDER",
          "localized_name": "引导器"
        },
        {
          "name": "sampler",
          "link": 199,
          "label": "采样器",
          "type": "SAMPLER",
          "localized_name": "采样器"
        },
        {
          "name": "sigmas",
          "link": 200,
          "label": "Sigmas",
          "type": "SIGMAS",
          "localized_name": "西格玛"
        },
        {
          "name": "latent_image",
          "link": 201,
          "label": "Latent",
          "type": "LATENT",
          "localized_name": "Latent图像"
        }
      ],
      "flags": {},
      "id": 167,
      "type": "SamplerCustomAdvanced",
      "properties": {
        "Node name for S&R": "SamplerCustomAdvanced",
        "ttNbgOverride": {
          "bgcolor": "#335",
          "groupcolor": "#88A",
          "color": "#223"
        }
      },
      "order": 77
    },
    {
      "mode": 0,
      "outputs": [
        {
          "shape": 3,
          "name": "SAMPLER",
          "links": [
            199
          ],
          "label": "采样器",
          "type": "SAMPLER",
          "localized_name": "采样器"
        }
      ],
      "size": [
        313.3482971191406,
        74.59920501708984
      ],
      "pos": [
        6090,
        -260
      ],
      "widgets_values": [
        "euler"
      ],
      "inputs": [],
      "flags": {},
      "id": 168,
      "type": "KSamplerSelect",
      "properties": {
        "Node name for S&R": "KSamplerSelect",
        "ttNbgOverride": {
          "bgcolor": "#335",
          "groupcolor": "#88A",
          "color": "#223"
        }
      },
      "order": 17
    },
    {
      "mode": 0,
      "outputs": [
        {
          "shape": 3,
          "name": "SIGMAS",
          "links": [
            200
          ],
          "label": "Sigmas",
          "type": "SIGMAS",
          "localized_name": "Sigmas"
        }
      ],
      "size": [
        311.5541076660156,
        106
      ],
      "pos": [
        6090,
        -130
      ],
      "widgets_values": [
        "simple",
        4,
        0.3
      ],
      "inputs": [
        {
          "name": "model",
          "link": 202,
          "label": "模型",
          "type": "MODEL",
          "localized_name": "模型"
        }
      ],
      "flags": {},
      "id": 169,
      "type": "BasicScheduler",
      "properties": {
        "Node name for S&R": "BasicScheduler",
        "ttNbgOverride": {
          "bgcolor": "#335",
          "groupcolor": "#88A",
          "color": "#223"
        }
      },
      "order": 51
    },
    {
      "mode": 0,
      "outputs": [
        {
          "shape": 3,
          "name": "NOISE",
          "links": [
            197
          ],
          "label": "噪波生成",
          "type": "NOISE",
          "localized_name": "噪波"
        }
      ],
      "size": [
        310.7922058105469,
        90.74833679199219
      ],
      "pos": [
        6090,
        -500
      ],
      "widgets_values": [
        455997968972236,
        "randomize"
      ],
      "inputs": [],
      "flags": {},
      "id": 170,
      "type": "RandomNoise",
      "properties": {
        "Node name for S&R": "RandomNoise",
        "ttNbgOverride": {
          "bgcolor": "#335",
          "groupcolor": "#88A",
          "color": "#223"
        }
      },
      "order": 18
    },
    {
      "mode": 0,
      "outputs": [
        {
          "shape": 3,
          "name": "tile_width",
          "slot_index": 0,
          "links": [
            194
          ],
          "label": "tile_width",
          "type": "INT",
          "localized_name": "tile_width"
        },
        {
          "shape": 3,
          "name": "tile_height",
          "slot_index": 1,
          "links": [
            195
          ],
          "label": "tile_height",
          "type": "INT",
          "localized_name": "tile_height"
        }
      ],
      "size": [
        257.5521545410156,
        126
      ],
      "pos": [
        5190,
        300
      ],
      "widgets_values": [
        2,
        3,
        0.05
      ],
      "inputs": [
        {
          "name": "image",
          "link": 208,
          "label": "image",
          "type": "IMAGE",
          "localized_name": "image"
        }
      ],
      "flags": {},
      "id": 176,
      "type": "TTP_Tile_image_size",
      "properties": {
        "Node name for S&R": "TTP_Tile_image_size",
        "ttNbgOverride": {
          "bgcolor": "#335",
          "groupcolor": "#88A",
          "color": "#223"
        }
      },
      "order": 67
    },
    {
      "mode": 0,
      "outputs": [
        {
          "shape": 3,
          "name": "LATENT",
          "slot_index": 0,
          "links": [
            201
          ],
          "label": "Latent",
          "type": "LATENT",
          "localized_name": "Latent"
        }
      ],
      "size": [
        308.9601745605469,
        46
      ],
      "pos": [
        6090,
        30
      ],
      "widgets_values": [],
      "inputs": [
        {
          "name": "pixels",
          "link": 214,
          "label": "图像",
          "type": "IMAGE",
          "localized_name": "像素"
        },
        {
          "name": "vae",
          "link": 251,
          "label": "VAE",
          "type": "VAE",
          "localized_name": "vae"
        }
      ],
      "flags": {},
      "id": 179,
      "type": "VAEEncode",
      "properties": {
        "Node name for S&R": "VAEEncode",
        "ttNbgOverride": {
          "bgcolor": "#335",
          "groupcolor": "#88A",
          "color": "#223"
        }
      },
      "order": 75
    },
    {
      "mode": 0,
      "outputs": [
        {
          "shape": 6,
          "name": "IMAGE",
          "slot_index": 0,
          "links": [
            214
          ],
          "label": "图像",
          "type": "IMAGE",
          "localized_name": "图像"
        }
      ],
      "size": [
        210,
        26
      ],
      "pos": [
        5840,
        300
      ],
      "widgets_values": [],
      "inputs": [
        {
          "name": "image",
          "link": 221,
          "label": "图像",
          "type": "IMAGE",
          "localized_name": "image"
        }
      ],
      "flags": {},
      "id": 184,
      "type": "easy imageBatchToImageList",
      "properties": {
        "Node name for S&R": "easy imageBatchToImageList",
        "ttNbgOverride": {
          "bgcolor": "#335",
          "groupcolor": "#88A",
          "color": "#223"
        }
      },
      "order": 73
    },
    {
      "mode": 0,
      "outputs": [
        {
          "name": "",
          "links": [
            202,
            203
          ],
          "type": "MODEL"
        }
      ],
      "size": [
        75,
        26
      ],
      "pos": [
        5960,
        -220
      ],
      "inputs": [
        {
          "name": "",
          "link": 246,
          "type": "*"
        }
      ],
      "flags": {},
      "id": 191,
      "type": "Reroute",
      "properties": {
        "horizontal": false,
        "showOutputText": false
      },
      "order": 46
    },
    {
      "mode": 0,
      "outputs": [
        {
          "shape": 3,
          "name": "GUIDER",
          "slot_index": 0,
          "links": [
            198
          ],
          "label": "引导",
          "type": "GUIDER",
          "localized_name": "引导器"
        }
      ],
      "size": [
        311.2446594238281,
        46
      ],
      "pos": [
        6090,
        -350
      ],
      "widgets_values": [],
      "inputs": [
        {
          "name": "model",
          "link": 203,
          "label": "模型",
          "type": "MODEL",
          "localized_name": "模型"
        },
        {
          "name": "conditioning",
          "link": 244,
          "label": "条件",
          "type": "CONDITIONING",
          "localized_name": "条件"
        }
      ],
      "flags": {},
      "id": 171,
      "type": "BasicGuider",
      "properties": {
        "Node name for S&R": "BasicGuider",
        "ttNbgOverride": {
          "bgcolor": "#335",
          "groupcolor": "#88A",
          "color": "#223"
        }
      },
      "order": 52
    },
    {
      "outputs": [
        {
          "name": "IMAGE",
          "slot_index": 0,
          "links": [
            242
          ],
          "label": "输出",
          "type": "IMAGE"
        }
      ],
      "color": "#2a363b",
      "widgets_values": [
        "b"
      ],
      "inputs": [],
      "flags": {
        "collapsed": false
      },
      "type": "GetNode",
      "title": "Get_b",
      "mode": 0,
      "bgcolor": "#3f5159",
      "size": [
        210,
        58
      ],
      "pos": [
        3450,
        330
      ],
      "id": 202,
      "properties": {
        "ttNbgOverride": {
          "bgcolor": "#533",
          "groupcolor": "#A88",
          "color": "#322"
        }
      },
      "order": 19
    },
    {
      "mode": 0,
      "outputs": [
        {
          "shape": 3,
          "name": "MODEL",
          "slot_index": 0,
          "links": [
            38,
            110
          ],
          "label": "模型",
          "type": "MODEL",
          "localized_name": "模型"
        }
      ],
      "size": [
        394.5895690917969,
        82
      ],
      "pos": [
        980,
        460
      ],
      "widgets_values": [
        "簪花谣.safetensors",
        0.8
      ],
      "inputs": [
        {
          "name": "model",
          "link": 17,
          "label": "模型",
          "type": "MODEL",
          "localized_name": "模型"
        }
      ],
      "flags": {},
      "id": 17,
      "type": "LoraLoaderModelOnly",
      "properties": {
        "Node name for S&R": "LoraLoaderModelOnly"
      },
      "order": 28
    },
    {
      "mode": 0,
      "outputs": [
        {
          "shape": 3,
          "name": "text",
          "slot_index": 0,
          "links": [
            67
          ],
          "label": "文本",
          "type": "STRING",
          "localized_name": "text"
        }
      ],
      "size": [
        397.4368896484375,
        310
      ],
      "pos": [
        -341,
        370
      ],
      "widgets_values": [
        "auto",
        "chinese (simplified)",
        false,
        "",
        "",
        "GoogleTranslator",
        "",
        "proxy_hide",
        "authorization_hide",
        [
          false,
          true
        ],
        [
          false,
          true
        ],
        [
          false,
          true
        ]
      ],
      "inputs": [
        {
          "widget": {
            "name": "text"
          },
          "name": "text",
          "link": 66,
          "label": "文本",
          "type": "STRING",
          "localized_name": "文本"
        }
      ],
      "flags": {},
      "id": 57,
      "type": "DeepTranslatorTextNode",
      "properties": {
        "Node name for S&R": "DeepTranslatorTextNode"
      },
      "order": 66
    },
    {
      "mode": 0,
      "outputs": [
        {
          "name": "*",
          "slot_index": 0,
          "links": [],
          "label": "输出",
          "type": "*"
        }
      ],
      "size": [
        210,
        58
      ],
      "pos": [
        2780,
        320
      ],
      "widgets_values": [
        "a"
      ],
      "inputs": [
        {
          "name": "*",
          "link": 188,
          "label": "输入",
          "type": "*"
        }
      ],
      "flags": {
        "collapsed": false
      },
      "id": 159,
      "type": "SetNode",
      "properties": {
        "previousName": "a",
        "ttNbgOverride": {
          "bgcolor": "#533",
          "groupcolor": "#A88",
          "color": "#322"
        }
      },
      "order": 76
    },
    {
      "outputs": [
        {
          "name": "*",
          "slot_index": 0,
          "links": [],
          "label": "输出",
          "type": "*"
        }
      ],
      "color": "#2a363b",
      "widgets_values": [
        "11"
      ],
      "inputs": [
        {
          "name": "IMAGE",
          "link": 133,
          "label": "LATENT",
          "type": "IMAGE"
        }
      ],
      "flags": {
        "collapsed": false
      },
      "type": "SetNode",
      "mode": 0,
      "bgcolor": "#3f5159",
      "size": [
        210,
        58
      ],
      "pos": [
        6090,
        2050
      ],
      "id": 100,
      "properties": {
        "previousName": "11",
        "ttNbgOverride": {
          "bgcolor": "#533",
          "groupcolor": "#A88",
          "color": "#322"
        }
      },
      "order": 54
    },
    {
      "outputs": [
        {
          "name": "*",
          "slot_index": 0,
          "links": [],
          "label": "输出",
          "type": "*"
        }
      ],
      "color": "#2a363b",
      "widgets_values": [
        "22"
      ],
      "inputs": [
        {
          "name": "IMAGE",
          "link": 168,
          "label": "LATENT",
          "type": "IMAGE"
        }
      ],
      "flags": {
        "collapsed": false
      },
      "type": "SetNode",
      "mode": 0,
      "bgcolor": "#3f5159",
      "size": [
        210,
        58
      ],
      "pos": [
        6090,
        2220
      ],
      "id": 135,
      "properties": {
        "previousName": "22",
        "ttNbgOverride": {
          "bgcolor": "#533",
          "groupcolor": "#A88",
          "color": "#322"
        }
      },
      "order": 56
    },
    {
      "outputs": [
        {
          "name": "*",
          "slot_index": 0,
          "links": [],
          "label": "输出",
          "type": "*"
        }
      ],
      "color": "#2a363b",
      "widgets_values": [
        "33"
      ],
      "inputs": [
        {
          "name": "IMAGE",
          "link": 169,
          "label": "LATENT",
          "type": "IMAGE"
        }
      ],
      "flags": {
        "collapsed": false
      },
      "type": "SetNode",
      "mode": 0,
      "bgcolor": "#3f5159",
      "size": [
        210,
        58
      ],
      "pos": [
        6090,
        2380
      ],
      "id": 136,
      "properties": {
        "previousName": "33",
        "ttNbgOverride": {
          "bgcolor": "#533",
          "groupcolor": "#A88",
          "color": "#322"
        }
      },
      "order": 58
    },
    {
      "outputs": [
        {
          "name": "*",
          "slot_index": 0,
          "links": [],
          "label": "输出",
          "type": "*"
        }
      ],
      "color": "#2a363b",
      "widgets_values": [
        "44"
      ],
      "inputs": [
        {
          "name": "IMAGE",
          "link": 170,
          "label": "LATENT",
          "type": "IMAGE"
        }
      ],
      "flags": {
        "collapsed": false
      },
      "type": "SetNode",
      "mode": 0,
      "bgcolor": "#3f5159",
      "size": [
        210,
        58
      ],
      "pos": [
        6100,
        2560
      ],
      "id": 137,
      "properties": {
        "previousName": "44",
        "ttNbgOverride": {
          "bgcolor": "#533",
          "groupcolor": "#A88",
          "color": "#322"
        }
      },
      "order": 60
    },
    {
      "mode": 0,
      "outputs": [
        {
          "shape": 3,
          "name": "IMAGE",
          "slot_index": 0,
          "links": [
            218
          ],
          "label": "图像",
          "type": "IMAGE",
          "localized_name": "图像"
        },
        {
          "shape": 3,
          "name": "width",
          "label": "宽度",
          "type": "INT",
          "localized_name": "width"
        },
        {
          "shape": 3,
          "name": "height",
          "label": "高度",
          "type": "INT",
          "localized_name": "height"
        }
      ],
      "size": [
        399.2467956542969,
        218
      ],
      "pos": [
        3730,
        330
      ],
      "widgets_values": [
        1024,
        1024,
        "nearest",
        "keep proportion",
        "always",
        0
      ],
      "inputs": [
        {
          "name": "image",
          "link": 242,
          "label": "图像",
          "type": "IMAGE",
          "localized_name": "image"
        }
      ],
      "flags": {},
      "id": 187,
      "type": "ImageResize+",
      "properties": {
        "Node name for S&R": "ImageResize+"
      },
      "order": 38
    },
    {
      "outputs": [
        {
          "name": "VAE",
          "slot_index": 0,
          "links": [
            251,
            253
          ],
          "label": "输出",
          "type": "VAE"
        }
      ],
      "color": "#322",
      "widgets_values": [
        "v"
      ],
      "inputs": [],
      "flags": {
        "collapsed": false
      },
      "type": "GetNode",
      "title": "Get_v",
      "mode": 0,
      "bgcolor": "#533",
      "size": [
        210,
        58
      ],
      "pos": [
        5800,
        20
      ],
      "id": 207,
      "properties": {
        "ttNbgOverride": {
          "bgcolor": "#533",
          "groupcolor": "#A88",
          "color": "#322"
        }
      },
      "order": 20
    },
    {
      "outputs": [
        {
          "shape": 3,
          "name": "UPSCALE_MODEL",
          "slot_index": 0,
          "links": [
            217
          ],
          "label": "放大模型",
          "type": "UPSCALE_MODEL",
          "localized_name": "放大模型"
        }
      ],
      "color": "#232",
      "widgets_values": [
        "4x_NMKD-Siax_200k.pth"
      ],
      "inputs": [],
      "flags": {},
      "type": "UpscaleModelLoader",
      "mode": 0,
      "bgcolor": "#353",
      "size": [
        309.1027526855469,
        87.20823669433594
      ],
      "pos": [
        4200,
        430
      ],
      "id": 181,
      "properties": {
        "Node name for S&R": "UpscaleModelLoader",
        "ttNbgOverride": {
          "bgcolor": "#335",
          "groupcolor": "#88A",
          "color": "#223"
        }
      },
      "order": 21
    },
    {
      "mode": 0,
      "outputs": [],
      "size": [
        849.5511474609375,
        1178.73974609375
      ],
      "pos": [
        3768,
        2086
      ],
      "widgets_values": [
        "ComfyUI",
        ""
      ],
      "inputs": [
        {
          "name": "images",
          "link": 254,
          "label": "图像",
          "type": "IMAGE",
          "localized_name": "图片"
        }
      ],
      "flags": {},
      "id": 178,
      "type": "SaveImage",
      "properties": {
        "Node name for S&R": "SaveImage",
        "ttNbgOverride": {
          "bgcolor": "#335",
          "groupcolor": "#88A",
          "color": "#223"
        }
      },
      "order": 40
    },
    {
      "mode": 0,
      "outputs": [
        {
          "shape": 3,
          "name": "output",
          "slot_index": 0,
          "links": [
            248
          ],
          "type": "*",
          "localized_name": "output"
        }
      ],
      "size": [
        210,
        26
      ],
      "pos": [
        7150,
        -290
      ],
      "widgets_values": [],
      "inputs": [
        {
          "name": "anything",
          "link": 241,
          "label": "输入任何",
          "type": "*",
          "localized_name": "anything"
        }
      ],
      "flags": {},
      "id": 201,
      "type": "easy cleanGpuUsed",
      "properties": {
        "Node name for S&R": "easy cleanGpuUsed"
      },
      "order": 80
    },
    {
      "outputs": [
        {
          "name": "CONDITIONING",
          "slot_index": 0,
          "links": [
            244
          ],
          "label": "输出",
          "type": "CONDITIONING"
        }
      ],
      "color": "#332922",
      "widgets_values": [
        "z"
      ],
      "inputs": [],
      "flags": {
        "collapsed": false
      },
      "type": "GetNode",
      "title": "Get_z",
      "mode": 0,
      "bgcolor": "#593930",
      "size": [
        210,
        58
      ],
      "pos": [
        5760,
        -390
      ],
      "id": 203,
      "properties": {
        "ttNbgOverride": {
          "bgcolor": "#533",
          "groupcolor": "#A88",
          "color": "#322"
        }
      },
      "order": 22
    },
    {
      "outputs": [
        {
          "name": "MODEL",
          "slot_index": 0,
          "links": [
            245
          ],
          "label": "输出",
          "type": "MODEL"
        }
      ],
      "color": "#223",
      "widgets_values": [
        "m"
      ],
      "inputs": [],
      "flags": {
        "collapsed": false
      },
      "type": "GetNode",
      "title": "Get_m",
      "mode": 0,
      "bgcolor": "#335",
      "size": [
        210,
        58
      ],
      "pos": [
        5170,
        -220
      ],
      "id": 204,
      "properties": {
        "ttNbgOverride": {
          "bgcolor": "#533",
          "groupcolor": "#A88",
          "color": "#322"
        }
      },
      "order": 23
    },
    {
      "mode": 0,
      "outputs": [
        {
          "shape": 3,
          "name": "IMAGE",
          "slot_index": 0,
          "links": [
            193,
            208
          ],
          "label": "图像",
          "type": "IMAGE",
          "localized_name": "图像"
        }
      ],
      "size": [
        259.37432861328125,
        83.04926300048828
      ],
      "pos": [
        4880,
        310
      ],
      "widgets_values": [
        "lanczos",
        8
      ],
      "inputs": [
        {
          "name": "image",
          "link": 250,
          "label": "图像",
          "type": "IMAGE",
          "localized_name": "图像"
        }
      ],
      "flags": {},
      "id": 164,
      "type": "ImageScaleToTotalPixels",
      "properties": {
        "Node name for S&R": "ImageScaleToTotalPixels",
        "ttNbgOverride": {
          "bgcolor": "#335",
          "groupcolor": "#88A",
          "color": "#223"
        }
      },
      "order": 63
    },
    {
      "mode": 0,
      "outputs": [
        {
          "shape": 3,
          "name": "output",
          "slot_index": 0,
          "links": [
            250
          ],
          "type": "*",
          "localized_name": "output"
        }
      ],
      "size": [
        210,
        26
      ],
      "pos": [
        4600,
        320
      ],
      "widgets_values": [],
      "inputs": [
        {
          "name": "anything",
          "link": 240,
          "label": "输入任何",
          "type": "*",
          "localized_name": "anything"
        }
      ],
      "flags": {},
      "id": 200,
      "type": "easy cleanGpuUsed",
      "properties": {
        "Node name for S&R": "easy cleanGpuUsed"
      },
      "order": 50
    },
    {
      "mode": 0,
      "outputs": [
        {
          "shape": 3,
          "name": "IMAGE",
          "slot_index": 0,
          "links": [
            240
          ],
          "label": "图像",
          "type": "IMAGE",
          "localized_name": "图像"
        }
      ],
      "size": [
        309.95953369140625,
        46
      ],
      "pos": [
        4200,
        320
      ],
      "widgets_values": [],
      "inputs": [
        {
          "name": "upscale_model",
          "link": 217,
          "label": "放大模型",
          "type": "UPSCALE_MODEL",
          "localized_name": "放大模型"
        },
        {
          "name": "image",
          "link": 218,
          "label": "图像",
          "type": "IMAGE",
          "localized_name": "图像"
        }
      ],
      "flags": {},
      "id": 182,
      "type": "ImageUpscaleWithModel",
      "properties": {
        "Node name for S&R": "ImageUpscaleWithModel",
        "ttNbgOverride": {
          "bgcolor": "#335",
          "groupcolor": "#88A",
          "color": "#223"
        }
      },
      "order": 45
    },
    {
      "mode": 0,
      "outputs": [
        {
          "shape": 3,
          "name": "IMAGE",
          "slot_index": 0,
          "links": [
            222
          ],
          "label": "图像",
          "type": "IMAGE",
          "localized_name": "图像"
        }
      ],
      "size": [
        225.0784912109375,
        150
      ],
      "pos": [
        6670,
        -290
      ],
      "widgets_values": [
        1024,
        64,
        64,
        8
      ],
      "inputs": [
        {
          "name": "samples",
          "link": 206,
          "label": "Latent",
          "type": "LATENT",
          "localized_name": "Latent"
        },
        {
          "name": "vae",
          "link": 253,
          "label": "VAE",
          "type": "VAE",
          "localized_name": "vae"
        }
      ],
      "flags": {},
      "id": 175,
      "type": "VAEDecodeTiled",
      "properties": {
        "Node name for S&R": "VAEDecodeTiled",
        "ttNbgOverride": {
          "bgcolor": "#335",
          "groupcolor": "#88A",
          "color": "#223"
        }
      },
      "order": 78
    },
    {
      "mode": 0,
      "outputs": [
        {
          "shape": 3,
          "name": "IMAGE",
          "slot_index": 0,
          "links": [
            241
          ],
          "label": "图像",
          "type": "IMAGE",
          "localized_name": "图像"
        }
      ],
      "size": [
        173.65391540527344,
        26
      ],
      "pos": [
        6930,
        -290
      ],
      "widgets_values": [],
      "inputs": [
        {
          "name": "images",
          "link": 222,
          "label": "图像",
          "type": "IMAGE",
          "localized_name": "images"
        }
      ],
      "flags": {},
      "id": 186,
      "type": "ImageListToImageBatch",
      "properties": {
        "Node name for S&R": "ImageListToImageBatch"
      },
      "order": 79
    },
    {
      "mode": 0,
      "outputs": [
        {
          "shape": 3,
          "name": "RECONSTRUCTED_IMAGE",
          "slot_index": 0,
          "links": [
            249
          ],
          "label": "RECONSTRUCTED_IMAGE",
          "type": "IMAGE",
          "localized_name": "RECONSTRUCTED_IMAGE"
        }
      ],
      "size": [
        312.77081298828125,
        118
      ],
      "pos": [
        7416,
        310
      ],
      "widgets_values": [
        128
      ],
      "inputs": [
        {
          "name": "tiles",
          "link": 248,
          "label": "tiles",
          "type": "IMAGE",
          "localized_name": "tiles"
        },
        {
          "name": "positions",
          "link": 210,
          "label": "positions",
          "type": "LIST",
          "localized_name": "positions"
        },
        {
          "name": "original_size",
          "link": 211,
          "label": "original_size",
          "type": "TUPLE",
          "localized_name": "original_size"
        },
        {
          "name": "grid_size",
          "link": 212,
          "label": "grid_size",
          "type": "TUPLE",
          "localized_name": "grid_size"
        }
      ],
      "flags": {
        "collapsed": false
      },
      "id": 177,
      "type": "TTP_Image_Assy",
      "properties": {
        "Node name for S&R": "TTP_Image_Assy",
        "ttNbgOverride": {
          "bgcolor": "#335",
          "groupcolor": "#88A",
          "color": "#223"
        }
      },
      "order": 81
    },
    {
      "outputs": [
        {
          "name": "*",
          "slot_index": 0,
          "links": [],
          "label": "输出",
          "type": "*"
        }
      ],
      "color": "#2a363b",
      "widgets_values": [
        "000"
      ],
      "inputs": [
        {
          "name": "IMAGE",
          "link": 249,
          "label": "输入",
          "type": "IMAGE"
        }
      ],
      "flags": {
        "collapsed": false
      },
      "type": "SetNode",
      "mode": 0,
      "bgcolor": "#3f5159",
      "size": [
        210,
        58
      ],
      "pos": [
        7803,
        313
      ],
      "id": 206,
      "properties": {
        "previousName": "000",
        "ttNbgOverride": {
          "bgcolor": "#533",
          "groupcolor": "#A88",
          "color": "#322"
        }
      },
      "order": 82
    },
    {
      "outputs": [
        {
          "name": "IMAGE",
          "slot_index": 0,
          "links": [
            254
          ],
          "label": "LATENT",
          "type": "IMAGE"
        }
      ],
      "color": "#2a363b",
      "widgets_values": [
        "000"
      ],
      "inputs": [],
      "flags": {
        "collapsed": false
      },
      "type": "GetNode",
      "title": "Get_000",
      "mode": 0,
      "bgcolor": "#3f5159",
      "size": [
        210,
        58
      ],
      "pos": [
        4083,
        1956
      ],
      "id": 209,
      "properties": {
        "ttNbgOverride": {
          "bgcolor": "#533",
          "groupcolor": "#A88",
          "color": "#322"
        }
      },
      "order": 24
    },
    {
      "mode": 0,
      "outputs": [
        {
          "name": "images",
          "slot_index": 0,
          "links": [
            48
          ],
          "label": "图像",
          "type": "IMAGE",
          "localized_name": "images"
        }
      ],
      "size": [
        315,
        82
      ],
      "pos": [
        5330,
        2260
      ],
      "widgets_values": [
        2,
        2
      ],
      "inputs": [
        {
          "name": "images",
          "link": 189,
          "label": "图像",
          "type": "IMAGE",
          "localized_name": "images"
        }
      ],
      "flags": {},
      "id": 40,
      "type": "easy imageSplitGrid",
      "properties": {
        "Node name for S&R": "easy imageSplitGrid"
      },
      "order": 41
    },
    {
      "outputs": [
        {
          "name": "IMAGE",
          "slot_index": 0,
          "links": [
            189
          ],
          "label": "LATENT",
          "type": "IMAGE"
        }
      ],
      "color": "#2a363b",
      "widgets_values": [
        "000"
      ],
      "inputs": [],
      "flags": {
        "collapsed": false
      },
      "type": "GetNode",
      "title": "Get_000",
      "mode": 0,
      "bgcolor": "#3f5159",
      "size": [
        210,
        58
      ],
      "pos": [
        5020,
        2260
      ],
      "id": 160,
      "properties": {
        "ttNbgOverride": {
          "bgcolor": "#533",
          "groupcolor": "#A88",
          "color": "#322"
        }
      },
      "order": 25
    },
    {
      "mode": 0,
      "outputs": [
        {
          "name": "image1",
          "slot_index": 0,
          "links": [
            49,
            133
          ],
          "label": "图像_1",
          "type": "IMAGE",
          "localized_name": "image1"
        },
        {
          "name": "image2",
          "slot_index": 1,
          "links": [
            50,
            168
          ],
          "label": "图像_2",
          "type": "IMAGE",
          "localized_name": "image2"
        },
        {
          "name": "image3",
          "slot_index": 2,
          "links": [
            51,
            169
          ],
          "label": "图像_3",
          "type": "IMAGE",
          "localized_name": "image3"
        },
        {
          "name": "image4",
          "slot_index": 3,
          "links": [
            52,
            170
          ],
          "label": "图像_4",
          "type": "IMAGE",
          "localized_name": "image4"
        },
        {
          "name": "image5",
          "label": "图像_5",
          "type": "IMAGE",
          "localized_name": "image5"
        }
      ],
      "size": [
        210,
        106
      ],
      "pos": [
        5730,
        2260
      ],
      "widgets_values": [],
      "inputs": [
        {
          "name": "images",
          "link": 48,
          "label": "图像",
          "type": "IMAGE",
          "localized_name": "images"
        }
      ],
      "flags": {},
      "id": 42,
      "type": "easy imagesSplitImage",
      "properties": {
        "Node name for S&R": "easy imagesSplitImage"
      },
      "order": 47
    },
    {
      "mode": 0,
      "outputs": [
        {
          "shape": 6,
          "name": "STRING",
          "slot_index": 0,
          "links": [],
          "label": "字符串",
          "type": "STRING",
          "localized_name": "字符串"
        }
      ],
      "size": [
        670,
        320
      ],
      "pos": [
        -490.03857421875,
        754.3946533203125
      ],
      "widgets_values": [
        "",
        "标准的2x2网格4K高清照片：一个亚洲女性，皮肤白皙，在郁郁葱葱的花园中精致特征。她穿着精美的柔和紫色和薰衣草的传统服装，上面装饰着错综复杂的花卉刺绣。她的黑发风格优雅，她戴着相配的花卉头饰。她嘴唇附近的充满活力的紫色花增强了宁静和空灵的心情。背景具有翠绿的绿叶和大型热带叶子。整体美学是微妙而梦幻的，将传统美与自然元素融合在一起。\n[左上图]：一名亚洲女性坐在弯曲的花园长凳上。她穿着柔和的紫色和薰衣草绣花的衣服，深色的头发饰有花卉头饰。一朵充满活力的紫色花在她的腿上，与她周围的翠绿的热带叶子融合在一起。阳光通过叶子过滤，铸造精致的阴影。\n[右上图]：在特写镜头中，女人的细长手指轻轻触摸了靠在下巴附近的充满活力的紫色花朵的花瓣。她的薰衣草袖子上的错综复杂的花卉刺绣填充了前景，而模糊的热带叶子在背景中轻柔地发光。\n[左下图]：在花园小路上捕获了中间的中途，当她的头转向阳光时，女人的长袍略微张开。她的花卉头饰在高耸的热带叶子的背景下微妙地摇摆。\n[右下图]：在宽阔的镜头中，女人站在莲花池的边缘，她的柔和紫色轮廓在水中反射。遥远的热带叶子将场景框起来，漂浮的花瓣在她的脚踝周围漂移。"
      ],
      "inputs": [
        {
          "widget": {
            "name": "text"
          },
          "name": "text",
          "link": 67,
          "label": "文本",
          "type": "STRING",
          "localized_name": "文本"
        }
      ],
      "flags": {},
      "id": 58,
      "type": "ShowText|pysssss",
      "properties": {
        "Node name for S&R": "ShowText|pysssss"
      },
      "order": 70
    },
    {
      "mode": 0,
      "outputs": [
        {
          "shape": 3,
          "name": "LATENT",
          "links": [
            16
          ],
          "label": "Latent",
          "type": "LATENT",
          "localized_name": "Latent"
        }
      ],
      "size": [
        387.31744384765625,
        106
      ],
      "pos": [
        990,
        780
      ],
      "widgets_values": [
        1024,
        1536,
        1
      ],
      "inputs": [],
      "flags": {},
      "id": 16,
      "type": "EmptyLatentImage",
      "properties": {
        "Node name for S&R": "EmptyLatentImage"
      },
      "order": 26
    },
    {
      "mode": 0,
      "outputs": [
        {
          "shape": 3,
          "name": "MODEL",
          "slot_index": 0,
          "links": [
            246
          ],
          "label": "模型",
          "type": "MODEL",
          "localized_name": "模型"
        }
      ],
      "size": [
        394.5895690917969,
        82
      ],
      "pos": [
        5480,
        -220
      ],
      "widgets_values": [
        "Flux Dev模型4步出图lora_Flux Dev模型4步出图lora_Flux Dev 4-step.safetensors",
        1.0000000000000002
      ],
      "inputs": [
        {
          "name": "model",
          "link": 245,
          "label": "模型",
          "type": "MODEL",
          "localized_name": "模型"
        }
      ],
      "flags": {},
      "id": 205,
      "type": "LoraLoaderModelOnly",
      "properties": {
        "Node name for S&R": "LoraLoaderModelOnly"
      },
      "order": 39
    },
    {
      "mode": 0,
      "outputs": [
        {
          "name": "*",
          "slot_index": 0,
          "links": [
            256
          ],
          "label": "输出",
          "type": "*"
        }
      ],
      "size": [
        210,
        58
      ],
      "pos": [
        -1816.433837890625,
        2048.319580078125
      ],
      "widgets_values": [
        "a"
      ],
      "inputs": [],
      "flags": {
        "collapsed": false
      },
      "id": 161,
      "type": "GetNode",
      "title": "Get_a",
      "properties": {
        "ttNbgOverride": {
          "bgcolor": "#533",
          "groupcolor": "#A88",
          "color": "#322"
        }
      },
      "order": 27
    },
    {
      "mode": 0,
      "outputs": [
        {
          "name": "IMAGE",
          "links": [
            257
          ],
          "label": "图像",
          "type": "IMAGE",
          "localized_name": "图像"
        },
        {
          "name": "MASK",
          "label": "遮罩",
          "type": "MASK",
          "localized_name": "遮罩"
        }
      ],
      "size": [
        1056.1590576171875,
        1621.059814453125
      ],
      "pos": [
        -1531.491455078125,
        2047.851318359375
      ],
      "widgets_values": [
        "$-1-0",
        ""
      ],
      "inputs": [
        {
          "name": "images",
          "link": 256,
          "label": "图像",
          "type": "IMAGE",
          "localized_name": "images"
        }
      ],
      "flags": {},
      "id": 210,
      "type": "PreviewBridge",
      "properties": {
        "Node name for S&R": "PreviewBridge"
      },
      "order": 42
    },
    {
      "outputs": [
        {
          "name": "*",
          "slot_index": 0,
          "links": [],
          "label": "输出",
          "type": "*"
        }
      ],
      "color": "#2a363b",
      "widgets_values": [
        "b"
      ],
      "inputs": [
        {
          "name": "IMAGE",
          "link": 257,
          "label": "LATENT",
          "type": "IMAGE"
        }
      ],
      "flags": {
        "collapsed": false
      },
      "type": "SetNode",
      "mode": 0,
      "bgcolor": "#3f5159",
      "size": [
        210,
        58
      ],
      "pos": [
        -413.3664245605469,
        2046.1895751953125
      ],
      "id": 162,
      "properties": {
        "previousName": "b",
        "ttNbgOverride": {
          "bgcolor": "#533",
          "groupcolor": "#A88",
          "color": "#322"
        }
      },
      "order": 48
    }
  ],
  "extra": {
    "ue_links": [],
    "0246.VERSION": [
      0,
      0,
      4
    ],
    "ds": {
      "offset": [
        6121.220183858749,
        2825.7115189858027
      ],
      "scale": 0.10772642221612454
    }
  },
  "groups": [
    {
      "color": "#3f789e",
      "font_size": 100,
      "flags": {},
      "id": 1,
      "title": "共同点",
      "bounding": [
        -3337,
        228,
        469,
        468
      ]
    },
    {
      "color": "#3f789e",
      "font_size": 30,
      "flags": {},
      "id": 2,
      "title": "这4个是分别不同的视图、景别、动作词",
      "bounding": [
        -2723,
        -91,
        531,
        1268
      ]
    },
    {
      "color": "#3f789e",
      "font_size": 100,
      "flags": {},
      "id": 3,
      "title": "图像选择",
      "bounding": [
        -1871.2139892578125,
        1813.3929443359375,
        1744.4503173828125,
        1954.50390625
      ]
    },
    {
      "color": "#3f789e",
      "font_size": 100,
      "flags": {},
      "id": 4,
      "title": "最终结果",
      "bounding": [
        460,
        2052,
        2741,
        1166
      ]
    }
  ],
  "links": [
    [
      11,
      15,
      0,
      14,
      0,
      "LATENT"
    ],
    [
      12,
      13,
      0,
      14,
      1,
      "VAE"
    ],
    [
      14,
      18,
      0,
      15,
      1,
      "CONDITIONING"
    ],
    [
      16,
      16,
      0,
      15,
      3,
      "LATENT"
    ],
    [
      17,
      10,
      0,
      17,
      0,
      "MODEL"
    ],
    [
      18,
      11,
      0,
      18,
      0,
      "CLIP"
    ],
    [
      38,
      17,
      0,
      15,
      0,
      "MODEL"
    ],
    [
      39,
      18,
      0,
      34,
      0,
      "CONDITIONING"
    ],
    [
      40,
      34,
      0,
      15,
      2,
      "CONDITIONING"
    ],
    [
      41,
      35,
      0,
      21,
      0,
      "STRING"
    ],
    [
      43,
      37,
      0,
      27,
      0,
      "STRING"
    ],
    [
      44,
      38,
      0,
      32,
      0,
      "STRING"
    ],
    [
      45,
      39,
      0,
      28,
      0,
      "STRING"
    ],
    [
      48,
      40,
      0,
      42,
      0,
      "IMAGE"
    ],
    [
      49,
      42,
      0,
      43,
      0,
      "IMAGE"
    ],
    [
      50,
      42,
      1,
      44,
      0,
      "IMAGE"
    ],
    [
      51,
      42,
      2,
      45,
      0,
      "IMAGE"
    ],
    [
      52,
      42,
      3,
      46,
      0,
      "IMAGE"
    ],
    [
      66,
      55,
      0,
      57,
      0,
      "STRING"
    ],
    [
      67,
      57,
      0,
      58,
      0,
      "STRING"
    ],
    [
      69,
      29,
      0,
      59,
      2,
      "STRING"
    ],
    [
      71,
      36,
      0,
      59,
      0,
      "STRING"
    ],
    [
      72,
      60,
      0,
      59,
      1,
      "STRING"
    ],
    [
      73,
      21,
      0,
      29,
      0,
      "STRING"
    ],
    [
      74,
      27,
      0,
      29,
      1,
      "STRING"
    ],
    [
      75,
      28,
      0,
      29,
      2,
      "STRING"
    ],
    [
      76,
      32,
      0,
      29,
      3,
      "STRING"
    ],
    [
      77,
      59,
      0,
      18,
      1,
      "STRING"
    ],
    [
      78,
      59,
      0,
      55,
      0,
      "STRING"
    ],
    [
      79,
      50,
      0,
      21,
      1,
      "STRING"
    ],
    [
      80,
      51,
      0,
      27,
      1,
      "STRING"
    ],
    [
      81,
      52,
      0,
      28,
      1,
      "STRING"
    ],
    [
      82,
      53,
      0,
      32,
      1,
      "STRING"
    ],
    [
      93,
      14,
      0,
      67,
      0,
      "*"
    ],
    [
      110,
      17,
      0,
      78,
      0,
      "*"
    ],
    [
      111,
      18,
      0,
      79,
      0,
      "*"
    ],
    [
      112,
      34,
      0,
      80,
      0,
      "*"
    ],
    [
      113,
      13,
      0,
      81,
      0,
      "*"
    ],
    [
      133,
      42,
      0,
      100,
      0,
      "*"
    ],
    [
      168,
      42,
      1,
      135,
      0,
      "*"
    ],
    [
      169,
      42,
      2,
      136,
      0,
      "*"
    ],
    [
      170,
      42,
      3,
      137,
      0,
      "*"
    ],
    [
      181,
      153,
      0,
      138,
      0,
      "IMAGE"
    ],
    [
      182,
      154,
      0,
      139,
      0,
      "IMAGE"
    ],
    [
      183,
      155,
      0,
      140,
      0,
      "IMAGE"
    ],
    [
      184,
      156,
      0,
      141,
      0,
      "IMAGE"
    ],
    [
      188,
      67,
      0,
      159,
      0,
      "*"
    ],
    [
      189,
      160,
      0,
      40,
      0,
      "IMAGE"
    ],
    [
      193,
      164,
      0,
      165,
      0,
      "IMAGE"
    ],
    [
      194,
      176,
      0,
      165,
      1,
      "INT"
    ],
    [
      195,
      176,
      1,
      165,
      2,
      "INT"
    ],
    [
      197,
      170,
      0,
      167,
      0,
      "NOISE"
    ],
    [
      198,
      171,
      0,
      167,
      1,
      "GUIDER"
    ],
    [
      199,
      168,
      0,
      167,
      2,
      "SAMPLER"
    ],
    [
      200,
      169,
      0,
      167,
      3,
      "SIGMAS"
    ],
    [
      201,
      179,
      0,
      167,
      4,
      "LATENT"
    ],
    [
      202,
      191,
      0,
      169,
      0,
      "MODEL"
    ],
    [
      203,
      191,
      0,
      171,
      0,
      "MODEL"
    ],
    [
      206,
      167,
      0,
      175,
      0,
      "LATENT"
    ],
    [
      208,
      164,
      0,
      176,
      0,
      "IMAGE"
    ],
    [
      210,
      165,
      1,
      177,
      1,
      "LIST"
    ],
    [
      211,
      165,
      2,
      177,
      2,
      "TUPLE"
    ],
    [
      212,
      165,
      3,
      177,
      3,
      "TUPLE"
    ],
    [
      214,
      184,
      0,
      179,
      0,
      "IMAGE"
    ],
    [
      217,
      181,
      0,
      182,
      0,
      "UPSCALE_MODEL"
    ],
    [
      218,
      187,
      0,
      182,
      1,
      "IMAGE"
    ],
    [
      221,
      165,
      0,
      184,
      0,
      "IMAGE"
    ],
    [
      222,
      175,
      0,
      186,
      0,
      "IMAGE"
    ],
    [
      240,
      182,
      0,
      200,
      0,
      "*"
    ],
    [
      241,
      186,
      0,
      201,
      0,
      "*"
    ],
    [
      242,
      202,
      0,
      187,
      0,
      "IMAGE"
    ],
    [
      244,
      203,
      0,
      171,
      1,
      "CONDITIONING"
    ],
    [
      245,
      204,
      0,
      205,
      0,
      "MODEL"
    ],
    [
      246,
      205,
      0,
      191,
      0,
      "*"
    ],
    [
      248,
      201,
      0,
      177,
      0,
      "IMAGE"
    ],
    [
      249,
      177,
      0,
      206,
      0,
      "*"
    ],
    [
      250,
      200,
      0,
      164,
      0,
      "IMAGE"
    ],
    [
      251,
      207,
      0,
      179,
      1,
      "VAE"
    ],
    [
      253,
      207,
      0,
      175,
      1,
      "VAE"
    ],
    [
      254,
      209,
      0,
      178,
      0,
      "IMAGE"
    ],
    [
      256,
      161,
      0,
      210,
      0,
      "IMAGE"
    ],
    [
      257,
      210,
      0,
      162,
      0,
      "*"
    ]
  ],
  "id": "e2a2fe8f-6027-4ef7-b011-af3a91c06007",
  "config": {},
  "version": 0.4,
  "last_node_id": 210,
  "revision": 0
}