{
  "last_link_id": 196,
  "nodes": [
    {
      "mode": 0,
      "outputs": [
        {
          "shape": 3,
          "name": "image",
          "slot_index": 0,
          "links": [
            179
          ],
          "label": "image",
          "type": "IMAGE",
          "localized_name": "image"
        },
        {
          "shape": 3,
          "name": "width",
          "label": "width",
          "type": "INT",
          "localized_name": "width"
        },
        {
          "shape": 3,
          "name": "height",
          "label": "height",
          "type": "INT",
          "localized_name": "height"
        },
        {
          "shape": 3,
          "name": "count",
          "label": "count",
          "type": "INT",
          "localized_name": "count"
        }
      ],
      "size": [
        308.0288391113281,
        86
      ],
      "pos": [
        -20,
        150
      ],
      "widgets_values": [],
      "inputs": [
        {
          "name": "image",
          "link": 112,
          "label": "image",
          "type": "IMAGE",
          "localized_name": "image"
        }
      ],
      "flags": {
        "pinned": true,
        "collapsed": false
      },
      "id": 9,
      "type": "GetImageSizeAndCount",
      "properties": {
        "Node name for S&R": "GetImageSizeAndCount"
      },
      "order": 9
    },
    {
      "mode": 0,
      "outputs": [
        {
          "shape": 3,
          "name": "poses_with_ref",
          "slot_index": 0,
          "links": [
            112
          ],
          "label": "poses_with_ref",
          "type": "IMAGE",
          "localized_name": "poses_with_ref"
        },
        {
          "shape": 3,
          "name": "pose_images",
          "slot_index": 1,
          "links": [],
          "label": "pose_images",
          "type": "IMAGE",
          "localized_name": "pose_images"
        }
      ],
      "size": [
        324.71893310546875,
        127.0422134399414
      ],
      "pos": [
        -30,
        300
      ],
      "widgets_values": [
        true,
        true,
        true
      ],
      "inputs": [
        {
          "name": "ref_image",
          "link": 189,
          "label": "ref_image",
          "type": "IMAGE",
          "localized_name": "ref_image"
        },
        {
          "name": "pose_images",
          "link": 190,
          "label": "pose_images",
          "type": "IMAGE",
          "localized_name": "pose_images"
        }
      ],
      "flags": {
        "pinned": true,
        "collapsed": false
      },
      "id": 42,
      "type": "MimicMotionGetPoses",
      "title": "MimicMotion GetPoses aijuxi",
      "properties": {
        "Node name for S&R": "MimicMotionGetPoses"
      },
      "order": 8
    },
    {
      "mode": 0,
      "outputs": [
        {
          "shape": 3,
          "name": "IMAGE",
          "slot_index": 0,
          "links": [
            175
          ],
          "label": "IMAGE",
          "type": "IMAGE",
          "localized_name": "IMAGE"
        }
      ],
      "size": [
        390,
        80
      ],
      "pos": [
        900,
        190
      ],
      "widgets_values": [
        0.3
      ],
      "inputs": [
        {
          "name": "image",
          "link": 178,
          "label": "image",
          "type": "IMAGE",
          "localized_name": "image"
        }
      ],
      "flags": {
        "pinned": true
      },
      "id": 68,
      "type": "ImageCASharpening+",
      "title": "图像对比度自适应锐化 aijuxi",
      "properties": {
        "Node name for S&R": "ImageCASharpening+"
      },
      "order": 11
    },
    {
      "outputs": [],
      "color": "#432",
      "shape": 4,
      "widgets_values": [
        "B站：艾橘溪。https://space.bilibili.com/486814801\n\n如有疑问，可联系作者技术指导：由于程序插件环境搭建、效果调试等非常耗时间耗精力，因此如需远程技术指导，需微信付费技术指导。加微信：abinsz，备注：Ai指导\n\n图片跳舞工作流/插件/模型/网盘下载：https://pan.quark.cn/s/0e62fee5a55a（手机端转存官方送1T网盘空间）\n========================\n云端服务：本程序支持云端4090显卡电脑高速运行，按小时计费。加微信：abinsz，备注：云"
      ],
      "inputs": [],
      "flags": {
        "pinned": true
      },
      "type": "Note",
      "title": "视频教学",
      "mode": 0,
      "bgcolor": "#653",
      "size": [
        1403.977294921875,
        152.86026000976562
      ],
      "pos": [
        -115.98090362548828,
        -113.53472900390625
      ],
      "id": 72,
      "properties": {
        "text": ""
      },
      "order": 0
    },
    {
      "mode": 0,
      "outputs": [
        {
          "shape": 3,
          "name": "图像",
          "slot_index": 0,
          "links": [
            189,
            191
          ],
          "label": "图像",
          "type": "IMAGE",
          "localized_name": "图像"
        },
        {
          "shape": 3,
          "name": "ImageResizeKJ 图像",
          "slot_index": 1,
          "links": [
            190
          ],
          "label": "ImageResizeKJ 图像",
          "type": "IMAGE",
          "localized_name": "ImageResizeKJ 图像"
        },
        {
          "shape": 3,
          "name": "宽度",
          "label": "宽度",
          "type": "INT",
          "localized_name": "宽度"
        },
        {
          "shape": 3,
          "name": "高度",
          "label": "高度",
          "type": "INT",
          "localized_name": "高度"
        }
      ],
      "size": [
        379.6000061035156,
        430
      ],
      "pos": [
        -50,
        480
      ],
      "widgets_values": [
        576,
        1024,
        "lanczos",
        false,
        64,
        "center",
        576,
        1024,
        "lanczos",
        false,
        64,
        "center",
        0,
        0
      ],
      "inputs": [
        {
          "name": "图像",
          "link": 187,
          "label": "图像",
          "type": "IMAGE",
          "localized_name": "图像"
        },
        {
          "name": "参考图像大小",
          "label": "参考图像大小",
          "type": "IMAGE",
          "localized_name": "参考图像大小"
        },
        {
          "name": "ImageResizeKJ image",
          "link": 188,
          "label": "ImageResizeKJ image",
          "type": "IMAGE",
          "localized_name": "ImageResizeKJ image"
        },
        {
          "name": "ImageResizeKJ get_image_size",
          "label": "ImageResizeKJ get_image_size",
          "type": "IMAGE",
          "localized_name": "ImageResizeKJ get_image_size"
        },
        {
          "widget": {
            "name": "宽度"
          },
          "name": "宽度",
          "label": "宽度",
          "type": "INT"
        },
        {
          "widget": {
            "name": "高度"
          },
          "name": "高度",
          "label": "高度",
          "type": "INT"
        },
        {
          "widget": {
            "name": "宽度"
          },
          "name": "宽度",
          "link": 193,
          "type": "INT"
        },
        {
          "widget": {
            "name": "高度"
          },
          "name": "高度",
          "link": 194,
          "type": "INT"
        }
      ],
      "flags": {
        "pinned": true
      },
      "id": 77,
      "type": "workflow>图像缩放",
      "properties": {
        "Node name for S&R": "workflow/图像缩放"
      },
      "order": 7
    },
    {
      "mode": 0,
      "outputs": [
        {
          "shape": 3,
          "name": "images",
          "slot_index": 0,
          "links": [
            178
          ],
          "label": "images",
          "type": "IMAGE",
          "localized_name": "images"
        }
      ],
      "size": [
        493.8000183105469,
        550
      ],
      "pos": [
        360,
        320
      ],
      "widgets_values": [
        "EulerDiscreteScheduler",
        0.002,
        700,
        false,
        25,
        2,
        2,
        1091862197836670,
        "randomize",
        15,
        0,
        16,
        6,
        true,
        1,
        0,
        1,
        1,
        4
      ],
      "inputs": [
        {
          "name": "mimic_pipeline",
          "link": 177,
          "label": "mimic_pipeline",
          "type": "MIMICPIPE",
          "localized_name": "mimic_pipeline"
        },
        {
          "name": "ref_image",
          "link": 191,
          "label": "ref_image",
          "type": "IMAGE",
          "localized_name": "ref_image"
        },
        {
          "name": "pose_images",
          "link": 179,
          "label": "pose_images",
          "type": "IMAGE",
          "localized_name": "pose_images"
        },
        {
          "name": "MimicMotionDecode mimic_pipeline",
          "link": 180,
          "label": "MimicMotionDecode mimic_pipeline",
          "type": "MIMICPIPE",
          "localized_name": "MimicMotionDecode mimic_pipeline"
        }
      ],
      "flags": {
        "pinned": true
      },
      "id": 74,
      "type": "workflow>MimicMotion Sampler",
      "title": "MimicMotion Sampler B站艾橘溪",
      "properties": {
        "Node name for S&R": "workflow/MimicMotion Sampler"
      },
      "order": 10
    },
    {
      "mode": 0,
      "outputs": [
        {
          "shape": 3,
          "name": "mimic_pipeline",
          "links": [
            177,
            180
          ],
          "label": "mimic_pipeline",
          "type": "MIMICPIPE",
          "localized_name": "mimic_pipeline"
        }
      ],
      "size": [
        475.69049072265625,
        91.96989440917969
      ],
      "pos": [
        360,
        160
      ],
      "widgets_values": [
        "MimicMotionMergedUnet_1-0-fp16.safetensors",
        "fp16"
      ],
      "inputs": [],
      "flags": {
        "pinned": false
      },
      "id": 2,
      "type": "DownloadAndLoadMimicMotionModel",
      "title": "(Down)Load MimicMotionModel aijuxi",
      "properties": {
        "Node name for S&R": "DownloadAndLoadMimicMotionModel"
      },
      "order": 2
    },
    {
      "mode": 0,
      "outputs": [
        {
          "name": "IMAGE",
          "slot_index": 0,
          "links": [
            176
          ],
          "label": "IMAGE",
          "type": "IMAGE",
          "localized_name": "IMAGE"
        }
      ],
      "size": [
        378.4974670410156,
        198
      ],
      "pos": [
        916,
        326
      ],
      "widgets_values": [
        "rife47.pth",
        10,
        2,
        true,
        true,
        1
      ],
      "inputs": [
        {
          "name": "frames",
          "link": 175,
          "label": "frames",
          "type": "IMAGE",
          "localized_name": "frames"
        },
        {
          "shape": 7,
          "name": "optional_interpolation_states",
          "label": "optional_interpolation_states",
          "type": "INTERPOLATION_STATES",
          "localized_name": "optional_interpolation_states"
        }
      ],
      "flags": {
        "pinned": false
      },
      "id": 66,
      "type": "RIFE VFI",
      "title": "RIFE VFI (recommend rife47 and rife49) aijuxi",
      "properties": {
        "Node name for S&R": "RIFE VFI"
      },
      "order": 12
    },
    {
      "mode": 0,
      "outputs": [
        {
          "shape": 3,
          "name": "IMAGE",
          "slot_index": 0,
          "links": [
            173,
            192
          ],
          "label": "IMAGE",
          "type": "IMAGE",
          "localized_name": "IMAGE"
        }
      ],
      "size": [
        372.6055603027344,
        130
      ],
      "pos": [
        918,
        743
      ],
      "widgets_values": [
        "nearest-exact",
        576,
        1024,
        "disabled"
      ],
      "inputs": [
        {
          "name": "image",
          "link": 176,
          "label": "image",
          "type": "IMAGE",
          "localized_name": "image"
        },
        {
          "widget": {
            "name": "width"
          },
          "name": "width",
          "link": 195,
          "type": "INT"
        },
        {
          "widget": {
            "name": "height"
          },
          "name": "height",
          "link": 196,
          "type": "INT"
        }
      ],
      "flags": {
        "pinned": false
      },
      "id": 69,
      "type": "ImageScale",
      "properties": {
        "Node name for S&R": "ImageScale"
      },
      "order": 13
    },
    {
      "mode": 0,
      "outputs": [],
      "size": [
        315,
        82
      ],
      "color": "rgba(38, 73, 116, 0.7)",
      "pos": [
        941,
        600
      ],
      "widgets_values": [
        true,
        true
      ],
      "inputs": [
        {
          "name": "anything",
          "link": 192,
          "label": "anything",
          "type": "*",
          "localized_name": "anything"
        }
      ],
      "flags": {},
      "id": 79,
      "type": "LayerUtility: PurgeVRAM",
      "properties": {
        "Node name for S&R": "LayerUtility: PurgeVRAM"
      },
      "order": 15
    },
    {
      "outputs": [],
      "color": "#432",
      "shape": 4,
      "widgets_values": [
        "对准视频 右击选择：Save preview，下载保存视频！\n\nB站艾橘溪"
      ],
      "inputs": [],
      "flags": {
        "pinned": true
      },
      "type": "Note",
      "title": "结果视频 保存方法",
      "mode": 0,
      "bgcolor": "#653",
      "size": [
        277.2961730957031,
        102.39171600341797
      ],
      "pos": [
        1180.1588134765625,
        1378.7862548828125
      ],
      "id": 78,
      "properties": {
        "text": ""
      },
      "order": 3
    },
    {
      "outputs": [
        {
          "shape": 3,
          "name": "IMAGE",
          "slot_index": 0,
          "links": [
            187
          ],
          "label": "IMAGE",
          "type": "IMAGE",
          "localized_name": "IMAGE"
        },
        {
          "shape": 3,
          "name": "MASK",
          "slot_index": 1,
          "label": "MASK",
          "type": "MASK",
          "localized_name": "MASK"
        }
      ],
      "color": "#232",
      "widgets_values": [
        "46991f2cd17752a3f43a93096836789cb87742362e212ea2f8e1075147c6c14e.png",
        "image",
        ""
      ],
      "inputs": [],
      "flags": {
        "pinned": true
      },
      "type": "LoadImage",
      "mode": 0,
      "bgcolor": "#353",
      "size": [
        319.7496643066406,
        597.3618774414062
      ],
      "pos": [
        -26.608211517333984,
        997.589111328125
      ],
      "id": 3,
      "properties": {
        "Node name for S&R": "LoadImage"
      },
      "order": 4
    },
    {
      "outputs": [
        {
          "name": "INT",
          "links": [
            194,
            196
          ],
          "label": "INT",
          "type": "INT",
          "localized_name": "INT"
        }
      ],
      "color": "#232",
      "widgets_values": [
        1024,
        "fixed"
      ],
      "inputs": [],
      "flags": {
        "pinned": true
      },
      "type": "PrimitiveInt",
      "title": "高度",
      "mode": 0,
      "bgcolor": "#353",
      "size": [
        249.73426818847656,
        85.03561401367188
      ],
      "pos": [
        317.0519714355469,
        1141.7861328125
      ],
      "id": 81,
      "properties": {
        "Node name for S&R": "PrimitiveInt"
      },
      "order": 6
    },
    {
      "outputs": [
        {
          "name": "INT",
          "links": [
            193,
            195
          ],
          "label": "INT",
          "type": "INT",
          "localized_name": "INT"
        }
      ],
      "color": "#232",
      "widgets_values": [
        576,
        "fixed"
      ],
      "inputs": [],
      "flags": {
        "pinned": true
      },
      "type": "PrimitiveInt",
      "title": "宽度",
      "mode": 0,
      "bgcolor": "#353",
      "size": [
        257.32330322265625,
        86.55342102050781
      ],
      "pos": [
        314.01654052734375,
        1003.303955078125
      ],
      "id": 80,
      "properties": {
        "Node name for S&R": "PrimitiveInt"
      },
      "order": 5
    },
    {
      "outputs": [
        {
          "shape": 3,
          "name": "IMAGE",
          "slot_index": 0,
          "links": [
            188
          ],
          "label": "IMAGE",
          "type": "IMAGE",
          "localized_name": "IMAGE"
        },
        {
          "shape": 3,
          "name": "frame_count",
          "label": "frame_count",
          "type": "INT",
          "localized_name": "frame_count"
        },
        {
          "shape": 3,
          "name": "audio",
          "slot_index": 2,
          "links": [
            157
          ],
          "label": "audio",
          "type": "AUDIO",
          "localized_name": "audio"
        },
        {
          "shape": 3,
          "name": "video_info",
          "label": "video_info",
          "type": "VHS_VIDEOINFO",
          "localized_name": "video_info"
        }
      ],
      "color": "#223",
      "widgets_values": {
        "custom_height": 512,
        "force_rate": 0,
        "custom_width": 512,
        "select_every_nth": 2,
        "frame_load_cap": 90,
        "videopreview": {
          "paused": false,
          "hidden": false,
          "params": {
            "force_rate": 0,
            "filename": "45412fc35774ac5728c7f0a7e82fa77f8481182d85d58bda917b5f1db3709ecf.mp4",
            "select_every_nth": 2,
            "frame_load_cap": 90,
            "format": "video/mp4",
            "name": "1月21日.mp4",
            "skip_first_frames": 0,
            "type": "input",
            "value": "video/7a10b0cec572436897883a40a74ee931/85a4986ef04403e767b83b2285178b88fcc15b0ebf2b7a1f2b20b264056cdf8b.mp4",
            "url": "https://liblibai-tmp-image.liblib.cloud/video/7a10b0cec572436897883a40a74ee931/85a4986ef04403e767b83b2285178b88fcc15b0ebf2b7a1f2b20b264056cdf8b.mp4"
          }
        },
        "video": "45412fc35774ac5728c7f0a7e82fa77f8481182d85d58bda917b5f1db3709ecf.mp4",
        "skip_first_frames": 0,
        "force_size": "Disabled",
        "choose video to upload": "image"
      },
      "inputs": [
        {
          "shape": 7,
          "name": "meta_batch",
          "label": "meta_batch",
          "type": "VHS_BatchManager",
          "localized_name": "meta_batch"
        },
        {
          "shape": 7,
          "name": "vae",
          "label": "vae",
          "type": "VAE",
          "localized_name": "vae"
        }
      ],
      "flags": {
        "pinned": true
      },
      "type": "VHS_LoadVideo",
      "mode": 0,
      "bgcolor": "#335",
      "size": [
        253.279296875,
        690.71875
      ],
      "pos": [
        593.303955078125,
        988.482177734375
      ],
      "id": 5,
      "properties": {
        "Node name for S&R": "VHS_LoadVideo"
      },
      "order": 1
    },
    {
      "outputs": [
        {
          "shape": 3,
          "name": "Filenames",
          "label": "Filenames",
          "type": "VHS_FILENAMES",
          "localized_name": "Filenames"
        }
      ],
      "color": "#232",
      "widgets_values": {
        "save_output": true,
        "filename_prefix": "rh/aijuxi",
        "loop_count": 0,
        "pix_fmt": "yuv420p",
        "save_metadata": true,
        "crf": 19,
        "videopreview": {
          "paused": false,
          "hidden": false,
          "params": {
            "filename": "aijuxi_00001-audio_panuf_1740214722_yimpj_1740214726.mp4",
            "workflow": "m_00007.png",
            "fullpath": "E:\\Comfyui-1219\\ComfyUI\\output\\mimic\\m_00007-audio.mp4",
            "format": "video/h264-mp4",
            "subfolder": "rh",
            "type": "output",
            "frame_rate": 30
          }
        },
        "format": "video/h264-mp4",
        "frame_rate": 30,
        "pingpong": false
      },
      "inputs": [
        {
          "name": "images",
          "link": 173,
          "label": "images",
          "type": "IMAGE",
          "localized_name": "images"
        },
        {
          "shape": 7,
          "name": "audio",
          "link": 157,
          "label": "audio",
          "type": "AUDIO",
          "localized_name": "audio"
        },
        {
          "shape": 7,
          "name": "meta_batch",
          "label": "meta_batch",
          "type": "VHS_BatchManager",
          "localized_name": "meta_batch"
        },
        {
          "shape": 7,
          "name": "vae",
          "label": "vae",
          "type": "VAE",
          "localized_name": "vae"
        }
      ],
      "flags": {
        "pinned": true
      },
      "type": "VHS_VideoCombine",
      "mode": 0,
      "bgcolor": "#353",
      "size": [
        272.7907409667969,
        771.417236328125
      ],
      "pos": [
        872.6793212890625,
        975.446533203125
      ],
      "id": 16,
      "properties": {
        "Node name for S&R": "VHS_VideoCombine"
      },
      "order": 14
    }
  ],
  "extra": {
    "ue_links": [],
    "0246.VERSION": [
      0,
      0,
      4
    ],
    "groupNodes": {
      "MimicMotion Sampler B站艾橘溪": {
        "external": [
          [
            2,
            0,
            "IMAGE"
          ]
        ],
        "nodes": [
          {
            "outputs": [
              {
                "shape": 3,
                "name": "scheduler",
                "links": [],
                "label": "scheduler",
                "type": "DIFFUSERS_SCHEDULER",
                "localized_name": "scheduler"
              }
            ],
            "color": "#332922",
            "widgets_values": [
              "EulerDiscreteScheduler",
              0.002,
              700,
              false
            ],
            "inputs": [],
            "flags": {},
            "index": 0,
            "type": "DiffusersScheduler",
            "mode": 0,
            "bgcolor": "#593930",
            "size": {
              "0": 240,
              "1": 130
            },
            "pos": [
              920,
              520
            ],
            "properties": {
              "Node name for S&R": "DiffusersScheduler"
            },
            "order": 3
          },
          {
            "outputs": [
              {
                "shape": 3,
                "name": "samples",
                "slot_index": 0,
                "links": [],
                "label": "samples",
                "type": "LATENT",
                "localized_name": "samples"
              }
            ],
            "color": "#322",
            "widgets_values": [
              20,
              2,
              2,
              42,
              "fixed",
              15,
              0,
              16,
              6,
              false,
              1,
              0,
              1,
              1
            ],
            "inputs": [
              {
                "name": "mimic_pipeline",
                "label": "mimic_pipeline",
                "type": "MIMICPIPE",
                "localized_name": "mimic_pipeline"
              },
              {
                "name": "ref_image",
                "label": "ref_image",
                "type": "IMAGE",
                "localized_name": "ref_image"
              },
              {
                "name": "pose_images",
                "label": "pose_images",
                "type": "IMAGE",
                "localized_name": "pose_images"
              },
              {
                "shape": 7,
                "name": "optional_scheduler",
                "label": "optional_scheduler",
                "type": "DIFFUSERS_SCHEDULER",
                "localized_name": "optional_scheduler"
              }
            ],
            "flags": {},
            "index": 1,
            "type": "MimicMotionSampler",
            "mode": 0,
            "bgcolor": "#533",
            "size": {
              "0": 280,
              "1": 430
            },
            "pos": [
              1240,
              220
            ],
            "properties": {
              "Node name for S&R": "MimicMotionSampler"
            },
            "order": 8
          },
          {
            "outputs": [
              {
                "shape": 3,
                "name": "images",
                "slot_index": 0,
                "links": [],
                "label": "images",
                "type": "IMAGE",
                "localized_name": "images"
              }
            ],
            "color": "#332922",
            "widgets_values": [
              4
            ],
            "inputs": [
              {
                "name": "mimic_pipeline",
                "slot_index": 0,
                "label": "mimic_pipeline",
                "type": "MIMICPIPE",
                "localized_name": "mimic_pipeline"
              },
              {
                "name": "samples",
                "label": "samples",
                "type": "LATENT",
                "localized_name": "samples"
              }
            ],
            "flags": {},
            "index": 2,
            "type": "MimicMotionDecode",
            "mode": 0,
            "bgcolor": "#593930",
            "size": {
              "0": 210,
              "1": 80
            },
            "pos": [
              1600,
              220
            ],
            "properties": {
              "Node name for S&R": "MimicMotionDecode"
            },
            "order": 9
          }
        ],
        "links": [
          [
            null,
            0,
            1,
            0,
            2,
            "MIMICPIPE"
          ],
          [
            null,
            0,
            1,
            1,
            28,
            "IMAGE"
          ],
          [
            null,
            0,
            1,
            2,
            9,
            "IMAGE"
          ],
          [
            0,
            0,
            1,
            3,
            61,
            "DIFFUSERS_SCHEDULER"
          ],
          [
            null,
            0,
            2,
            0,
            2,
            "MIMICPIPE"
          ],
          [
            1,
            0,
            2,
            1,
            57,
            "LATENT"
          ]
        ]
      },
      "MimicMotion Sampler": {
        "external": [
          [
            2,
            0,
            "IMAGE"
          ]
        ],
        "nodes": [
          {
            "outputs": [
              {
                "shape": 3,
                "name": "scheduler",
                "links": [],
                "label": "scheduler",
                "type": "DIFFUSERS_SCHEDULER",
                "localized_name": "scheduler"
              }
            ],
            "color": "#332922",
            "widgets_values": [
              "EulerDiscreteScheduler",
              0.002,
              700,
              false
            ],
            "inputs": [],
            "flags": {},
            "index": 0,
            "type": "DiffusersScheduler",
            "mode": 0,
            "bgcolor": "#593930",
            "size": {
              "0": 240,
              "1": 130
            },
            "pos": [
              920,
              520
            ],
            "properties": {
              "Node name for S&R": "DiffusersScheduler"
            },
            "order": 3
          },
          {
            "outputs": [
              {
                "shape": 3,
                "name": "samples",
                "slot_index": 0,
                "links": [],
                "label": "samples",
                "type": "LATENT",
                "localized_name": "samples"
              }
            ],
            "color": "#322",
            "widgets_values": [
              20,
              2,
              2,
              42,
              "fixed",
              15,
              0,
              16,
              6,
              false,
              1,
              0,
              1,
              1
            ],
            "inputs": [
              {
                "name": "mimic_pipeline",
                "label": "mimic_pipeline",
                "type": "MIMICPIPE",
                "localized_name": "mimic_pipeline"
              },
              {
                "name": "ref_image",
                "label": "ref_image",
                "type": "IMAGE",
                "localized_name": "ref_image"
              },
              {
                "name": "pose_images",
                "label": "pose_images",
                "type": "IMAGE",
                "localized_name": "pose_images"
              },
              {
                "shape": 7,
                "name": "optional_scheduler",
                "label": "optional_scheduler",
                "type": "DIFFUSERS_SCHEDULER",
                "localized_name": "optional_scheduler"
              }
            ],
            "flags": {},
            "index": 1,
            "type": "MimicMotionSampler",
            "mode": 0,
            "bgcolor": "#533",
            "size": {
              "0": 280,
              "1": 430
            },
            "pos": [
              1240,
              220
            ],
            "properties": {
              "Node name for S&R": "MimicMotionSampler"
            },
            "order": 8
          },
          {
            "outputs": [
              {
                "shape": 3,
                "name": "images",
                "slot_index": 0,
                "links": [],
                "label": "images",
                "type": "IMAGE",
                "localized_name": "images"
              }
            ],
            "color": "#332922",
            "widgets_values": [
              4
            ],
            "inputs": [
              {
                "name": "mimic_pipeline",
                "slot_index": 0,
                "label": "mimic_pipeline",
                "type": "MIMICPIPE",
                "localized_name": "mimic_pipeline"
              },
              {
                "name": "samples",
                "label": "samples",
                "type": "LATENT",
                "localized_name": "samples"
              }
            ],
            "flags": {},
            "index": 2,
            "type": "MimicMotionDecode",
            "mode": 0,
            "bgcolor": "#593930",
            "size": {
              "0": 210,
              "1": 80
            },
            "pos": [
              1600,
              220
            ],
            "properties": {
              "Node name for S&R": "MimicMotionDecode"
            },
            "order": 9
          }
        ],
        "links": [
          [
            null,
            0,
            1,
            0,
            2,
            "MIMICPIPE"
          ],
          [
            null,
            0,
            1,
            1,
            28,
            "IMAGE"
          ],
          [
            null,
            0,
            1,
            2,
            9,
            "IMAGE"
          ],
          [
            0,
            0,
            1,
            3,
            61,
            "DIFFUSERS_SCHEDULER"
          ],
          [
            null,
            0,
            2,
            0,
            2,
            "MIMICPIPE"
          ],
          [
            1,
            0,
            2,
            1,
            57,
            "LATENT"
          ]
        ]
      },
      "图像缩放": {
        "external": [
          [
            0,
            0,
            "IMAGE"
          ],
          [
            1,
            0,
            "IMAGE"
          ]
        ],
        "nodes": [
          {
            "outputs": [
              {
                "shape": 3,
                "name": "IMAGE",
                "slot_index": 0,
                "links": [],
                "label": "图像",
                "type": "IMAGE",
                "localized_name": "IMAGE"
              },
              {
                "shape": 3,
                "name": "width",
                "slot_index": 1,
                "links": [],
                "label": "宽度",
                "type": "INT",
                "localized_name": "width"
              },
              {
                "shape": 3,
                "name": "height",
                "slot_index": 2,
                "links": [],
                "label": "高度",
                "type": "INT",
                "localized_name": "height"
              }
            ],
            "color": "#322",
            "widgets_values": [
              768,
              1024,
              "lanczos",
              false,
              64,
              0,
              0,
              "center"
            ],
            "inputs": [
              {
                "name": "image",
                "label": "图像",
                "type": "IMAGE",
                "localized_name": "image"
              },
              {
                "shape": 7,
                "name": "get_image_size",
                "label": "参考图像大小",
                "type": "IMAGE",
                "localized_name": "get_image_size"
              },
              {
                "widget": {
                  "name": "width_input"
                },
                "shape": 7,
                "name": "width_input",
                "label": "宽度",
                "type": "INT"
              },
              {
                "widget": {
                  "name": "height_input"
                },
                "shape": 7,
                "name": "height_input",
                "label": "高度",
                "type": "INT"
              }
            ],
            "flags": {},
            "index": 0,
            "type": "ImageResizeKJ",
            "mode": 0,
            "bgcolor": "#533",
            "size": [
              260,
              240
            ],
            "pos": [
              240,
              220
            ],
            "properties": {
              "Node name for S&R": "ImageResizeKJ"
            },
            "order": 3
          },
          {
            "outputs": [
              {
                "shape": 3,
                "name": "IMAGE",
                "slot_index": 0,
                "links": [],
                "label": "图像",
                "type": "IMAGE",
                "localized_name": "IMAGE"
              },
              {
                "shape": 3,
                "name": "width",
                "label": "宽度",
                "type": "INT",
                "localized_name": "width"
              },
              {
                "shape": 3,
                "name": "height",
                "label": "高度",
                "type": "INT",
                "localized_name": "height"
              }
            ],
            "color": "#322",
            "widgets_values": [
              768,
              1024,
              "lanczos",
              false,
              64,
              0,
              0,
              "center"
            ],
            "inputs": [
              {
                "name": "image",
                "label": "图像",
                "type": "IMAGE",
                "localized_name": "image"
              },
              {
                "shape": 7,
                "name": "get_image_size",
                "label": "参考图像大小",
                "type": "IMAGE",
                "localized_name": "get_image_size"
              },
              {
                "widget": {
                  "name": "width_input"
                },
                "shape": 7,
                "name": "width_input",
                "label": "宽度",
                "type": "INT"
              },
              {
                "widget": {
                  "name": "height_input"
                },
                "shape": 7,
                "name": "height_input",
                "label": "高度",
                "type": "INT"
              }
            ],
            "flags": {},
            "index": 1,
            "type": "ImageResizeKJ",
            "mode": 0,
            "bgcolor": "#533",
            "size": [
              270,
              240
            ],
            "pos": [
              570,
              410
            ],
            "properties": {
              "Node name for S&R": "ImageResizeKJ"
            },
            "order": 4
          }
        ],
        "links": [
          [
            null,
            0,
            0,
            0,
            3,
            "IMAGE"
          ],
          [
            null,
            0,
            1,
            0,
            5,
            "IMAGE"
          ],
          [
            0,
            1,
            1,
            2,
            28,
            "INT"
          ],
          [
            0,
            2,
            1,
            3,
            28,
            "INT"
          ]
        ]
      }
    },
    "ds": {
      "offset": [
        739.974755063786,
        -260.58237521723663
      ],
      "scale": 0.6588450000000002
    }
  },
  "groups": [
    {
      "color": "#b58b2a",
      "font_size": 24,
      "flags": {},
      "id": 1,
      "title": "图片生成跳舞视频 MimicMotion！B站：艾橘溪。Ai微信群，请加微信号：abinsz，进群",
      "bounding": [
        -120,
        57,
        1478,
        871
      ]
    },
    {
      "color": "#3f789e",
      "font_size": 24,
      "flags": {},
      "id": 2,
      "title": "B站艾橘溪",
      "bounding": [
        523,
        518,
        190,
        80
      ]
    }
  ],
  "links": [
    [
      112,
      42,
      0,
      9,
      0,
      "IMAGE"
    ],
    [
      157,
      5,
      2,
      16,
      1,
      "VHS_AUDIO"
    ],
    [
      173,
      69,
      0,
      16,
      0,
      "IMAGE"
    ],
    [
      175,
      68,
      0,
      66,
      0,
      "IMAGE"
    ],
    [
      176,
      66,
      0,
      69,
      0,
      "IMAGE"
    ],
    [
      177,
      2,
      0,
      74,
      0,
      "MIMICPIPE"
    ],
    [
      178,
      74,
      0,
      68,
      0,
      "IMAGE"
    ],
    [
      179,
      9,
      0,
      74,
      2,
      "IMAGE"
    ],
    [
      180,
      2,
      0,
      74,
      3,
      "MIMICPIPE"
    ],
    [
      187,
      3,
      0,
      77,
      0,
      "IMAGE"
    ],
    [
      188,
      5,
      0,
      77,
      2,
      "IMAGE"
    ],
    [
      189,
      77,
      0,
      42,
      0,
      "IMAGE"
    ],
    [
      190,
      77,
      1,
      42,
      1,
      "IMAGE"
    ],
    [
      191,
      77,
      0,
      74,
      1,
      "IMAGE"
    ],
    [
      192,
      69,
      0,
      79,
      0,
      "*"
    ],
    [
      193,
      80,
      0,
      77,
      6,
      "INT"
    ],
    [
      194,
      81,
      0,
      77,
      7,
      "INT"
    ],
    [
      195,
      80,
      0,
      69,
      1,
      "INT"
    ],
    [
      196,
      81,
      0,
      69,
      2,
      "INT"
    ]
  ],
  "id": "687e5229-bedc-4d25-a64c-b41fcbf06046",
  "config": {},
  "version": 0.4,
  "last_node_id": 81,
  "revision": 0
}