{
  "last_link_id": 165,
  "nodes": [
    {
      "outputs": [],
      "color": "#322",
      "widgets_values": [],
      "inputs": [
        {
          "name": "images",
          "link": 31,
          "label": "图像",
          "type": "IMAGE",
          "localized_name": "图像"
        }
      ],
      "flags": {},
      "type": "PreviewImage",
      "mode": 0,
      "bgcolor": "#533",
      "size": [
        492.5583190917969,
        513.03515625
      ],
      "pos": [
        8672.556640625,
        2782.432373046875
      ],
      "id": 29,
      "properties": {
        "Node name for S&R": "PreviewImage",
        "ttNbgOverride": {
          "bgcolor": "#533",
          "groupcolor": "#A88",
          "color": "#322"
        }
      },
      "order": 56
    },
    {
      "outputs": [],
      "color": "#322",
      "widgets_values": [
        "1.0"
      ],
      "inputs": [
        {
          "name": "source",
          "link": 32,
          "label": "输入",
          "dir": 3,
          "type": "*",
          "localized_name": "source"
        }
      ],
      "flags": {},
      "type": "Display Any (rgthree)",
      "mode": 0,
      "bgcolor": "#533",
      "size": [
        210,
        88
      ],
      "pos": [
        8918.068359375,
        3383.015625
      ],
      "id": 30,
      "properties": {
        "Node name for S&R": "Display Any (rgthree)",
        "ttNbgOverride": {
          "bgcolor": "#533",
          "groupcolor": "#A88",
          "color": "#322"
        }
      },
      "order": 47
    },
    {
      "outputs": [],
      "color": "#322",
      "widgets_values": [
        "856"
      ],
      "inputs": [
        {
          "name": "source",
          "link": 33,
          "label": "输入",
          "dir": 3,
          "type": "*",
          "localized_name": "source"
        }
      ],
      "flags": {},
      "type": "Display Any (rgthree)",
      "mode": 0,
      "bgcolor": "#533",
      "size": [
        210,
        88
      ],
      "pos": [
        8668.802734375,
        3386.97216796875
      ],
      "id": 31,
      "properties": {
        "Node name for S&R": "Display Any (rgthree)",
        "ttNbgOverride": {
          "bgcolor": "#533",
          "groupcolor": "#A88",
          "color": "#322"
        }
      },
      "order": 50
    },
    {
      "outputs": [],
      "color": "#322",
      "widgets_values": [
        "1280"
      ],
      "inputs": [
        {
          "name": "source",
          "link": 34,
          "label": "输入",
          "dir": 3,
          "type": "*",
          "localized_name": "source"
        }
      ],
      "flags": {},
      "type": "Display Any (rgthree)",
      "mode": 0,
      "bgcolor": "#533",
      "size": [
        210,
        88
      ],
      "pos": [
        8414.2578125,
        3381.447265625
      ],
      "id": 32,
      "properties": {
        "Node name for S&R": "Display Any (rgthree)",
        "ttNbgOverride": {
          "bgcolor": "#533",
          "groupcolor": "#A88",
          "color": "#322"
        }
      },
      "order": 44
    },
    {
      "mode": 0,
      "outputs": [
        {
          "name": "image",
          "slot_index": 0,
          "links": [
            42
          ],
          "label": "图像",
          "type": "IMAGE",
          "localized_name": "image"
        }
      ],
      "size": [
        226.8000030517578,
        130
      ],
      "color": "rgba(38, 73, 116, 0.7)",
      "pos": [
        6922.7685546875,
        1523.7691650390625
      ],
      "widgets_values": [
        "custom",
        512,
        512,
        "#000000"
      ],
      "inputs": [
        {
          "shape": 7,
          "name": "size_as",
          "link": 38,
          "label": "参考大小",
          "type": "*",
          "localized_name": "size_as"
        },
        {
          "widget": {
            "name": "color"
          },
          "name": "color",
          "link": 39,
          "label": "color",
          "type": "STRING",
          "localized_name": "颜色"
        }
      ],
      "flags": {},
      "id": 34,
      "type": "LayerUtility: ColorImage V2",
      "properties": {
        "Node name for S&R": "LayerUtility: ColorImage V2"
      },
      "order": 24
    },
    {
      "mode": 0,
      "outputs": [
        {
          "name": "image",
          "slot_index": 0,
          "links": [
            60,
            84
          ],
          "label": "图像",
          "type": "IMAGE",
          "localized_name": "image"
        }
      ],
      "size": [
        226.8000030517578,
        170
      ],
      "color": "rgba(20, 95, 121, 0.7)",
      "pos": [
        7341.1796875,
        1522.5521240234375
      ],
      "widgets_values": [
        false,
        "normal",
        0,
        "#FFBF30"
      ],
      "inputs": [
        {
          "name": "background_image",
          "link": 42,
          "label": "背景图像",
          "type": "IMAGE",
          "localized_name": "background_image"
        },
        {
          "name": "layer_image",
          "link": 43,
          "label": "图像层",
          "type": "IMAGE",
          "localized_name": "layer_image"
        },
        {
          "shape": 7,
          "name": "layer_mask",
          "link": 44,
          "label": "遮罩层",
          "type": "MASK",
          "localized_name": "layer_mask"
        },
        {
          "widget": {
            "name": "color"
          },
          "name": "color",
          "link": 45,
          "label": "color",
          "type": "STRING",
          "localized_name": "颜色"
        }
      ],
      "flags": {},
      "id": 36,
      "type": "LayerStyle: ColorOverlay V2",
      "properties": {
        "Node name for S&R": "LayerStyle: ColorOverlay V2"
      },
      "order": 28
    },
    {
      "outputs": [],
      "color": "#322",
      "widgets_values": [],
      "inputs": [
        {
          "name": "images",
          "link": 51,
          "label": "图像",
          "type": "IMAGE",
          "localized_name": "图像"
        }
      ],
      "flags": {},
      "type": "PreviewImage",
      "mode": 0,
      "bgcolor": "#533",
      "size": [
        311.3863220214844,
        246
      ],
      "pos": [
        7975.1015625,
        2180.312255859375
      ],
      "id": 39,
      "properties": {
        "Node name for S&R": "PreviewImage",
        "ttNbgOverride": {
          "bgcolor": "#533",
          "groupcolor": "#A88",
          "color": "#322"
        }
      },
      "order": 39
    },
    {
      "outputs": [],
      "color": "#322",
      "widgets_values": [],
      "inputs": [
        {
          "name": "images",
          "link": 60,
          "label": "图像",
          "type": "IMAGE",
          "localized_name": "图像"
        }
      ],
      "flags": {},
      "type": "PreviewImage",
      "mode": 0,
      "bgcolor": "#533",
      "size": [
        210,
        246
      ],
      "pos": [
        7354.5068359375,
        1779.4910888671875
      ],
      "id": 47,
      "properties": {
        "Node name for S&R": "PreviewImage",
        "ttNbgOverride": {
          "bgcolor": "#533",
          "groupcolor": "#A88",
          "color": "#322"
        }
      },
      "order": 30
    },
    {
      "outputs": [
        {
          "name": "INT",
          "label": "整数",
          "type": "INT",
          "localized_name": "整数"
        },
        {
          "name": "FLOAT",
          "slot_index": 1,
          "links": [
            32,
            67
          ],
          "label": "浮点",
          "type": "FLOAT",
          "localized_name": "浮点"
        }
      ],
      "color": "#322",
      "widgets_values": [
        "a/b"
      ],
      "inputs": [
        {
          "shape": 7,
          "name": "a",
          "link": 64,
          "label": "a",
          "type": "*",
          "localized_name": "A"
        },
        {
          "shape": 7,
          "name": "b",
          "link": 65,
          "label": "b",
          "type": "*",
          "localized_name": "B"
        },
        {
          "shape": 7,
          "name": "c",
          "label": "c",
          "type": "*",
          "localized_name": "c"
        }
      ],
      "flags": {},
      "type": "SimpleMath+",
      "mode": 0,
      "bgcolor": "#533",
      "size": [
        214.2727508544922,
        98
      ],
      "pos": [
        8395.814453125,
        3039.208984375
      ],
      "id": 49,
      "properties": {
        "Node name for S&R": "SimpleMath+",
        "ttNbgOverride": {
          "bgcolor": "#533",
          "groupcolor": "#A88",
          "color": "#322"
        }
      },
      "order": 45
    },
    {
      "outputs": [
        {
          "name": "INT",
          "slot_index": 0,
          "links": [
            33,
            37
          ],
          "label": "整数",
          "type": "INT",
          "localized_name": "整数"
        },
        {
          "name": "FLOAT",
          "slot_index": 1,
          "links": [],
          "label": "浮点",
          "type": "FLOAT",
          "localized_name": "浮点"
        }
      ],
      "color": "#322",
      "widgets_values": [
        "a/b"
      ],
      "inputs": [
        {
          "shape": 7,
          "name": "a",
          "link": 66,
          "label": "a",
          "type": "*",
          "localized_name": "A"
        },
        {
          "shape": 7,
          "name": "b",
          "link": 67,
          "label": "b",
          "type": "*",
          "localized_name": "B"
        },
        {
          "shape": 7,
          "name": "c",
          "label": "c",
          "type": "*",
          "localized_name": "c"
        }
      ],
      "flags": {},
      "type": "SimpleMath+",
      "mode": 0,
      "bgcolor": "#533",
      "size": [
        210,
        98
      ],
      "pos": [
        8405.7421875,
        3173.236328125
      ],
      "id": 50,
      "properties": {
        "Node name for S&R": "SimpleMath+",
        "ttNbgOverride": {
          "bgcolor": "#533",
          "groupcolor": "#A88",
          "color": "#322"
        }
      },
      "order": 48
    },
    {
      "outputs": [
        {
          "name": "width",
          "label": "宽度",
          "type": "INT",
          "localized_name": "width"
        },
        {
          "name": "height",
          "links": [
            34,
            36,
            65
          ],
          "label": "高度",
          "type": "INT",
          "localized_name": "height"
        },
        {
          "name": "count",
          "label": "count",
          "type": "INT",
          "localized_name": "count"
        }
      ],
      "color": "#322",
      "widgets_values": [],
      "inputs": [
        {
          "name": "image",
          "link": 104,
          "label": "图像",
          "type": "IMAGE",
          "localized_name": "image"
        }
      ],
      "flags": {},
      "type": "GetImageSize+",
      "mode": 0,
      "bgcolor": "#533",
      "size": [
        210,
        66
      ],
      "pos": [
        8070.9951171875,
        2851.715576171875
      ],
      "id": 54,
      "properties": {
        "Node name for S&R": "GetImageSize+",
        "ttNbgOverride": {
          "bgcolor": "#533",
          "groupcolor": "#A88",
          "color": "#322"
        }
      },
      "order": 41
    },
    {
      "outputs": [
        {
          "name": "*",
          "slot_index": 0,
          "links": [
            46
          ],
          "label": "输出",
          "type": "*",
          "localized_name": "*"
        }
      ],
      "color": "#322",
      "widgets_values": [
        true
      ],
      "inputs": [
        {
          "name": "on_true",
          "link": 84,
          "label": "真",
          "type": "*",
          "localized_name": "on_true"
        },
        {
          "name": "on_false",
          "link": 85,
          "label": "假",
          "type": "*",
          "localized_name": "on_false"
        }
      ],
      "flags": {},
      "type": "Switch any [Crystools]",
      "mode": 0,
      "bgcolor": "#533",
      "size": [
        210,
        86.78070831298828
      ],
      "pos": [
        6884.009765625,
        2169.533447265625
      ],
      "id": 64,
      "properties": {
        "Node name for S&R": "Switch any [Crystools]",
        "ttNbgOverride": {
          "bgcolor": "#533",
          "groupcolor": "#A88",
          "color": "#322"
        }
      },
      "order": 31
    },
    {
      "mode": 0,
      "outputs": [
        {
          "name": "birefnet_model",
          "links": [
            87
          ],
          "label": "birefnet_model",
          "type": "BIREFNET_MODEL",
          "localized_name": "birefnet_model"
        }
      ],
      "size": [
        352.79998779296875,
        58
      ],
      "color": "rgba(27, 80, 119, 0.7)",
      "pos": [
        6547.9208984375,
        1700.9312744140625
      ],
      "widgets_values": [
        "RMBG-2.0"
      ],
      "inputs": [],
      "flags": {},
      "id": 65,
      "type": "LayerMask: LoadBiRefNetModelV2",
      "properties": {
        "Node name for S&R": "LayerMask: LoadBiRefNetModelV2"
      },
      "order": 0
    },
    {
      "mode": 0,
      "outputs": [
        {
          "name": "image",
          "links": [
            43
          ],
          "label": "图像",
          "type": "IMAGE",
          "localized_name": "image"
        },
        {
          "name": "mask",
          "links": [
            38,
            44
          ],
          "label": "遮罩",
          "type": "MASK",
          "localized_name": "mask"
        }
      ],
      "size": [
        315,
        246
      ],
      "color": "rgba(27, 80, 119, 0.7)",
      "pos": [
        6942.1162109375,
        1794.4117431640625
      ],
      "widgets_values": [
        "VITMatte",
        4,
        2,
        0.01,
        0.99,
        false,
        "cuda",
        2
      ],
      "inputs": [
        {
          "name": "image",
          "link": 86,
          "label": "图像",
          "type": "IMAGE",
          "localized_name": "image"
        },
        {
          "name": "birefnet_model",
          "link": 87,
          "label": "BiRefNet模型",
          "type": "BIREFNET_MODEL",
          "localized_name": "birefnet_model"
        }
      ],
      "flags": {},
      "id": 66,
      "type": "LayerMask: BiRefNetUltraV2",
      "properties": {
        "Node name for S&R": "LayerMask: BiRefNetUltraV2"
      },
      "order": 17
    },
    {
      "outputs": [
        {
          "shape": 3,
          "name": "CONDITIONING",
          "slot_index": 0,
          "links": [
            68
          ],
          "label": "条件",
          "type": "CONDITIONING",
          "localized_name": "条件"
        }
      ],
      "color": "#322",
      "widgets_values": [
        50
      ],
      "inputs": [
        {
          "name": "conditioning",
          "link": 80,
          "label": "条件",
          "type": "CONDITIONING",
          "localized_name": "条件"
        }
      ],
      "flags": {},
      "type": "FluxGuidance",
      "mode": 0,
      "bgcolor": "#533",
      "size": [
        211.60000610351562,
        58
      ],
      "pos": [
        9109.5927734375,
        2299.547119140625
      ],
      "id": 59,
      "properties": {
        "Node name for S&R": "FluxGuidance",
        "ttNbgOverride": {
          "bgcolor": "#533",
          "groupcolor": "#A88",
          "color": "#322"
        }
      },
      "order": 26
    },
    {
      "outputs": [
        {
          "name": "positive",
          "slot_index": 0,
          "links": [
            158
          ],
          "label": "正面条件",
          "type": "CONDITIONING",
          "localized_name": "正面条件"
        },
        {
          "name": "negative",
          "slot_index": 1,
          "links": [
            49
          ],
          "label": "负面条件",
          "type": "CONDITIONING",
          "localized_name": "负面条件"
        },
        {
          "name": "latent",
          "slot_index": 2,
          "links": [
            50
          ],
          "label": "Latent",
          "type": "LATENT",
          "localized_name": "Latent"
        }
      ],
      "color": "#322",
      "widgets_values": [
        true
      ],
      "inputs": [
        {
          "name": "positive",
          "link": 68,
          "label": "正面条件",
          "type": "CONDITIONING",
          "localized_name": "正面条件"
        },
        {
          "name": "negative",
          "link": 69,
          "label": "负面条件",
          "type": "CONDITIONING",
          "localized_name": "负面条件"
        },
        {
          "name": "vae",
          "link": 70,
          "label": "VAE",
          "type": "VAE",
          "localized_name": "vae"
        },
        {
          "name": "pixels",
          "link": 71,
          "label": "图像",
          "type": "IMAGE",
          "localized_name": "像素"
        },
        {
          "name": "mask",
          "link": 72,
          "label": "遮罩",
          "type": "MASK",
          "localized_name": "遮罩"
        }
      ],
      "flags": {},
      "type": "InpaintModelConditioning",
      "mode": 0,
      "bgcolor": "#533",
      "size": [
        302.4000244140625,
        138
      ],
      "pos": [
        9068.4228515625,
        2439.43212890625
      ],
      "id": 51,
      "properties": {
        "Node name for S&R": "InpaintModelConditioning",
        "ttNbgOverride": {
          "bgcolor": "#533",
          "groupcolor": "#A88",
          "color": "#322"
        }
      },
      "order": 46
    },
    {
      "mode": 0,
      "outputs": [
        {
          "name": "value",
          "slot_index": 0,
          "links": [
            39,
            45
          ],
          "label": "值",
          "type": "STRING",
          "localized_name": "value"
        }
      ],
      "size": [
        210,
        94
      ],
      "color": "rgba(38, 73, 116, 0.7)",
      "pos": [
        6589.900390625,
        1545.2926025390625
      ],
      "widgets_values": [
        "#a19797",
        "HEX"
      ],
      "inputs": [],
      "flags": {},
      "id": 28,
      "type": "LayerUtility: ColorPicker",
      "properties": {
        "Node name for S&R": "LayerUtility: ColorPicker"
      },
      "order": 1
    },
    {
      "outputs": [],
      "color": "#322",
      "widgets_values": [],
      "inputs": [
        {
          "name": "images",
          "link": 110,
          "label": "图像",
          "type": "IMAGE",
          "localized_name": "图像"
        }
      ],
      "flags": {},
      "type": "PreviewImage",
      "mode": 0,
      "bgcolor": "#533",
      "size": [
        210,
        246
      ],
      "pos": [
        7776.43212890625,
        2607.77734375
      ],
      "id": 75,
      "properties": {
        "Node name for S&R": "PreviewImage",
        "ttNbgOverride": {
          "bgcolor": "#533",
          "groupcolor": "#A88",
          "color": "#322"
        }
      },
      "order": 42
    },
    {
      "outputs": [
        {
          "name": "IMAGE",
          "slot_index": 0,
          "links": [
            75,
            82,
            160
          ],
          "label": "图像",
          "type": "IMAGE",
          "localized_name": "图像"
        },
        {
          "name": "width",
          "label": "宽度",
          "type": "INT",
          "localized_name": "width"
        },
        {
          "name": "height",
          "label": "高度",
          "type": "INT",
          "localized_name": "height"
        }
      ],
      "color": "#322",
      "widgets_values": [
        1280,
        1280,
        "lanczos",
        true,
        8,
        0
      ],
      "inputs": [
        {
          "name": "image",
          "link": 46,
          "label": "图像",
          "type": "IMAGE",
          "localized_name": "image"
        },
        {
          "shape": 7,
          "name": "get_image_size",
          "label": "参考图像",
          "type": "IMAGE",
          "localized_name": "get_image_size"
        }
      ],
      "flags": {},
      "type": "ImageResizeKJ",
      "mode": 0,
      "bgcolor": "#533",
      "size": [
        258.2339782714844,
        266
      ],
      "pos": [
        6888.87890625,
        2306.876953125
      ],
      "id": 37,
      "properties": {
        "Node name for S&R": "ImageResizeKJ",
        "ttNbgOverride": {
          "bgcolor": "#533",
          "groupcolor": "#A88",
          "color": "#322"
        }
      },
      "order": 33
    },
    {
      "outputs": [
        {
          "name": "MASK",
          "slot_index": 0,
          "links": [
            29
          ],
          "label": "遮罩",
          "type": "MASK",
          "localized_name": "遮罩"
        }
      ],
      "color": "#322",
      "widgets_values": [
        "red"
      ],
      "inputs": [
        {
          "name": "image",
          "link": 103,
          "label": "图像",
          "type": "IMAGE",
          "localized_name": "图像"
        }
      ],
      "flags": {},
      "type": "ImageToMask",
      "mode": 0,
      "bgcolor": "#533",
      "size": [
        210,
        58
      ],
      "pos": [
        8081.4716796875,
        2618.56591796875
      ],
      "id": 44,
      "properties": {
        "Node name for S&R": "ImageToMask",
        "ttNbgOverride": {
          "bgcolor": "#533",
          "groupcolor": "#A88",
          "color": "#322"
        }
      },
      "order": 40
    },
    {
      "mode": 0,
      "outputs": [
        {
          "name": "image",
          "slot_index": 0,
          "links": [
            118
          ],
          "label": "图像",
          "type": "IMAGE",
          "localized_name": "image"
        },
        {
          "name": "mask",
          "slot_index": 1,
          "links": [],
          "label": "遮罩",
          "type": "MASK",
          "localized_name": "mask"
        },
        {
          "name": "original_size",
          "label": "原始大小",
          "type": "BOX",
          "localized_name": "original_size"
        },
        {
          "name": "width",
          "label": "width",
          "type": "INT",
          "localized_name": "width"
        },
        {
          "name": "height",
          "label": "height",
          "type": "INT",
          "localized_name": "height"
        }
      ],
      "size": [
        285.6000061035156,
        210
      ],
      "color": "rgba(38, 73, 116, 0.7)",
      "pos": [
        6915.373046875,
        2606.204833984375
      ],
      "widgets_values": [
        1,
        "lanczos",
        "longest",
        1280
      ],
      "inputs": [
        {
          "name": "image",
          "link": 115,
          "label": "图像",
          "type": "IMAGE",
          "localized_name": "image"
        },
        {
          "shape": 7,
          "name": "mask",
          "label": "遮罩",
          "type": "MASK",
          "localized_name": "mask"
        },
        {
          "shape": 7,
          "name": "original_size",
          "label": "原始大小",
          "type": "BOX",
          "localized_name": "original_size"
        }
      ],
      "flags": {},
      "id": 79,
      "type": "LayerUtility: ImageScaleRestore V2",
      "properties": {
        "Node name for S&R": "LayerUtility: ImageScaleRestore V2"
      },
      "order": 16
    },
    {
      "outputs": [
        {
          "name": "IMAGE",
          "slot_index": 0,
          "links": [
            103,
            104,
            110
          ],
          "label": "图像",
          "type": "IMAGE",
          "localized_name": "图像"
        }
      ],
      "color": "#322",
      "widgets_values": [
        "right",
        true
      ],
      "inputs": [
        {
          "name": "image1",
          "link": 133,
          "label": "图像_1",
          "type": "IMAGE",
          "localized_name": "image1"
        },
        {
          "name": "image2",
          "link": 132,
          "label": "图像_2",
          "type": "IMAGE",
          "localized_name": "image2"
        }
      ],
      "flags": {},
      "type": "ImageConcanate",
      "mode": 0,
      "bgcolor": "#533",
      "size": [
        277.368408203125,
        103.25438690185547
      ],
      "pos": [
        7670.6396484375,
        2361.3134765625
      ],
      "id": 52,
      "properties": {
        "Node name for S&R": "ImageConcanate",
        "ttNbgOverride": {
          "bgcolor": "#533",
          "groupcolor": "#A88",
          "color": "#322"
        }
      },
      "order": 38
    },
    {
      "mode": 0,
      "outputs": [
        {
          "name": "image",
          "slot_index": 0,
          "links": [
            133
          ],
          "label": "图像",
          "type": "IMAGE",
          "localized_name": "image"
        }
      ],
      "size": [
        315,
        130
      ],
      "color": "rgba(38, 73, 116, 0.7)",
      "pos": [
        7316.0498046875,
        2362.57958984375
      ],
      "widgets_values": [
        "custom",
        512,
        512,
        "#000000"
      ],
      "inputs": [
        {
          "shape": 7,
          "name": "size_as",
          "link": 75,
          "label": "参考大小",
          "type": "*",
          "localized_name": "size_as"
        }
      ],
      "flags": {},
      "id": 53,
      "type": "LayerUtility: ColorImage V2",
      "properties": {
        "Node name for S&R": "LayerUtility: ColorImage V2"
      },
      "order": 35
    },
    {
      "outputs": [],
      "color": "#322",
      "widgets_values": [],
      "inputs": [
        {
          "name": "images",
          "link": 135,
          "label": "图像",
          "type": "IMAGE",
          "localized_name": "图像"
        }
      ],
      "flags": {},
      "type": "PreviewImage",
      "mode": 0,
      "bgcolor": "#533",
      "size": [
        210,
        246
      ],
      "pos": [
        7900.2587890625,
        3020.044921875
      ],
      "id": 88,
      "properties": {
        "Node name for S&R": "PreviewImage",
        "ttNbgOverride": {
          "bgcolor": "#533",
          "groupcolor": "#A88",
          "color": "#322"
        }
      },
      "order": 37
    },
    {
      "mode": 0,
      "outputs": [],
      "bgcolor": "#fff0",
      "size": [
        100,
        50
      ],
      "color": "#fff0",
      "pos": [
        7043,
        1279
      ],
      "inputs": [],
      "flags": {
        "pinned": true,
        "allow_interaction": false
      },
      "id": 91,
      "type": "Label (rgthree)",
      "properties": {
        "padding": 0,
        "backgroundColor": "transparent",
        "fontFamily": "Arial",
        "borderRadius": 0,
        "textAlign": "left",
        "fontSize": 50,
        "fontColor": "#ffffff"
      },
      "order": 2
    },
    {
      "mode": 0,
      "outputs": [],
      "bgcolor": "#fff0",
      "size": [
        100,
        50
      ],
      "color": "#fff0",
      "pos": [
        7532,
        1280
      ],
      "inputs": [],
      "flags": {
        "pinned": true,
        "allow_interaction": false
      },
      "id": 92,
      "type": "Label (rgthree)",
      "properties": {
        "padding": 0,
        "backgroundColor": "transparent",
        "fontFamily": "Arial",
        "borderRadius": 0,
        "textAlign": "left",
        "fontSize": 50,
        "fontColor": "#ffffff"
      },
      "order": 3
    },
    {
      "outputs": [
        {
          "name": "IMAGE",
          "slot_index": 0,
          "links": [
            30,
            35,
            137
          ],
          "label": "图像",
          "type": "IMAGE",
          "localized_name": "图像"
        }
      ],
      "color": "#322",
      "widgets_values": [],
      "inputs": [
        {
          "name": "samples",
          "link": 27,
          "label": "Latent",
          "type": "LATENT",
          "localized_name": "Latent"
        },
        {
          "name": "vae",
          "link": 28,
          "label": "VAE",
          "type": "VAE",
          "localized_name": "vae"
        }
      ],
      "flags": {},
      "type": "VAEDecode",
      "mode": 0,
      "bgcolor": "#533",
      "size": [
        210,
        46
      ],
      "pos": [
        9823.29296875,
        2207.2763671875
      ],
      "id": 23,
      "properties": {
        "Node name for S&R": "VAEDecode",
        "ttNbgOverride": {
          "bgcolor": "#533",
          "groupcolor": "#A88",
          "color": "#322"
        }
      },
      "order": 52
    },
    {
      "outputs": [],
      "color": "#322",
      "widgets_values": [
        "ComfyUI"
      ],
      "inputs": [
        {
          "name": "images",
          "link": 137,
          "label": "图像",
          "type": "IMAGE",
          "localized_name": "图片"
        }
      ],
      "flags": {},
      "type": "SaveImage",
      "mode": 0,
      "bgcolor": "#533",
      "size": [
        315,
        270
      ],
      "pos": [
        10256,
        2201
      ],
      "id": 93,
      "properties": {
        "Node name for S&R": "SaveImage",
        "ttNbgOverride": {
          "bgcolor": "#533",
          "groupcolor": "#A88",
          "color": "#322"
        }
      },
      "order": 55
    },
    {
      "mode": 0,
      "outputs": [],
      "bgcolor": "#fff0",
      "size": [
        100,
        50
      ],
      "color": "#fff0",
      "pos": [
        6442,
        1273
      ],
      "inputs": [],
      "flags": {
        "pinned": true,
        "allow_interaction": false
      },
      "id": 90,
      "type": "Label (rgthree)",
      "properties": {
        "padding": 0,
        "backgroundColor": "transparent",
        "fontFamily": "Arial",
        "borderRadius": 0,
        "textAlign": "left",
        "fontSize": 50,
        "fontColor": "#ffffff"
      },
      "order": 4
    },
    {
      "outputs": [],
      "color": "#322",
      "widgets_values": [],
      "inputs": [
        {
          "name": "images",
          "link": 30,
          "label": "图像",
          "type": "IMAGE",
          "localized_name": "图像"
        }
      ],
      "flags": {},
      "type": "PreviewImage",
      "mode": 0,
      "bgcolor": "#533",
      "size": [
        333.5420837402344,
        288.9590148925781
      ],
      "pos": [
        9802.7265625,
        2323.031982421875
      ],
      "id": 25,
      "properties": {
        "Node name for S&R": "PreviewImage",
        "ttNbgOverride": {
          "bgcolor": "#533",
          "groupcolor": "#A88",
          "color": "#322"
        }
      },
      "order": 53
    },
    {
      "outputs": [
        {
          "name": "IMAGE",
          "slot_index": 0,
          "links": [
            51,
            71
          ],
          "label": "图像",
          "type": "IMAGE",
          "localized_name": "图像"
        }
      ],
      "color": "#322",
      "widgets_values": [
        "right",
        true
      ],
      "inputs": [
        {
          "name": "image1",
          "link": 82,
          "label": "图像_1",
          "type": "IMAGE",
          "localized_name": "image1"
        },
        {
          "name": "image2",
          "link": 118,
          "label": "图像_2",
          "type": "IMAGE",
          "localized_name": "image2"
        }
      ],
      "flags": {},
      "type": "ImageConcanate",
      "mode": 0,
      "bgcolor": "#533",
      "size": [
        315,
        102
      ],
      "pos": [
        7420,
        2189
      ],
      "id": 63,
      "properties": {
        "Node name for S&R": "ImageConcanate",
        "ttNbgOverride": {
          "bgcolor": "#533",
          "groupcolor": "#A88",
          "color": "#322"
        }
      },
      "order": 36
    },
    {
      "outputs": [
        {
          "name": "IMAGE",
          "slot_index": 0,
          "links": [
            31,
            138,
            140
          ],
          "label": "图像",
          "type": "IMAGE",
          "localized_name": "图像"
        },
        {
          "name": "x",
          "label": "X",
          "type": "INT",
          "localized_name": "x"
        },
        {
          "name": "y",
          "label": "Y",
          "type": "INT",
          "localized_name": "y"
        }
      ],
      "color": "#322",
      "widgets_values": [
        768,
        768,
        "bottom-right",
        0,
        0
      ],
      "inputs": [
        {
          "name": "image",
          "link": 35,
          "label": "图像",
          "type": "IMAGE",
          "localized_name": "image"
        },
        {
          "widget": {
            "name": "height"
          },
          "name": "height",
          "link": 36,
          "label": "height",
          "type": "INT",
          "localized_name": "高度"
        },
        {
          "widget": {
            "name": "width"
          },
          "name": "width",
          "link": 37,
          "label": "width",
          "type": "INT",
          "localized_name": "宽度"
        }
      ],
      "flags": {},
      "type": "ImageCrop+",
      "mode": 0,
      "bgcolor": "#533",
      "size": [
        210,
        194
      ],
      "pos": [
        8399.419921875,
        2789.506591796875
      ],
      "id": 33,
      "properties": {
        "Node name for S&R": "ImageCrop+",
        "ttNbgOverride": {
          "bgcolor": "#533",
          "groupcolor": "#A88",
          "color": "#322"
        }
      },
      "order": 54
    },
    {
      "outputs": [
        {
          "name": "IMAGE",
          "slot_index": 0,
          "links": [
            141
          ],
          "label": "图像",
          "type": "IMAGE",
          "localized_name": "图像"
        }
      ],
      "color": "#322",
      "widgets_values": [
        "right",
        true
      ],
      "inputs": [
        {
          "name": "image1",
          "link": 139,
          "label": "图像_1",
          "type": "IMAGE",
          "localized_name": "image1"
        },
        {
          "name": "image2",
          "link": 140,
          "label": "图像_2",
          "type": "IMAGE",
          "localized_name": "image2"
        }
      ],
      "flags": {},
      "type": "ImageConcanate",
      "mode": 0,
      "bgcolor": "#533",
      "size": [
        315,
        102
      ],
      "pos": [
        9614,
        2779
      ],
      "id": 95,
      "properties": {
        "Node name for S&R": "ImageConcanate",
        "ttNbgOverride": {
          "bgcolor": "#533",
          "groupcolor": "#A88",
          "color": "#322"
        }
      },
      "order": 58
    },
    {
      "outputs": [],
      "color": "#322",
      "widgets_values": [],
      "inputs": [
        {
          "name": "images",
          "link": 141,
          "label": "图像",
          "type": "IMAGE",
          "localized_name": "图像"
        }
      ],
      "flags": {},
      "type": "PreviewImage",
      "mode": 0,
      "bgcolor": "#533",
      "size": [
        210,
        246
      ],
      "pos": [
        9994,
        2798
      ],
      "id": 96,
      "properties": {
        "Node name for S&R": "PreviewImage",
        "ttNbgOverride": {
          "bgcolor": "#533",
          "groupcolor": "#A88",
          "color": "#322"
        }
      },
      "order": 59
    },
    {
      "outputs": [],
      "color": "#322",
      "widgets_values": [
        "ComfyUI"
      ],
      "inputs": [
        {
          "name": "images",
          "link": 138,
          "label": "图像",
          "type": "IMAGE",
          "localized_name": "图片"
        }
      ],
      "flags": {},
      "type": "SaveImage",
      "mode": 0,
      "bgcolor": "#533",
      "size": [
        315,
        270
      ],
      "pos": [
        9253,
        2787
      ],
      "id": 94,
      "properties": {
        "Node name for S&R": "SaveImage",
        "ttNbgOverride": {
          "bgcolor": "#533",
          "groupcolor": "#A88",
          "color": "#322"
        }
      },
      "order": 57
    },
    {
      "outputs": [
        {
          "name": "IMAGE",
          "slot_index": 0,
          "links": [
            77,
            115
          ],
          "label": "图像",
          "type": "IMAGE",
          "localized_name": "图像"
        },
        {
          "name": "MASK",
          "slot_index": 1,
          "links": [],
          "label": "遮罩",
          "type": "MASK",
          "localized_name": "遮罩"
        }
      ],
      "color": "#322",
      "widgets_values": [
        "ffc69316d16bd19fe3977f07e5a5b550bec4f28014447da15f37b93b3422dfb3.png",
        "image",
        ""
      ],
      "inputs": [],
      "flags": {},
      "type": "LoadImage",
      "mode": 0,
      "bgcolor": "#533",
      "size": [
        311.593017578125,
        314
      ],
      "pos": [
        6541.04296875,
        2592.52685546875
      ],
      "id": 61,
      "properties": {
        "Node name for S&R": "LoadImage",
        "ttNbgOverride": {
          "bgcolor": "#533",
          "groupcolor": "#A88",
          "color": "#322"
        }
      },
      "order": 5
    },
    {
      "mode": 0,
      "outputs": [
        {
          "shape": 3,
          "name": "bboxes",
          "slot_index": 0,
          "links": [
            150
          ],
          "label": "BBoxes",
          "type": "BBOXES",
          "localized_name": "bboxes"
        },
        {
          "shape": 3,
          "name": "preview",
          "slot_index": 1,
          "links": [
            149
          ],
          "label": "预览图像",
          "type": "IMAGE",
          "localized_name": "preview"
        }
      ],
      "size": [
        344.3999938964844,
        150
      ],
      "color": "rgba(27, 80, 119, 0.7)",
      "pos": [
        6849,
        3464
      ],
      "widgets_values": [
        "face_yolov8m.pt",
        "big_to_small",
        "first",
        "0,"
      ],
      "inputs": [
        {
          "name": "image",
          "link": 148,
          "label": "图像",
          "type": "IMAGE",
          "localized_name": "image"
        }
      ],
      "flags": {},
      "id": 103,
      "type": "LayerMask: ObjectDetectorYOLO8",
      "properties": {
        "Node name for S&R": "LayerMask: ObjectDetectorYOLO8"
      },
      "order": 23
    },
    {
      "mode": 0,
      "outputs": [
        {
          "name": "image",
          "slot_index": 0,
          "links": [],
          "label": "图像",
          "type": "IMAGE",
          "localized_name": "image"
        },
        {
          "name": "mask",
          "slot_index": 1,
          "links": [],
          "label": "遮罩",
          "type": "MASK",
          "localized_name": "mask"
        }
      ],
      "size": [
        315,
        318
      ],
      "color": "rgba(27, 80, 119, 0.7)",
      "pos": [
        6827,
        3072
      ],
      "widgets_values": [
        true,
        true,
        false,
        false,
        false,
        false,
        0.4,
        16,
        0.01,
        0.99,
        true
      ],
      "inputs": [
        {
          "name": "images",
          "link": 106,
          "label": "图像",
          "type": "IMAGE",
          "localized_name": "images"
        }
      ],
      "flags": {},
      "id": 74,
      "type": "LayerMask: PersonMaskUltra",
      "properties": {
        "Node name for S&R": "LayerMask: PersonMaskUltra"
      },
      "order": 21
    },
    {
      "mode": 0,
      "outputs": [
        {
          "name": "image",
          "slot_index": 0,
          "links": [
            124
          ],
          "label": "图像",
          "type": "IMAGE",
          "localized_name": "image"
        }
      ],
      "size": [
        285.7001037597656,
        130
      ],
      "color": "rgba(38, 73, 116, 0.7)",
      "pos": [
        7553,
        3171
      ],
      "widgets_values": [
        "custom",
        512,
        512,
        "#FFFFFF"
      ],
      "inputs": [
        {
          "shape": 7,
          "name": "size_as",
          "link": 123,
          "label": "参考大小",
          "type": "*",
          "localized_name": "size_as"
        }
      ],
      "flags": {},
      "id": 84,
      "type": "LayerUtility: ColorImage V2",
      "properties": {
        "Node name for S&R": "LayerUtility: ColorImage V2"
      },
      "order": 32
    },
    {
      "outputs": [
        {
          "name": "IMAGE",
          "slot_index": 0,
          "links": [
            106,
            128,
            148
          ],
          "label": "图像",
          "type": "IMAGE",
          "localized_name": "图像"
        },
        {
          "name": "width",
          "slot_index": 1,
          "links": [
            66
          ],
          "label": "宽度",
          "type": "INT",
          "localized_name": "width"
        },
        {
          "name": "height",
          "slot_index": 2,
          "links": [
            64
          ],
          "label": "高度",
          "type": "INT",
          "localized_name": "height"
        }
      ],
      "color": "#322",
      "widgets_values": [
        1280,
        1280,
        "lanczos",
        true,
        8,
        0
      ],
      "inputs": [
        {
          "name": "image",
          "link": 77,
          "label": "图像",
          "type": "IMAGE",
          "localized_name": "image"
        },
        {
          "shape": 7,
          "name": "get_image_size",
          "label": "参考图像",
          "type": "IMAGE",
          "localized_name": "get_image_size"
        }
      ],
      "flags": {},
      "type": "ImageResizeKJ",
      "mode": 0,
      "bgcolor": "#533",
      "size": [
        279.7527770996094,
        266
      ],
      "pos": [
        6514.6162109375,
        2993.174072265625
      ],
      "id": 55,
      "properties": {
        "Node name for S&R": "ImageResizeKJ",
        "ttNbgOverride": {
          "bgcolor": "#533",
          "groupcolor": "#A88",
          "color": "#322"
        }
      },
      "order": 15
    },
    {
      "mode": 0,
      "outputs": [
        {
          "name": "image",
          "slot_index": 0,
          "links": [
            132,
            135
          ],
          "label": "图像",
          "type": "IMAGE",
          "localized_name": "image"
        },
        {
          "name": "mask",
          "label": "遮罩",
          "type": "MASK",
          "localized_name": "mask"
        }
      ],
      "size": [
        262.5326232910156,
        125.49547576904297
      ],
      "color": "rgba(38, 73, 116, 0.7)",
      "pos": [
        7585,
        2913
      ],
      "widgets_values": [
        false
      ],
      "inputs": [
        {
          "name": "background_image",
          "link": 154,
          "label": "背景图像",
          "type": "IMAGE",
          "localized_name": "background_image"
        },
        {
          "name": "croped_image",
          "link": 124,
          "label": "croped_image",
          "type": "IMAGE",
          "localized_name": "croped_image"
        },
        {
          "name": "crop_box",
          "link": 125,
          "label": "裁剪框",
          "type": "BOX",
          "localized_name": "crop_box"
        },
        {
          "shape": 7,
          "name": "croped_mask",
          "label": "croped_mask",
          "type": "MASK",
          "localized_name": "croped_mask"
        }
      ],
      "flags": {},
      "id": 83,
      "type": "LayerUtility: RestoreCropBox",
      "properties": {
        "Node name for S&R": "LayerUtility: RestoreCropBox"
      },
      "order": 34
    },
    {
      "mode": 0,
      "outputs": [
        {
          "name": "image",
          "slot_index": 0,
          "links": [
            154
          ],
          "label": "图像",
          "type": "IMAGE",
          "localized_name": "image"
        }
      ],
      "size": [
        285.7001037597656,
        130
      ],
      "color": "rgba(38, 73, 116, 0.7)",
      "pos": [
        6539.27099609375,
        3316.926025390625
      ],
      "widgets_values": [
        "custom",
        512,
        512,
        "#000000"
      ],
      "inputs": [
        {
          "shape": 7,
          "name": "size_as",
          "link": 128,
          "label": "参考大小",
          "type": "*",
          "localized_name": "size_as"
        }
      ],
      "flags": {},
      "id": 86,
      "type": "LayerUtility: ColorImage V2",
      "properties": {
        "Node name for S&R": "LayerUtility: ColorImage V2"
      },
      "order": 22
    },
    {
      "mode": 0,
      "outputs": [
        {
          "shape": 3,
          "name": "image",
          "slot_index": 0,
          "links": [
            152
          ],
          "label": "图像",
          "type": "IMAGE",
          "localized_name": "image"
        },
        {
          "shape": 3,
          "name": "mask",
          "slot_index": 1,
          "links": [
            151
          ],
          "label": "遮罩",
          "type": "MASK",
          "localized_name": "mask"
        }
      ],
      "size": [
        315,
        366
      ],
      "color": "rgba(27, 80, 119, 0.7)",
      "pos": [
        7215,
        3272
      ],
      "widgets_values": [
        "sam2_hiera_base_plus.safetensors",
        "fp16",
        "all",
        "0,",
        false,
        "VITMatte",
        6,
        4,
        0.15,
        0.99,
        true,
        "cuda",
        2
      ],
      "inputs": [
        {
          "name": "image",
          "link": 149,
          "label": "图像",
          "type": "IMAGE",
          "localized_name": "image"
        },
        {
          "name": "bboxes",
          "link": 150,
          "label": "BBoxes",
          "type": "BBOXES",
          "localized_name": "bboxes"
        }
      ],
      "flags": {},
      "id": 97,
      "type": "LayerMask: SAM2Ultra",
      "properties": {
        "Node name for S&R": "LayerMask: SAM2Ultra"
      },
      "order": 27
    },
    {
      "outputs": [
        {
          "name": "IMAGE",
          "slot_index": 0,
          "links": [
            85,
            86,
            139
          ],
          "label": "图像",
          "type": "IMAGE",
          "localized_name": "图像"
        },
        {
          "name": "MASK",
          "label": "遮罩",
          "type": "MASK",
          "localized_name": "遮罩"
        }
      ],
      "color": "#322",
      "widgets_values": [
        "c777f7ed00ef8a156dfffef65b3f48dde78527786a09d643f4efc9124ba09939.png",
        "image",
        ""
      ],
      "inputs": [],
      "flags": {},
      "type": "LoadImage",
      "mode": 0,
      "bgcolor": "#533",
      "size": [
        296.634521484375,
        314
      ],
      "pos": [
        6507,
        2183
      ],
      "id": 60,
      "properties": {
        "Node name for S&R": "LoadImage",
        "ttNbgOverride": {
          "bgcolor": "#533",
          "groupcolor": "#A88",
          "color": "#322"
        }
      },
      "order": 6
    },
    {
      "outputs": [
        {
          "name": "text",
          "slot_index": 0,
          "links": [
            95
          ],
          "label": "文本",
          "type": "STRING",
          "localized_name": "text"
        }
      ],
      "color": "#322",
      "widgets_values": [
        "auto",
        "english",
        false,
        "",
        "",
        "GoogleTranslator",
        "参考左边人物头像，替换掉右边人物头部，",
        "proxy_hide",
        "authorization_hide"
      ],
      "inputs": [],
      "flags": {},
      "type": "DeepTranslatorTextNode",
      "mode": 0,
      "bgcolor": "#533",
      "size": [
        219.9347381591797,
        340
      ],
      "pos": [
        6165,
        2209
      ],
      "id": 71,
      "properties": {
        "Node name for S&R": "DeepTranslatorTextNode",
        "ttNbgOverride": {
          "bgcolor": "#533",
          "groupcolor": "#A88",
          "color": "#322"
        }
      },
      "order": 7
    },
    {
      "outputs": [
        {
          "name": "MODEL",
          "slot_index": 0,
          "links": [
            157,
            164
          ],
          "label": "模型",
          "type": "MODEL",
          "localized_name": "模型"
        }
      ],
      "color": "#322",
      "widgets_values": [
        "flux1-fill-dev.safetensors",
        "fp8_e4m3fn"
      ],
      "inputs": [],
      "flags": {},
      "type": "UNETLoader",
      "mode": 0,
      "bgcolor": "#533",
      "size": [
        352.3956604003906,
        82
      ],
      "pos": [
        8381,
        2174
      ],
      "id": 26,
      "properties": {
        "Node name for S&R": "UNETLoader",
        "ttNbgOverride": {
          "bgcolor": "#533",
          "groupcolor": "#A88",
          "color": "#322"
        }
      },
      "order": 8
    },
    {
      "outputs": [
        {
          "name": "CONDITIONING",
          "slot_index": 0,
          "links": [
            80
          ],
          "label": "条件",
          "type": "CONDITIONING",
          "localized_name": "条件"
        }
      ],
      "color": "#232",
      "widgets_values": [
        ""
      ],
      "inputs": [
        {
          "name": "clip",
          "link": 79,
          "label": "CLIP",
          "type": "CLIP",
          "localized_name": "clip"
        },
        {
          "widget": {
            "name": "text"
          },
          "name": "text",
          "link": 95,
          "label": "text",
          "type": "STRING",
          "localized_name": "文本"
        }
      ],
      "flags": {
        "collapsed": false
      },
      "type": "CLIPTextEncode",
      "mode": 0,
      "bgcolor": "#353",
      "size": [
        211.7191162109375,
        93.81050872802734
      ],
      "pos": [
        8804,
        2328
      ],
      "id": 58,
      "properties": {
        "Node name for S&R": "CLIPTextEncode"
      },
      "order": 20
    },
    {
      "outputs": [
        {
          "name": "CONDITIONING",
          "slot_index": 0,
          "links": [
            69
          ],
          "label": "条件",
          "type": "CONDITIONING",
          "localized_name": "条件"
        }
      ],
      "color": "#322",
      "widgets_values": [
        ""
      ],
      "inputs": [
        {
          "name": "clip",
          "link": 26,
          "label": "CLIP",
          "type": "CLIP",
          "localized_name": "clip"
        }
      ],
      "flags": {
        "collapsed": true
      },
      "type": "CLIPTextEncode",
      "mode": 0,
      "bgcolor": "#533",
      "size": [
        331.6141052246094,
        103.4710922241211
      ],
      "pos": [
        8831,
        2476
      ],
      "id": 22,
      "properties": {
        "Node name for S&R": "CLIPTextEncode"
      },
      "order": 19
    },
    {
      "outputs": [
        {
          "name": "VAE",
          "slot_index": 0,
          "links": [
            28,
            70
          ],
          "label": "VAE",
          "type": "VAE",
          "localized_name": "VAE"
        }
      ],
      "color": "#322",
      "widgets_values": [
        "ae.sft"
      ],
      "inputs": [],
      "flags": {},
      "type": "VAELoader",
      "mode": 0,
      "bgcolor": "#533",
      "size": [
        315,
        58
      ],
      "pos": [
        8391,
        2482
      ],
      "id": 40,
      "properties": {
        "Node name for S&R": "VAELoader",
        "ttNbgOverride": {
          "bgcolor": "#533",
          "groupcolor": "#A88",
          "color": "#322"
        }
      },
      "order": 9
    },
    {
      "outputs": [
        {
          "name": "CLIP",
          "slot_index": 0,
          "links": [
            26,
            79
          ],
          "label": "CLIP",
          "type": "CLIP",
          "localized_name": "CLIP"
        }
      ],
      "color": "#322",
      "widgets_values": [
        "ViT-L-14-TEXT-detail-improved-hiT-GmP-TE-only-HF.safetensors",
        "t5xxl_fp8_e4m3fn.safetensors",
        "flux",
        "default"
      ],
      "inputs": [],
      "flags": {},
      "type": "DualCLIPLoader",
      "mode": 0,
      "bgcolor": "#533",
      "size": [
        315,
        130
      ],
      "pos": [
        8398,
        2306
      ],
      "id": 27,
      "properties": {
        "Node name for S&R": "DualCLIPLoader",
        "ttNbgOverride": {
          "bgcolor": "#533",
          "groupcolor": "#A88",
          "color": "#322"
        }
      },
      "order": 10
    },
    {
      "outputs": [
        {
          "name": "CLIP_VISION",
          "slot_index": 0,
          "links": [
            161
          ],
          "label": "CLIP视觉",
          "type": "CLIP_VISION",
          "localized_name": "CLIP视觉"
        }
      ],
      "color": "#322",
      "widgets_values": [
        "sigclip_vision_patch14_384.safetensors"
      ],
      "inputs": [],
      "flags": {},
      "type": "CLIPVisionLoader",
      "mode": 0,
      "bgcolor": "#533",
      "size": [
        370,
        60
      ],
      "pos": [
        8445.6357421875,
        1793.020751953125
      ],
      "id": 20,
      "properties": {
        "Node name for S&R": "CLIPVisionLoader",
        "ttNbgOverride": {
          "bgcolor": "#533",
          "groupcolor": "#A88",
          "color": "#322"
        }
      },
      "order": 11
    },
    {
      "mode": 0,
      "outputs": [
        {
          "name": "croped_image",
          "slot_index": 0,
          "links": [
            123
          ],
          "label": "裁剪图像",
          "type": "IMAGE",
          "localized_name": "croped_image"
        },
        {
          "name": "croped_mask",
          "slot_index": 1,
          "links": [],
          "label": "裁剪遮罩",
          "type": "MASK",
          "localized_name": "croped_mask"
        },
        {
          "name": "crop_box",
          "slot_index": 2,
          "links": [
            125
          ],
          "label": "裁剪框",
          "type": "BOX",
          "localized_name": "crop_box"
        },
        {
          "name": "box_preview",
          "label": "裁剪框预览",
          "type": "IMAGE",
          "localized_name": "box_preview"
        }
      ],
      "size": [
        315,
        262
      ],
      "color": "rgba(38, 73, 116, 0.7)",
      "pos": [
        7178,
        2933
      ],
      "widgets_values": [
        false,
        "mask_area",
        150,
        50,
        80,
        80,
        "8"
      ],
      "inputs": [
        {
          "name": "image",
          "link": 152,
          "label": "图像",
          "type": "IMAGE",
          "localized_name": "image"
        },
        {
          "name": "mask",
          "link": 151,
          "label": "mask",
          "type": "MASK",
          "localized_name": "mask"
        },
        {
          "shape": 7,
          "name": "crop_box",
          "label": "裁剪框",
          "type": "BOX",
          "localized_name": "crop_box"
        }
      ],
      "flags": {},
      "id": 81,
      "type": "LayerUtility: CropByMask V2",
      "properties": {
        "Node name for S&R": "LayerUtility: CropByMask V2"
      },
      "order": 29
    },
    {
      "outputs": [
        {
          "name": "LATENT",
          "slot_index": 0,
          "links": [
            27
          ],
          "label": "Latent",
          "type": "LATENT",
          "localized_name": "Latent"
        }
      ],
      "color": "#322",
      "widgets_values": [
        873464798410703,
        "randomize",
        25,
        1,
        "euler",
        "normal",
        1
      ],
      "inputs": [
        {
          "name": "model",
          "link": 163,
          "label": "模型",
          "type": "MODEL",
          "localized_name": "模型"
        },
        {
          "name": "positive",
          "link": 162,
          "label": "正面条件",
          "type": "CONDITIONING",
          "localized_name": "正面条件"
        },
        {
          "name": "negative",
          "link": 49,
          "label": "负面条件",
          "type": "CONDITIONING",
          "localized_name": "负面条件"
        },
        {
          "name": "latent_image",
          "link": 50,
          "label": "Latent",
          "type": "LATENT",
          "localized_name": "Latent图像"
        }
      ],
      "flags": {},
      "type": "KSampler",
      "mode": 0,
      "bgcolor": "#533",
      "size": [
        315,
        474
      ],
      "pos": [
        9433.12109375,
        2187.331787109375
      ],
      "id": 38,
      "properties": {
        "Node name for S&R": "KSampler",
        "ttNbgOverride": {
          "bgcolor": "#533",
          "groupcolor": "#A88",
          "color": "#322"
        }
      },
      "order": 51
    },
    {
      "mode": 0,
      "outputs": [
        {
          "name": "mask",
          "slot_index": 0,
          "links": [
            72
          ],
          "label": "遮罩",
          "type": "MASK",
          "localized_name": "mask"
        }
      ],
      "size": [
        231.1739044189453,
        106
      ],
      "color": "rgba(27, 80, 119, 0.7)",
      "pos": [
        8428,
        2587
      ],
      "widgets_values": [
        false,
        10,
        5
      ],
      "inputs": [
        {
          "name": "mask",
          "link": 29,
          "label": "遮罩",
          "type": "MASK",
          "localized_name": "mask"
        }
      ],
      "flags": {},
      "id": 24,
      "type": "LayerMask: MaskGrow",
      "properties": {
        "Node name for S&R": "LayerMask: MaskGrow"
      },
      "order": 43
    },
    {
      "outputs": [
        {
          "shape": 3,
          "name": "CONDITIONING",
          "slot_index": 0,
          "links": [
            162
          ],
          "label": "CONDITIONING",
          "type": "CONDITIONING",
          "localized_name": "条件"
        },
        {
          "shape": 3,
          "name": "IMAGE",
          "label": "IMAGE",
          "type": "IMAGE",
          "localized_name": "图像"
        },
        {
          "shape": 3,
          "name": "MASK",
          "label": "MASK",
          "type": "MASK",
          "localized_name": "遮罩"
        }
      ],
      "color": "#322",
      "widgets_values": [
        1,
        "area",
        "center crop (square)",
        0.75,
        0.1
      ],
      "inputs": [
        {
          "name": "conditioning",
          "link": 158,
          "label": "conditioning",
          "type": "CONDITIONING",
          "localized_name": "conditioning"
        },
        {
          "name": "style_model",
          "link": 159,
          "label": "style_model",
          "type": "STYLE_MODEL",
          "localized_name": "style_model"
        },
        {
          "name": "clip_vision",
          "link": 161,
          "label": "clip_vision",
          "type": "CLIP_VISION",
          "localized_name": "clip_vision"
        },
        {
          "name": "image",
          "link": 160,
          "label": "image",
          "type": "IMAGE",
          "localized_name": "image"
        },
        {
          "shape": 7,
          "name": "mask",
          "label": "mask",
          "type": "MASK",
          "localized_name": "mask"
        }
      ],
      "flags": {},
      "type": "ReduxAdvanced",
      "mode": 0,
      "bgcolor": "#533",
      "size": [
        317.4000244140625,
        234
      ],
      "pos": [
        8858,
        1794
      ],
      "id": 105,
      "properties": {
        "Node name for S&R": "ReduxAdvanced",
        "ttNbgOverride": {
          "bgcolor": "#533",
          "groupcolor": "#A88",
          "color": "#322"
        }
      },
      "order": 49
    },
    {
      "mode": 0,
      "outputs": [],
      "bgcolor": "#fff0",
      "size": [
        100,
        50
      ],
      "color": "#fff0",
      "pos": [
        6323,
        1352
      ],
      "inputs": [],
      "flags": {
        "pinned": false,
        "allow_interaction": true
      },
      "id": 106,
      "type": "Label (rgthree)",
      "properties": {
        "padding": 0,
        "backgroundColor": "transparent",
        "fontFamily": "Arial",
        "borderRadius": 0,
        "textAlign": "left",
        "fontSize": 50,
        "fontColor": "#ffffff"
      },
      "order": 12
    },
    {
      "outputs": [
        {
          "name": "MODEL",
          "slot_index": 0,
          "links": [
            163
          ],
          "label": "模型",
          "type": "MODEL",
          "localized_name": "模型"
        }
      ],
      "color": "#322",
      "widgets_values": [
        "comfyui_portrait.safetensors",
        1.2
      ],
      "inputs": [
        {
          "name": "model",
          "link": 165,
          "label": "模型",
          "type": "MODEL",
          "localized_name": "模型"
        }
      ],
      "flags": {},
      "type": "LoraLoaderModelOnly",
      "mode": 0,
      "bgcolor": "#533",
      "size": [
        296.6782531738281,
        82
      ],
      "pos": [
        9113.1162109375,
        2178.3857421875
      ],
      "id": 72,
      "properties": {
        "Node name for S&R": "LoraLoaderModelOnly",
        "ttNbgOverride": {
          "bgcolor": "#533",
          "groupcolor": "#A88",
          "color": "#322"
        }
      },
      "order": 25
    },
    {
      "mode": 0,
      "outputs": [
        {
          "name": "model",
          "links": [
            165
          ],
          "label": "model",
          "type": "MODEL",
          "localized_name": "model"
        }
      ],
      "size": [
        315,
        154
      ],
      "pos": [
        8753.52734375,
        2154.99462890625
      ],
      "widgets_values": [
        "flux",
        0.4,
        0,
        1,
        "cuda"
      ],
      "inputs": [
        {
          "name": "model",
          "link": 164,
          "label": "model",
          "type": "MODEL",
          "localized_name": "model"
        }
      ],
      "flags": {},
      "id": 108,
      "type": "TeaCache",
      "properties": {
        "Node name for S&R": "TeaCache"
      },
      "order": 18
    },
    {
      "outputs": [
        {
          "name": "STYLE_MODEL",
          "links": [
            159
          ],
          "label": "风格模型",
          "type": "STYLE_MODEL",
          "localized_name": "风格模型"
        }
      ],
      "color": "#322",
      "widgets_values": [
        "flux1-redux-dev.safetensors"
      ],
      "inputs": [],
      "flags": {},
      "type": "StyleModelLoader",
      "mode": 0,
      "bgcolor": "#533",
      "size": [
        340,
        60
      ],
      "pos": [
        8455.5986328125,
        1923.500732421875
      ],
      "id": 57,
      "properties": {
        "Node name for S&R": "StyleModelLoader",
        "ttNbgOverride": {
          "bgcolor": "#533",
          "groupcolor": "#A88",
          "color": "#322"
        }
      },
      "order": 13
    },
    {
      "mode": 0,
      "outputs": [
        {
          "name": "IMAGE",
          "label": "图像",
          "type": "IMAGE",
          "localized_name": "图像"
        },
        {
          "name": "MASK",
          "label": "遮罩",
          "type": "MASK",
          "localized_name": "遮罩"
        }
      ],
      "size": [
        315,
        314
      ],
      "pos": [
        5973.50439453125,
        1770.1236572265625
      ],
      "widgets_values": [
        "pasted/a9a070a4c30ffcbb99caab6c36dca4f877382b47514f98124071dd3156c93e33.png",
        "image",
        ""
      ],
      "inputs": [],
      "flags": {},
      "id": 109,
      "type": "LoadImage",
      "properties": {
        "widget_ue_connectable": {},
        "Node name for S&R": "LoadImage"
      },
      "order": 14
    }
  ],
  "extra": {
    "VHS_KeepIntermediate": true,
    "links_added_by_ue": [],
    "workspace_info": {
      "saveLock": false,
      "id": "xdDH6B2KBzl8l-XpQXKV9"
    },
    "ue_links": [],
    "VHS_MetadataImage": true,
    "0246.VERSION": [
      0,
      0,
      4
    ],
    "VHS_latentpreviewrate": 0,
    "VHS_latentpreview": false,
    "node_versions": {
      "rgthree-comfy": "5d771b8b56a343c24a26e8cea1f0c87c3d58102f",
      "ComfyUI-Crystools": "72e2e9af4a6b9a58ca5d753cacff37ba1ff9bfa8",
      "ComfyUI-KJNodes": "80977db1ea8472a7934de50f3c878aed405e8d73",
      "ComfyUI_Custom_Nodes_AlekPet": "a14ed7d561a815fc47d3a6540ad083e2d93437af",
      "comfy-core": "0.3.14",
      "ComfyUI_essentials": "33ff89fd354d8ec3ab6affb605a79a931b445d99",
      "ComfyUI_LayerStyle": "127be44f9d6b384e874a73ba794a7eeb8f2b6a0f",
      "ComfyUI_LayerStyle_Advance": "4d9a819dbb35eb99f51c2e685aea91bf983517ec"
    },
    "ds": {
      "offset": [
        -5917.824046125533,
        -1152.6251454047788
      ],
      "scale": 0.33809166040571026
    }
  },
  "groups": [
    {
      "color": "#3f789e",
      "font_size": 24,
      "flags": {},
      "id": 1,
      "title": "Group",
      "bounding": [
        8435,
        1718,
        767,
        346
      ]
    },
    {
      "color": "#3f789e",
      "font_size": 24,
      "flags": {},
      "id": 2,
      "title": "Group",
      "bounding": [
        6496,
        2104,
        1833,
        1364
      ]
    },
    {
      "color": "#3f789e",
      "font_size": 24,
      "flags": {},
      "id": 3,
      "title": "Group",
      "bounding": [
        8369,
        2105,
        1812,
        599
      ]
    },
    {
      "color": "#3f789e",
      "font_size": 24,
      "flags": {},
      "id": 4,
      "title": "去背景",
      "bounding": [
        6505,
        1439,
        1384,
        639
      ]
    }
  ],
  "links": [
    [
      26,
      27,
      0,
      22,
      0,
      "CLIP"
    ],
    [
      27,
      38,
      0,
      23,
      0,
      "LATENT"
    ],
    [
      28,
      40,
      0,
      23,
      1,
      "VAE"
    ],
    [
      29,
      44,
      0,
      24,
      0,
      "MASK"
    ],
    [
      30,
      23,
      0,
      25,
      0,
      "IMAGE"
    ],
    [
      31,
      33,
      0,
      29,
      0,
      "IMAGE"
    ],
    [
      32,
      49,
      1,
      30,
      0,
      "*"
    ],
    [
      33,
      50,
      0,
      31,
      0,
      "*"
    ],
    [
      34,
      54,
      1,
      32,
      0,
      "*"
    ],
    [
      35,
      23,
      0,
      33,
      0,
      "IMAGE"
    ],
    [
      36,
      54,
      1,
      33,
      1,
      "INT"
    ],
    [
      37,
      50,
      0,
      33,
      2,
      "INT"
    ],
    [
      38,
      66,
      1,
      34,
      0,
      "*"
    ],
    [
      39,
      28,
      0,
      34,
      1,
      "STRING"
    ],
    [
      42,
      34,
      0,
      36,
      0,
      "IMAGE"
    ],
    [
      43,
      66,
      0,
      36,
      1,
      "IMAGE"
    ],
    [
      44,
      66,
      1,
      36,
      2,
      "MASK"
    ],
    [
      45,
      28,
      0,
      36,
      3,
      "STRING"
    ],
    [
      46,
      64,
      0,
      37,
      0,
      "IMAGE"
    ],
    [
      49,
      51,
      1,
      38,
      2,
      "CONDITIONING"
    ],
    [
      50,
      51,
      2,
      38,
      3,
      "LATENT"
    ],
    [
      51,
      63,
      0,
      39,
      0,
      "IMAGE"
    ],
    [
      60,
      36,
      0,
      47,
      0,
      "IMAGE"
    ],
    [
      64,
      55,
      2,
      49,
      0,
      "*"
    ],
    [
      65,
      54,
      1,
      49,
      1,
      "*"
    ],
    [
      66,
      55,
      1,
      50,
      0,
      "*"
    ],
    [
      67,
      49,
      1,
      50,
      1,
      "*"
    ],
    [
      68,
      59,
      0,
      51,
      0,
      "CONDITIONING"
    ],
    [
      69,
      22,
      0,
      51,
      1,
      "CONDITIONING"
    ],
    [
      70,
      40,
      0,
      51,
      2,
      "VAE"
    ],
    [
      71,
      63,
      0,
      51,
      3,
      "IMAGE"
    ],
    [
      72,
      24,
      0,
      51,
      4,
      "MASK"
    ],
    [
      75,
      37,
      0,
      53,
      0,
      "*"
    ],
    [
      77,
      61,
      0,
      55,
      0,
      "IMAGE"
    ],
    [
      79,
      27,
      0,
      58,
      0,
      "CLIP"
    ],
    [
      80,
      58,
      0,
      59,
      0,
      "CONDITIONING"
    ],
    [
      82,
      37,
      0,
      63,
      0,
      "IMAGE"
    ],
    [
      84,
      36,
      0,
      64,
      0,
      "*"
    ],
    [
      85,
      60,
      0,
      64,
      1,
      "*"
    ],
    [
      86,
      60,
      0,
      66,
      0,
      "IMAGE"
    ],
    [
      87,
      65,
      0,
      66,
      1,
      "BIREFNET_MODEL"
    ],
    [
      95,
      71,
      0,
      58,
      1,
      "STRING"
    ],
    [
      103,
      52,
      0,
      44,
      0,
      "IMAGE"
    ],
    [
      104,
      52,
      0,
      54,
      0,
      "IMAGE"
    ],
    [
      106,
      55,
      0,
      74,
      0,
      "IMAGE"
    ],
    [
      110,
      52,
      0,
      75,
      0,
      "IMAGE"
    ],
    [
      115,
      61,
      0,
      79,
      0,
      "IMAGE"
    ],
    [
      118,
      79,
      0,
      63,
      1,
      "IMAGE"
    ],
    [
      123,
      81,
      0,
      84,
      0,
      "*"
    ],
    [
      124,
      84,
      0,
      83,
      1,
      "IMAGE"
    ],
    [
      125,
      81,
      2,
      83,
      2,
      "BOX"
    ],
    [
      128,
      55,
      0,
      86,
      0,
      "*"
    ],
    [
      132,
      83,
      0,
      52,
      1,
      "IMAGE"
    ],
    [
      133,
      53,
      0,
      52,
      0,
      "IMAGE"
    ],
    [
      135,
      83,
      0,
      88,
      0,
      "IMAGE"
    ],
    [
      137,
      23,
      0,
      93,
      0,
      "IMAGE"
    ],
    [
      138,
      33,
      0,
      94,
      0,
      "IMAGE"
    ],
    [
      139,
      60,
      0,
      95,
      0,
      "IMAGE"
    ],
    [
      140,
      33,
      0,
      95,
      1,
      "IMAGE"
    ],
    [
      141,
      95,
      0,
      96,
      0,
      "IMAGE"
    ],
    [
      148,
      55,
      0,
      103,
      0,
      "IMAGE"
    ],
    [
      149,
      103,
      1,
      97,
      0,
      "IMAGE"
    ],
    [
      150,
      103,
      0,
      97,
      1,
      "BBOXES"
    ],
    [
      151,
      97,
      1,
      81,
      1,
      "MASK"
    ],
    [
      152,
      97,
      0,
      81,
      0,
      "IMAGE"
    ],
    [
      154,
      86,
      0,
      83,
      0,
      "IMAGE"
    ],
    [
      158,
      51,
      0,
      105,
      0,
      "CONDITIONING"
    ],
    [
      159,
      57,
      0,
      105,
      1,
      "STYLE_MODEL"
    ],
    [
      160,
      37,
      0,
      105,
      3,
      "IMAGE"
    ],
    [
      161,
      20,
      0,
      105,
      2,
      "CLIP_VISION"
    ],
    [
      162,
      105,
      0,
      38,
      1,
      "CONDITIONING"
    ],
    [
      163,
      72,
      0,
      38,
      0,
      "MODEL"
    ],
    [
      164,
      26,
      0,
      108,
      0,
      "MODEL"
    ],
    [
      165,
      108,
      0,
      72,
      0,
      "MODEL"
    ]
  ],
  "id": "05ac2fd2-f180-41ef-85c6-c4d7f26bfae8",
  "config": {},
  "version": 0.4,
  "last_node_id": 109,
  "revision": 0
}