{
  "last_link_id": 294,
  "nodes": [
    {
      "outputs": [
        {
          "name": "CONDITIONING",
          "slot_index": 0,
          "links": [
            273
          ],
          "label": "CONDITIONING",
          "type": "CONDITIONING",
          "localized_name": "CONDITIONING"
        }
      ],
      "color": "#232",
      "widgets_values": [
        "cute anime girl with massive fluffy fennec ears and a big fluffy tail blonde messy long hair blue eyes wearing a maid outfit with a long black gold leaf pattern dress and a white apron mouth open placing a fancy black forest cake with candles on top of a dinner table of an old dark Victorian mansion lit by candlelight with a bright window to the foggy forest and very expensive stuff everywhere there are paintings on the walls"
      ],
      "inputs": [
        {
          "name": "clip",
          "link": 266,
          "label": "clip",
          "type": "CLIP",
          "localized_name": "clip"
        },
        {
          "widget": {
            "name": "text"
          },
          "name": "text",
          "link": 267,
          "label": "text",
          "type": "STRING"
        }
      ],
      "flags": {
        "collapsed": false
      },
      "type": "CLIPTextEncode",
      "title": "CLIP Text Encode (Positive Prompt)",
      "mode": 0,
      "bgcolor": "#353",
      "size": [
        422.84503173828125,
        164.31304931640625
      ],
      "pos": [
        1932.906005859375,
        -315.21307373046875
      ],
      "id": 143,
      "properties": {
        "widget_ue_connectable": {},
        "Node name for S&R": "CLIPTextEncode"
      },
      "order": 27
    },
    {
      "outputs": [
        {
          "name": "CONDITIONING",
          "slot_index": 0,
          "links": [
            274
          ],
          "label": "CONDITIONING",
          "type": "CONDITIONING",
          "localized_name": "CONDITIONING"
        }
      ],
      "color": "#322",
      "widgets_values": [
        ""
      ],
      "inputs": [
        {
          "name": "clip",
          "link": 268,
          "label": "clip",
          "type": "CLIP",
          "localized_name": "clip"
        }
      ],
      "flags": {
        "collapsed": false
      },
      "type": "CLIPTextEncode",
      "title": "CLIP Text Encode (Negative Prompt)",
      "mode": 0,
      "bgcolor": "#533",
      "size": [
        422.84503173828125,
        164.31304931640625
      ],
      "pos": [
        1962.906005859375,
        94.78691864013672
      ],
      "id": 144,
      "properties": {
        "widget_ue_connectable": {},
        "Node name for S&R": "CLIPTextEncode"
      },
      "order": 13
    },
    {
      "mode": 0,
      "outputs": [
        {
          "shape": 3,
          "name": "CONDITIONING",
          "slot_index": 0,
          "links": [
            292
          ],
          "label": "CONDITIONING",
          "type": "CONDITIONING",
          "localized_name": "CONDITIONING"
        }
      ],
      "size": [
        211.60000610351562,
        58
      ],
      "pos": [
        1802.906005859375,
        654.7869262695312
      ],
      "widgets_values": [
        3.5
      ],
      "inputs": [
        {
          "name": "conditioning",
          "link": 269,
          "label": "conditioning",
          "type": "CONDITIONING",
          "localized_name": "conditioning"
        }
      ],
      "flags": {},
      "id": 145,
      "type": "FluxGuidance",
      "properties": {
        "widget_ue_connectable": {},
        "Node name for S&R": "FluxGuidance"
      },
      "order": 23
    },
    {
      "mode": 0,
      "outputs": [
        {
          "shape": 6,
          "name": "STRING",
          "slot_index": 0,
          "links": [],
          "label": "STRING",
          "type": "STRING",
          "localized_name": "STRING"
        }
      ],
      "size": [
        517.1931762695312,
        286.38946533203125
      ],
      "pos": [
        1102.906005859375,
        -485.21307373046875
      ],
      "widgets_values": [
        "",
        "The image shows a woman with long black hair wearing a blue top and jeans, posing for a picture. Her face is clearly visible, with her eyes looking directly at the camera and her lips slightly parted. Her hair is pulled back in a neat bun, and her skin is glowing with a warm, inviting glow."
      ],
      "inputs": [
        {
          "widget": {
            "name": "text"
          },
          "name": "text",
          "link": 270,
          "label": "text",
          "type": "STRING"
        }
      ],
      "flags": {},
      "id": 146,
      "type": "ShowText|pysssss",
      "properties": {
        "widget_ue_connectable": {},
        "Node name for S&R": "ShowText|pysssss"
      },
      "order": 24
    },
    {
      "outputs": [
        {
          "name": "*",
          "label": "*",
          "type": "*"
        }
      ],
      "color": "#432",
      "widgets_values": [
        "clip"
      ],
      "inputs": [
        {
          "name": "CLIP",
          "link": 271,
          "label": "CLIP",
          "type": "CLIP"
        }
      ],
      "flags": {},
      "type": "SetNode",
      "title": "Set_clip",
      "mode": 0,
      "bgcolor": "#653",
      "size": [
        210,
        58
      ],
      "pos": [
        144.67605590820312,
        935.5873413085938
      ],
      "id": 147,
      "properties": {
        "previousName": ""
      },
      "order": 14
    },
    {
      "outputs": [
        {
          "name": "*",
          "label": "*",
          "type": "*"
        }
      ],
      "color": "#322",
      "widgets_values": [
        "vae"
      ],
      "inputs": [
        {
          "name": "VAE",
          "link": 272,
          "label": "VAE",
          "type": "VAE"
        }
      ],
      "flags": {},
      "type": "SetNode",
      "title": "Set_vae",
      "mode": 0,
      "bgcolor": "#533",
      "size": [
        210,
        58
      ],
      "pos": [
        272.2789611816406,
        1094.6336669921875
      ],
      "id": 148,
      "properties": {
        "previousName": ""
      },
      "order": 15
    },
    {
      "outputs": [
        {
          "name": "CLIP",
          "slot_index": 0,
          "links": [
            266,
            268
          ],
          "label": "CLIP",
          "type": "CLIP"
        }
      ],
      "color": "#432",
      "widgets_values": [
        "clip"
      ],
      "inputs": [],
      "flags": {},
      "type": "GetNode",
      "title": "Get_clip",
      "mode": 0,
      "bgcolor": "#653",
      "size": [
        210,
        58
      ],
      "pos": [
        1592.906005859375,
        304.78692626953125
      ],
      "id": 149,
      "properties": {},
      "order": 0
    },
    {
      "outputs": [
        {
          "name": "VAE",
          "slot_index": 0,
          "links": [
            282
          ],
          "label": "VAE",
          "type": "VAE"
        }
      ],
      "color": "#322",
      "widgets_values": [
        "vae"
      ],
      "inputs": [],
      "flags": {},
      "type": "GetNode",
      "title": "Get_vae",
      "mode": 0,
      "bgcolor": "#533",
      "size": [
        210,
        58
      ],
      "pos": [
        2244.692138671875,
        1050.145263671875
      ],
      "id": 150,
      "properties": {},
      "order": 1
    },
    {
      "outputs": [
        {
          "name": "*",
          "label": "*",
          "type": "*"
        }
      ],
      "color": "#332922",
      "widgets_values": [
        "pos_con"
      ],
      "inputs": [
        {
          "name": "CONDITIONING",
          "link": 273,
          "label": "CONDITIONING",
          "type": "CONDITIONING"
        }
      ],
      "flags": {},
      "type": "SetNode",
      "title": "Set_pos_con",
      "mode": 0,
      "bgcolor": "#593930",
      "size": [
        210,
        58
      ],
      "pos": [
        2442.906005859375,
        -315.21307373046875
      ],
      "id": 151,
      "properties": {
        "previousName": ""
      },
      "order": 29
    },
    {
      "outputs": [
        {
          "name": "*",
          "label": "*",
          "type": "*"
        }
      ],
      "color": "#332922",
      "widgets_values": [
        "neg_con"
      ],
      "inputs": [
        {
          "name": "CONDITIONING",
          "link": 274,
          "label": "CONDITIONING",
          "type": "CONDITIONING"
        }
      ],
      "flags": {},
      "type": "SetNode",
      "title": "Set_neg_con",
      "mode": 0,
      "bgcolor": "#593930",
      "size": [
        210,
        58
      ],
      "pos": [
        2452.906005859375,
        124.78691864013672
      ],
      "id": 152,
      "properties": {
        "previousName": ""
      },
      "order": 18
    },
    {
      "mode": 0,
      "outputs": [
        {
          "name": "LATENT",
          "slot_index": 0,
          "links": [
            294
          ],
          "label": "LATENT",
          "type": "LATENT",
          "localized_name": "LATENT"
        }
      ],
      "size": [
        315,
        106
      ],
      "pos": [
        1692.906005859375,
        974.7869262695312
      ],
      "widgets_values": [
        960,
        1440,
        1
      ],
      "inputs": [
        {
          "widget": {
            "name": "width"
          },
          "name": "width",
          "link": 275,
          "label": "width",
          "type": "INT"
        },
        {
          "widget": {
            "name": "height"
          },
          "name": "height",
          "link": 276,
          "label": "height",
          "type": "INT"
        }
      ],
      "flags": {},
      "id": 153,
      "type": "EmptyLatentImage",
      "properties": {
        "widget_ue_connectable": {},
        "Node name for S&R": "EmptyLatentImage"
      },
      "order": 22
    },
    {
      "outputs": [
        {
          "name": "CONDITIONING",
          "slot_index": 0,
          "links": [
            277
          ],
          "label": "CONDITIONING",
          "type": "CONDITIONING"
        }
      ],
      "color": "#332922",
      "widgets_values": [
        "pos_con"
      ],
      "inputs": [],
      "flags": {},
      "type": "GetNode",
      "title": "Get_pos_con",
      "mode": 0,
      "bgcolor": "#593930",
      "size": [
        210,
        58
      ],
      "pos": [
        991.7627563476562,
        665.6024169921875
      ],
      "id": 154,
      "properties": {},
      "order": 2
    },
    {
      "outputs": [
        {
          "name": "CONDITIONING",
          "slot_index": 0,
          "links": [
            293
          ],
          "label": "CONDITIONING",
          "type": "CONDITIONING"
        }
      ],
      "color": "#332922",
      "widgets_values": [
        "neg_con"
      ],
      "inputs": [],
      "flags": {},
      "type": "GetNode",
      "title": "Get_neg_con",
      "mode": 0,
      "bgcolor": "#593930",
      "size": [
        210,
        58
      ],
      "pos": [
        1782.906005859375,
        874.7869262695312
      ],
      "id": 155,
      "properties": {},
      "order": 3
    },
    {
      "outputs": [
        {
          "name": "MODEL",
          "slot_index": 0,
          "links": [
            291
          ],
          "label": "MODEL",
          "type": "MODEL"
        }
      ],
      "color": "#223",
      "widgets_values": [
        "model"
      ],
      "inputs": [],
      "flags": {},
      "type": "GetNode",
      "title": "Get_model",
      "mode": 0,
      "bgcolor": "#335",
      "size": [
        210,
        58
      ],
      "pos": [
        1782.906005859375,
        764.7869262695312
      ],
      "id": 156,
      "properties": {},
      "order": 4
    },
    {
      "mode": 0,
      "outputs": [
        {
          "name": "CONDITIONING",
          "slot_index": 0,
          "links": [
            269
          ],
          "label": "CONDITIONING",
          "type": "CONDITIONING",
          "localized_name": "CONDITIONING"
        },
        {
          "name": "IMAGE",
          "slot_index": 1,
          "links": [],
          "label": "IMAGE",
          "type": "IMAGE",
          "localized_name": "IMAGE"
        },
        {
          "name": "MASK",
          "slot_index": 2,
          "links": [],
          "label": "MASK",
          "type": "MASK",
          "localized_name": "MASK"
        }
      ],
      "size": [
        317.4000244140625,
        234
      ],
      "pos": [
        1441.60302734375,
        663.571533203125
      ],
      "widgets_values": [
        1,
        "area",
        "keep aspect ratio",
        1,
        0
      ],
      "inputs": [
        {
          "name": "conditioning",
          "link": 277,
          "label": "conditioning",
          "type": "CONDITIONING",
          "localized_name": "conditioning"
        },
        {
          "name": "style_model",
          "link": 278,
          "label": "style_model",
          "type": "STYLE_MODEL",
          "localized_name": "style_model"
        },
        {
          "name": "clip_vision",
          "link": 279,
          "label": "clip_vision",
          "type": "CLIP_VISION",
          "localized_name": "clip_vision"
        },
        {
          "name": "image",
          "link": 280,
          "label": "image",
          "type": "IMAGE",
          "localized_name": "image"
        },
        {
          "shape": 7,
          "name": "mask",
          "label": "mask",
          "type": "MASK",
          "localized_name": "mask"
        }
      ],
      "flags": {
        "collapsed": false
      },
      "id": 157,
      "type": "ReduxAdvanced",
      "properties": {
        "widget_ue_connectable": {},
        "Node name for S&R": "ReduxAdvanced"
      },
      "order": 20
    },
    {
      "mode": 0,
      "outputs": [
        {
          "name": "STYLE_MODEL",
          "slot_index": 0,
          "links": [
            278
          ],
          "label": "STYLE_MODEL",
          "type": "STYLE_MODEL",
          "localized_name": "STYLE_MODEL"
        }
      ],
      "size": [
        340,
        60
      ],
      "pos": [
        1123.3240966796875,
        798.0966186523438
      ],
      "widgets_values": [
        "flux1-redux-dev.safetensors"
      ],
      "inputs": [],
      "flags": {
        "collapsed": true
      },
      "id": 158,
      "type": "StyleModelLoader",
      "properties": {
        "widget_ue_connectable": {},
        "Node name for S&R": "StyleModelLoader"
      },
      "order": 5
    },
    {
      "mode": 0,
      "outputs": [
        {
          "name": "CLIP_VISION",
          "slot_index": 0,
          "links": [
            279
          ],
          "label": "CLIP_VISION",
          "type": "CLIP_VISION",
          "localized_name": "CLIP_VISION"
        }
      ],
      "size": [
        370,
        60
      ],
      "pos": [
        1103.323974609375,
        858.0964965820312
      ],
      "widgets_values": [
        "sigclip_vision_patch14_384.safetensors"
      ],
      "inputs": [],
      "flags": {
        "collapsed": true
      },
      "id": 159,
      "type": "CLIPVisionLoader",
      "properties": {
        "widget_ue_connectable": {},
        "Node name for S&R": "CLIPVisionLoader"
      },
      "order": 6
    },
    {
      "mode": 0,
      "outputs": [
        {
          "shape": 3,
          "name": "florence2_model",
          "links": [
            286
          ],
          "label": "florence2_model",
          "type": "FL2MODEL",
          "localized_name": "florence2_model"
        }
      ],
      "size": [
        315,
        130
      ],
      "pos": [
        182.90597534179688,
        134.7869110107422
      ],
      "widgets_values": [
        "microsoft/Florence-2-base",
        "fp16",
        "sdpa",
        false
      ],
      "inputs": [
        {
          "shape": 7,
          "name": "lora",
          "label": "lora",
          "type": "PEFTLORA",
          "localized_name": "lora"
        }
      ],
      "flags": {},
      "id": 160,
      "type": "DownloadAndLoadFlorence2Model",
      "properties": {
        "widget_ue_connectable": {},
        "Node name for S&R": "DownloadAndLoadFlorence2Model"
      },
      "order": 7
    },
    {
      "mode": 0,
      "outputs": [
        {
          "name": "IMAGE",
          "slot_index": 0,
          "links": [
            283
          ],
          "label": "IMAGE",
          "type": "IMAGE",
          "localized_name": "IMAGE"
        }
      ],
      "size": [
        210,
        46
      ],
      "pos": [
        2543.03125,
        695.0086669921875
      ],
      "inputs": [
        {
          "name": "samples",
          "link": 281,
          "label": "samples",
          "type": "LATENT",
          "localized_name": "samples"
        },
        {
          "name": "vae",
          "link": 282,
          "label": "vae",
          "type": "VAE",
          "localized_name": "vae"
        }
      ],
      "flags": {},
      "id": 161,
      "type": "VAEDecode",
      "properties": {
        "widget_ue_connectable": {},
        "Node name for S&R": "VAEDecode"
      },
      "order": 28
    },
    {
      "mode": 0,
      "outputs": [],
      "size": [
        315,
        270
      ],
      "pos": [
        2823.906005859375,
        689.7869262695312
      ],
      "widgets_values": [
        "ComfyUI"
      ],
      "inputs": [
        {
          "name": "images",
          "link": 283,
          "label": "images",
          "type": "IMAGE",
          "localized_name": "images"
        }
      ],
      "flags": {},
      "id": 162,
      "type": "SaveImage",
      "properties": {
        "widget_ue_connectable": {},
        "Node name for S&R": "SaveImage"
      },
      "order": 30
    },
    {
      "mode": 0,
      "outputs": [
        {
          "name": "CLIP",
          "slot_index": 0,
          "links": [
            271
          ],
          "label": "CLIP",
          "type": "CLIP",
          "localized_name": "CLIP"
        }
      ],
      "size": [
        315,
        130
      ],
      "pos": [
        -356.0940246582031,
        839.7869262695312
      ],
      "widgets_values": [
        "sd3/clip_l.safetensors",
        "sd3/t5xxl_fp8_e4m3fn.safetensors",
        "flux",
        "default"
      ],
      "inputs": [],
      "flags": {},
      "id": 163,
      "type": "DualCLIPLoader",
      "properties": {
        "widget_ue_connectable": {},
        "Node name for S&R": "DualCLIPLoader"
      },
      "order": 8
    },
    {
      "mode": 0,
      "outputs": [
        {
          "name": "VAE",
          "slot_index": 0,
          "links": [
            272
          ],
          "label": "VAE",
          "type": "VAE",
          "localized_name": "VAE"
        }
      ],
      "size": [
        315,
        58
      ],
      "pos": [
        -343.0940246582031,
        1052.786865234375
      ],
      "widgets_values": [
        "ae.sft"
      ],
      "inputs": [],
      "flags": {},
      "id": 164,
      "type": "VAELoader",
      "properties": {
        "widget_ue_connectable": {},
        "Node name for S&R": "VAELoader"
      },
      "order": 9
    },
    {
      "mode": 0,
      "outputs": [
        {
          "name": "IMAGE",
          "slot_index": 0,
          "links": [
            280,
            285
          ],
          "label": "IMAGE",
          "type": "IMAGE",
          "localized_name": "IMAGE"
        },
        {
          "name": "width",
          "slot_index": 1,
          "links": [
            275
          ],
          "label": "width",
          "type": "INT",
          "localized_name": "width"
        },
        {
          "name": "height",
          "slot_index": 2,
          "links": [
            276
          ],
          "label": "height",
          "type": "INT",
          "localized_name": "height"
        }
      ],
      "size": [
        315,
        218
      ],
      "pos": [
        122.9059829711914,
        -175.2130889892578
      ],
      "widgets_values": [
        1440,
        1440,
        "bilinear",
        "keep proportion",
        "always",
        0
      ],
      "inputs": [
        {
          "name": "image",
          "link": 284,
          "label": "image",
          "type": "IMAGE",
          "localized_name": "image"
        }
      ],
      "flags": {},
      "id": 165,
      "type": "ImageResize+",
      "properties": {
        "widget_ue_connectable": {},
        "Node name for S&R": "ImageResize+"
      },
      "order": 17
    },
    {
      "mode": 0,
      "outputs": [
        {
          "shape": 3,
          "name": "image",
          "label": "image",
          "type": "IMAGE",
          "localized_name": "image"
        },
        {
          "shape": 3,
          "name": "mask",
          "label": "mask",
          "type": "MASK",
          "localized_name": "mask"
        },
        {
          "shape": 3,
          "name": "caption",
          "slot_index": 2,
          "links": [
            270,
            289
          ],
          "label": "caption",
          "type": "STRING",
          "localized_name": "caption"
        },
        {
          "shape": 3,
          "name": "data",
          "label": "data",
          "type": "JSON",
          "localized_name": "data"
        }
      ],
      "size": [
        400,
        364
      ],
      "pos": [
        592.906005859375,
        -195.2130889892578
      ],
      "widgets_values": [
        "",
        "detailed_caption",
        true,
        false,
        1024,
        3,
        true,
        "",
        170181986459615,
        "randomize"
      ],
      "inputs": [
        {
          "name": "image",
          "link": 285,
          "label": "image",
          "type": "IMAGE",
          "localized_name": "image"
        },
        {
          "name": "florence2_model",
          "link": 286,
          "label": "florence2_model",
          "type": "FL2MODEL",
          "localized_name": "florence2_model"
        }
      ],
      "flags": {},
      "id": 166,
      "type": "Florence2Run",
      "properties": {
        "widget_ue_connectable": {},
        "Node name for S&R": "Florence2Run"
      },
      "order": 21
    },
    {
      "mode": 0,
      "outputs": [
        {
          "name": "STRING",
          "links": [
            290
          ],
          "label": "STRING",
          "type": "STRING",
          "localized_name": "STRING"
        }
      ],
      "size": [
        400,
        200
      ],
      "pos": [
        578.8401489257812,
        247.83058166503906
      ],
      "widgets_values": [
        ""
      ],
      "inputs": [],
      "flags": {},
      "id": 167,
      "type": "Text Input [Dream]",
      "properties": {
        "widget_ue_connectable": {},
        "Node name for S&R": "Text Input [Dream]"
      },
      "order": 10
    },
    {
      "mode": 0,
      "outputs": [
        {
          "shape": 3,
          "name": "MODEL",
          "slot_index": 0,
          "links": [
            287
          ],
          "label": "MODEL",
          "type": "MODEL",
          "localized_name": "MODEL"
        },
        {
          "shape": 3,
          "name": "CLIP",
          "slot_index": 1,
          "links": [],
          "label": "CLIP",
          "type": "CLIP",
          "localized_name": "CLIP"
        },
        {
          "shape": 3,
          "name": "VAE",
          "slot_index": 2,
          "links": [],
          "label": "VAE",
          "type": "VAE",
          "localized_name": "VAE"
        }
      ],
      "size": [
        315,
        98
      ],
      "pos": [
        -303.0940246582031,
        658.7869262695312
      ],
      "widgets_values": [
        "麦橘超然majicFlus_v1.safetensors"
      ],
      "inputs": [],
      "flags": {},
      "id": 168,
      "type": "CheckpointLoaderSimple",
      "properties": {
        "widget_ue_connectable": {},
        "Node name for S&R": "CheckpointLoaderSimple"
      },
      "order": 11
    },
    {
      "mode": 0,
      "outputs": [
        {
          "name": "MODEL",
          "links": [
            288
          ],
          "label": "MODEL",
          "type": "MODEL",
          "localized_name": "MODEL"
        }
      ],
      "size": [
        315,
        82
      ],
      "pos": [
        153.64968872070312,
        641.3363037109375
      ],
      "widgets_values": [
        "amateurphotov2.safetensors",
        0.5000000000000001
      ],
      "inputs": [
        {
          "name": "model",
          "link": 287,
          "label": "model",
          "type": "MODEL",
          "localized_name": "model"
        }
      ],
      "flags": {},
      "id": 169,
      "type": "LoraLoaderModelOnly",
      "properties": {
        "widget_ue_connectable": {},
        "Node name for S&R": "LoraLoaderModelOnly"
      },
      "order": 16
    },
    {
      "outputs": [
        {
          "name": "*",
          "label": "*",
          "type": "*"
        }
      ],
      "color": "#223",
      "widgets_values": [
        "model"
      ],
      "inputs": [
        {
          "name": "MODEL",
          "link": 288,
          "label": "MODEL",
          "type": "MODEL"
        }
      ],
      "flags": {},
      "type": "SetNode",
      "title": "Set_model",
      "mode": 0,
      "bgcolor": "#335",
      "size": [
        210,
        58
      ],
      "pos": [
        477.2582702636719,
        790.9857177734375
      ],
      "id": 170,
      "properties": {
        "previousName": ""
      },
      "order": 19
    },
    {
      "mode": 0,
      "outputs": [
        {
          "name": "STRING",
          "links": [
            267
          ],
          "label": "STRING",
          "type": "*",
          "localized_name": "STRING"
        },
        {
          "name": "show_help",
          "label": "show_help",
          "type": "STRING",
          "localized_name": "show_help"
        }
      ],
      "size": [
        315,
        126
      ],
      "pos": [
        1309.63671875,
        75.096923828125
      ],
      "widgets_values": [
        "",
        "",
        ","
      ],
      "inputs": [
        {
          "widget": {
            "name": "text1"
          },
          "shape": 7,
          "name": "text1",
          "link": 289,
          "type": "STRING"
        },
        {
          "widget": {
            "name": "text2"
          },
          "shape": 7,
          "name": "text2",
          "link": 290,
          "type": "STRING"
        }
      ],
      "flags": {},
      "id": 171,
      "type": "CR Text Concatenate",
      "properties": {
        "widget_ue_connectable": {},
        "Node name for S&R": "CR Text Concatenate"
      },
      "order": 25
    },
    {
      "mode": 0,
      "outputs": [
        {
          "name": "IMAGE",
          "links": [
            284
          ],
          "label": "IMAGE",
          "type": "IMAGE",
          "localized_name": "IMAGE"
        },
        {
          "name": "MASK",
          "label": "MASK",
          "type": "MASK",
          "localized_name": "MASK"
        }
      ],
      "size": [
        318.86895751953125,
        314
      ],
      "pos": [
        -277.0940246582031,
        -155.2130889892578
      ],
      "widgets_values": [
        "ffd6f53dac5b5824a9e2a52268b5255014b49080d172995d74fc31f35a236fe6.png",
        "image",
        ""
      ],
      "inputs": [],
      "flags": {},
      "id": 172,
      "type": "LoadImage",
      "properties": {
        "widget_ue_connectable": {},
        "Node name for S&R": "LoadImage"
      },
      "order": 12
    },
    {
      "mode": 0,
      "outputs": [
        {
          "shape": 3,
          "name": "LATENT",
          "slot_index": 0,
          "links": [
            281
          ],
          "label": "LATENT",
          "type": "LATENT",
          "localized_name": "LATENT"
        }
      ],
      "size": [
        403.5973205566406,
        306.2416076660156
      ],
      "pos": [
        2070.432373046875,
        668.3040771484375
      ],
      "widgets_values": [
        129668954235557,
        "randomize",
        20,
        1,
        "dpmpp_2m",
        "sgm_uniform",
        1
      ],
      "inputs": [
        {
          "name": "model",
          "link": 291,
          "label": "model",
          "type": "MODEL",
          "localized_name": "model"
        },
        {
          "name": "positive",
          "link": 292,
          "label": "positive",
          "type": "CONDITIONING",
          "localized_name": "positive"
        },
        {
          "name": "negative",
          "link": 293,
          "label": "negative",
          "type": "CONDITIONING",
          "localized_name": "negative"
        },
        {
          "name": "latent_image",
          "link": 294,
          "label": "latent_image",
          "type": "LATENT",
          "localized_name": "latent_image"
        }
      ],
      "flags": {},
      "id": 173,
      "type": "KSampler",
      "title": "写真",
      "properties": {
        "widget_ue_connectable": {},
        "Node name for S&R": "KSampler"
      },
      "order": 26
    }
  ],
  "extra": {
    "VHS_KeepIntermediate": true,
    "links_added_by_ue": [],
    "workspace_info": {
      "saveLock": false,
      "id": "58xsZfkAnAcNB4adQXD1i"
    },
    "VHS_MetadataImage": true,
    "ue_links": [],
    "0246.VERSION": [
      0,
      0,
      4
    ],
    "VHS_latentpreviewrate": 0,
    "VHS_latentpreview": false,
    "groupNodes": {
      "Florence2": {
        "external": [
          [
            1,
            2,
            "STRING"
          ]
        ],
        "datetime": 1723189402658,
        "nodes": [
          {
            "mode": 0,
            "outputs": [
              {
                "shape": 3,
                "name": "florence2_model",
                "slot_index": 0,
                "links": [],
                "type": "FL2MODEL",
                "localized_name": "florence2_model"
              }
            ],
            "size": {
              "0": 315,
              "1": 106
            },
            "pos": [
              -331,
              -524
            ],
            "widgets_values": [
              "microsoft/Florence-2-base",
              "bf16",
              "sdpa"
            ],
            "inputs": [
              {
                "shape": 7,
                "name": "lora",
                "type": "PEFTLORA",
                "localized_name": "lora"
              }
            ],
            "flags": {},
            "index": 0,
            "type": "DownloadAndLoadFlorence2Model",
            "properties": {
              "Node name for S&R": "DownloadAndLoadFlorence2Model"
            },
            "order": 3
          },
          {
            "mode": 0,
            "outputs": [
              {
                "shape": 3,
                "name": "image",
                "type": "IMAGE",
                "localized_name": "image"
              },
              {
                "shape": 3,
                "name": "mask",
                "type": "MASK",
                "localized_name": "mask"
              },
              {
                "shape": 3,
                "name": "caption",
                "slot_index": 2,
                "links": [],
                "type": "STRING",
                "localized_name": "caption"
              },
              {
                "shape": 3,
                "name": "data",
                "type": "JSON",
                "localized_name": "data"
              }
            ],
            "size": {
              "0": 400,
              "1": 352
            },
            "pos": [
              -321,
              -369
            ],
            "widgets_values": [
              "",
              "caption",
              true,
              false,
              1024,
              3,
              true,
              "",
              1,
              "randomize"
            ],
            "inputs": [
              {
                "name": "image",
                "type": "IMAGE",
                "localized_name": "image"
              },
              {
                "name": "florence2_model",
                "type": "FL2MODEL",
                "localized_name": "florence2_model"
              }
            ],
            "flags": {},
            "index": 1,
            "type": "Florence2Run",
            "properties": {
              "Node name for S&R": "Florence2Run"
            },
            "order": 6
          }
        ],
        "packname": "",
        "author": "",
        "links": [
          [
            null,
            0,
            1,
            0,
            40,
            "IMAGE"
          ],
          [
            0,
            0,
            1,
            1,
            42,
            "FL2MODEL"
          ]
        ],
        "category": "",
        "version": "0.0"
      }
    },
    "ds": {
      "offset": [
        -418.309321087877,
        269.3214884976398
      ],
      "scale": 0.7972024500000005
    }
  },
  "groups": [
    {
      "color": "#3f789e",
      "font_size": 24,
      "flags": {},
      "id": 4,
      "title": "提示词",
      "bounding": [
        -457.0940246582031,
        -635.2130737304688,
        3465,
        1187
      ]
    },
    {
      "color": "#3f789e",
      "font_size": 24,
      "flags": {},
      "id": 5,
      "title": "生成",
      "bounding": [
        971.906005859375,
        564.7869262695312,
        2027,
        625
      ]
    },
    {
      "color": "#3f789e",
      "font_size": 24,
      "flags": {},
      "id": 6,
      "title": "模型",
      "bounding": [
        -449.0940246582031,
        557.7869262695312,
        1403,
        609
      ]
    }
  ],
  "links": [
    [
      266,
      149,
      0,
      143,
      0,
      "CLIP"
    ],
    [
      267,
      171,
      0,
      143,
      1,
      "STRING"
    ],
    [
      268,
      149,
      0,
      144,
      0,
      "CLIP"
    ],
    [
      269,
      157,
      0,
      145,
      0,
      "CONDITIONING"
    ],
    [
      270,
      166,
      2,
      146,
      0,
      "STRING"
    ],
    [
      271,
      163,
      0,
      147,
      0,
      "*"
    ],
    [
      272,
      164,
      0,
      148,
      0,
      "*"
    ],
    [
      273,
      143,
      0,
      151,
      0,
      "*"
    ],
    [
      274,
      144,
      0,
      152,
      0,
      "*"
    ],
    [
      275,
      165,
      1,
      153,
      0,
      "INT"
    ],
    [
      276,
      165,
      2,
      153,
      1,
      "INT"
    ],
    [
      277,
      154,
      0,
      157,
      0,
      "CONDITIONING"
    ],
    [
      278,
      158,
      0,
      157,
      1,
      "STYLE_MODEL"
    ],
    [
      279,
      159,
      0,
      157,
      2,
      "CLIP_VISION"
    ],
    [
      280,
      165,
      0,
      157,
      3,
      "IMAGE"
    ],
    [
      281,
      173,
      0,
      161,
      0,
      "LATENT"
    ],
    [
      282,
      150,
      0,
      161,
      1,
      "VAE"
    ],
    [
      283,
      161,
      0,
      162,
      0,
      "IMAGE"
    ],
    [
      284,
      172,
      0,
      165,
      0,
      "IMAGE"
    ],
    [
      285,
      165,
      0,
      166,
      0,
      "IMAGE"
    ],
    [
      286,
      160,
      0,
      166,
      1,
      "FL2MODEL"
    ],
    [
      287,
      168,
      0,
      169,
      0,
      "MODEL"
    ],
    [
      288,
      169,
      0,
      170,
      0,
      "*"
    ],
    [
      289,
      166,
      2,
      171,
      0,
      "STRING"
    ],
    [
      290,
      167,
      0,
      171,
      1,
      "STRING"
    ],
    [
      291,
      156,
      0,
      173,
      0,
      "MODEL"
    ],
    [
      292,
      145,
      0,
      173,
      1,
      "CONDITIONING"
    ],
    [
      293,
      155,
      0,
      173,
      2,
      "CONDITIONING"
    ],
    [
      294,
      153,
      0,
      173,
      3,
      "LATENT"
    ]
  ],
  "id": "9ad3222a-cccf-4ddc-88b2-e318a4ab32eb",
  "config": {},
  "version": 0.4,
  "last_node_id": 173,
  "revision": 0
}