{
  "last_link_id": 48,
  "nodes": [
    {
      "mode": 0,
      "outputs": [
        {
          "name": "block_swap_args",
          "slot_index": 0,
          "links": [
            39
          ],
          "label": "block_swap_args",
          "type": "BLOCKSWAPARGS",
          "localized_name": "block_swap_args"
        }
      ],
      "size": [
        315,
        130
      ],
      "pos": [
        232.6178741455078,
        -338.61407470703125
      ],
      "widgets_values": [
        10,
        false,
        false,
        true
      ],
      "inputs": [],
      "flags": {},
      "id": 32,
      "type": "WanVideoBlockSwap",
      "properties": {
        "Node name for S&R": "WanVideoBlockSwap"
      },
      "order": 0
    },
    {
      "mode": 0,
      "outputs": [
        {
          "name": "wan_clip_vision",
          "slot_index": 0,
          "links": [
            17
          ],
          "label": "wan_clip_vision",
          "type": "CLIP_VISION",
          "localized_name": "wan_clip_vision"
        }
      ],
      "size": [
        510.6601257324219,
        106
      ],
      "pos": [
        153.7196502685547,
        226.0297088623047
      ],
      "widgets_values": [
        "open-clip-xlm-roberta-large-vit-huge-14_fp16.safetensors",
        "fp16",
        "offload_device"
      ],
      "inputs": [],
      "flags": {},
      "id": 13,
      "type": "LoadWanVideoClipTextEncoder",
      "properties": {
        "Node name for S&R": "LoadWanVideoClipTextEncoder"
      },
      "order": 1
    },
    {
      "mode": 0,
      "outputs": [
        {
          "name": "images",
          "slot_index": 0,
          "links": [
            36
          ],
          "label": "images",
          "type": "IMAGE",
          "localized_name": "images"
        }
      ],
      "size": [
        315,
        174
      ],
      "pos": [
        1319.96875,
        11.251319885253906
      ],
      "widgets_values": [
        true,
        272,
        272,
        144,
        128
      ],
      "inputs": [
        {
          "name": "vae",
          "link": 34,
          "label": "vae",
          "type": "WANVAE",
          "localized_name": "vae"
        },
        {
          "name": "samples",
          "link": 33,
          "label": "samples",
          "type": "LATENT",
          "localized_name": "samples"
        }
      ],
      "flags": {},
      "id": 28,
      "type": "WanVideoDecode",
      "properties": {
        "Node name for S&R": "WanVideoDecode"
      },
      "order": 12
    },
    {
      "mode": 0,
      "outputs": [
        {
          "name": "Filenames",
          "label": "文件名",
          "type": "VHS_FILENAMES",
          "localized_name": "Filenames"
        }
      ],
      "size": [
        220.5830078125,
        310
      ],
      "pos": [
        1712.420654296875,
        -353.76507568359375
      ],
      "widgets_values": {
        "save_output": true,
        "filename_prefix": "WanVideo2_1",
        "loop_count": 0,
        "pix_fmt": "yuv420p",
        "save_metadata": true,
        "crf": 19,
        "videopreview": {
          "paused": false,
          "hidden": false,
          "params": {
            "filename": "WanVideo2_1_00001_rvnts_1740546960_iyhob_1740546961.mp4",
            "workflow": "WanVideo2_1_00011.png",
            "fullpath": "N:\\AI\\ComfyUI\\output\\WanVideo2_1_00011.mp4",
            "format": "video/h264-mp4",
            "subfolder": "",
            "type": "output",
            "frame_rate": 16
          }
        },
        "format": "video/h264-mp4",
        "frame_rate": 16,
        "pingpong": false
      },
      "inputs": [
        {
          "name": "images",
          "link": 36,
          "label": "图像",
          "type": "IMAGE",
          "localized_name": "images"
        },
        {
          "shape": 7,
          "name": "audio",
          "label": "音频",
          "type": "AUDIO",
          "localized_name": "audio"
        },
        {
          "shape": 7,
          "name": "meta_batch",
          "label": "批次管理",
          "type": "VHS_BatchManager",
          "localized_name": "meta_batch"
        },
        {
          "shape": 7,
          "name": "vae",
          "label": "vae",
          "type": "VAE",
          "localized_name": "vae"
        }
      ],
      "flags": {},
      "id": 30,
      "type": "VHS_VideoCombine",
      "properties": {
        "Node name for S&R": "VHS_VideoCombine"
      },
      "order": 13
    },
    {
      "mode": 0,
      "outputs": [
        {
          "name": "samples",
          "slot_index": 0,
          "links": [
            33
          ],
          "label": "samples",
          "type": "LATENT",
          "localized_name": "samples"
        }
      ],
      "size": [
        315,
        478
      ],
      "pos": [
        1315.2401123046875,
        -356.4367980957031
      ],
      "widgets_values": [
        10,
        6,
        5,
        1057359483639286,
        "fixed",
        true,
        "dpm++",
        0,
        1,
        false,
        "default"
      ],
      "inputs": [
        {
          "name": "model",
          "link": 29,
          "label": "model",
          "type": "WANVIDEOMODEL",
          "localized_name": "model"
        },
        {
          "name": "text_embeds",
          "link": 30,
          "label": "text_embeds",
          "type": "WANVIDEOTEXTEMBEDS",
          "localized_name": "text_embeds"
        },
        {
          "name": "image_embeds",
          "link": 32,
          "label": "image_embeds",
          "type": "WANVIDIMAGE_EMBEDS",
          "localized_name": "image_embeds"
        },
        {
          "shape": 7,
          "name": "samples",
          "label": "samples",
          "type": "LATENT",
          "localized_name": "samples"
        },
        {
          "shape": 7,
          "name": "feta_args",
          "label": "feta_args",
          "type": "FETAARGS",
          "localized_name": "feta_args"
        },
        {
          "shape": 7,
          "name": "context_options",
          "label": "context_options",
          "type": "WANVIDCONTEXT",
          "localized_name": "context_options"
        },
        {
          "shape": 7,
          "name": "teacache_args",
          "label": "teacache_args",
          "type": "TEACACHEARGS",
          "localized_name": "teacache_args"
        },
        {
          "shape": 7,
          "name": "flowedit_args",
          "label": "flowedit_args",
          "type": "FLOWEDITARGS",
          "localized_name": "flowedit_args"
        },
        {
          "shape": 7,
          "name": "slg_args",
          "label": "slg_args",
          "type": "SLGARGS",
          "localized_name": "slg_args"
        },
        {
          "shape": 7,
          "name": "loop_args",
          "label": "loop_args",
          "type": "LOOPARGS",
          "localized_name": "loop_args"
        }
      ],
      "flags": {},
      "id": 27,
      "type": "WanVideoSampler",
      "properties": {
        "Node name for S&R": "WanVideoSampler"
      },
      "order": 11
    },
    {
      "mode": 0,
      "outputs": [
        {
          "name": "model",
          "slot_index": 0,
          "links": [
            29
          ],
          "label": "model",
          "type": "WANVIDEOMODEL",
          "localized_name": "model"
        }
      ],
      "size": [
        477.4410095214844,
        226.43276977539062
      ],
      "pos": [
        620.3950805664062,
        -357.8426818847656
      ],
      "widgets_values": [
        "Wan2_1-I2V-14B-720P_fp8_e4m3fn.safetensors",
        "bf16",
        "fp8_e4m3fn",
        "offload_device",
        "sageattn"
      ],
      "inputs": [
        {
          "shape": 7,
          "name": "compile_args",
          "label": "compile_args",
          "type": "WANCOMPILEARGS",
          "localized_name": "compile_args"
        },
        {
          "shape": 7,
          "name": "block_swap_args",
          "link": 39,
          "label": "block_swap_args",
          "type": "BLOCKSWAPARGS",
          "localized_name": "block_swap_args"
        },
        {
          "shape": 7,
          "name": "lora",
          "label": "lora",
          "type": "WANVIDLORA",
          "localized_name": "lora"
        },
        {
          "shape": 7,
          "name": "vram_management_args",
          "label": "vram_management_args",
          "type": "VRAM_MANAGEMENTARGS",
          "localized_name": "vram_management_args"
        }
      ],
      "flags": {},
      "id": 22,
      "type": "WanVideoModelLoader",
      "properties": {
        "Node name for S&R": "WanVideoModelLoader"
      },
      "order": 8
    },
    {
      "outputs": [
        {
          "name": "IMAGE",
          "links": [
            18
          ],
          "label": "图像",
          "type": "IMAGE",
          "localized_name": "图像"
        },
        {
          "name": "MASK",
          "label": "遮罩",
          "type": "MASK",
          "localized_name": "遮罩"
        }
      ],
      "color": "#232",
      "widgets_values": [
        "1ae2196fbab2f96f1089684356de2dda5c81246695e1c217ccea3476ba0e5517.png",
        "image",
        ""
      ],
      "inputs": [],
      "flags": {},
      "type": "LoadImage",
      "mode": 0,
      "bgcolor": "#353",
      "size": [
        315,
        314
      ],
      "pos": [
        -322.0027770996094,
        -300.3929443359375
      ],
      "id": 18,
      "properties": {
        "Node name for S&R": "LoadImage"
      },
      "order": 3
    },
    {
      "mode": 0,
      "outputs": [
        {
          "name": "vae",
          "slot_index": 0,
          "links": [
            21,
            34
          ],
          "label": "vae",
          "type": "WANVAE",
          "localized_name": "vae"
        }
      ],
      "size": [
        315,
        82
      ],
      "pos": [
        309,
        395
      ],
      "widgets_values": [
        "Wan2_1_VAE_bf16.safetensors",
        "bf16"
      ],
      "inputs": [],
      "flags": {},
      "id": 21,
      "type": "WanVideoVAELoader",
      "properties": {
        "Node name for S&R": "WanVideoVAELoader"
      },
      "order": 4
    },
    {
      "mode": 0,
      "outputs": [
        {
          "name": "image_embeds",
          "slot_index": 0,
          "links": [
            32
          ],
          "label": "image_embeds",
          "type": "WANVIDIMAGE_EMBEDS",
          "localized_name": "image_embeds"
        }
      ],
      "size": [
        319.20001220703125,
        266
      ],
      "pos": [
        838,
        272
      ],
      "widgets_values": [
        512,
        512,
        81,
        true,
        0,
        1,
        1,
        true
      ],
      "inputs": [
        {
          "name": "clip_vision",
          "link": 17,
          "label": "clip_vision",
          "type": "CLIP_VISION",
          "localized_name": "clip_vision"
        },
        {
          "name": "image",
          "link": 18,
          "label": "image",
          "type": "IMAGE",
          "localized_name": "image"
        },
        {
          "name": "vae",
          "link": 21,
          "label": "vae",
          "type": "WANVAE",
          "localized_name": "vae"
        },
        {
          "widget": {
            "name": "num_frames"
          },
          "name": "num_frames",
          "link": 42,
          "label": "num_frames",
          "type": "INT"
        }
      ],
      "flags": {},
      "id": 17,
      "type": "WanVideoImageClipEncode",
      "properties": {
        "Node name for S&R": "WanVideoImageClipEncode"
      },
      "order": 9
    },
    {
      "mode": 0,
      "outputs": [
        {
          "shape": 3,
          "name": "INT",
          "slot_index": 0,
          "links": [
            42
          ],
          "label": "整数",
          "type": "INT",
          "localized_name": "整数"
        }
      ],
      "size": [
        315,
        58
      ],
      "pos": [
        -348,
        171
      ],
      "widgets_values": [
        81
      ],
      "inputs": [],
      "flags": {},
      "id": 38,
      "type": "Int",
      "properties": {
        "Node name for S&R": "Int"
      },
      "order": 5
    },
    {
      "mode": 0,
      "outputs": [
        {
          "name": "text_embeds",
          "slot_index": 0,
          "links": [
            30
          ],
          "label": "text_embeds",
          "type": "WANVIDEOTEXTEMBEDS",
          "localized_name": "text_embeds"
        }
      ],
      "size": [
        400,
        200
      ],
      "pos": [
        706,
        -45
      ],
      "widgets_values": [
        "The beautiful woman smiles at the camera.",
        "bad quality video",
        true,
        [
          false,
          true
        ],
        [
          false,
          true
        ]
      ],
      "inputs": [
        {
          "name": "t5",
          "link": 15,
          "label": "t5",
          "type": "WANTEXTENCODER",
          "localized_name": "t5"
        },
        {
          "widget": {
            "name": "positive_prompt"
          },
          "name": "positive_prompt",
          "link": 48,
          "label": "positive_prompt",
          "type": "STRING"
        },
        {
          "shape": 7,
          "name": "model_to_offload",
          "label": "model_to_offload",
          "type": "WANVIDEOMODEL",
          "localized_name": "model_to_offload"
        }
      ],
      "flags": {},
      "id": 16,
      "type": "WanVideoTextEncode",
      "properties": {
        "Node name for S&R": "WanVideoTextEncode"
      },
      "order": 10
    },
    {
      "mode": 0,
      "outputs": [
        {
          "shape": 3,
          "name": "STRING",
          "slot_index": 0,
          "links": [
            48
          ],
          "label": "字符串",
          "type": "STRING",
          "localized_name": "字符串"
        }
      ],
      "size": [
        413.9216003417969,
        283.0018310546875
      ],
      "pos": [
        -431,
        383
      ],
      "widgets_values": [
        "The beautiful woman smiles at the camera.",
        [
          false,
          true
        ]
      ],
      "inputs": [],
      "flags": {},
      "id": 45,
      "type": "TextInput_",
      "properties": {
        "Node name for S&R": "TextInput_"
      },
      "order": 7
    },
    {
      "outputs": [],
      "color": "#432",
      "widgets_values": [
        "Under 81 frames doesn't seem to work?"
      ],
      "inputs": [],
      "flags": {},
      "type": "Note",
      "mode": 0,
      "bgcolor": "#653",
      "size": [
        262.5184020996094,
        88
      ],
      "pos": [
        869.465087890625,
        579.4419555664062
      ],
      "id": 34,
      "properties": {
        "text": ""
      },
      "order": 2
    },
    {
      "mode": 0,
      "outputs": [
        {
          "name": "wan_t5_model",
          "slot_index": 0,
          "links": [
            15
          ],
          "label": "wan_t5_model",
          "type": "WANTEXTENCODER",
          "localized_name": "wan_t5_model"
        }
      ],
      "size": [
        377.1661376953125,
        130
      ],
      "pos": [
        196.52047729492188,
        -112.15613555908203
      ],
      "widgets_values": [
        "umt5-xxl-enc-bf16.safetensors",
        "bf16",
        "offload_device",
        "fp8_e4m3fn"
      ],
      "inputs": [],
      "flags": {},
      "id": 11,
      "type": "LoadWanVideoT5TextEncoder",
      "properties": {
        "Node name for S&R": "LoadWanVideoT5TextEncoder"
      },
      "order": 6
    }
  ],
  "extra": {
    "VHS_KeepIntermediate": true,
    "VHS_MetadataImage": true,
    "ue_links": [],
    "0246.VERSION": [
      0,
      0,
      4
    ],
    "VHS_latentpreviewrate": 0,
    "VHS_latentpreview": true,
    "node_versions": {
      "ComfyUI-WanVideoWrapper": "c83f47e4d97b5891058555df16db5e33d16afab1",
      "ComfyUI-VideoHelperSuite": "2c25b8b53835aaeb63f831b3137c705cf9f85dce",
      "comfy-core": "0.3.14"
    },
    "ds": {
      "offset": [
        376.397301133046,
        572.9086183856341
      ],
      "scale": 0.7247295000000004
    }
  },
  "groups": [
    {
      "color": "#3f789e",
      "font_size": 160,
      "flags": {},
      "id": 1,
      "title": "通义万相wan2.1 图生视频 720P高清版 UP楚门的AI世界",
      "bounding": [
        -306,
        -687,
        2739,
        229
      ]
    },
    {
      "color": "#3f789e",
      "font_size": 24,
      "flags": {},
      "id": 2,
      "title": "视频上传",
      "bounding": [
        -342,
        -384,
        355,
        418
      ]
    },
    {
      "color": "#3f789e",
      "font_size": 24,
      "flags": {},
      "id": 3,
      "title": "Group",
      "bounding": [
        -364,
        100,
        355,
        162
      ]
    }
  ],
  "links": [
    [
      15,
      11,
      0,
      16,
      0,
      "WANTEXTENCODER"
    ],
    [
      17,
      13,
      0,
      17,
      0,
      "WANCLIP"
    ],
    [
      18,
      18,
      0,
      17,
      1,
      "IMAGE"
    ],
    [
      21,
      21,
      0,
      17,
      2,
      "VAE"
    ],
    [
      29,
      22,
      0,
      27,
      0,
      "WANVIDEOMODEL"
    ],
    [
      30,
      16,
      0,
      27,
      1,
      "WANVIDEOTEXTEMBEDS"
    ],
    [
      32,
      17,
      0,
      27,
      2,
      "WANVIDIMAGE_EMBEDS"
    ],
    [
      33,
      27,
      0,
      28,
      1,
      "LATENT"
    ],
    [
      34,
      21,
      0,
      28,
      0,
      "VAE"
    ],
    [
      36,
      28,
      0,
      30,
      0,
      "IMAGE"
    ],
    [
      39,
      32,
      0,
      22,
      1,
      "BLOCKSWAPARGS"
    ],
    [
      42,
      38,
      0,
      17,
      3,
      "INT"
    ],
    [
      48,
      45,
      0,
      16,
      1,
      "STRING"
    ]
  ],
  "id": "eaf2a78d-20b5-4059-b80f-9b2d0ceb3c65",
  "config": {},
  "version": 0.4,
  "last_node_id": 45,
  "revision": 0
}