{
  "last_link_id": 468,
  "nodes": [
    {
      "mode": 0,
      "outputs": [
        {
          "shape": 3,
          "name": "IMAGE",
          "slot_index": 0,
          "links": [
            367
          ],
          "label": "图像",
          "type": "IMAGE"
        },
        {
          "shape": 3,
          "name": "MASK",
          "label": "遮罩",
          "type": "MASK"
        }
      ],
      "size": {
        "0": 681.5006103515625,
        "1": 752.8380737304688
      },
      "pos": [
        -866,
        203
      ],
      "widgets_values": [
        "ecc664a5c4bd9f91f307eb0551074b2f18e57cb3342e643c3f965c57480dead6.jfif",
        "image"
      ],
      "inputs": [],
      "flags": {},
      "id": 49,
      "type": "LoadImage",
      "properties": {
        "Node name for S&R": "LoadImage"
      },
      "order": 0
    },
    {
      "mode": 0,
      "outputs": [
        {
          "shape": 3,
          "name": "IMAGE",
          "slot_index": 0,
          "links": [
            372,
            374,
            467
          ],
          "label": "图像",
          "type": "IMAGE"
        },
        {
          "shape": 3,
          "name": "MASK",
          "label": "遮罩",
          "type": "MASK"
        }
      ],
      "size": {
        "0": 691.6895751953125,
        "1": 886.7618408203125
      },
      "pos": [
        -880,
        1117
      ],
      "widgets_values": [
        "487257193feb40a1e841a2a67ba820d5c6248a4d6aaa4b092a707f39d54820d9.jpg",
        "image"
      ],
      "inputs": [],
      "flags": {},
      "id": 40,
      "type": "LoadImage",
      "properties": {
        "Node name for S&R": "LoadImage",
        "ttNbgOverride": {
          "bgcolor": "#533",
          "groupcolor": "#A88",
          "color": "#322"
        }
      },
      "order": 1
    },
    {
      "mode": 0,
      "outputs": [
        {
          "shape": 3,
          "name": "CONDITIONING",
          "slot_index": 0,
          "links": [
            78
          ],
          "label": "条件",
          "type": "CONDITIONING"
        }
      ],
      "size": {
        "0": 281.9720764160156,
        "1": 78.69303894042969
      },
      "pos": [
        280,
        380
      ],
      "widgets_values": [
        ""
      ],
      "inputs": [
        {
          "name": "clip",
          "link": 35,
          "label": "CLIP",
          "type": "CLIP"
        }
      ],
      "flags": {
        "collapsed": false
      },
      "id": 27,
      "type": "CLIPTextEncode",
      "properties": {
        "Node name for S&R": "CLIPTextEncode",
        "ttNbgOverride": {
          "bgcolor": "#533",
          "groupcolor": "#A88",
          "color": "#322"
        }
      },
      "order": 10
    },
    {
      "mode": 0,
      "outputs": [
        {
          "shape": 3,
          "name": "image",
          "slot_index": 0,
          "links": [
            442,
            443
          ],
          "label": "image",
          "type": "IMAGE"
        }
      ],
      "size": [
        220.34971032861336,
        178
      ],
      "pos": [
        609.5961618180318,
        11.482012065121761
      ],
      "widgets_values": [
        "lineart_standard",
        1280,
        0,
        1,
        36,
        1
      ],
      "inputs": [
        {
          "name": "image",
          "link": 453,
          "label": "image",
          "type": "IMAGE"
        }
      ],
      "flags": {},
      "id": 329,
      "type": "AnyLineArtPreprocessor_aux",
      "properties": {
        "Node name for S&R": "AnyLineArtPreprocessor_aux"
      },
      "order": 14
    },
    {
      "mode": 0,
      "outputs": [
        {
          "shape": 3,
          "name": "positive",
          "slot_index": 0,
          "links": [
            223
          ],
          "label": "正面条件",
          "type": "CONDITIONING"
        },
        {
          "shape": 3,
          "name": "negative",
          "slot_index": 1,
          "links": [
            242
          ],
          "label": "负面条件",
          "type": "CONDITIONING"
        }
      ],
      "size": {
        "0": 210,
        "1": 232.2991943359375
      },
      "pos": [
        609.5961618180318,
        231.4820120651218
      ],
      "widgets_values": [
        0.45,
        0,
        0.6
      ],
      "inputs": [
        {
          "name": "positive",
          "link": 77,
          "label": "正面条件",
          "type": "CONDITIONING"
        },
        {
          "name": "negative",
          "link": 78,
          "label": "负面条件",
          "type": "CONDITIONING"
        },
        {
          "name": "control_net",
          "link": 79,
          "slot_index": 2,
          "label": "ControlNet",
          "type": "CONTROL_NET"
        },
        {
          "name": "image",
          "link": 442,
          "slot_index": 3,
          "label": "图像",
          "type": "IMAGE"
        },
        {
          "shape": 7,
          "name": "vae",
          "type": "VAE"
        }
      ],
      "flags": {},
      "id": 53,
      "type": "ControlNetApplyAdvanced",
      "properties": {
        "Node name for S&R": "ControlNetApplyAdvanced",
        "ttNbgOverride": {
          "bgcolor": "#533",
          "groupcolor": "#A88",
          "color": "#322"
        }
      },
      "order": 16
    },
    {
      "mode": 0,
      "outputs": [
        {
          "shape": 3,
          "name": "FACEANALYSIS",
          "slot_index": 0,
          "links": [
            65
          ],
          "label": "面部分析",
          "type": "FACEANALYSIS"
        }
      ],
      "size": {
        "0": 213.7847900390625,
        "1": 86.79431915283203
      },
      "pos": [
        973.7822505275201,
        -69.42993816060842
      ],
      "widgets_values": [
        "CPU"
      ],
      "inputs": [],
      "flags": {
        "collapsed": false
      },
      "id": 44,
      "type": "InstantIDFaceAnalysis",
      "properties": {
        "Node name for S&R": "InstantIDFaceAnalysis",
        "ttNbgOverride": {
          "bgcolor": "#533",
          "groupcolor": "#A88",
          "color": "#322"
        }
      },
      "order": 2
    },
    {
      "mode": 0,
      "outputs": [
        {
          "shape": 3,
          "name": "INSTANTID",
          "slot_index": 0,
          "links": [
            64
          ],
          "type": "INSTANTID"
        }
      ],
      "size": {
        "0": 210,
        "1": 61.693328857421875
      },
      "pos": [
        973.7822505275201,
        90.57006183939157
      ],
      "widgets_values": [
        "ip-adapter.bin"
      ],
      "inputs": [],
      "flags": {
        "collapsed": false
      },
      "id": 42,
      "type": "InstantIDModelLoader",
      "properties": {
        "Node name for S&R": "InstantIDModelLoader",
        "ttNbgOverride": {
          "bgcolor": "#533",
          "groupcolor": "#A88",
          "color": "#322"
        }
      },
      "order": 3
    },
    {
      "mode": 0,
      "outputs": [],
      "size": {
        "0": 764.4850463867188,
        "1": 976.4780883789062
      },
      "pos": [
        1845.679104275187,
        1004.5347290039033
      ],
      "widgets_values": [
        "ComfyUI"
      ],
      "inputs": [
        {
          "name": "images",
          "link": 438,
          "label": "图像",
          "type": "IMAGE"
        }
      ],
      "flags": {
        "pinned": true
      },
      "id": 328,
      "type": "SaveImage",
      "properties": {
        "Node name for S&R": "SaveImage"
      },
      "order": 24
    },
    {
      "mode": 0,
      "outputs": [
        {
          "name": "image",
          "label": "图像",
          "type": "IMAGE"
        },
        {
          "name": "mask",
          "slot_index": 1,
          "links": [
            448
          ],
          "label": "遮罩",
          "type": "MASK"
        }
      ],
      "size": {
        "0": 314.7027282714844,
        "1": 453.63189697265625
      },
      "color": "rgba(27, 80, 119, 0.7)",
      "pos": [
        -20,
        860
      ],
      "widgets_values": [
        true,
        false,
        false,
        false,
        false,
        false,
        0.4,
        "VITMatte",
        6,
        6,
        0.01,
        0.99,
        true,
        "cuda",
        2
      ],
      "inputs": [
        {
          "name": "images",
          "link": 374,
          "label": "图像",
          "type": "IMAGE"
        }
      ],
      "flags": {
        "collapsed": false
      },
      "id": 271,
      "type": "LayerMask: PersonMaskUltra V2",
      "properties": {
        "Node name for S&R": "LayerMask: PersonMaskUltra V2"
      },
      "order": 9
    },
    {
      "mode": 0,
      "outputs": [
        {
          "shape": 3,
          "name": "image",
          "slot_index": 0,
          "links": [
            458
          ],
          "label": "image",
          "type": "IMAGE"
        }
      ],
      "size": {
        "0": 315,
        "1": 78
      },
      "pos": [
        2110,
        220
      ],
      "widgets_values": [
        "bislerp"
      ],
      "inputs": [
        {
          "name": "stitch",
          "link": 447,
          "label": "stitch",
          "type": "STITCH"
        },
        {
          "name": "inpainted_image",
          "link": 462,
          "label": "inpainted_image",
          "type": "IMAGE"
        }
      ],
      "flags": {},
      "id": 332,
      "type": "InpaintStitch",
      "properties": {
        "Node name for S&R": "InpaintStitch"
      },
      "order": 22
    },
    {
      "mode": 0,
      "outputs": [
        {
          "shape": 3,
          "name": "CONDITIONING",
          "slot_index": 0,
          "links": [
            77
          ],
          "label": "条件",
          "type": "CONDITIONING"
        }
      ],
      "size": {
        "0": 277.8987121582031,
        "1": 104.67237854003906
      },
      "pos": [
        270,
        230
      ],
      "widgets_values": [
        "Perfect skin"
      ],
      "inputs": [
        {
          "name": "clip",
          "link": 36,
          "slot_index": 0,
          "label": "CLIP",
          "type": "CLIP"
        }
      ],
      "flags": {
        "collapsed": false
      },
      "id": 28,
      "type": "CLIPTextEncode",
      "properties": {
        "Node name for S&R": "CLIPTextEncode",
        "ttNbgOverride": {
          "bgcolor": "#533",
          "groupcolor": "#A88",
          "color": "#322"
        }
      },
      "order": 11
    },
    {
      "mode": 0,
      "outputs": [
        {
          "shape": 3,
          "name": "CONTROL_NET",
          "links": [
            79
          ],
          "label": "ControlNet",
          "type": "CONTROL_NET"
        }
      ],
      "size": [
        238.2970140279176,
        58
      ],
      "pos": [
        599.5961618180318,
        -95.51798793487819
      ],
      "widgets_values": [
        "MistoLine/mistoLine_fp16.safetensors"
      ],
      "inputs": [],
      "flags": {
        "collapsed": false
      },
      "id": 54,
      "type": "ControlNetLoader",
      "properties": {
        "Node name for S&R": "ControlNetLoader",
        "ttNbgOverride": {
          "bgcolor": "#533",
          "groupcolor": "#A88",
          "color": "#322"
        }
      },
      "order": 4
    },
    {
      "mode": 0,
      "outputs": [],
      "size": {
        "0": 274.2845764160156,
        "1": 246
      },
      "pos": [
        599.5961618180318,
        523.482012065122
      ],
      "inputs": [
        {
          "name": "images",
          "link": 443,
          "label": "图像",
          "type": "IMAGE"
        }
      ],
      "flags": {
        "collapsed": false
      },
      "id": 56,
      "type": "PreviewImage",
      "properties": {
        "Node name for S&R": "PreviewImage",
        "ttNbgOverride": {
          "bgcolor": "#533",
          "groupcolor": "#A88",
          "color": "#322"
        }
      },
      "order": 17
    },
    {
      "mode": 0,
      "outputs": [
        {
          "shape": 3,
          "name": "stitch",
          "slot_index": 0,
          "links": [
            447
          ],
          "label": "stitch",
          "type": "STITCH"
        },
        {
          "shape": 3,
          "name": "cropped_image",
          "slot_index": 1,
          "links": [
            452,
            453,
            454,
            455
          ],
          "label": "cropped_image",
          "type": "IMAGE"
        },
        {
          "shape": 3,
          "name": "cropped_mask",
          "slot_index": 2,
          "links": [
            468
          ],
          "label": "cropped_mask",
          "type": "MASK"
        }
      ],
      "size": [
        443.4000244140625,
        386
      ],
      "pos": [
        323,
        883
      ],
      "widgets_values": [
        20,
        1,
        true,
        16,
        false,
        16,
        "bicubic",
        "ranged size",
        1024,
        1024,
        1,
        512,
        512,
        768,
        768,
        32
      ],
      "inputs": [
        {
          "name": "image",
          "link": 467,
          "label": "image",
          "type": "IMAGE"
        },
        {
          "name": "mask",
          "link": 448,
          "label": "mask",
          "type": "MASK"
        },
        {
          "name": "optional_context_mask",
          "label": "optional_context_mask",
          "type": "MASK"
        }
      ],
      "flags": {},
      "id": 330,
      "type": "InpaintCrop",
      "properties": {
        "Node name for S&R": "InpaintCrop"
      },
      "order": 12
    },
    {
      "mode": 0,
      "outputs": [
        {
          "shape": 3,
          "name": "CONTROL_NET",
          "slot_index": 0,
          "links": [
            66
          ],
          "label": "ControlNet",
          "type": "CONTROL_NET"
        }
      ],
      "size": [
        255.19553492338764,
        88.26238863797585
      ],
      "pos": [
        993.7822505275201,
        540.5700618393917
      ],
      "widgets_values": [
        "instantid/diffusion_pytorch_model.safetensors"
      ],
      "inputs": [],
      "flags": {
        "collapsed": false
      },
      "id": 43,
      "type": "ControlNetLoader",
      "properties": {
        "Node name for S&R": "ControlNetLoader",
        "ttNbgOverride": {
          "bgcolor": "#533",
          "groupcolor": "#A88",
          "color": "#322"
        }
      },
      "order": 5
    },
    {
      "mode": 0,
      "outputs": [
        {
          "shape": 3,
          "name": "MODEL",
          "slot_index": 0,
          "links": [
            377
          ],
          "label": "模型",
          "type": "MODEL"
        },
        {
          "shape": 3,
          "name": "positive",
          "slot_index": 1,
          "links": [
            30
          ],
          "label": "正面条件",
          "type": "CONDITIONING"
        },
        {
          "shape": 3,
          "name": "negative",
          "slot_index": 2,
          "links": [
            31
          ],
          "label": "负面条件",
          "type": "CONDITIONING"
        }
      ],
      "size": {
        "0": 236.75576782226562,
        "1": 266
      },
      "pos": [
        993.7822505275201,
        220.57006183939157
      ],
      "widgets_values": [
        1,
        0,
        1
      ],
      "inputs": [
        {
          "name": "instantid",
          "link": 64,
          "label": "InstantID",
          "type": "INSTANTID"
        },
        {
          "name": "insightface",
          "link": 65,
          "label": "InsightFace",
          "type": "FACEANALYSIS"
        },
        {
          "name": "control_net",
          "link": 66,
          "label": "ControlNet",
          "type": "CONTROL_NET"
        },
        {
          "name": "image",
          "link": 367,
          "slot_index": 3,
          "label": "图像",
          "type": "IMAGE"
        },
        {
          "name": "model",
          "link": 68,
          "label": "模型",
          "type": "MODEL"
        },
        {
          "name": "positive",
          "link": 223,
          "label": "正面条件",
          "type": "CONDITIONING"
        },
        {
          "name": "negative",
          "link": 242,
          "label": "负面条件",
          "type": "CONDITIONING"
        },
        {
          "shape": 7,
          "name": "image_kps",
          "link": 454,
          "label": "图像_kps",
          "type": "IMAGE"
        },
        {
          "shape": 7,
          "name": "mask",
          "label": "遮罩",
          "type": "MASK"
        }
      ],
      "flags": {},
      "id": 45,
      "type": "ApplyInstantID",
      "properties": {
        "Node name for S&R": "ApplyInstantID",
        "ttNbgOverride": {
          "bgcolor": "#533",
          "groupcolor": "#A88",
          "color": "#322"
        }
      },
      "order": 18
    },
    {
      "mode": 0,
      "outputs": [
        {
          "shape": 3,
          "name": "positive",
          "slot_index": 0,
          "links": [
            53
          ],
          "label": "正面条件",
          "type": "CONDITIONING"
        },
        {
          "shape": 3,
          "name": "negative",
          "slot_index": 1,
          "links": [
            54
          ],
          "label": "负面条件",
          "type": "CONDITIONING"
        },
        {
          "shape": 3,
          "name": "latent",
          "slot_index": 2,
          "links": [
            445
          ],
          "label": "Latent",
          "type": "LATENT"
        }
      ],
      "size": {
        "0": 299.4267883300781,
        "1": 261.910888671875
      },
      "pos": [
        1367,
        184
      ],
      "widgets_values": [
        true
      ],
      "inputs": [
        {
          "name": "positive",
          "link": 30,
          "label": "正面条件",
          "type": "CONDITIONING"
        },
        {
          "name": "negative",
          "link": 31,
          "slot_index": 1,
          "label": "负面条件",
          "type": "CONDITIONING"
        },
        {
          "name": "vae",
          "link": 32,
          "slot_index": 2,
          "label": "VAE",
          "type": "VAE"
        },
        {
          "name": "pixels",
          "link": 455,
          "label": "图像",
          "type": "IMAGE"
        },
        {
          "name": "mask",
          "link": 461,
          "slot_index": 4,
          "label": "遮罩",
          "type": "MASK"
        }
      ],
      "flags": {
        "collapsed": false
      },
      "id": 26,
      "type": "InpaintModelConditioning",
      "properties": {
        "Node name for S&R": "InpaintModelConditioning",
        "ttNbgOverride": {
          "bgcolor": "#533",
          "groupcolor": "#A88",
          "color": "#322"
        }
      },
      "order": 19
    },
    {
      "mode": 0,
      "outputs": [
        {
          "shape": 3,
          "name": "LATENT",
          "slot_index": 0,
          "links": [
            28
          ],
          "label": "Latent",
          "type": "LATENT"
        }
      ],
      "size": {
        "0": 319.6982116699219,
        "1": 458.88629150390625
      },
      "pos": [
        1746,
        94
      ],
      "widgets_values": [
        92332524608602,
        "fixed",
        15,
        1.5,
        "euler_ancestral",
        "sgm_uniform",
        0.6
      ],
      "inputs": [
        {
          "name": "model",
          "link": 377,
          "label": "模型",
          "type": "MODEL"
        },
        {
          "name": "positive",
          "link": 53,
          "label": "正面条件",
          "type": "CONDITIONING"
        },
        {
          "name": "negative",
          "link": 54,
          "label": "负面条件",
          "type": "CONDITIONING"
        },
        {
          "name": "latent_image",
          "link": 445,
          "label": "Latent",
          "type": "LATENT"
        }
      ],
      "flags": {},
      "id": 35,
      "type": "KSampler",
      "properties": {
        "Node name for S&R": "KSampler",
        "ttNbgOverride": {
          "bgcolor": "#533",
          "groupcolor": "#A88",
          "color": "#322"
        }
      },
      "order": 20
    },
    {
      "mode": 0,
      "outputs": [
        {
          "shape": 3,
          "name": "IMAGE",
          "slot_index": 0,
          "links": [
            462
          ],
          "label": "图像",
          "type": "IMAGE"
        }
      ],
      "size": [
        301.0511475665171,
        46
      ],
      "pos": [
        2104,
        114
      ],
      "inputs": [
        {
          "name": "samples",
          "link": 28,
          "label": "Latent",
          "type": "LATENT"
        },
        {
          "name": "vae",
          "link": 29,
          "label": "VAE",
          "type": "VAE"
        }
      ],
      "flags": {
        "collapsed": false
      },
      "id": 25,
      "type": "VAEDecode",
      "properties": {
        "Node name for S&R": "VAEDecode",
        "ttNbgOverride": {
          "bgcolor": "#533",
          "groupcolor": "#A88",
          "color": "#322"
        }
      },
      "order": 21
    },
    {
      "mode": 0,
      "outputs": [
        {
          "shape": 3,
          "name": "IMAGE",
          "slot_index": 0,
          "links": [
            438
          ],
          "label": "IMAGE",
          "type": "IMAGE"
        }
      ],
      "size": {
        "0": 335.83758544921875,
        "1": 170
      },
      "pos": [
        2100,
        360
      ],
      "widgets_values": [
        "LAB",
        1,
        "auto",
        0
      ],
      "inputs": [
        {
          "name": "image",
          "link": 458,
          "label": "image",
          "type": "IMAGE"
        },
        {
          "name": "reference",
          "link": 372,
          "label": "reference",
          "type": "IMAGE"
        },
        {
          "shape": 7,
          "name": "reference_mask",
          "label": "reference_mask",
          "type": "MASK"
        }
      ],
      "flags": {
        "collapsed": false
      },
      "id": 164,
      "type": "ImageColorMatch+",
      "properties": {
        "Node name for S&R": "ImageColorMatch+",
        "ttNbgOverride": {
          "bgcolor": "#533",
          "groupcolor": "#A88",
          "color": "#322"
        }
      },
      "order": 23
    },
    {
      "mode": 0,
      "outputs": [
        {
          "shape": 3,
          "name": "MASK",
          "slot_index": 0,
          "links": [
            461
          ],
          "label": "遮罩",
          "type": "MASK"
        }
      ],
      "size": {
        "0": 210,
        "1": 82
      },
      "pos": [
        811,
        903
      ],
      "widgets_values": [
        10,
        "auto"
      ],
      "inputs": [
        {
          "name": "mask",
          "link": 468,
          "label": "遮罩",
          "type": "MASK"
        }
      ],
      "flags": {
        "collapsed": false
      },
      "id": 337,
      "type": "MaskBlur+",
      "properties": {
        "Node name for S&R": "MaskBlur+",
        "ttNbgOverride": {
          "bgcolor": "#533",
          "groupcolor": "#A88",
          "color": "#322"
        }
      },
      "order": 15
    },
    {
      "mode": 0,
      "outputs": [
        {
          "shape": 3,
          "name": "MODEL",
          "slot_index": 0,
          "links": [
            68
          ],
          "label": "模型",
          "type": "MODEL"
        },
        {
          "shape": 3,
          "name": "CLIP",
          "slot_index": 1,
          "links": [
            35,
            36
          ],
          "label": "CLIP",
          "type": "CLIP"
        },
        {
          "shape": 3,
          "name": "VAE",
          "slot_index": 2,
          "links": [
            29,
            32
          ],
          "label": "VAE",
          "type": "VAE"
        }
      ],
      "size": {
        "0": 285.6560974121094,
        "1": 115.43209075927734
      },
      "pos": [
        -80,
        300
      ],
      "widgets_values": [
        "DreamShaper XL v2.1 Turbo 闪电.safetensors"
      ],
      "inputs": [],
      "flags": {},
      "id": 34,
      "type": "CheckpointLoaderSimple",
      "properties": {
        "Node name for S&R": "CheckpointLoaderSimple",
        "ttNbgOverride": {
          "bgcolor": "#533",
          "groupcolor": "#A88",
          "color": "#322"
        }
      },
      "order": 6
    },
    {
      "mode": 0,
      "size": [
        210,
        246
      ],
      "pos": [
        808,
        1047
      ],
      "inputs": [
        {
          "name": "images",
          "link": 452,
          "label": "图像",
          "type": "IMAGE"
        }
      ],
      "flags": {},
      "id": 336,
      "type": "PreviewImage",
      "properties": {
        "Node name for S&R": "PreviewImage"
      },
      "order": 13
    },
    {
      "mode": 0,
      "outputs": [
        {
          "shape": 3,
          "name": "IMAGE",
          "slot_index": 0,
          "links": [],
          "label": "图像",
          "type": "IMAGE"
        },
        {
          "shape": 3,
          "name": "MASK",
          "label": "遮罩",
          "type": "MASK"
        }
      ],
      "size": [
        316.71007409120784,
        371.2190047283941
      ],
      "pos": [
        1347,
        519
      ],
      "widgets_values": [
        "58581f5c63e30c89e1aa2b978d66028a980a2e385bed3cc648c7046547000cde.png",
        "image"
      ],
      "inputs": [],
      "flags": {},
      "id": 340,
      "type": "LoadImage",
      "properties": {
        "Node name for S&R": "LoadImage"
      },
      "order": 7
    },
    {
      "mode": 0,
      "bgcolor": "#653",
      "size": [
        520.7322500858959,
        240.99470985972516
      ],
      "color": "#432",
      "pos": [
        -37,
        527
      ],
      "widgets_values": [
        "使用方法：\n\n1. 上传脸部参考图和模特背景效果图\n\n2.填写提示词（可选）\n\n3.点击运行生成效果\n\n工作流由【设计师学Ai】原创制作。\n\n联系我vx：AIGC-zsjh\n\n公众号：AI芝士计划\n\n我在bilibili、小红书、抖音的账号【设计师学Ai】，如果觉得工作流不错，可以关注我哟！"
      ],
      "flags": {},
      "id": 338,
      "type": "Note",
      "properties": {
        "text": ""
      },
      "order": 8
    }
  ],
  "extra": {
    "workspace_info": {
      "saveLock": false,
      "id": "0t8GDOe6UloyxN9JmYQOH"
    },
    "0246.VERSION": [
      0,
      0,
      4
    ],
    "ds": {
      "offset": {
        "0": 1742.3936767578125,
        "1": 189.76998901367188
      },
      "scale": 0.4950000000000063
    }
  },
  "groups": [
    {
      "color": "#3f789e",
      "font_size": 50,
      "title": "海报生成",
      "locked": false,
      "bounding": [
        1825,
        883,
        797,
        1116
      ]
    },
    {
      "color": "#3f789e",
      "font_size": 50,
      "title": "模特效果图",
      "locked": false,
      "bounding": [
        -892,
        987,
        718,
        1020
      ]
    },
    {
      "color": "#3f789e",
      "font_size": 50,
      "title": "脸部参考图",
      "locked": false,
      "bounding": [
        -886,
        84,
        718,
        884
      ]
    },
    {
      "color": "#3f789e",
      "font_size": 24,
      "title": "controlnet",
      "locked": false,
      "bounding": [
        590,
        -170,
        294,
        949
      ]
    },
    {
      "color": "#3f789e",
      "font_size": 24,
      "title": "instantID",
      "locked": false,
      "bounding": [
        964,
        -143,
        295,
        782
      ]
    }
  ],
  "links": [
    [
      28,
      35,
      0,
      25,
      0,
      "LATENT"
    ],
    [
      29,
      34,
      2,
      25,
      1,
      "VAE"
    ],
    [
      30,
      45,
      1,
      26,
      0,
      "CONDITIONING"
    ],
    [
      31,
      45,
      2,
      26,
      1,
      "CONDITIONING"
    ],
    [
      32,
      34,
      2,
      26,
      2,
      "VAE"
    ],
    [
      35,
      34,
      1,
      27,
      0,
      "CLIP"
    ],
    [
      36,
      34,
      1,
      28,
      0,
      "CLIP"
    ],
    [
      53,
      26,
      0,
      35,
      1,
      "CONDITIONING"
    ],
    [
      54,
      26,
      1,
      35,
      2,
      "CONDITIONING"
    ],
    [
      64,
      42,
      0,
      45,
      0,
      "INSTANTID"
    ],
    [
      65,
      44,
      0,
      45,
      1,
      "FACEANALYSIS"
    ],
    [
      66,
      43,
      0,
      45,
      2,
      "CONTROL_NET"
    ],
    [
      68,
      34,
      0,
      45,
      4,
      "MODEL"
    ],
    [
      77,
      28,
      0,
      53,
      0,
      "CONDITIONING"
    ],
    [
      78,
      27,
      0,
      53,
      1,
      "CONDITIONING"
    ],
    [
      79,
      54,
      0,
      53,
      2,
      "CONTROL_NET"
    ],
    [
      223,
      53,
      0,
      45,
      5,
      "CONDITIONING"
    ],
    [
      242,
      53,
      1,
      45,
      6,
      "CONDITIONING"
    ],
    [
      367,
      49,
      0,
      45,
      3,
      "IMAGE"
    ],
    [
      368,
      22,
      0,
      35,
      4,
      "INT"
    ],
    [
      372,
      40,
      0,
      164,
      1,
      "IMAGE"
    ],
    [
      374,
      40,
      0,
      271,
      0,
      "IMAGE"
    ],
    [
      377,
      45,
      0,
      35,
      0,
      "MODEL"
    ],
    [
      438,
      164,
      0,
      328,
      0,
      "IMAGE"
    ],
    [
      442,
      329,
      0,
      53,
      3,
      "IMAGE"
    ],
    [
      443,
      329,
      0,
      56,
      0,
      "IMAGE"
    ],
    [
      445,
      26,
      2,
      35,
      3,
      "LATENT"
    ],
    [
      447,
      330,
      0,
      332,
      0,
      "STITCH"
    ],
    [
      448,
      271,
      1,
      330,
      1,
      "MASK"
    ],
    [
      452,
      330,
      1,
      336,
      0,
      "IMAGE"
    ],
    [
      453,
      330,
      1,
      329,
      0,
      "IMAGE"
    ],
    [
      454,
      330,
      1,
      45,
      7,
      "IMAGE"
    ],
    [
      455,
      330,
      1,
      26,
      3,
      "IMAGE"
    ],
    [
      458,
      332,
      0,
      164,
      0,
      "IMAGE"
    ],
    [
      461,
      337,
      0,
      26,
      4,
      "MASK"
    ],
    [
      462,
      25,
      0,
      332,
      1,
      "IMAGE"
    ],
    [
      467,
      40,
      0,
      330,
      0,
      "IMAGE"
    ],
    [
      468,
      330,
      2,
      337,
      0,
      "MASK"
    ]
  ],
  "config": {},
  "version": 0.4,
  "last_node_id": 340
}