{
  "last_link_id": 204,
  "nodes": [
    {
      "mode": 4,
      "outputs": [],
      "size": {
        "0": 324.9996337890625,
        "1": 246
      },
      "pos": [
        -837.5673828125,
        -60.5985107421875
      ],
      "inputs": [
        {
          "name": "images",
          "link": 44,
          "label": "图像",
          "type": "IMAGE"
        }
      ],
      "flags": {},
      "id": 33,
      "type": "PreviewImage",
      "properties": {
        "Node name for S&R": "PreviewImage"
      },
      "order": 31
    },
    {
      "mode": 4,
      "outputs": [
        {
          "shape": 6,
          "name": "IMAGE",
          "slot_index": 0,
          "links": [
            87,
            88
          ],
          "label": "图像",
          "type": "IMAGE"
        },
        {
          "shape": 6,
          "name": "x",
          "slot_index": 1,
          "links": [],
          "label": "X",
          "type": "INT"
        },
        {
          "shape": 6,
          "name": "y",
          "slot_index": 2,
          "links": [],
          "label": "Y",
          "type": "INT"
        },
        {
          "shape": 6,
          "name": "width",
          "links": [],
          "label": "宽度",
          "type": "INT"
        },
        {
          "shape": 6,
          "name": "height",
          "links": [],
          "label": "高度",
          "type": "INT"
        }
      ],
      "size": {
        "0": 315,
        "1": 186
      },
      "pos": [
        -1833.3720703125,
        884.6767578125
      ],
      "widgets_values": [
        0,
        0.3,
        -1
      ],
      "inputs": [
        {
          "name": "analysis_models",
          "link": 86,
          "label": "面部分析模型",
          "type": "ANALYSIS_MODELS"
        },
        {
          "name": "image",
          "link": 98,
          "label": "图像",
          "type": "IMAGE"
        }
      ],
      "flags": {},
      "id": 50,
      "type": "FaceBoundingBox",
      "properties": {
        "Node name for S&R": "FaceBoundingBox"
      },
      "order": 17
    },
    {
      "outputs": [
        {
          "name": "CONDITIONING",
          "slot_index": 0,
          "links": [
            20
          ],
          "label": "条件",
          "type": "CONDITIONING"
        }
      ],
      "color": "#322",
      "widgets_values": [
        "nsfw,worst quality, low quality, normal quality, lowres, low details, oversaturated, undersaturated, overexposed, underexposed, grayscale, bw, bad photo, bad photography, bad art, watermark, signature, text font, username, error, logo, words, letters, digits, autograph, trademark, name, blur, blurry, grainy, ugly, asymmetrical, poorly lit, bad shadow, draft, cropped, out of frame, cut off, censored, jpeg artifacts, out of focus, glitch, duplicate, text, watermark,\n(smooth material:1.1),(Highly reflective:1.2), (Material reflection:1.2),(nsfw:1.1)\nSignature, deformed, blurry, grainy, ((long neck))\n"
      ],
      "inputs": [
        {
          "name": "clip",
          "link": 82,
          "label": "CLIP",
          "type": "CLIP"
        }
      ],
      "flags": {},
      "type": "CLIPTextEncode",
      "mode": 4,
      "bgcolor": "#533",
      "size": {
        "0": 425.27801513671875,
        "1": 180.6060791015625
      },
      "pos": [
        219.12704467773438,
        948.6710815429688
      ],
      "id": 7,
      "properties": {
        "Node name for S&R": "CLIPTextEncode"
      },
      "order": 30
    },
    {
      "mode": 4,
      "outputs": [],
      "size": {
        "0": 322.5178527832031,
        "1": 246
      },
      "pos": [
        -1500.8570556640625,
        736.964599609375
      ],
      "inputs": [
        {
          "name": "images",
          "link": 87,
          "label": "图像",
          "type": "IMAGE"
        }
      ],
      "flags": {},
      "id": 51,
      "type": "PreviewImage",
      "properties": {
        "Node name for S&R": "PreviewImage"
      },
      "order": 25
    },
    {
      "mode": 4,
      "outputs": [
        {
          "shape": 3,
          "name": "IMAGE",
          "slot_index": 0,
          "links": [
            110
          ],
          "label": "图像",
          "type": "IMAGE"
        },
        {
          "shape": 3,
          "name": "width",
          "label": "宽度",
          "type": "INT"
        },
        {
          "shape": 3,
          "name": "height",
          "label": "高度",
          "type": "INT"
        }
      ],
      "size": {
        "0": 315,
        "1": 218
      },
      "pos": [
        -1830.85693359375,
        1116.9644775390625
      ],
      "widgets_values": [
        0,
        1024,
        "nearest",
        "keep proportion",
        "always",
        0
      ],
      "inputs": [
        {
          "name": "image",
          "link": 88,
          "label": "图像",
          "type": "IMAGE"
        }
      ],
      "flags": {},
      "id": 52,
      "type": "ImageResize+",
      "properties": {
        "Node name for S&R": "ImageResize+"
      },
      "order": 26
    },
    {
      "mode": 4,
      "outputs": [
        {
          "shape": 3,
          "name": "ANALYSIS_MODELS",
          "slot_index": 0,
          "links": [
            99
          ],
          "label": "面部分析模型",
          "type": "ANALYSIS_MODELS"
        }
      ],
      "size": {
        "0": 315,
        "1": 82
      },
      "pos": [
        -1115.9246826171875,
        741.89306640625
      ],
      "widgets_values": [
        "insightface",
        "CUDA"
      ],
      "inputs": [],
      "flags": {
        "collapsed": true
      },
      "id": 55,
      "type": "FaceAnalysisModels",
      "properties": {
        "Node name for S&R": "FaceAnalysisModels"
      },
      "order": 0
    },
    {
      "mode": 4,
      "outputs": [
        {
          "shape": 6,
          "name": "IMAGE",
          "slot_index": 0,
          "links": [
            101,
            102
          ],
          "label": "图像",
          "type": "IMAGE"
        },
        {
          "shape": 6,
          "name": "x",
          "slot_index": 1,
          "links": [],
          "label": "X",
          "type": "INT"
        },
        {
          "shape": 6,
          "name": "y",
          "slot_index": 2,
          "links": [],
          "label": "Y",
          "type": "INT"
        },
        {
          "shape": 6,
          "name": "width",
          "links": [],
          "label": "宽度",
          "type": "INT"
        },
        {
          "shape": 6,
          "name": "height",
          "links": [],
          "label": "高度",
          "type": "INT"
        }
      ],
      "size": {
        "0": 315,
        "1": 186
      },
      "pos": [
        -949.92529296875,
        742.89306640625
      ],
      "widgets_values": [
        0,
        0.3,
        -1
      ],
      "inputs": [
        {
          "name": "analysis_models",
          "link": 99,
          "label": "面部分析模型",
          "type": "ANALYSIS_MODELS"
        },
        {
          "name": "image",
          "link": 107,
          "label": "图像",
          "type": "IMAGE"
        }
      ],
      "flags": {
        "collapsed": true
      },
      "id": 56,
      "type": "FaceBoundingBox",
      "properties": {
        "Node name for S&R": "FaceBoundingBox"
      },
      "order": 18
    },
    {
      "mode": 4,
      "outputs": [
        {
          "shape": 3,
          "name": "IMAGE",
          "slot_index": 0,
          "links": [
            111
          ],
          "label": "图像",
          "type": "IMAGE"
        },
        {
          "shape": 3,
          "name": "width",
          "label": "宽度",
          "type": "INT"
        },
        {
          "shape": 3,
          "name": "height",
          "label": "高度",
          "type": "INT"
        }
      ],
      "size": {
        "0": 315,
        "1": 218
      },
      "pos": [
        -809.92529296875,
        747.89306640625
      ],
      "widgets_values": [
        0,
        1024,
        "nearest",
        "keep proportion",
        "always",
        0
      ],
      "inputs": [
        {
          "name": "image",
          "link": 102,
          "label": "图像",
          "type": "IMAGE"
        }
      ],
      "flags": {
        "collapsed": true
      },
      "id": 58,
      "type": "ImageResize+",
      "properties": {
        "Node name for S&R": "ImageResize+"
      },
      "order": 28
    },
    {
      "mode": 4,
      "outputs": [
        {
          "shape": 3,
          "name": "FACEANALYSIS",
          "links": [
            11
          ],
          "label": "面部分析",
          "type": "FACEANALYSIS"
        }
      ],
      "size": {
        "0": 315,
        "1": 58
      },
      "pos": [
        760.9632568359375,
        883.86962890625
      ],
      "widgets_values": [
        "CUDA"
      ],
      "inputs": [],
      "flags": {},
      "id": 13,
      "type": "InstantIDFaceAnalysis",
      "properties": {
        "Node name for S&R": "InstantIDFaceAnalysis"
      },
      "order": 1
    },
    {
      "mode": 4,
      "outputs": [
        {
          "shape": 3,
          "name": "IMAGE",
          "slot_index": 0,
          "links": [
            183
          ],
          "label": "图像",
          "type": "IMAGE"
        },
        {
          "shape": 3,
          "name": "width",
          "label": "宽度",
          "type": "INT"
        },
        {
          "shape": 3,
          "name": "height",
          "label": "高度",
          "type": "INT"
        }
      ],
      "size": {
        "0": 315,
        "1": 218
      },
      "pos": [
        -483,
        -410
      ],
      "widgets_values": [
        0,
        1024,
        "nearest",
        "keep proportion",
        "always",
        0
      ],
      "inputs": [
        {
          "name": "image",
          "link": 55,
          "label": "图像",
          "type": "IMAGE"
        }
      ],
      "flags": {},
      "id": 38,
      "type": "ImageResize+",
      "properties": {
        "Node name for S&R": "ImageResize+"
      },
      "order": 32
    },
    {
      "mode": 0,
      "outputs": [
        {
          "shape": 3,
          "name": "ANALYSIS_MODELS",
          "slot_index": 0,
          "links": [
            103
          ],
          "label": "面部分析模型",
          "type": "ANALYSIS_MODELS"
        }
      ],
      "size": {
        "0": 315,
        "1": 82
      },
      "pos": [
        -1833.923583984375,
        1389.89306640625
      ],
      "widgets_values": [
        "insightface",
        "CUDA"
      ],
      "inputs": [],
      "flags": {
        "collapsed": true
      },
      "id": 60,
      "type": "FaceAnalysisModels",
      "properties": {
        "Node name for S&R": "FaceAnalysisModels"
      },
      "order": 2
    },
    {
      "mode": 0,
      "outputs": [
        {
          "shape": 6,
          "name": "IMAGE",
          "slot_index": 0,
          "links": [
            105,
            106
          ],
          "label": "图像",
          "type": "IMAGE"
        },
        {
          "shape": 6,
          "name": "x",
          "slot_index": 1,
          "links": [],
          "label": "X",
          "type": "INT"
        },
        {
          "shape": 6,
          "name": "y",
          "slot_index": 2,
          "links": [],
          "label": "Y",
          "type": "INT"
        },
        {
          "shape": 6,
          "name": "width",
          "links": [],
          "label": "宽度",
          "type": "INT"
        },
        {
          "shape": 6,
          "name": "height",
          "links": [],
          "label": "高度",
          "type": "INT"
        }
      ],
      "size": {
        "0": 315,
        "1": 186
      },
      "pos": [
        -1651.923583984375,
        1394.89306640625
      ],
      "widgets_values": [
        0,
        0.3,
        -1
      ],
      "inputs": [
        {
          "name": "analysis_models",
          "link": 103,
          "label": "面部分析模型",
          "type": "ANALYSIS_MODELS"
        },
        {
          "name": "image",
          "link": 108,
          "label": "图像",
          "type": "IMAGE"
        }
      ],
      "flags": {
        "collapsed": true
      },
      "id": 61,
      "type": "FaceBoundingBox",
      "properties": {
        "Node name for S&R": "FaceBoundingBox"
      },
      "order": 16
    },
    {
      "mode": 0,
      "outputs": [
        {
          "shape": 3,
          "name": "IMAGE",
          "slot_index": 0,
          "links": [
            109
          ],
          "label": "图像",
          "type": "IMAGE"
        },
        {
          "shape": 3,
          "name": "width",
          "label": "宽度",
          "type": "INT"
        },
        {
          "shape": 3,
          "name": "height",
          "label": "高度",
          "type": "INT"
        }
      ],
      "size": {
        "0": 315,
        "1": 218
      },
      "pos": [
        -1488.923583984375,
        1393.89306640625
      ],
      "widgets_values": [
        0,
        1024,
        "nearest",
        "keep proportion",
        "always",
        0
      ],
      "inputs": [
        {
          "name": "image",
          "link": 106,
          "label": "图像",
          "type": "IMAGE"
        }
      ],
      "flags": {
        "collapsed": true
      },
      "id": 63,
      "type": "ImageResize+",
      "properties": {
        "Node name for S&R": "ImageResize+"
      },
      "order": 24
    },
    {
      "outputs": [
        {
          "shape": 3,
          "name": "IMAGE",
          "slot_index": 0,
          "links": [
            53,
            108
          ],
          "label": "图像",
          "type": "IMAGE"
        },
        {
          "shape": 3,
          "name": "MASK",
          "label": "遮罩",
          "type": "MASK"
        }
      ],
      "color": "#432",
      "widgets_values": [
        "2912f6a4ffaaf8b5f3afbb28b35c22e486b2ae50ef11edbea429faa5f887c40a.png",
        "image"
      ],
      "inputs": [],
      "flags": {},
      "type": "LoadImage",
      "mode": 0,
      "bgcolor": "#653",
      "size": {
        "0": 388.7667236328125,
        "1": 470.9700927734375
      },
      "pos": [
        -1823.923583984375,
        1437.89306640625
      ],
      "id": 18,
      "properties": {
        "Node name for S&R": "LoadImage"
      },
      "order": 3
    },
    {
      "mode": 4,
      "outputs": [
        {
          "shape": 3,
          "name": "MODEL",
          "slot_index": 0,
          "links": [
            35
          ],
          "label": "模型",
          "type": "MODEL"
        },
        {
          "shape": 3,
          "name": "positive",
          "slot_index": 1,
          "links": [
            33
          ],
          "label": "正面条件",
          "type": "CONDITIONING"
        },
        {
          "shape": 3,
          "name": "negative",
          "slot_index": 2,
          "links": [
            34
          ],
          "label": "负面条件",
          "type": "CONDITIONING"
        }
      ],
      "size": {
        "0": 315,
        "1": 266
      },
      "pos": [
        758.720458984375,
        1101.731201171875
      ],
      "widgets_values": [
        1,
        0,
        1
      ],
      "inputs": [
        {
          "name": "instantid",
          "link": 10,
          "label": "InstantID",
          "type": "INSTANTID"
        },
        {
          "name": "insightface",
          "link": 11,
          "label": "InsightFace",
          "type": "FACEANALYSIS"
        },
        {
          "name": "control_net",
          "link": 12,
          "label": "ControlNet",
          "type": "CONTROL_NET"
        },
        {
          "name": "image",
          "link": 112,
          "label": "图像",
          "type": "IMAGE"
        },
        {
          "name": "model",
          "link": 80,
          "label": "模型",
          "type": "MODEL"
        },
        {
          "name": "positive",
          "link": 19,
          "label": "正面条件",
          "type": "CONDITIONING"
        },
        {
          "name": "negative",
          "link": 20,
          "label": "负面条件",
          "type": "CONDITIONING"
        },
        {
          "shape": 7,
          "name": "image_kps",
          "link": 188,
          "label": "图像_kps",
          "type": "IMAGE"
        },
        {
          "shape": 7,
          "name": "mask",
          "label": "遮罩",
          "type": "MASK"
        }
      ],
      "flags": {},
      "id": 11,
      "type": "ApplyInstantID",
      "properties": {
        "Node name for S&R": "ApplyInstantID"
      },
      "order": 40
    },
    {
      "mode": 4,
      "outputs": [
        {
          "name": "",
          "slot_index": 0,
          "links": [
            184
          ],
          "type": "IMAGE"
        }
      ],
      "size": [
        75,
        26
      ],
      "pos": [
        39,
        537
      ],
      "inputs": [
        {
          "name": "",
          "link": 183,
          "type": "*"
        }
      ],
      "flags": {},
      "id": 103,
      "type": "Reroute",
      "properties": {
        "horizontal": false,
        "showOutputText": false
      },
      "order": 37
    },
    {
      "mode": 4,
      "outputs": [
        {
          "shape": 3,
          "name": "IMAGE",
          "slot_index": 0,
          "links": [
            59
          ],
          "label": "图像",
          "type": "IMAGE"
        },
        {
          "shape": 3,
          "name": "width",
          "label": "宽度",
          "type": "INT"
        },
        {
          "shape": 3,
          "name": "height",
          "label": "高度",
          "type": "INT"
        }
      ],
      "size": {
        "0": 315,
        "1": 218
      },
      "pos": [
        1074.8271484375,
        -166.28280639648438
      ],
      "widgets_values": [
        0,
        1024,
        "nearest",
        "keep proportion",
        "always",
        0
      ],
      "inputs": [
        {
          "name": "image",
          "link": 56,
          "label": "图像",
          "type": "IMAGE"
        },
        {
          "widget": {
            "name": "width"
          },
          "name": "width",
          "link": 57,
          "label": "宽度",
          "type": "INT"
        },
        {
          "widget": {
            "name": "height"
          },
          "name": "height",
          "link": 58,
          "label": "高度",
          "type": "INT"
        }
      ],
      "flags": {},
      "id": 39,
      "type": "ImageResize+",
      "properties": {
        "Node name for S&R": "ImageResize+"
      },
      "order": 42
    },
    {
      "mode": 4,
      "outputs": [
        {
          "name": "",
          "slot_index": 0,
          "links": [
            188
          ],
          "type": "IMAGE"
        }
      ],
      "size": [
        75,
        26
      ],
      "pos": [
        570,
        594
      ],
      "inputs": [
        {
          "name": "",
          "link": 192,
          "type": "*"
        }
      ],
      "flags": {},
      "id": 105,
      "type": "Reroute",
      "properties": {
        "horizontal": false,
        "showOutputText": false
      },
      "order": 38
    },
    {
      "mode": 4,
      "outputs": [
        {
          "shape": 6,
          "name": "IMAGE",
          "slot_index": 0,
          "links": [
            44,
            55,
            191
          ],
          "label": "图像",
          "type": "IMAGE"
        },
        {
          "shape": 6,
          "name": "x",
          "slot_index": 1,
          "links": [
            62
          ],
          "label": "X",
          "type": "INT"
        },
        {
          "shape": 6,
          "name": "y",
          "slot_index": 2,
          "links": [
            63
          ],
          "label": "Y",
          "type": "INT"
        },
        {
          "shape": 6,
          "name": "width",
          "links": [
            57
          ],
          "label": "宽度",
          "type": "INT"
        },
        {
          "shape": 6,
          "name": "height",
          "links": [
            58
          ],
          "label": "高度",
          "type": "INT"
        }
      ],
      "size": {
        "0": 315,
        "1": 186
      },
      "pos": [
        -837,
        -299
      ],
      "widgets_values": [
        0,
        0.3,
        -1
      ],
      "inputs": [
        {
          "name": "analysis_models",
          "link": 42,
          "label": "面部分析模型",
          "type": "ANALYSIS_MODELS"
        },
        {
          "name": "image",
          "link": 43,
          "label": "图像",
          "type": "IMAGE"
        }
      ],
      "flags": {},
      "id": 32,
      "type": "FaceBoundingBox",
      "properties": {
        "Node name for S&R": "FaceBoundingBox"
      },
      "order": 20
    },
    {
      "mode": 4,
      "outputs": [
        {
          "name": "",
          "slot_index": 0,
          "links": [
            167
          ],
          "type": "IMAGE"
        }
      ],
      "size": [
        75,
        26
      ],
      "pos": [
        1458,
        532
      ],
      "inputs": [
        {
          "name": "",
          "link": 184,
          "type": "*"
        }
      ],
      "flags": {},
      "id": 97,
      "type": "Reroute",
      "properties": {
        "horizontal": false,
        "showOutputText": false
      },
      "order": 39
    },
    {
      "mode": 4,
      "outputs": [],
      "size": {
        "0": 264.5734558105469,
        "1": 287.4454040527344
      },
      "pos": [
        -646.92529296875,
        764.89306640625
      ],
      "inputs": [
        {
          "name": "images",
          "link": 101,
          "label": "图像",
          "type": "IMAGE"
        }
      ],
      "flags": {},
      "id": 57,
      "type": "PreviewImage",
      "properties": {
        "Node name for S&R": "PreviewImage"
      },
      "order": 27
    },
    {
      "mode": 4,
      "outputs": [],
      "size": {
        "0": 357.9746398925781,
        "1": 555.6679077148438
      },
      "pos": [
        1410.8271484375,
        -187.28280639648438
      ],
      "widgets_values": [
        "ComfyUI"
      ],
      "inputs": [
        {
          "name": "images",
          "link": 85,
          "label": "图像",
          "type": "IMAGE"
        }
      ],
      "flags": {},
      "id": 48,
      "type": "SaveImage",
      "properties": {
        "Node name for S&R": "SaveImage"
      },
      "order": 46
    },
    {
      "mode": 4,
      "outputs": [
        {
          "shape": 3,
          "name": "IMAGE",
          "slot_index": 0,
          "links": [
            85,
            196
          ],
          "label": "图像",
          "type": "IMAGE"
        }
      ],
      "size": {
        "0": 315,
        "1": 146
      },
      "pos": [
        1074,
        -364
      ],
      "widgets_values": [
        0,
        0,
        false
      ],
      "inputs": [
        {
          "name": "destination",
          "link": 68,
          "label": "目标图像",
          "type": "IMAGE"
        },
        {
          "name": "source",
          "link": 59,
          "label": "源图像",
          "type": "IMAGE"
        },
        {
          "shape": 7,
          "name": "mask",
          "link": 61,
          "label": "遮罩",
          "type": "MASK"
        },
        {
          "widget": {
            "name": "x"
          },
          "name": "x",
          "link": 62,
          "label": "X",
          "type": "INT"
        },
        {
          "widget": {
            "name": "y"
          },
          "name": "y",
          "link": 63,
          "label": "Y",
          "type": "INT"
        }
      ],
      "flags": {},
      "id": 35,
      "type": "ImageCompositeMasked",
      "properties": {
        "Node name for S&R": "ImageCompositeMasked"
      },
      "order": 44
    },
    {
      "mode": 4,
      "outputs": [
        {
          "name": "",
          "slot_index": 0,
          "links": [
            192
          ],
          "type": "IMAGE"
        }
      ],
      "size": [
        75,
        26
      ],
      "pos": [
        -379,
        586
      ],
      "inputs": [
        {
          "name": "",
          "link": 191,
          "type": "*"
        }
      ],
      "flags": {},
      "id": 106,
      "type": "Reroute",
      "properties": {
        "horizontal": false,
        "showOutputText": false
      },
      "order": 33
    },
    {
      "mode": 4,
      "outputs": [
        {
          "name": "",
          "slot_index": 0,
          "links": [
            172
          ],
          "type": "IMAGE"
        }
      ],
      "size": [
        75,
        26
      ],
      "pos": [
        1850,
        -458
      ],
      "inputs": [
        {
          "name": "",
          "link": 168,
          "type": "*"
        }
      ],
      "flags": {},
      "id": 98,
      "type": "Reroute",
      "properties": {
        "horizontal": false,
        "showOutputText": false
      },
      "order": 21
    },
    {
      "mode": 4,
      "outputs": [
        {
          "shape": 3,
          "name": "ANALYSIS_MODELS",
          "slot_index": 0,
          "links": [
            86
          ],
          "label": "面部分析模型",
          "type": "ANALYSIS_MODELS"
        }
      ],
      "size": {
        "0": 315,
        "1": 82
      },
      "pos": [
        -1834.85693359375,
        759.964599609375
      ],
      "widgets_values": [
        "insightface",
        "CUDA"
      ],
      "inputs": [],
      "flags": {},
      "id": 49,
      "type": "FaceAnalysisModels",
      "properties": {
        "Node name for S&R": "FaceAnalysisModels"
      },
      "order": 4
    },
    {
      "mode": 4,
      "outputs": [
        {
          "name": "",
          "slot_index": 0,
          "links": [
            178,
            193,
            194
          ],
          "type": "IMAGE"
        }
      ],
      "size": [
        75,
        26
      ],
      "pos": [
        1911,
        -352
      ],
      "inputs": [
        {
          "name": "",
          "link": 196,
          "type": "*"
        }
      ],
      "flags": {},
      "id": 100,
      "type": "Reroute",
      "properties": {
        "horizontal": false,
        "showOutputText": false
      },
      "order": 47
    },
    {
      "mode": 4,
      "outputs": [
        {
          "name": "",
          "slot_index": 0,
          "links": [],
          "type": "IMAGE"
        }
      ],
      "size": [
        75,
        26
      ],
      "pos": [
        2207,
        606
      ],
      "inputs": [
        {
          "name": "",
          "link": 194,
          "type": "*"
        }
      ],
      "flags": {},
      "id": 107,
      "type": "Reroute",
      "properties": {
        "horizontal": false,
        "showOutputText": false
      },
      "order": 50
    },
    {
      "mode": 4,
      "outputs": [],
      "size": {
        "0": 313.5112609863281,
        "1": 246
      },
      "pos": [
        1077,
        94
      ],
      "inputs": [
        {
          "name": "mask",
          "link": 69,
          "label": "遮罩",
          "type": "MASK"
        }
      ],
      "flags": {},
      "id": 43,
      "type": "MaskPreview+",
      "properties": {
        "Node name for S&R": "MaskPreview+"
      },
      "order": 45
    },
    {
      "mode": 4,
      "outputs": [
        {
          "shape": 3,
          "name": "mask",
          "slot_index": 0,
          "links": [
            61,
            69
          ],
          "label": "遮罩",
          "type": "MASK"
        }
      ],
      "size": {
        "0": 315,
        "1": 106
      },
      "color": "rgba(27, 80, 119, 0.7)",
      "pos": [
        1451.8271484375,
        -346.2826843261719
      ],
      "widgets_values": [
        false,
        7,
        11
      ],
      "inputs": [
        {
          "name": "mask",
          "link": 60,
          "label": "遮罩",
          "type": "MASK"
        }
      ],
      "flags": {},
      "id": 41,
      "type": "LayerMask: MaskGrow",
      "properties": {
        "Node name for S&R": "LayerMask: MaskGrow"
      },
      "order": 43
    },
    {
      "mode": 4,
      "outputs": [
        {
          "shape": 3,
          "name": "SAM_MODEL",
          "links": [
            32
          ],
          "label": "SAM模型",
          "type": "SAM_MODEL"
        }
      ],
      "size": {
        "0": 315,
        "1": 82
      },
      "pos": [
        1161.789794921875,
        757.142578125
      ],
      "widgets_values": [
        "sam_vit_h_4b8939.pth",
        "CPU"
      ],
      "inputs": [],
      "flags": {},
      "id": 25,
      "type": "SAMLoader",
      "properties": {
        "Node name for S&R": "SAMLoader"
      },
      "order": 5
    },
    {
      "mode": 4,
      "outputs": [
        {
          "shape": 3,
          "name": "INSTANTID",
          "links": [
            10
          ],
          "type": "INSTANTID"
        }
      ],
      "size": {
        "0": 315,
        "1": 58
      },
      "pos": [
        751.720458984375,
        755.731201171875
      ],
      "widgets_values": [
        "ip-adapter.bin"
      ],
      "inputs": [],
      "flags": {},
      "id": 12,
      "type": "InstantIDModelLoader",
      "properties": {
        "Node name for S&R": "InstantIDModelLoader"
      },
      "order": 6
    },
    {
      "mode": 4,
      "outputs": [
        {
          "shape": 3,
          "name": "BBOX_DETECTOR",
          "links": [
            31
          ],
          "label": "BBox检测",
          "type": "BBOX_DETECTOR"
        },
        {
          "shape": 3,
          "name": "SEGM_DETECTOR",
          "label": "SEGM检测",
          "type": "SEGM_DETECTOR"
        }
      ],
      "size": {
        "0": 308.1556701660156,
        "1": 78
      },
      "pos": [
        1163,
        896
      ],
      "widgets_values": [
        "bbox/face_yolov8m.pt"
      ],
      "inputs": [],
      "flags": {},
      "id": 26,
      "type": "UltralyticsDetectorProvider",
      "properties": {
        "Node name for S&R": "UltralyticsDetectorProvider"
      },
      "order": 7
    },
    {
      "mode": 4,
      "outputs": [
        {
          "shape": 3,
          "name": "ANALYSIS_MODELS",
          "slot_index": 0,
          "links": [
            42
          ],
          "label": "面部分析模型",
          "type": "ANALYSIS_MODELS"
        }
      ],
      "size": {
        "0": 315,
        "1": 82
      },
      "pos": [
        -842.5673828125,
        -420.5984191894531
      ],
      "widgets_values": [
        "insightface",
        "CUDA"
      ],
      "inputs": [],
      "flags": {},
      "id": 31,
      "type": "FaceAnalysisModels",
      "properties": {
        "Node name for S&R": "FaceAnalysisModels"
      },
      "order": 8
    },
    {
      "mode": 4,
      "outputs": [
        {
          "shape": 3,
          "name": "CONTROL_NET",
          "links": [
            12
          ],
          "label": "ControlNet",
          "type": "CONTROL_NET"
        }
      ],
      "size": {
        "0": 307.2858581542969,
        "1": 58
      },
      "pos": [
        758,
        995
      ],
      "widgets_values": [
        "instantid/diffusion_pytorch_model.safetensors"
      ],
      "inputs": [],
      "flags": {},
      "id": 14,
      "type": "ControlNetLoader",
      "properties": {
        "Node name for S&R": "ControlNetLoader"
      },
      "order": 9
    },
    {
      "mode": 4,
      "outputs": [
        {
          "name": "",
          "slot_index": 0,
          "links": [
            202
          ],
          "type": "IMAGE"
        }
      ],
      "size": [
        75,
        26
      ],
      "pos": [
        2263,
        511
      ],
      "inputs": [
        {
          "name": "",
          "link": 178,
          "type": "*"
        }
      ],
      "flags": {},
      "id": 101,
      "type": "Reroute",
      "properties": {
        "horizontal": false,
        "showOutputText": false
      },
      "order": 48
    },
    {
      "mode": 4,
      "outputs": [
        {
          "shape": 3,
          "name": "image",
          "slot_index": 0,
          "links": [
            56
          ],
          "label": "图像",
          "type": "IMAGE"
        },
        {
          "shape": 6,
          "name": "cropped_refined",
          "slot_index": 1,
          "links": [],
          "label": "细化图像",
          "type": "IMAGE"
        },
        {
          "shape": 6,
          "name": "cropped_enhanced_alpha",
          "slot_index": 2,
          "links": [],
          "label": "细化部分",
          "type": "IMAGE"
        },
        {
          "shape": 3,
          "name": "mask",
          "slot_index": 3,
          "links": [
            60
          ],
          "label": "遮罩",
          "type": "MASK"
        },
        {
          "shape": 3,
          "name": "detailer_pipe",
          "label": "细化节点束",
          "type": "DETAILER_PIPE"
        },
        {
          "shape": 6,
          "name": "cnet_images",
          "label": "ControlNet图像",
          "type": "IMAGE"
        }
      ],
      "size": {
        "0": 519,
        "1": 1125
      },
      "pos": [
        1505.789794921875,
        742.142578125
      ],
      "widgets_values": [
        1024,
        true,
        1280,
        97089999445428,
        "randomize",
        20,
        1.5,
        "euler",
        "normal",
        0.5,
        12,
        true,
        true,
        0.66,
        3,
        2,
        "center-1",
        0,
        0.93,
        0,
        0.7,
        "False",
        10,
        "",
        1,
        false,
        21
      ],
      "inputs": [
        {
          "name": "image",
          "link": 167,
          "label": "图像",
          "type": "IMAGE"
        },
        {
          "name": "model",
          "link": 35,
          "label": "模型",
          "type": "MODEL"
        },
        {
          "name": "clip",
          "link": 83,
          "label": "CLIP",
          "type": "CLIP"
        },
        {
          "name": "vae",
          "link": 36,
          "label": "VAE",
          "type": "VAE"
        },
        {
          "name": "positive",
          "link": 33,
          "label": "正面条件",
          "type": "CONDITIONING"
        },
        {
          "name": "negative",
          "link": 34,
          "label": "负面条件",
          "type": "CONDITIONING"
        },
        {
          "name": "bbox_detector",
          "link": 31,
          "label": "BBox检测",
          "type": "BBOX_DETECTOR"
        },
        {
          "shape": 7,
          "name": "sam_model_opt",
          "link": 32,
          "label": "SAM模型",
          "type": "SAM_MODEL"
        },
        {
          "shape": 7,
          "name": "segm_detector_opt",
          "label": "Segm检测",
          "type": "SEGM_DETECTOR"
        },
        {
          "shape": 7,
          "name": "detailer_hook",
          "label": "细化约束",
          "type": "DETAILER_HOOK"
        },
        {
          "shape": 7,
          "name": "scheduler_func_opt",
          "type": "SCHEDULER_FUNC"
        }
      ],
      "flags": {},
      "id": 24,
      "type": "FaceDetailer",
      "properties": {
        "Node name for S&R": "FaceDetailer"
      },
      "order": 41
    },
    {
      "mode": 4,
      "outputs": [
        {
          "shape": 3,
          "name": "MODEL",
          "slot_index": 0,
          "links": [
            80
          ],
          "label": "模型",
          "type": "MODEL"
        },
        {
          "shape": 3,
          "name": "CLIP",
          "slot_index": 1,
          "links": [
            81,
            82,
            83
          ],
          "label": "CLIP",
          "type": "CLIP"
        }
      ],
      "size": {
        "0": 382.6500244140625,
        "1": 131.415771484375
      },
      "pos": [
        -242.45455932617188,
        761.1068115234375
      ],
      "widgets_values": [
        "DetailedEyes.safetensors",
        0.6,
        1
      ],
      "inputs": [
        {
          "name": "model",
          "link": 79,
          "label": "模型",
          "type": "MODEL"
        },
        {
          "name": "clip",
          "link": 84,
          "label": "CLIP",
          "type": "CLIP"
        }
      ],
      "flags": {},
      "id": 47,
      "type": "LoraLoader",
      "properties": {
        "Node name for S&R": "LoraLoader"
      },
      "order": 19
    },
    {
      "outputs": [
        {
          "name": "CONDITIONING",
          "slot_index": 0,
          "links": [
            19
          ],
          "label": "条件",
          "type": "CONDITIONING"
        }
      ],
      "color": "#232",
      "widgets_values": [
        "\na cute [girl],  portrait, close up, ((solo, focus on face))"
      ],
      "inputs": [
        {
          "name": "clip",
          "link": 81,
          "label": "CLIP",
          "type": "CLIP"
        }
      ],
      "flags": {},
      "type": "CLIPTextEncode",
      "mode": 4,
      "bgcolor": "#353",
      "size": {
        "0": 422.84503173828125,
        "1": 164.31304931640625
      },
      "pos": [
        218.12704467773438,
        745.6712036132812
      ],
      "id": 6,
      "properties": {
        "Node name for S&R": "CLIPTextEncode"
      },
      "order": 29
    },
    {
      "outputs": [],
      "color": "#432",
      "widgets_values": [
        "可以提供多个图像，左边第一张比较重要，尽量和要替换的脸部角度相同。换脸效果会更加"
      ],
      "inputs": [],
      "flags": {},
      "type": "Note",
      "mode": 4,
      "bgcolor": "#653",
      "size": {
        "0": 452.0332336425781,
        "1": 223.01451110839844
      },
      "pos": [
        -2394,
        759
      ],
      "id": 113,
      "properties": {
        "text": ""
      },
      "order": 10
    },
    {
      "mode": 4,
      "outputs": [
        {
          "shape": 3,
          "name": "IMAGE",
          "slot_index": 0,
          "links": [
            112
          ],
          "label": "图像",
          "type": "IMAGE"
        }
      ],
      "size": {
        "0": 240.6872100830078,
        "1": 107.79975891113281
      },
      "pos": [
        -615,
        1106
      ],
      "inputs": [
        {
          "name": "image1",
          "link": 110,
          "label": "图像",
          "type": "IMAGE"
        },
        {
          "name": "image2",
          "link": 109,
          "type": "IMAGE"
        },
        {
          "name": "image3",
          "link": 111,
          "type": "IMAGE"
        },
        {
          "name": "image4",
          "type": "IMAGE"
        }
      ],
      "flags": {
        "collapsed": false
      },
      "id": 64,
      "type": "ImpactMakeImageBatch",
      "properties": {
        "Node name for S&R": "ImpactMakeImageBatch"
      },
      "order": 36
    },
    {
      "outputs": [
        {
          "shape": 3,
          "name": "IMAGE",
          "slot_index": 0,
          "links": [
            52,
            98
          ],
          "label": "图像",
          "type": "IMAGE"
        },
        {
          "shape": 3,
          "name": "MASK",
          "label": "遮罩",
          "type": "MASK"
        }
      ],
      "color": "#432",
      "widgets_values": [
        "7245ee16521ea4e41b851cfcbc1e629ab580b918c2b8a7823c06a3978866ac89.png",
        "image"
      ],
      "inputs": [],
      "flags": {},
      "type": "LoadImage",
      "mode": 4,
      "bgcolor": "#653",
      "size": {
        "0": 330.427490234375,
        "1": 325.7973937988281
      },
      "pos": [
        -1496,
        1031
      ],
      "id": 15,
      "properties": {
        "Node name for S&R": "LoadImage"
      },
      "order": 11
    },
    {
      "outputs": [
        {
          "shape": 3,
          "name": "IMAGE",
          "slot_index": 0,
          "links": [
            93,
            107
          ],
          "label": "图像",
          "type": "IMAGE"
        },
        {
          "shape": 3,
          "name": "MASK",
          "label": "遮罩",
          "type": "MASK"
        }
      ],
      "color": "#432",
      "widgets_values": [
        "ea0e87c04375e940ceabe0f43fa78d04bfc7ab608de82bc0cd765847b1c9c926.png",
        "image"
      ],
      "inputs": [],
      "flags": {},
      "type": "LoadImage",
      "mode": 4,
      "bgcolor": "#653",
      "size": {
        "0": 456.6240539550781,
        "1": 558.4672241210938
      },
      "pos": [
        -1124,
        787
      ],
      "id": 17,
      "properties": {
        "Node name for S&R": "LoadImage"
      },
      "order": 12
    },
    {
      "mode": 0,
      "outputs": [],
      "size": {
        "0": 373.9218444824219,
        "1": 442.2474060058594
      },
      "pos": [
        -1423,
        1453
      ],
      "inputs": [
        {
          "name": "images",
          "link": 105,
          "label": "图像",
          "type": "IMAGE"
        }
      ],
      "flags": {},
      "id": 62,
      "type": "PreviewImage",
      "properties": {
        "Node name for S&R": "PreviewImage"
      },
      "order": 23
    },
    {
      "mode": 4,
      "size": {
        "0": 848.9180297851562,
        "1": 951.20458984375
      },
      "pos": [
        2316,
        -469
      ],
      "widgets_values": [
        "ComfyUI"
      ],
      "inputs": [
        {
          "name": "images",
          "link": 202,
          "label": "图像",
          "type": "IMAGE"
        }
      ],
      "flags": {},
      "id": 117,
      "type": "SaveImage",
      "properties": {
        "Node name for S&R": "SaveImage"
      },
      "order": 51
    },
    {
      "mode": 4,
      "outputs": [
        {
          "name": "MODEL",
          "slot_index": 0,
          "links": [
            79
          ],
          "label": "模型",
          "type": "MODEL"
        },
        {
          "name": "CLIP",
          "slot_index": 1,
          "links": [
            84
          ],
          "label": "CLIP",
          "type": "CLIP"
        },
        {
          "name": "VAE",
          "slot_index": 2,
          "links": [
            36
          ],
          "label": "VAE",
          "type": "VAE"
        }
      ],
      "size": {
        "0": 388.3658447265625,
        "1": 122.21734619140625
      },
      "pos": [
        -246,
        948
      ],
      "widgets_values": [
        "Juggernaut-XL-v9.safetensors"
      ],
      "inputs": [],
      "flags": {},
      "id": 4,
      "type": "CheckpointLoaderSimple",
      "properties": {
        "Node name for S&R": "CheckpointLoaderSimple"
      },
      "order": 13
    },
    {
      "mode": 4,
      "outputs": [],
      "size": {
        "0": 815.4899291992188,
        "1": 1275.6654052734375
      },
      "pos": {
        "0": 2076,
        "1": 667,
        "2": 0,
        "3": 0,
        "4": 0,
        "5": 0,
        "6": 0,
        "7": 0,
        "8": 0,
        "9": 0
      },
      "widgets_values": [
        [
          {
            "name": "A",
            "selected": true,
            "url": "/view?filename=rgthree.compare._temp_onubl_00001_dhbje_1741522179_fogsr_1741522180.png&type=temp&subfolder=&rand=0.036942516959478144&Rh-Comfy-Auth=eyJ1c2VySWQiOiJlYWE5ZDI5MjFkZmJjMmZlOTM4ZjRmNjI4ZDUzZDVjOSIsInNpZ25FeHBpcmUiOjE3NDIxMjY1OTA2MzAsInRzIjoxNzQxNTIxNzkwNjMwLCJzaWduIjoiNThhMzgxOTM2NzlmZGRjNmMwM2YyZTQyYTJhYjg0MWIifQ==&Rh-Identify=eaa9d2921dfbc2fe938f4f628d53d5c9"
          },
          {
            "name": "B",
            "selected": true,
            "url": "/view?filename=rgthree.compare._temp_onubl_00002_zbtrs_1741522180_qspqs_1741522181.png&type=temp&subfolder=&rand=0.37667782995777355&Rh-Comfy-Auth=eyJ1c2VySWQiOiJlYWE5ZDI5MjFkZmJjMmZlOTM4ZjRmNjI4ZDUzZDVjOSIsInNpZ25FeHBpcmUiOjE3NDIxMjY1OTA2MzAsInRzIjoxNzQxNTIxNzkwNjMwLCJzaWduIjoiNThhMzgxOTM2NzlmZGRjNmMwM2YyZTQyYTJhYjg0MWIifQ==&Rh-Identify=eaa9d2921dfbc2fe938f4f628d53d5c9"
          }
        ]
      ],
      "inputs": [
        {
          "name": "image_a",
          "link": 193,
          "label": "图像_A",
          "type": "IMAGE",
          "dir": 3
        },
        {
          "name": "image_b",
          "link": 172,
          "label": "图像_B",
          "type": "IMAGE",
          "dir": 3
        }
      ],
      "flags": {},
      "id": 23,
      "type": "Image Comparer (rgthree)",
      "properties": {
        "comparer_mode": "Slide"
      },
      "order": 49
    },
    {
      "outputs": [
        {
          "shape": 3,
          "name": "IMAGE",
          "slot_index": 0,
          "links": [
            43,
            68,
            168
          ],
          "label": "图像",
          "type": "IMAGE"
        },
        {
          "shape": 3,
          "name": "MASK",
          "label": "遮罩",
          "type": "MASK"
        }
      ],
      "color": "#232",
      "widgets_values": [
        "1ef16798cab1cbad1953ccfb0d24eaeb26438dc57ad9758fd22e1960defc62f2.jpg",
        "image"
      ],
      "inputs": [],
      "flags": {},
      "type": "LoadImage",
      "mode": 4,
      "bgcolor": "#353",
      "size": {
        "0": 902.7614135742188,
        "1": 1042.5379638671875
      },
      "pos": [
        -1830,
        -468
      ],
      "id": 21,
      "properties": {
        "Node name for S&R": "LoadImage"
      },
      "order": 14
    },
    {
      "mode": 0,
      "outputs": [
        {
          "shape": 3,
          "name": "upscaled_image",
          "slot_index": 0,
          "links": [
            198,
            199
          ],
          "label": "图像",
          "type": "IMAGE"
        }
      ],
      "size": {
        "0": 400,
        "1": 838
      },
      "pos": [
        4802,
        778
      ],
      "widgets_values": [
        "SUPIR-v0F_fp16.safetensors",
        "Juggernaut-XL-v9.safetensors",
        206210005754586,
        "randomize",
        "lanczos",
        2,
        40,
        -1,
        5,
        "high quality, detailed",
        "bad quality, blurry, messy",
        5,
        1.003,
        1,
        4,
        0,
        "None",
        true,
        true,
        512,
        64,
        "",
        "auto",
        "auto",
        1,
        false,
        1024,
        512,
        false,
        false,
        "RestoreEDMSampler"
      ],
      "inputs": [
        {
          "name": "image",
          "link": 203,
          "label": "图像",
          "type": "IMAGE"
        },
        {
          "widget": {
            "name": "captions"
          },
          "shape": 7,
          "name": "captions",
          "label": "captions",
          "type": "STRING"
        }
      ],
      "flags": {},
      "id": 110,
      "type": "SUPIR_Upscale",
      "properties": {
        "Node name for S&R": "SUPIR_Upscale"
      },
      "order": 22
    },
    {
      "mode": 0,
      "outputs": [],
      "size": {
        "0": 815.4899291992188,
        "1": 1275.6654052734375
      },
      "pos": {
        "0": 5287,
        "1": 748,
        "2": 0,
        "3": 0,
        "4": 0,
        "5": 0,
        "6": 0,
        "7": 0,
        "8": 0,
        "9": 0
      },
      "widgets_values": [
        [
          {
            "name": "A",
            "selected": true,
            "url": "/view?filename=rgthree.compare._temp_mynbi_00003_zitxa_1741527440_uqiab_1741527441.png&type=temp&subfolder=&rand=0.30690198688783465&Rh-Comfy-Auth=eyJ1c2VySWQiOiJlYWE5ZDI5MjFkZmJjMmZlOTM4ZjRmNjI4ZDUzZDVjOSIsInNpZ25FeHBpcmUiOjE3NDIxMjY1OTA2MzAsInRzIjoxNzQxNTIxNzkwNjMwLCJzaWduIjoiNThhMzgxOTM2NzlmZGRjNmMwM2YyZTQyYTJhYjg0MWIifQ==&Rh-Identify=eaa9d2921dfbc2fe938f4f628d53d5c9"
          },
          {
            "name": "B",
            "selected": true,
            "url": "/view?filename=rgthree.compare._temp_mynbi_00004_iicli_1741527442_ulihx_1741527443.png&type=temp&subfolder=&rand=0.8163472044074152&Rh-Comfy-Auth=eyJ1c2VySWQiOiJlYWE5ZDI5MjFkZmJjMmZlOTM4ZjRmNjI4ZDUzZDVjOSIsInNpZ25FeHBpcmUiOjE3NDIxMjY1OTA2MzAsInRzIjoxNzQxNTIxNzkwNjMwLCJzaWduIjoiNThhMzgxOTM2NzlmZGRjNmMwM2YyZTQyYTJhYjg0MWIifQ==&Rh-Identify=eaa9d2921dfbc2fe938f4f628d53d5c9"
          }
        ]
      ],
      "inputs": [
        {
          "name": "image_a",
          "link": 199,
          "label": "图像_A",
          "type": "IMAGE",
          "dir": 3
        },
        {
          "name": "image_b",
          "link": 204,
          "label": "图像_B",
          "type": "IMAGE",
          "dir": 3
        }
      ],
      "flags": {},
      "id": 112,
      "type": "Image Comparer (rgthree)",
      "properties": {
        "comparer_mode": "Slide"
      },
      "order": 35
    },
    {
      "outputs": [
        {
          "shape": 3,
          "name": "IMAGE",
          "slot_index": 0,
          "links": [
            203,
            204
          ],
          "label": "图像",
          "type": "IMAGE"
        },
        {
          "shape": 3,
          "name": "MASK",
          "label": "遮罩",
          "type": "MASK"
        }
      ],
      "color": "#232",
      "widgets_values": [
        "302acd59ada2e619b0ab273c8ad942bcbd3cf52bd6899d42d56e289d0c5ed2e8.png",
        "image"
      ],
      "inputs": [],
      "flags": {},
      "type": "LoadImage",
      "mode": 0,
      "bgcolor": "#353",
      "size": {
        "0": 902.7614135742188,
        "1": 1042.5379638671875
      },
      "pos": [
        3791,
        671
      ],
      "id": 118,
      "properties": {
        "Node name for S&R": "LoadImage"
      },
      "order": 15
    },
    {
      "mode": 0,
      "outputs": [],
      "size": {
        "0": 498.88702392578125,
        "1": 611.7733764648438
      },
      "pos": [
        6145,
        834
      ],
      "widgets_values": [
        "ComfyUI"
      ],
      "inputs": [
        {
          "name": "images",
          "link": 198,
          "label": "图像",
          "type": "IMAGE"
        }
      ],
      "flags": {},
      "id": 111,
      "type": "SaveImage",
      "properties": {
        "Node name for S&R": "SaveImage"
      },
      "order": 34
    }
  ],
  "extra": {
    "workspace_info": {
      "id": "sm-w7DeQjVaWkJCu1TCSb"
    },
    "0246.VERSION": [
      0,
      0,
      4
    ],
    "ds": {
      "offset": [
        -5632.584160160201,
        -827.0864195630037
      ],
      "scale": 2.27451162824686
    }
  },
  "groups": [
    {
      "color": "#8A8",
      "font_size": 24,
      "title": "放大图片",
      "locked": false,
      "bounding": [
        4776,
        614,
        1878,
        1359
      ]
    },
    {
      "color": "#3f789e",
      "font_size": 24,
      "title": "大模型+关键词（lora可选）",
      "locked": false,
      "bounding": [
        -278,
        672,
        933,
        467
      ]
    },
    {
      "color": "#3f789e",
      "font_size": 24,
      "title": "换脸插件ID",
      "locked": false,
      "bounding": [
        734,
        669,
        359,
        771
      ]
    },
    {
      "color": "#3f789e",
      "font_size": 24,
      "title": "需要换脸的脸模",
      "locked": false,
      "bounding": [
        -1854,
        669,
        1525,
        1288
      ]
    },
    {
      "color": "#8A8",
      "font_size": 24,
      "title": "放大",
      "locked": false,
      "bounding": [
        -853,
        -495,
        696,
        691
      ]
    },
    {
      "color": "#3f789e",
      "font_size": 24,
      "title": "核心面部细化",
      "locked": false,
      "bounding": [
        1147,
        666,
        905,
        1245
      ]
    },
    {
      "color": "#A88",
      "font_size": 24,
      "title": "加载底图图片",
      "locked": false,
      "bounding": [
        -1850,
        -526,
        954,
        1142
      ]
    },
    {
      "color": "#3f789e",
      "font_size": 24,
      "title": "缩小",
      "locked": false,
      "bounding": [
        1062,
        -428,
        748,
        835
      ]
    }
  ],
  "links": [
    [
      10,
      12,
      0,
      11,
      0,
      "INSTANTID"
    ],
    [
      11,
      13,
      0,
      11,
      1,
      "FACEANALYSIS"
    ],
    [
      12,
      14,
      0,
      11,
      2,
      "CONTROL_NET"
    ],
    [
      19,
      6,
      0,
      11,
      5,
      "CONDITIONING"
    ],
    [
      20,
      7,
      0,
      11,
      6,
      "CONDITIONING"
    ],
    [
      31,
      26,
      0,
      24,
      6,
      "BBOX_DETECTOR"
    ],
    [
      32,
      25,
      0,
      24,
      7,
      "SAM_MODEL"
    ],
    [
      33,
      11,
      1,
      24,
      4,
      "CONDITIONING"
    ],
    [
      34,
      11,
      2,
      24,
      5,
      "CONDITIONING"
    ],
    [
      35,
      11,
      0,
      24,
      1,
      "MODEL"
    ],
    [
      36,
      4,
      2,
      24,
      3,
      "VAE"
    ],
    [
      42,
      31,
      0,
      32,
      0,
      "ANALYSIS_MODELS"
    ],
    [
      43,
      21,
      0,
      32,
      1,
      "IMAGE"
    ],
    [
      44,
      32,
      0,
      33,
      0,
      "IMAGE"
    ],
    [
      52,
      15,
      0,
      19,
      1,
      "IMAGE"
    ],
    [
      53,
      18,
      0,
      19,
      0,
      "IMAGE"
    ],
    [
      55,
      32,
      0,
      38,
      0,
      "IMAGE"
    ],
    [
      56,
      24,
      0,
      39,
      0,
      "IMAGE"
    ],
    [
      57,
      32,
      3,
      39,
      1,
      "INT"
    ],
    [
      58,
      32,
      4,
      39,
      2,
      "INT"
    ],
    [
      59,
      39,
      0,
      35,
      1,
      "IMAGE"
    ],
    [
      60,
      24,
      3,
      41,
      0,
      "MASK"
    ],
    [
      61,
      41,
      0,
      35,
      2,
      "MASK"
    ],
    [
      62,
      32,
      1,
      35,
      3,
      "INT"
    ],
    [
      63,
      32,
      2,
      35,
      4,
      "INT"
    ],
    [
      68,
      21,
      0,
      35,
      0,
      "IMAGE"
    ],
    [
      69,
      41,
      0,
      43,
      0,
      "MASK"
    ],
    [
      79,
      4,
      0,
      47,
      0,
      "MODEL"
    ],
    [
      80,
      47,
      0,
      11,
      4,
      "MODEL"
    ],
    [
      81,
      47,
      1,
      6,
      0,
      "CLIP"
    ],
    [
      82,
      47,
      1,
      7,
      0,
      "CLIP"
    ],
    [
      83,
      47,
      1,
      24,
      2,
      "CLIP"
    ],
    [
      84,
      4,
      1,
      47,
      1,
      "CLIP"
    ],
    [
      85,
      35,
      0,
      48,
      0,
      "IMAGE"
    ],
    [
      86,
      49,
      0,
      50,
      0,
      "ANALYSIS_MODELS"
    ],
    [
      87,
      50,
      0,
      51,
      0,
      "IMAGE"
    ],
    [
      88,
      50,
      0,
      52,
      0,
      "IMAGE"
    ],
    [
      93,
      17,
      0,
      53,
      0,
      "IMAGE"
    ],
    [
      98,
      15,
      0,
      50,
      1,
      "IMAGE"
    ],
    [
      99,
      55,
      0,
      56,
      0,
      "ANALYSIS_MODELS"
    ],
    [
      101,
      56,
      0,
      57,
      0,
      "IMAGE"
    ],
    [
      102,
      56,
      0,
      58,
      0,
      "IMAGE"
    ],
    [
      103,
      60,
      0,
      61,
      0,
      "ANALYSIS_MODELS"
    ],
    [
      105,
      61,
      0,
      62,
      0,
      "IMAGE"
    ],
    [
      106,
      61,
      0,
      63,
      0,
      "IMAGE"
    ],
    [
      107,
      17,
      0,
      56,
      1,
      "IMAGE"
    ],
    [
      108,
      18,
      0,
      61,
      1,
      "IMAGE"
    ],
    [
      109,
      63,
      0,
      64,
      1,
      "IMAGE"
    ],
    [
      110,
      52,
      0,
      64,
      0,
      "IMAGE"
    ],
    [
      111,
      58,
      0,
      64,
      2,
      "IMAGE"
    ],
    [
      112,
      64,
      0,
      11,
      3,
      "IMAGE"
    ],
    [
      167,
      97,
      0,
      24,
      0,
      "IMAGE"
    ],
    [
      168,
      21,
      0,
      98,
      0,
      "*"
    ],
    [
      172,
      98,
      0,
      23,
      1,
      "IMAGE"
    ],
    [
      178,
      100,
      0,
      101,
      0,
      "*"
    ],
    [
      183,
      38,
      0,
      103,
      0,
      "*"
    ],
    [
      184,
      103,
      0,
      97,
      0,
      "*"
    ],
    [
      188,
      105,
      0,
      11,
      7,
      "IMAGE"
    ],
    [
      191,
      32,
      0,
      106,
      0,
      "*"
    ],
    [
      192,
      106,
      0,
      105,
      0,
      "*"
    ],
    [
      193,
      100,
      0,
      23,
      0,
      "IMAGE"
    ],
    [
      194,
      100,
      0,
      107,
      0,
      "*"
    ],
    [
      196,
      35,
      0,
      100,
      0,
      "*"
    ],
    [
      198,
      110,
      0,
      111,
      0,
      "IMAGE"
    ],
    [
      199,
      110,
      0,
      112,
      0,
      "IMAGE"
    ],
    [
      202,
      101,
      0,
      117,
      0,
      "IMAGE"
    ],
    [
      203,
      118,
      0,
      110,
      0,
      "IMAGE"
    ],
    [
      204,
      118,
      0,
      112,
      1,
      "IMAGE"
    ]
  ],
  "config": {},
  "version": 0.4,
  "last_node_id": 118
}