{
  "last_link_id": 334,
  "nodes": [
    {
      "mode": 0,
      "outputs": [
        {
          "name": "CONDITIONING",
          "slot_index": 0,
          "links": [
            134
          ],
          "label": "条件",
          "type": "CONDITIONING",
          "localized_name": "条件"
        }
      ],
      "size": [
        315,
        58
      ],
      "pos": [
        -3508.167724609375,
        1935.18359375
      ],
      "widgets_values": [
        30
      ],
      "inputs": [
        {
          "name": "conditioning",
          "link": 90,
          "label": "条件",
          "type": "CONDITIONING",
          "localized_name": "条件"
        }
      ],
      "flags": {},
      "id": 55,
      "type": "FluxGuidance",
      "properties": {
        "cnr_id": "comfy-core",
        "ver": "0.3.15",
        "Node name for S&R": "FluxGuidance"
      },
      "order": 32
    },
    {
      "mode": 0,
      "outputs": [
        {
          "name": "CONDITIONING",
          "slot_index": 0,
          "links": [
            90
          ],
          "label": "条件",
          "type": "CONDITIONING",
          "localized_name": "条件"
        }
      ],
      "size": [
        239.1123809814453,
        88
      ],
      "pos": [
        -3506.488525390625,
        1559.18017578125
      ],
      "widgets_values": [
        "",
        [
          false,
          true
        ]
      ],
      "inputs": [
        {
          "name": "clip",
          "link": 91,
          "label": "CLIP",
          "type": "CLIP",
          "localized_name": "clip"
        }
      ],
      "flags": {
        "collapsed": true
      },
      "id": 57,
      "type": "CLIPTextEncode",
      "properties": {
        "cnr_id": "comfy-core",
        "ver": "0.3.15",
        "Node name for S&R": "CLIPTextEncode"
      },
      "order": 21
    },
    {
      "mode": 0,
      "outputs": [
        {
          "name": "CONDITIONING",
          "slot_index": 0,
          "links": [
            128
          ],
          "label": "条件",
          "type": "CONDITIONING",
          "localized_name": "条件"
        }
      ],
      "size": [
        236.07676696777344,
        88
      ],
      "pos": [
        -3504.187744140625,
        1605.81982421875
      ],
      "widgets_values": [
        "",
        [
          false,
          true
        ]
      ],
      "inputs": [
        {
          "name": "clip",
          "link": 92,
          "label": "CLIP",
          "type": "CLIP",
          "localized_name": "clip"
        }
      ],
      "flags": {
        "collapsed": true
      },
      "id": 58,
      "type": "CLIPTextEncode",
      "properties": {
        "cnr_id": "comfy-core",
        "ver": "0.3.15",
        "Node name for S&R": "CLIPTextEncode"
      },
      "order": 22
    },
    {
      "mode": 0,
      "outputs": [
        {
          "name": "MODEL",
          "slot_index": 0,
          "links": [
            122
          ],
          "label": "模型",
          "type": "MODEL",
          "localized_name": "模型"
        }
      ],
      "size": [
        312.8115234375,
        30.2838134765625
      ],
      "pos": [
        -2718.583251953125,
        1605.3173828125
      ],
      "widgets_values": [],
      "inputs": [
        {
          "name": "model",
          "link": 93,
          "label": "模型",
          "type": "MODEL",
          "localized_name": "模型"
        }
      ],
      "flags": {},
      "id": 59,
      "type": "DifferentialDiffusion",
      "properties": {
        "cnr_id": "comfy-core",
        "ver": "0.3.15",
        "Node name for S&R": "DifferentialDiffusion"
      },
      "order": 23
    },
    {
      "mode": 0,
      "outputs": [
        {
          "name": "positive",
          "slot_index": 0,
          "links": [
            123
          ],
          "label": "正面条件",
          "type": "CONDITIONING",
          "localized_name": "正面条件"
        },
        {
          "name": "negative",
          "slot_index": 1,
          "links": [
            124
          ],
          "label": "负面条件",
          "type": "CONDITIONING",
          "localized_name": "负面条件"
        },
        {
          "name": "latent",
          "slot_index": 2,
          "links": [
            125
          ],
          "label": "Latent",
          "type": "LATENT",
          "localized_name": "Latent"
        }
      ],
      "size": [
        315,
        138
      ],
      "pos": [
        -2719.20654296875,
        1710.70703125
      ],
      "widgets_values": [
        false
      ],
      "inputs": [
        {
          "name": "positive",
          "link": 127,
          "label": "正面条件",
          "type": "CONDITIONING",
          "localized_name": "正面条件"
        },
        {
          "name": "negative",
          "link": 128,
          "label": "负面条件",
          "type": "CONDITIONING",
          "localized_name": "负面条件"
        },
        {
          "name": "vae",
          "link": 129,
          "label": "VAE",
          "type": "VAE",
          "localized_name": "vae"
        },
        {
          "name": "pixels",
          "link": 130,
          "label": "图像",
          "type": "IMAGE",
          "localized_name": "像素"
        },
        {
          "name": "mask",
          "link": 131,
          "label": "遮罩",
          "type": "MASK",
          "localized_name": "遮罩"
        }
      ],
      "flags": {},
      "id": 82,
      "type": "InpaintModelConditioning",
      "properties": {
        "cnr_id": "comfy-core",
        "ver": "0.3.15",
        "Node name for S&R": "InpaintModelConditioning"
      },
      "order": 54
    },
    {
      "mode": 0,
      "outputs": [
        {
          "name": "CONDITIONING",
          "slot_index": 0,
          "links": [
            127
          ],
          "label": "条件",
          "type": "CONDITIONING",
          "localized_name": "条件"
        }
      ],
      "size": [
        315,
        122
      ],
      "pos": [
        -2992.406005859375,
        1198.7032470703125
      ],
      "widgets_values": [
        1.1260000000000001,
        "multiply"
      ],
      "inputs": [
        {
          "name": "conditioning",
          "link": 134,
          "label": "条件",
          "type": "CONDITIONING",
          "localized_name": "条件"
        },
        {
          "name": "style_model",
          "link": 135,
          "label": "风格模型",
          "type": "STYLE_MODEL",
          "localized_name": "风格模型"
        },
        {
          "name": "clip_vision_output",
          "link": 136,
          "label": "CLIP视觉输出",
          "type": "CLIP_VISION_OUTPUT",
          "localized_name": "clip视觉输出"
        }
      ],
      "flags": {},
      "id": 84,
      "type": "StyleModelApply",
      "properties": {
        "cnr_id": "comfy-core",
        "ver": "0.3.15",
        "Node name for S&R": "StyleModelApply"
      },
      "order": 42
    },
    {
      "mode": 0,
      "outputs": [
        {
          "name": "LATENT",
          "links": [
            42
          ],
          "label": "Latent",
          "type": "LATENT",
          "localized_name": "Latent"
        }
      ],
      "size": [
        235.70851135253906,
        106
      ],
      "pos": [
        -5155.7626953125,
        1503.9251708984375
      ],
      "widgets_values": [
        512,
        512,
        1
      ],
      "inputs": [
        {
          "widget": {
            "name": "width"
          },
          "name": "width",
          "link": 43,
          "label": "宽度",
          "type": "INT",
          "localized_name": "宽度"
        },
        {
          "widget": {
            "name": "height"
          },
          "name": "height",
          "link": 48,
          "label": "高度",
          "type": "INT",
          "localized_name": "高度"
        }
      ],
      "flags": {
        "collapsed": true
      },
      "id": 26,
      "type": "EmptyLatentImage",
      "properties": {
        "cnr_id": "comfy-core",
        "ver": "0.3.27",
        "Node name for S&R": "EmptyLatentImage"
      },
      "order": 41
    },
    {
      "mode": 0,
      "outputs": [
        {
          "name": "width",
          "links": [
            43
          ],
          "label": "宽度",
          "type": "INT",
          "localized_name": "width"
        },
        {
          "name": "height",
          "links": [
            48
          ],
          "label": "高度",
          "type": "INT",
          "localized_name": "height"
        },
        {
          "name": "count",
          "links": [],
          "type": "INT",
          "localized_name": "count"
        }
      ],
      "size": [
        210,
        66
      ],
      "pos": [
        -5308.70703125,
        1503.1126708984375
      ],
      "widgets_values": [],
      "inputs": [
        {
          "name": "image",
          "link": 41,
          "label": "图像",
          "type": "IMAGE",
          "localized_name": "image"
        }
      ],
      "flags": {
        "collapsed": true
      },
      "id": 25,
      "type": "GetImageSize+",
      "properties": {
        "Node name for S&R": "GetImageSize+"
      },
      "order": 36
    },
    {
      "mode": 0,
      "outputs": [
        {
          "shape": 3,
          "name": "IMAGE",
          "slot_index": 0,
          "links": [
            24,
            27
          ],
          "label": "图像",
          "type": "IMAGE",
          "localized_name": "图像"
        }
      ],
      "size": [
        210,
        72.82456970214844
      ],
      "pos": [
        -6677.77587890625,
        711.2837524414062
      ],
      "widgets_values": [
        "retinaface_resnet50"
      ],
      "inputs": [
        {
          "name": "image",
          "link": 68,
          "label": "图像",
          "type": "IMAGE",
          "localized_name": "image"
        }
      ],
      "flags": {
        "collapsed": true
      },
      "id": 16,
      "type": "CropFace",
      "properties": {
        "Node name for S&R": "CropFace"
      },
      "order": 19
    },
    {
      "mode": 0,
      "outputs": [
        {
          "name": "CONDITIONING",
          "links": [
            287
          ],
          "label": "条件",
          "type": "CONDITIONING",
          "localized_name": "条件"
        }
      ],
      "size": [
        400,
        200
      ],
      "pos": [
        -7185.39111328125,
        1565.3978271484375
      ],
      "widgets_values": [
        "(worst quality:2),(low quality:2),(normal quality:2),lowres,watermark",
        [
          false,
          true
        ]
      ],
      "inputs": [
        {
          "name": "clip",
          "link": 282,
          "label": "CLIP",
          "type": "CLIP",
          "localized_name": "clip"
        }
      ],
      "flags": {
        "collapsed": false
      },
      "id": 179,
      "type": "CLIPTextEncode",
      "properties": {
        "cnr_id": "comfy-core",
        "ver": "0.3.27",
        "Node name for S&R": "CLIPTextEncode"
      },
      "order": 24
    },
    {
      "mode": 0,
      "outputs": [
        {
          "name": "image",
          "links": [
            151
          ],
          "label": "图像",
          "type": "IMAGE",
          "localized_name": "image"
        }
      ],
      "size": [
        274.6029052734375,
        78
      ],
      "pos": [
        -2008.6826171875,
        1492.8333740234375
      ],
      "widgets_values": [
        "bislerp"
      ],
      "inputs": [
        {
          "name": "stitch",
          "link": 97,
          "label": "接缝",
          "type": "STITCH",
          "localized_name": "stitch"
        },
        {
          "name": "inpainted_image",
          "link": 98,
          "label": "图像",
          "type": "IMAGE",
          "localized_name": "inpainted_image"
        }
      ],
      "flags": {
        "collapsed": true
      },
      "id": 63,
      "type": "InpaintStitch",
      "properties": {
        "cnr_id": "comfyui-inpaint-cropandstitch",
        "ver": "2ea5d1f0207caefae97b9d1c14f4090ff0a3b515",
        "Node name for S&R": "InpaintStitch"
      },
      "order": 57
    },
    {
      "mode": 0,
      "outputs": [],
      "size": [
        485.680419921875,
        372.6778869628906
      ],
      "pos": [
        -1706.578369140625,
        1346.54638671875
      ],
      "widgets_values": [
        ""
      ],
      "inputs": [
        {
          "name": "images",
          "link": 152,
          "label": "图像",
          "type": "IMAGE",
          "localized_name": "图像"
        }
      ],
      "flags": {},
      "id": 96,
      "type": "PreviewImage",
      "properties": {
        "cnr_id": "comfy-core",
        "ver": "0.3.27",
        "Node name for S&R": "PreviewImage"
      },
      "order": 60
    },
    {
      "mode": 0,
      "outputs": [
        {
          "name": "positive",
          "links": [
            31
          ],
          "label": "正面条件",
          "type": "CONDITIONING",
          "localized_name": "正面条件"
        },
        {
          "name": "negative",
          "links": [
            32
          ],
          "label": "负面条件",
          "type": "CONDITIONING",
          "localized_name": "负面条件"
        }
      ],
      "size": [
        300.5736083984375,
        285.8475036621094
      ],
      "pos": [
        -5650.51318359375,
        1510.24853515625
      ],
      "widgets_values": [
        0.6000000000000001,
        0,
        0.8500000000000002
      ],
      "inputs": [
        {
          "name": "positive",
          "link": 33,
          "label": "正面条件",
          "type": "CONDITIONING",
          "localized_name": "正面条件"
        },
        {
          "name": "negative",
          "link": 287,
          "label": "负面条件",
          "type": "CONDITIONING",
          "localized_name": "负面条件"
        },
        {
          "name": "control_net",
          "link": 39,
          "label": "ControlNet",
          "type": "CONTROL_NET",
          "localized_name": "ControlNet"
        },
        {
          "name": "image",
          "link": 37,
          "label": "图像",
          "type": "IMAGE",
          "localized_name": "图像"
        },
        {
          "shape": 7,
          "name": "vae",
          "link": 38,
          "type": "VAE",
          "localized_name": "vae"
        }
      ],
      "flags": {},
      "id": 21,
      "type": "ControlNetApplyAdvanced",
      "properties": {
        "cnr_id": "comfy-core",
        "ver": "0.3.27",
        "Node name for S&R": "ControlNetApplyAdvanced"
      },
      "order": 35
    },
    {
      "mode": 0,
      "outputs": [
        {
          "name": "images",
          "slot_index": 0,
          "links": [
            242,
            243
          ],
          "label": "图像",
          "type": "IMAGE",
          "localized_name": "images"
        }
      ],
      "size": [
        645.997314453125,
        175.34832763671875
      ],
      "pos": [
        -5991.77099609375,
        1285.0428466796875
      ],
      "widgets_values": [
        3,
        "right",
        false,
        ""
      ],
      "inputs": [
        {
          "name": "image_1",
          "link": 241,
          "label": "图像_1",
          "type": "IMAGE",
          "localized_name": "image_1"
        },
        {
          "name": "image_2",
          "link": 240,
          "label": "图像_2",
          "type": "IMAGE",
          "localized_name": "image_2"
        },
        {
          "name": "image_3",
          "link": 239,
          "type": "IMAGE"
        }
      ],
      "flags": {},
      "id": 152,
      "type": "ImageConcatMulti",
      "properties": {
        "cnr_id": "comfyui-kjnodes",
        "ver": "9a15e22f5e9416c0968ce3de33923f8f601257dd",
        "Node name for S&R": "ImageConcatMulti"
      },
      "order": 18
    },
    {
      "mode": 0,
      "outputs": [
        {
          "name": "CONDITIONING",
          "links": [
            33
          ],
          "label": "条件",
          "type": "CONDITIONING",
          "localized_name": "条件"
        }
      ],
      "size": [
        400,
        200
      ],
      "pos": [
        -7185.1904296875,
        1315.4261474609375
      ],
      "widgets_values": [
        "Bikini, simple background",
        [
          false,
          true
        ]
      ],
      "inputs": [
        {
          "name": "clip",
          "link": 4,
          "label": "CLIP",
          "type": "CLIP",
          "localized_name": "clip"
        },
        {
          "widget": {
            "name": "text"
          },
          "name": "text",
          "link": 247,
          "label": "文本",
          "type": "STRING",
          "localized_name": "文本"
        }
      ],
      "flags": {
        "collapsed": false
      },
      "id": 5,
      "type": "CLIPTextEncode",
      "properties": {
        "cnr_id": "comfy-core",
        "ver": "0.3.27",
        "Node name for S&R": "CLIPTextEncode"
      },
      "order": 27
    },
    {
      "mode": 0,
      "outputs": [
        {
          "name": "text",
          "slot_index": 0,
          "links": [
            247
          ],
          "label": "text",
          "type": "STRING",
          "localized_name": "text"
        }
      ],
      "size": [
        315,
        178
      ],
      "pos": [
        -7545.5732421875,
        1257.93310546875
      ],
      "widgets_values": [
        "comma",
        "",
        "",
        "",
        "",
        ""
      ],
      "inputs": [
        {
          "widget": {
            "name": "text1"
          },
          "shape": 7,
          "name": "text1",
          "link": 245,
          "label": "text1",
          "type": "STRING"
        },
        {
          "widget": {
            "name": "text2"
          },
          "shape": 7,
          "name": "text2",
          "link": 246,
          "label": "text2",
          "type": "STRING"
        },
        {
          "widget": {
            "name": "text3"
          },
          "shape": 7,
          "name": "text3",
          "link": 293,
          "label": "text3",
          "type": "STRING"
        },
        {
          "widget": {
            "name": "text4"
          },
          "shape": 7,
          "name": "text4",
          "label": "text4",
          "type": "STRING"
        },
        {
          "widget": {
            "name": "text5"
          },
          "shape": 7,
          "name": "text5",
          "label": "text5",
          "type": "STRING"
        }
      ],
      "flags": {
        "collapsed": false
      },
      "id": 156,
      "type": "Text Concatenate (JPS)",
      "properties": {
        "cnr_id": "jps-nodes",
        "ver": "0e2a9aca02b17dde91577bfe4b65861df622dcaf",
        "Node name for S&R": "Text Concatenate (JPS)"
      },
      "order": 17
    },
    {
      "mode": 0,
      "outputs": [
        {
          "name": "STRING",
          "slot_index": 0,
          "links": [
            293
          ],
          "label": "字符串",
          "type": "STRING",
          "localized_name": "字符串"
        }
      ],
      "size": [
        454.7988586425781,
        93
      ],
      "pos": [
        -7314.02880859375,
        1094.1591796875
      ],
      "widgets_values": [
        "Black leather shoes, white lace socks",
        [
          false,
          true
        ]
      ],
      "inputs": [],
      "flags": {
        "collapsed": false
      },
      "id": 187,
      "type": "TextInput_",
      "properties": {
        "Node name for S&R": "TextInput_"
      },
      "order": 0
    },
    {
      "mode": 0,
      "outputs": [
        {
          "name": "STRING",
          "slot_index": 0,
          "links": [
            245
          ],
          "label": "字符串",
          "type": "STRING",
          "localized_name": "字符串"
        }
      ],
      "size": [
        460.5687255859375,
        93
      ],
      "pos": [
        -8288.7275390625,
        1094.7117919921875
      ],
      "widgets_values": [
        "White background, multiple views, face visible from multiple angles, whole body",
        [
          false,
          true
        ]
      ],
      "inputs": [],
      "flags": {
        "collapsed": false
      },
      "id": 154,
      "type": "TextInput_",
      "properties": {
        "Node name for S&R": "TextInput_"
      },
      "order": 1
    },
    {
      "mode": 0,
      "outputs": [
        {
          "shape": 6,
          "name": "IMAGE",
          "links": [
            41
          ],
          "label": "图像",
          "type": "IMAGE",
          "localized_name": "图像"
        }
      ],
      "size": [
        337.20050048828125,
        163.33465576171875
      ],
      "pos": [
        -5318.03466796875,
        1300.0516357421875
      ],
      "widgets_values": [
        2048,
        1024,
        0,
        0,
        "no"
      ],
      "inputs": [
        {
          "name": "images",
          "link": 243,
          "label": "图像",
          "type": "IMAGE",
          "localized_name": "images"
        }
      ],
      "flags": {},
      "id": 24,
      "type": "ConstrainImage|pysssss",
      "properties": {
        "cnr_id": "comfyui-custom-scripts",
        "ver": "9f7b3215e6af317603056a9a1666bf6e83e28835",
        "Node name for S&R": "ConstrainImage|pysssss"
      },
      "order": 29
    },
    {
      "mode": 0,
      "outputs": [
        {
          "name": "stitch",
          "slot_index": 0,
          "links": [
            97
          ],
          "label": "接缝",
          "type": "STITCH",
          "localized_name": "stitch"
        },
        {
          "name": "cropped_image",
          "links": [
            130
          ],
          "type": "IMAGE",
          "localized_name": "cropped_image"
        },
        {
          "name": "cropped_mask",
          "links": [
            131
          ],
          "type": "MASK",
          "localized_name": "cropped_mask"
        }
      ],
      "size": [
        418.7081298828125,
        386
      ],
      "pos": [
        -3166.3193359375,
        1603.0830078125
      ],
      "widgets_values": [
        10,
        1,
        true,
        16,
        false,
        16,
        "bicubic",
        "ranged size",
        1024,
        1024,
        1,
        512,
        512,
        2048,
        1024,
        32
      ],
      "inputs": [
        {
          "name": "image",
          "link": 106,
          "label": "图像",
          "type": "IMAGE",
          "localized_name": "image"
        },
        {
          "name": "mask",
          "link": 107,
          "label": "遮罩",
          "type": "MASK",
          "localized_name": "mask"
        },
        {
          "shape": 7,
          "name": "optional_context_mask",
          "link": 108,
          "label": "上下文遮罩(可选)",
          "type": "MASK",
          "localized_name": "optional_context_mask"
        }
      ],
      "flags": {},
      "id": 69,
      "type": "InpaintCrop",
      "properties": {
        "cnr_id": "comfyui-inpaint-cropandstitch",
        "ver": "2ea5d1f0207caefae97b9d1c14f4090ff0a3b515",
        "Node name for S&R": "InpaintCrop"
      },
      "order": 52
    },
    {
      "mode": 0,
      "outputs": [
        {
          "name": "images",
          "slot_index": 0,
          "links": [
            265,
            267
          ],
          "label": "图像",
          "type": "IMAGE",
          "localized_name": "images"
        }
      ],
      "size": [
        451.3314208984375,
        230
      ],
      "pos": [
        -4050.179931640625,
        1328.9598388671875
      ],
      "widgets_values": [
        3,
        "right",
        false,
        ""
      ],
      "inputs": [
        {
          "name": "image_1",
          "link": 250,
          "label": "图像_1",
          "type": "IMAGE",
          "localized_name": "image_1"
        },
        {
          "name": "image_2",
          "link": 251,
          "label": "图像_2",
          "type": "IMAGE",
          "localized_name": "image_2"
        },
        {
          "name": "image_3",
          "link": 252,
          "type": "IMAGE"
        }
      ],
      "flags": {
        "collapsed": true
      },
      "id": 158,
      "type": "ImageConcatMulti",
      "properties": {
        "cnr_id": "comfyui-kjnodes",
        "ver": "9a15e22f5e9416c0968ce3de33923f8f601257dd",
        "Node name for S&R": "ImageConcatMulti"
      },
      "order": 20
    },
    {
      "mode": 0,
      "outputs": [
        {
          "name": "image",
          "slot_index": 0,
          "links": [
            101
          ],
          "label": "图像",
          "type": "IMAGE",
          "localized_name": "image"
        }
      ],
      "size": [
        302.748291015625,
        176.1795196533203
      ],
      "color": "rgba(38, 73, 116, 0.7)",
      "pos": [
        -4373.076171875,
        1318.429931640625
      ],
      "widgets_values": [
        "custom",
        512,
        512,
        "#000000"
      ],
      "inputs": [
        {
          "shape": 7,
          "name": "size_as",
          "label": "参考大小",
          "type": "*",
          "localized_name": "size_as"
        },
        {
          "widget": {
            "name": "custom_width"
          },
          "name": "custom_width",
          "link": 103,
          "label": "自定义宽度",
          "type": "INT",
          "localized_name": "自定义宽度"
        },
        {
          "widget": {
            "name": "custom_height"
          },
          "name": "custom_height",
          "link": 104,
          "label": "自定义高度",
          "type": "INT",
          "localized_name": "自定义高度"
        }
      ],
      "flags": {
        "collapsed": true
      },
      "id": 67,
      "type": "LayerUtility: ColorImage V2",
      "properties": {
        "Node name for S&R": "LayerUtility: ColorImage V2"
      },
      "order": 34
    },
    {
      "mode": 0,
      "outputs": [
        {
          "name": "IMAGE",
          "slot_index": 0,
          "links": [
            126,
            133,
            332
          ],
          "label": "图像",
          "type": "IMAGE",
          "localized_name": "图像"
        },
        {
          "name": "width",
          "slot_index": 1,
          "links": [],
          "label": "宽度",
          "type": "INT",
          "localized_name": "width"
        },
        {
          "name": "height",
          "slot_index": 2,
          "links": [],
          "label": "高度",
          "type": "INT",
          "localized_name": "height"
        }
      ],
      "size": [
        315,
        389.52392578125
      ],
      "pos": [
        -4418.14599609375,
        1211.325927734375
      ],
      "widgets_values": [
        2048,
        1024,
        "lanczos",
        "keep proportion",
        "always",
        0
      ],
      "inputs": [
        {
          "name": "image",
          "link": 265,
          "label": "图像",
          "type": "IMAGE",
          "localized_name": "image"
        }
      ],
      "flags": {
        "collapsed": true
      },
      "id": 68,
      "type": "ImageResize+",
      "properties": {
        "Node name for S&R": "ImageResize+"
      },
      "order": 30
    },
    {
      "mode": 0,
      "outputs": [
        {
          "name": "IMAGE",
          "slot_index": 0,
          "links": [
            119,
            286
          ],
          "label": "图像",
          "type": "IMAGE",
          "localized_name": "图像"
        }
      ],
      "size": [
        320.7462158203125,
        116.52215576171875
      ],
      "pos": [
        -4259.4111328125,
        1751.3212890625
      ],
      "widgets_values": [
        "right",
        true
      ],
      "inputs": [
        {
          "name": "image1",
          "link": 117,
          "label": "图像_1",
          "type": "IMAGE",
          "localized_name": "image1"
        },
        {
          "name": "image2",
          "link": 271,
          "label": "图像_2",
          "type": "IMAGE",
          "localized_name": "image2"
        }
      ],
      "flags": {
        "collapsed": true
      },
      "id": 76,
      "type": "ImageConcanate",
      "properties": {
        "cnr_id": "comfyui-kjnodes",
        "ver": "9a15e22f5e9416c0968ce3de33923f8f601257dd",
        "Node name for S&R": "ImageConcanate"
      },
      "order": 44
    },
    {
      "mode": 0,
      "outputs": [
        {
          "name": "image",
          "slot_index": 0,
          "links": [
            117
          ],
          "label": "图像",
          "type": "IMAGE",
          "localized_name": "image"
        }
      ],
      "size": [
        349.76629638671875,
        130
      ],
      "color": "rgba(38, 73, 116, 0.7)",
      "pos": [
        -4423.841796875,
        1754.36767578125
      ],
      "widgets_values": [
        "custom",
        512,
        512,
        "#000000"
      ],
      "inputs": [
        {
          "shape": 7,
          "name": "size_as",
          "label": "参考大小",
          "type": "*",
          "localized_name": "size_as"
        },
        {
          "widget": {
            "name": "custom_width"
          },
          "name": "custom_width",
          "link": 113,
          "label": "自定义宽度",
          "type": "INT",
          "localized_name": "自定义宽度"
        },
        {
          "widget": {
            "name": "custom_height"
          },
          "name": "custom_height",
          "link": 114,
          "label": "自定义高度",
          "type": "INT",
          "localized_name": "自定义高度"
        }
      ],
      "flags": {
        "collapsed": true
      },
      "id": 74,
      "type": "LayerUtility: ColorImage V2",
      "properties": {
        "Node name for S&R": "LayerUtility: ColorImage V2"
      },
      "order": 40
    },
    {
      "mode": 0,
      "outputs": [
        {
          "name": "MASK",
          "slot_index": 0,
          "links": [
            107
          ],
          "label": "遮罩",
          "type": "MASK",
          "localized_name": "遮罩"
        }
      ],
      "size": [
        315,
        58
      ],
      "pos": [
        -4241.763671875,
        1688.7691650390625
      ],
      "widgets_values": [
        "intensity"
      ],
      "inputs": [
        {
          "name": "image",
          "link": 119,
          "label": "图像",
          "type": "IMAGE",
          "localized_name": "image"
        }
      ],
      "flags": {
        "collapsed": true
      },
      "id": 77,
      "type": "Image To Mask",
      "properties": {
        "Node name for S&R": "Image To Mask"
      },
      "order": 47
    },
    {
      "mode": 0,
      "outputs": [
        {
          "name": "IMAGE",
          "slot_index": 0,
          "links": [
            106
          ],
          "label": "图像",
          "type": "IMAGE",
          "localized_name": "图像"
        }
      ],
      "size": [
        309.7076110839844,
        116.52216339111328
      ],
      "pos": [
        -4086.286376953125,
        1692.8099365234375
      ],
      "widgets_values": [
        "right",
        true
      ],
      "inputs": [
        {
          "name": "image1",
          "link": 115,
          "label": "图像_1",
          "type": "IMAGE",
          "localized_name": "image1"
        },
        {
          "name": "image2",
          "link": 116,
          "label": "图像_2",
          "type": "IMAGE",
          "localized_name": "image2"
        }
      ],
      "flags": {
        "collapsed": true
      },
      "id": 75,
      "type": "ImageConcanate",
      "properties": {
        "cnr_id": "comfyui-kjnodes",
        "ver": "9a15e22f5e9416c0968ce3de33923f8f601257dd",
        "Node name for S&R": "ImageConcanate"
      },
      "order": 39
    },
    {
      "mode": 0,
      "outputs": [
        {
          "name": "IMAGE",
          "slot_index": 0,
          "links": [
            96
          ],
          "label": "图像",
          "type": "IMAGE",
          "localized_name": "图像"
        }
      ],
      "size": [
        309.7076110839844,
        116.52216339111328
      ],
      "pos": [
        -4226.68896484375,
        1134.154541015625
      ],
      "widgets_values": [
        "right",
        true
      ],
      "inputs": [
        {
          "name": "image1",
          "link": 100,
          "label": "图像_1",
          "type": "IMAGE",
          "localized_name": "image1"
        },
        {
          "name": "image2",
          "link": 101,
          "label": "图像_2",
          "type": "IMAGE",
          "localized_name": "image2"
        }
      ],
      "flags": {
        "collapsed": true
      },
      "id": 65,
      "type": "ImageConcanate",
      "properties": {
        "cnr_id": "comfyui-kjnodes",
        "ver": "9a15e22f5e9416c0968ce3de33923f8f601257dd",
        "Node name for S&R": "ImageConcanate"
      },
      "order": 46
    },
    {
      "mode": 0,
      "outputs": [
        {
          "name": "MASK",
          "slot_index": 0,
          "links": [
            108,
            120
          ],
          "label": "遮罩",
          "type": "MASK",
          "localized_name": "遮罩"
        }
      ],
      "size": [
        308.022705078125,
        67.42439270019531
      ],
      "pos": [
        -4087.6728515625,
        1140.034912109375
      ],
      "widgets_values": [
        "intensity"
      ],
      "inputs": [
        {
          "name": "image",
          "link": 96,
          "label": "图像",
          "type": "IMAGE",
          "localized_name": "image"
        }
      ],
      "flags": {
        "collapsed": true
      },
      "id": 62,
      "type": "Image To Mask",
      "properties": {
        "Node name for S&R": "Image To Mask"
      },
      "order": 50
    },
    {
      "mode": 0,
      "outputs": [
        {
          "name": "STRING",
          "slot_index": 0,
          "links": [
            246
          ],
          "label": "字符串",
          "type": "STRING",
          "localized_name": "字符串"
        }
      ],
      "size": [
        454.7988586425781,
        93
      ],
      "pos": [
        -7799.26123046875,
        1095.978515625
      ],
      "widgets_values": [
        " The girl wearing a bikini，Solid color background",
        [
          false,
          true
        ]
      ],
      "inputs": [],
      "flags": {
        "collapsed": false
      },
      "id": 155,
      "type": "TextInput_",
      "properties": {
        "Node name for S&R": "TextInput_"
      },
      "order": 2
    },
    {
      "mode": 0,
      "outputs": [
        {
          "name": "LATENT",
          "links": [
            13
          ],
          "label": "Latent",
          "type": "LATENT",
          "localized_name": "Latent"
        }
      ],
      "size": [
        315,
        474
      ],
      "pos": [
        -4969.23828125,
        1299.3768310546875
      ],
      "widgets_values": [
        400521638452336,
        "randomize",
        30,
        2,
        "euler",
        "normal",
        1
      ],
      "inputs": [
        {
          "name": "model",
          "link": 319,
          "label": "模型",
          "type": "MODEL",
          "localized_name": "模型"
        },
        {
          "name": "positive",
          "link": 31,
          "label": "正面条件",
          "type": "CONDITIONING",
          "localized_name": "正面条件"
        },
        {
          "name": "negative",
          "link": 32,
          "label": "负面条件",
          "type": "CONDITIONING",
          "localized_name": "负面条件"
        },
        {
          "name": "latent_image",
          "link": 42,
          "label": "Latent",
          "type": "LATENT",
          "localized_name": "Latent图像"
        }
      ],
      "flags": {},
      "id": 10,
      "type": "KSampler",
      "properties": {
        "cnr_id": "comfy-core",
        "ver": "0.3.27",
        "Node name for S&R": "KSampler"
      },
      "order": 45
    },
    {
      "mode": 0,
      "outputs": [
        {
          "name": "IMAGE",
          "links": [
            37
          ],
          "label": "图像",
          "type": "IMAGE",
          "localized_name": "图像"
        },
        {
          "name": "POSE_KEYPOINT",
          "label": "姿态关键点",
          "type": "POSE_KEYPOINT",
          "localized_name": "POSE_KEYPOINT"
        }
      ],
      "size": [
        320.28466796875,
        184.6788787841797
      ],
      "pos": [
        -5983.28759765625,
        1515.00244140625
      ],
      "widgets_values": [
        "enable",
        "enable",
        "enable",
        512
      ],
      "inputs": [
        {
          "name": "image",
          "link": 242,
          "label": "图像",
          "type": "IMAGE",
          "localized_name": "image"
        }
      ],
      "flags": {},
      "id": 19,
      "type": "OpenposePreprocessor",
      "properties": {
        "cnr_id": "comfyui_controlnet_aux",
        "ver": "83463c2e4b04e729268e57f638b4212e0da4badc",
        "Node name for S&R": "OpenposePreprocessor"
      },
      "order": 28
    },
    {
      "mode": 0,
      "outputs": [
        {
          "name": "images",
          "slot_index": 0,
          "links": [
            323
          ],
          "label": "图像",
          "type": "IMAGE",
          "localized_name": "images"
        }
      ],
      "size": [
        484.05572509765625,
        103.47489929199219
      ],
      "pos": [
        -1703.2718505859375,
        1190.3016357421875
      ],
      "widgets_values": [
        1,
        2
      ],
      "inputs": [
        {
          "name": "images",
          "link": 151,
          "label": "图像",
          "type": "IMAGE",
          "localized_name": "images"
        }
      ],
      "flags": {},
      "id": 94,
      "type": "easy imageSplitGrid",
      "properties": {
        "Node name for S&R": "easy imageSplitGrid"
      },
      "order": 58
    },
    {
      "mode": 0,
      "outputs": [],
      "size": [
        210,
        246
      ],
      "pos": [
        -831.4539794921875,
        1356.494140625
      ],
      "widgets_values": [
        ""
      ],
      "inputs": [
        {
          "name": "images",
          "link": 306,
          "label": "图像",
          "type": "IMAGE",
          "localized_name": "图像"
        }
      ],
      "flags": {},
      "id": 194,
      "type": "PreviewImage",
      "properties": {
        "cnr_id": "comfy-core",
        "ver": "0.3.27",
        "Node name for S&R": "PreviewImage"
      },
      "order": 65
    },
    {
      "mode": 0,
      "outputs": [],
      "size": [
        210,
        246
      ],
      "pos": [
        -605.8642578125,
        1356.4937744140625
      ],
      "widgets_values": [
        ""
      ],
      "inputs": [
        {
          "name": "images",
          "link": 307,
          "label": "图像",
          "type": "IMAGE",
          "localized_name": "图像"
        }
      ],
      "flags": {},
      "id": 195,
      "type": "PreviewImage",
      "properties": {
        "cnr_id": "comfy-core",
        "ver": "0.3.27",
        "Node name for S&R": "PreviewImage"
      },
      "order": 66
    },
    {
      "mode": 0,
      "outputs": [
        {
          "name": "CLIP_VISION_OUTPUT",
          "slot_index": 0,
          "links": [
            136
          ],
          "label": "CLIP视觉输出",
          "type": "CLIP_VISION_OUTPUT",
          "localized_name": "CLIP视觉输出"
        }
      ],
      "size": [
        320.5689392089844,
        124.09386444091797
      ],
      "pos": [
        -3365,
        1199
      ],
      "widgets_values": [
        "center"
      ],
      "inputs": [
        {
          "name": "clip_vision",
          "link": 132,
          "label": "CLIP视觉",
          "type": "CLIP_VISION",
          "localized_name": "clip视觉"
        },
        {
          "name": "image",
          "link": 133,
          "label": "图像",
          "type": "IMAGE",
          "localized_name": "图像"
        }
      ],
      "flags": {},
      "id": 83,
      "type": "CLIPVisionEncode",
      "properties": {
        "cnr_id": "comfy-core",
        "ver": "0.3.15",
        "Node name for S&R": "CLIPVisionEncode"
      },
      "order": 37
    },
    {
      "mode": 0,
      "outputs": [
        {
          "name": "VAE",
          "links": [
            95,
            129
          ],
          "type": "VAE",
          "localized_name": "VAE"
        }
      ],
      "size": [
        315,
        58
      ],
      "pos": [
        -2714.51171875,
        1924.70947265625
      ],
      "widgets_values": [
        "ae.sft"
      ],
      "inputs": [],
      "flags": {},
      "id": 60,
      "type": "VAELoader",
      "properties": {
        "cnr_id": "comfy-core",
        "ver": "0.3.15",
        "Node name for S&R": "VAELoader"
      },
      "order": 3
    },
    {
      "mode": 0,
      "outputs": [
        {
          "name": "IMAGE",
          "slot_index": 0,
          "links": [
            98
          ],
          "label": "图像",
          "type": "IMAGE",
          "localized_name": "图像"
        }
      ],
      "size": [
        278.6826477050781,
        73.61466979980469
      ],
      "pos": [
        -2006,
        1548
      ],
      "widgets_values": [],
      "inputs": [
        {
          "name": "samples",
          "link": 94,
          "label": "Latent",
          "type": "LATENT",
          "localized_name": "Latent"
        },
        {
          "name": "vae",
          "link": 95,
          "label": "VAE",
          "type": "VAE",
          "localized_name": "vae"
        }
      ],
      "flags": {
        "collapsed": true
      },
      "id": 61,
      "type": "VAEDecode",
      "properties": {
        "cnr_id": "comfy-core",
        "ver": "0.3.15",
        "Node name for S&R": "VAEDecode"
      },
      "order": 56
    },
    {
      "mode": 0,
      "outputs": [
        {
          "name": "LATENT",
          "slot_index": 0,
          "links": [
            94
          ],
          "label": "Latent",
          "type": "LATENT",
          "localized_name": "Latent"
        }
      ],
      "size": [
        542.6119995117188,
        1086.0703125
      ],
      "pos": [
        -2280,
        1035
      ],
      "widgets_values": [
        1029823498194946,
        "randomize",
        20,
        1,
        "euler",
        "simple",
        1
      ],
      "inputs": [
        {
          "name": "model",
          "link": 122,
          "label": "模型",
          "type": "MODEL",
          "localized_name": "模型"
        },
        {
          "name": "positive",
          "link": 123,
          "label": "正面条件",
          "type": "CONDITIONING",
          "localized_name": "正面条件"
        },
        {
          "name": "negative",
          "link": 124,
          "label": "负面条件",
          "type": "CONDITIONING",
          "localized_name": "负面条件"
        },
        {
          "name": "latent_image",
          "link": 125,
          "label": "Latent",
          "type": "LATENT",
          "localized_name": "Latent图像"
        }
      ],
      "flags": {},
      "id": 80,
      "type": "KSampler",
      "properties": {
        "cnr_id": "comfy-core",
        "ver": "0.3.15",
        "Node name for S&R": "KSampler"
      },
      "order": 55
    },
    {
      "mode": 0,
      "outputs": [],
      "size": [
        487.7896728515625,
        366.0871276855469
      ],
      "pos": [
        -1707.03759765625,
        1755.2244873046875
      ],
      "widgets_values": [
        ""
      ],
      "inputs": [
        {
          "name": "images",
          "link": 325,
          "label": "图像",
          "type": "IMAGE",
          "localized_name": "图像"
        }
      ],
      "flags": {},
      "id": 182,
      "type": "PreviewImage",
      "properties": {
        "cnr_id": "comfy-core",
        "ver": "0.3.27",
        "Node name for S&R": "PreviewImage"
      },
      "order": 61
    },
    {
      "mode": 0,
      "outputs": [],
      "size": [
        210,
        246
      ],
      "pos": [
        -377,
        1359
      ],
      "widgets_values": [
        ""
      ],
      "inputs": [
        {
          "name": "images",
          "link": 326,
          "label": "图像",
          "type": "IMAGE",
          "localized_name": "图像"
        }
      ],
      "flags": {},
      "id": 202,
      "type": "PreviewImage",
      "properties": {
        "Node name for S&R": "PreviewImage"
      },
      "order": 67
    },
    {
      "mode": 0,
      "outputs": [
        {
          "name": "images",
          "slot_index": 0,
          "links": [
            328
          ],
          "label": "图像",
          "type": "IMAGE",
          "localized_name": "images"
        }
      ],
      "size": [
        484.05572509765625,
        103.47489929199219
      ],
      "pos": [
        -836,
        1203
      ],
      "widgets_values": [
        1,
        3
      ],
      "inputs": [
        {
          "name": "images",
          "link": 327,
          "label": "图像",
          "type": "IMAGE",
          "localized_name": "images"
        }
      ],
      "flags": {},
      "id": 193,
      "type": "easy imageSplitGrid",
      "properties": {
        "Node name for S&R": "easy imageSplitGrid"
      },
      "order": 62
    },
    {
      "mode": 0,
      "outputs": [
        {
          "name": "image1",
          "slot_index": 0,
          "links": [
            152
          ],
          "label": "图像_1",
          "type": "IMAGE",
          "localized_name": "image1"
        },
        {
          "name": "image2",
          "slot_index": 1,
          "links": [
            325,
            327,
            334
          ],
          "label": "图像_2",
          "type": "IMAGE",
          "localized_name": "image2"
        },
        {
          "name": "image3",
          "slot_index": 2,
          "links": [],
          "label": "图像_3",
          "type": "IMAGE",
          "localized_name": "image3"
        },
        {
          "name": "image4",
          "slot_index": 3,
          "links": [],
          "label": "图像_4",
          "type": "IMAGE",
          "localized_name": "image4"
        },
        {
          "name": "image5",
          "label": "图像_5",
          "type": "IMAGE",
          "localized_name": "image5"
        }
      ],
      "size": [
        480.8634948730469,
        106
      ],
      "pos": [
        -1705,
        1036
      ],
      "widgets_values": [],
      "inputs": [
        {
          "name": "images",
          "link": 323,
          "label": "图像",
          "type": "IMAGE",
          "localized_name": "images"
        }
      ],
      "flags": {},
      "id": 95,
      "type": "easy imagesSplitImage",
      "properties": {
        "Node name for S&R": "easy imagesSplitImage"
      },
      "order": 59
    },
    {
      "mode": 0,
      "outputs": [
        {
          "name": "image1",
          "slot_index": 0,
          "links": [
            306
          ],
          "label": "图像_1",
          "type": "IMAGE",
          "localized_name": "image1"
        },
        {
          "name": "image2",
          "slot_index": 1,
          "links": [
            307
          ],
          "label": "图像_2",
          "type": "IMAGE",
          "localized_name": "image2"
        },
        {
          "name": "image3",
          "slot_index": 2,
          "links": [
            326
          ],
          "label": "图像_3",
          "type": "IMAGE",
          "localized_name": "image3"
        },
        {
          "name": "image4",
          "slot_index": 3,
          "links": [],
          "label": "图像_4",
          "type": "IMAGE",
          "localized_name": "image4"
        },
        {
          "name": "image5",
          "label": "图像_5",
          "type": "IMAGE",
          "localized_name": "image5"
        }
      ],
      "size": [
        480.8634948730469,
        106
      ],
      "pos": [
        -835.8756103515625,
        1047.544921875
      ],
      "widgets_values": [],
      "inputs": [
        {
          "name": "images",
          "link": 328,
          "label": "图像",
          "type": "IMAGE",
          "localized_name": "images"
        }
      ],
      "flags": {},
      "id": 192,
      "type": "easy imagesSplitImage",
      "properties": {
        "Node name for S&R": "easy imagesSplitImage"
      },
      "order": 64
    },
    {
      "mode": 0,
      "outputs": [
        {
          "name": "IMAGE",
          "slot_index": 0,
          "links": [
            115
          ],
          "label": "图像",
          "type": "IMAGE",
          "localized_name": "图像"
        },
        {
          "name": "width",
          "slot_index": 1,
          "links": [
            113
          ],
          "label": "宽度",
          "type": "INT",
          "localized_name": "width"
        },
        {
          "name": "height",
          "slot_index": 2,
          "links": [
            114
          ],
          "label": "高度",
          "type": "INT",
          "localized_name": "height"
        }
      ],
      "size": [
        349.9095764160156,
        263.53424072265625
      ],
      "pos": [
        -4577,
        1675
      ],
      "widgets_values": [
        2048,
        1024,
        "lanczos",
        "keep proportion",
        "always",
        0
      ],
      "inputs": [
        {
          "name": "image",
          "link": 267,
          "label": "图像",
          "type": "IMAGE",
          "localized_name": "image"
        }
      ],
      "flags": {
        "collapsed": true
      },
      "id": 72,
      "type": "ImageResize+",
      "properties": {
        "Node name for S&R": "ImageResize+"
      },
      "order": 31
    },
    {
      "mode": 0,
      "outputs": [
        {
          "name": "IMAGE",
          "slot_index": 0,
          "links": [
            271
          ],
          "label": "图像",
          "type": "IMAGE",
          "localized_name": "图像"
        }
      ],
      "size": [
        223.80340576171875,
        26
      ],
      "pos": [
        -4406,
        1687
      ],
      "widgets_values": [],
      "inputs": [
        {
          "name": "mask",
          "link": 329,
          "label": "遮罩",
          "type": "MASK",
          "localized_name": "遮罩"
        }
      ],
      "flags": {
        "collapsed": false
      },
      "id": 71,
      "type": "MaskToImage",
      "properties": {
        "cnr_id": "comfy-core",
        "ver": "0.3.15",
        "Node name for S&R": "MaskToImage"
      },
      "order": 26
    },
    {
      "mode": 0,
      "outputs": [
        {
          "name": "IMAGE",
          "slot_index": 0,
          "links": [
            116,
            264
          ],
          "label": "图像",
          "type": "IMAGE",
          "localized_name": "图像"
        },
        {
          "name": "width",
          "slot_index": 1,
          "links": [
            103
          ],
          "label": "宽度",
          "type": "INT",
          "localized_name": "width"
        },
        {
          "name": "height",
          "slot_index": 2,
          "links": [
            104
          ],
          "label": "高度",
          "type": "INT",
          "localized_name": "height"
        }
      ],
      "size": [
        325.54156494140625,
        228.0146026611328
      ],
      "pos": [
        -5309.72802734375,
        1544.9359130859375
      ],
      "widgets_values": [
        2048,
        1024,
        "lanczos",
        "keep proportion",
        "always",
        0
      ],
      "inputs": [
        {
          "name": "image",
          "link": 330,
          "label": "图像",
          "type": "IMAGE",
          "localized_name": "image"
        }
      ],
      "flags": {
        "collapsed": false
      },
      "id": 70,
      "type": "ImageResize+",
      "properties": {
        "Node name for S&R": "ImageResize+"
      },
      "order": 25
    },
    {
      "mode": 0,
      "outputs": [
        {
          "name": "IMAGE",
          "slot_index": 0,
          "links": [
            331
          ],
          "label": "图像",
          "type": "IMAGE",
          "localized_name": "图像"
        }
      ],
      "size": [
        210,
        46
      ],
      "pos": [
        -4322.474609375,
        585.7596435546875
      ],
      "widgets_values": [],
      "inputs": [
        {
          "name": "samples",
          "link": 13,
          "label": "Latent",
          "type": "LATENT",
          "localized_name": "Latent"
        },
        {
          "name": "vae",
          "link": 14,
          "label": "VAE",
          "type": "VAE",
          "localized_name": "vae"
        }
      ],
      "flags": {
        "collapsed": false
      },
      "id": 12,
      "type": "VAEDecode",
      "properties": {
        "cnr_id": "comfy-core",
        "ver": "0.3.27",
        "Node name for S&R": "VAEDecode"
      },
      "order": 49
    },
    {
      "mode": 0,
      "outputs": [],
      "size": [
        861.7943115234375,
        429.0566101074219
      ],
      "pos": [
        -4556,
        1668
      ],
      "widgets_values": [
        ""
      ],
      "inputs": [
        {
          "name": "images",
          "link": 286,
          "label": "图像",
          "type": "IMAGE",
          "localized_name": "图像"
        }
      ],
      "flags": {},
      "id": 181,
      "type": "PreviewImage",
      "properties": {
        "cnr_id": "comfy-core",
        "ver": "0.3.27",
        "Node name for S&R": "PreviewImage"
      },
      "order": 48
    },
    {
      "mode": 0,
      "outputs": [],
      "size": [
        1103.8377685546875,
        707.5062255859375
      ],
      "pos": [
        -5557,
        63
      ],
      "widgets_values": [
        ""
      ],
      "inputs": [
        {
          "name": "images",
          "link": 264,
          "label": "图像",
          "type": "IMAGE",
          "localized_name": "图像"
        }
      ],
      "flags": {},
      "id": 168,
      "type": "PreviewImage",
      "properties": {
        "cnr_id": "comfy-core",
        "ver": "0.3.27",
        "Node name for S&R": "PreviewImage"
      },
      "order": 33
    },
    {
      "mode": 0,
      "outputs": [
        {
          "name": "IMAGE",
          "slot_index": 0,
          "links": [
            241
          ],
          "label": "图像",
          "type": "IMAGE",
          "localized_name": "图像"
        },
        {
          "name": "MASK",
          "slot_index": 1,
          "label": "遮罩",
          "type": "MASK",
          "localized_name": "遮罩"
        }
      ],
      "size": [
        394.22955322265625,
        619.1544799804688
      ],
      "pos": [
        -8241,
        142
      ],
      "widgets_values": [
        "pasted/f8eaa3738ec685f8c53f6575b7637287349db2ac254865a6f91f3432b1edf683.png",
        "image",
        ""
      ],
      "inputs": [],
      "flags": {},
      "id": 149,
      "type": "LoadImage",
      "properties": {
        "cnr_id": "comfy-core",
        "ver": "0.3.15",
        "Node name for S&R": "LoadImage"
      },
      "order": 4
    },
    {
      "mode": 0,
      "outputs": [
        {
          "name": "IMAGE",
          "slot_index": 0,
          "links": [
            240
          ],
          "label": "图像",
          "type": "IMAGE",
          "localized_name": "图像"
        },
        {
          "name": "MASK",
          "label": "遮罩",
          "type": "MASK",
          "localized_name": "遮罩"
        }
      ],
      "size": [
        396.5991516113281,
        613.6588745117188
      ],
      "pos": [
        -7836,
        140
      ],
      "widgets_values": [
        "pasted/2603f1bd07d97f433752cc0399132d9d1331bc12ff93937a93b532ce88859a9a.png",
        "image",
        ""
      ],
      "inputs": [],
      "flags": {},
      "id": 150,
      "type": "LoadImage",
      "properties": {
        "cnr_id": "comfy-core",
        "ver": "0.3.15",
        "Node name for S&R": "LoadImage"
      },
      "order": 5
    },
    {
      "mode": 0,
      "outputs": [
        {
          "name": "IMAGE",
          "slot_index": 0,
          "links": [
            239
          ],
          "label": "图像",
          "type": "IMAGE",
          "localized_name": "图像"
        },
        {
          "name": "MASK",
          "label": "遮罩",
          "type": "MASK",
          "localized_name": "遮罩"
        }
      ],
      "size": [
        404.60015869140625,
        613.8310546875
      ],
      "pos": [
        -7421,
        140
      ],
      "widgets_values": [
        "pasted/6cdc0afc9408b0711eb432bb752591c6bbfc64ae9b4cbd5e22beca65d16acc57.png",
        "image",
        ""
      ],
      "inputs": [],
      "flags": {},
      "id": 151,
      "type": "LoadImage",
      "properties": {
        "cnr_id": "comfy-core",
        "ver": "0.3.15",
        "Node name for S&R": "LoadImage"
      },
      "order": 6
    },
    {
      "mode": 0,
      "outputs": [
        {
          "name": "IMAGE",
          "links": [
            68,
            146,
            250
          ],
          "label": "图像",
          "type": "IMAGE",
          "localized_name": "图像"
        },
        {
          "name": "MASK",
          "label": "遮罩",
          "type": "MASK",
          "localized_name": "遮罩"
        }
      ],
      "size": [
        382.4543762207031,
        612.1026611328125
      ],
      "pos": [
        -6872,
        121
      ],
      "widgets_values": [
        "pasted/dd555e37d86ca497f210c59ea921fcb8e185e8d3264bfc274e87b7dba0383035.png",
        "image",
        ""
      ],
      "inputs": [],
      "flags": {},
      "id": 30,
      "type": "LoadImage",
      "properties": {
        "cnr_id": "comfy-core",
        "ver": "0.3.27",
        "Node name for S&R": "LoadImage"
      },
      "order": 7
    },
    {
      "mode": 0,
      "outputs": [
        {
          "name": "IMAGE",
          "links": [
            251
          ],
          "label": "图像",
          "type": "IMAGE",
          "localized_name": "图像"
        },
        {
          "name": "MASK",
          "label": "遮罩",
          "type": "MASK",
          "localized_name": "遮罩"
        }
      ],
      "size": [
        383.1137390136719,
        604.8252563476562
      ],
      "pos": [
        -6465,
        127
      ],
      "widgets_values": [
        "pasted/dd555e37d86ca497f210c59ea921fcb8e185e8d3264bfc274e87b7dba0383035.png",
        "image",
        ""
      ],
      "inputs": [],
      "flags": {},
      "id": 159,
      "type": "LoadImage",
      "properties": {
        "cnr_id": "comfy-core",
        "ver": "0.3.27",
        "Node name for S&R": "LoadImage"
      },
      "order": 8
    },
    {
      "mode": 0,
      "outputs": [
        {
          "name": "IMAGE",
          "links": [
            252
          ],
          "label": "图像",
          "type": "IMAGE",
          "localized_name": "图像"
        },
        {
          "name": "MASK",
          "label": "遮罩",
          "type": "MASK",
          "localized_name": "遮罩"
        }
      ],
      "size": [
        373.30328369140625,
        601.5551147460938
      ],
      "pos": [
        -6058,
        131
      ],
      "widgets_values": [
        "pasted/dd555e37d86ca497f210c59ea921fcb8e185e8d3264bfc274e87b7dba0383035.png",
        "image",
        ""
      ],
      "inputs": [],
      "flags": {},
      "id": 160,
      "type": "LoadImage",
      "properties": {
        "cnr_id": "comfy-core",
        "ver": "0.3.27",
        "Node name for S&R": "LoadImage"
      },
      "order": 9
    },
    {
      "mode": 0,
      "outputs": [
        {
          "name": "CLIP_VISION",
          "slot_index": 0,
          "links": [
            132
          ],
          "label": "CLIP视觉",
          "type": "CLIP_VISION",
          "localized_name": "CLIP视觉"
        }
      ],
      "size": [
        322.31158447265625,
        62.68144607543945
      ],
      "pos": [
        -3365,
        1089
      ],
      "widgets_values": [
        "sigclip_vision_patch14_384.safetensors"
      ],
      "inputs": [],
      "flags": {},
      "id": 89,
      "type": "CLIPVisionLoader",
      "properties": {
        "cnr_id": "comfy-core",
        "ver": "0.3.15",
        "Node name for S&R": "CLIPVisionLoader"
      },
      "order": 10
    },
    {
      "mode": 0,
      "outputs": [
        {
          "name": "STYLE_MODEL",
          "slot_index": 0,
          "links": [
            135
          ],
          "label": "风格模型",
          "type": "STYLE_MODEL",
          "localized_name": "风格模型"
        }
      ],
      "size": [
        309.85943603515625,
        58
      ],
      "pos": [
        -2994.58544921875,
        1092.6737060546875
      ],
      "widgets_values": [
        "flux1-redux-dev.safetensors"
      ],
      "inputs": [],
      "flags": {},
      "id": 88,
      "type": "StyleModelLoader",
      "properties": {
        "cnr_id": "comfy-core",
        "ver": "0.3.15",
        "Node name for S&R": "StyleModelLoader"
      },
      "order": 11
    },
    {
      "mode": 0,
      "outputs": [
        {
          "name": "CLIP",
          "slot_index": 0,
          "links": [
            91,
            92
          ],
          "label": "CLIP",
          "type": "CLIP",
          "localized_name": "CLIP"
        }
      ],
      "size": [
        315,
        122
      ],
      "pos": [
        -3511.208251953125,
        1645.6053466796875
      ],
      "widgets_values": [
        "clip_l.safetensors",
        "t5xxl_fp8_e4m3fn.safetensors",
        "flux",
        "default"
      ],
      "inputs": [],
      "flags": {},
      "id": 56,
      "type": "DualCLIPLoader",
      "properties": {
        "cnr_id": "comfy-core",
        "ver": "0.3.15",
        "Node name for S&R": "DualCLIPLoader"
      },
      "order": 12
    },
    {
      "mode": 0,
      "outputs": [
        {
          "name": "MODEL",
          "slot_index": 0,
          "links": [
            93
          ],
          "label": "模型",
          "type": "MODEL",
          "localized_name": "模型"
        }
      ],
      "size": [
        315,
        82
      ],
      "pos": [
        -3509.94482421875,
        1805.640625
      ],
      "widgets_values": [
        "flux1-fill-dev.safetensors",
        "fp8_e4m3fn_fast"
      ],
      "inputs": [],
      "flags": {},
      "id": 87,
      "type": "UNETLoader",
      "properties": {
        "cnr_id": "comfy-core",
        "ver": "0.3.15",
        "Node name for S&R": "UNETLoader"
      },
      "order": 13
    },
    {
      "mode": 0,
      "outputs": [
        {
          "name": "MODEL",
          "slot_index": 0,
          "links": [
            1,
            18,
            319
          ],
          "label": "模型",
          "type": "MODEL",
          "localized_name": "模型"
        },
        {
          "name": "CLIP",
          "links": [
            4,
            282
          ],
          "label": "CLIP",
          "type": "CLIP",
          "localized_name": "CLIP"
        },
        {
          "name": "VAE",
          "links": [
            14,
            38
          ],
          "label": "VAE",
          "type": "VAE",
          "localized_name": "VAE"
        }
      ],
      "size": [
        315,
        98
      ],
      "pos": [
        -7546.15576171875,
        1484.17626953125
      ],
      "widgets_values": [
        "majicmixRealistic_v7.safetensors"
      ],
      "inputs": [],
      "flags": {},
      "id": 2,
      "type": "CheckpointLoaderSimple",
      "properties": {
        "cnr_id": "comfy-core",
        "ver": "0.3.27",
        "Node name for S&R": "CheckpointLoaderSimple"
      },
      "order": 14
    },
    {
      "mode": 0,
      "outputs": [
        {
          "name": "CONTROL_NET",
          "links": [
            39
          ],
          "label": "ControlNet",
          "type": "CONTROL_NET",
          "localized_name": "ControlNet"
        }
      ],
      "size": [
        315,
        58
      ],
      "pos": [
        -5979.33837890625,
        1740.054443359375
      ],
      "widgets_values": [
        "control_v11p_sd15_openpose.pth"
      ],
      "inputs": [],
      "flags": {},
      "id": 23,
      "type": "ControlNetLoader",
      "properties": {
        "cnr_id": "comfy-core",
        "ver": "0.3.27",
        "Node name for S&R": "ControlNetLoader"
      },
      "order": 15
    },
    {
      "mode": 0,
      "outputs": [
        {
          "name": "IMAGE",
          "slot_index": 0,
          "links": [
            100
          ],
          "label": "图像",
          "type": "IMAGE",
          "localized_name": "图像"
        }
      ],
      "size": [
        210,
        26
      ],
      "pos": [
        -4481.4892578125,
        1105.8992919921875
      ],
      "widgets_values": [],
      "inputs": [
        {
          "name": "mask",
          "link": 333,
          "label": "遮罩",
          "type": "MASK",
          "localized_name": "遮罩"
        }
      ],
      "flags": {
        "collapsed": false
      },
      "id": 64,
      "type": "MaskToImage",
      "properties": {
        "cnr_id": "comfy-core",
        "ver": "0.3.15",
        "Node name for S&R": "MaskToImage"
      },
      "order": 43
    },
    {
      "mode": 0,
      "outputs": [
        {
          "name": "image",
          "label": "图像",
          "type": "IMAGE",
          "localized_name": "image"
        },
        {
          "name": "mask",
          "links": [
            333
          ],
          "label": "遮罩",
          "type": "MASK",
          "localized_name": "mask"
        }
      ],
      "size": [
        315,
        366
      ],
      "color": "rgba(27, 80, 119, 0.7)",
      "pos": [
        -4130.03125,
        1212.5155029296875
      ],
      "widgets_values": [
        "sam_hq_vit_l (1.25GB)",
        "GroundingDINO_SwinT_OGC (694MB)",
        0.5000000000000001,
        "VITMatte",
        6,
        6,
        0.15,
        0.99,
        true,
        "dress",
        "cuda",
        2,
        false
      ],
      "inputs": [
        {
          "name": "image",
          "link": 332,
          "label": "图像",
          "type": "IMAGE",
          "localized_name": "image"
        }
      ],
      "flags": {
        "collapsed": true
      },
      "id": 206,
      "type": "LayerMask: SegmentAnythingUltra V2",
      "properties": {
        "Node name for S&R": "LayerMask: SegmentAnythingUltra V2"
      },
      "order": 38
    },
    {
      "mode": 0,
      "outputs": [],
      "size": [
        872.5167236328125,
        436.0823669433594
      ],
      "pos": [
        -4564.87451171875,
        1094.3814697265625
      ],
      "widgets_values": [
        ""
      ],
      "inputs": [
        {
          "name": "mask",
          "link": 120,
          "label": "遮罩",
          "type": "MASK",
          "localized_name": "mask"
        }
      ],
      "flags": {},
      "id": 78,
      "type": "MaskPreview+",
      "properties": {
        "Node name for S&R": "MaskPreview+"
      },
      "order": 53
    },
    {
      "mode": 0,
      "outputs": [],
      "size": [
        771.7710571289062,
        755.7392578125
      ],
      "pos": [
        -4407,
        22
      ],
      "widgets_values": [
        ""
      ],
      "inputs": [
        {
          "name": "images",
          "link": 331,
          "label": "图像",
          "type": "IMAGE",
          "localized_name": "图像"
        }
      ],
      "flags": {},
      "id": 204,
      "type": "PreviewImage",
      "properties": {
        "Node name for S&R": "PreviewImage"
      },
      "order": 51
    },
    {
      "mode": 0,
      "outputs": [
        {
          "name": "IMAGE",
          "links": [
            330
          ],
          "label": "图像",
          "type": "IMAGE",
          "localized_name": "图像"
        },
        {
          "name": "MASK",
          "slot_index": 1,
          "links": [
            329
          ],
          "label": "遮罩",
          "type": "MASK",
          "localized_name": "遮罩"
        }
      ],
      "size": [
        1228.0313720703125,
        733.6358032226562
      ],
      "pos": [
        -3592,
        27
      ],
      "widgets_values": [
        "clipspace/685325388470fd871cb8b129da2c74a0c86908dd924302340bc5a2bbc73fbec6.png [input]",
        "image",
        ""
      ],
      "inputs": [],
      "flags": {},
      "id": 203,
      "type": "LoadImage",
      "properties": {
        "Node name for S&R": "LoadImage"
      },
      "order": 16
    },
    {
      "mode": 0,
      "outputs": [],
      "size": [
        1421.9371337890625,
        947.8906860351562
      ],
      "pos": [
        -2272.450927734375,
        -159.821533203125
      ],
      "widgets_values": [
        "ComfyUI"
      ],
      "inputs": [
        {
          "name": "images",
          "link": 334,
          "label": "图像",
          "type": "IMAGE",
          "localized_name": "图片"
        }
      ],
      "flags": {},
      "id": 208,
      "type": "SaveImage",
      "properties": {
        "Node name for S&R": "SaveImage"
      },
      "order": 63
    }
  ],
  "extra": {
    "ue_links": [],
    "0246.VERSION": [
      0,
      0,
      4
    ],
    "ds": {
      "offset": [
        5281.814526276772,
        1251.0828852490672
      ],
      "scale": 0.2794145953766256
    }
  },
  "groups": [
    {
      "color": "#3f789e",
      "font_size": 100,
      "flags": {},
      "id": 1,
      "title": "第③步：第一轮跑图结束后，再操作这里",
      "bounding": [
        -4421,
        -272,
        2079,
        137
      ]
    },
    {
      "color": "#3f789e",
      "font_size": 24,
      "flags": {},
      "id": 2,
      "title": "Group",
      "bounding": [
        -3628,
        1355,
        1318,
        773
      ]
    },
    {
      "color": "#3f789e",
      "font_size": 24,
      "flags": {},
      "id": 3,
      "title": "Group",
      "bounding": [
        -3630,
        1002,
        1319,
        338
      ]
    },
    {
      "color": "#3f789e",
      "font_size": 24,
      "flags": {},
      "id": 4,
      "title": "第②步服装自动抠图蒙版观察区",
      "bounding": [
        -4610,
        1005,
        955,
        553
      ]
    },
    {
      "color": "#3f789e",
      "font_size": 24,
      "flags": {},
      "id": 5,
      "title": "第④步操作了这里才会产生蒙版换装成功",
      "bounding": [
        -4605,
        1576,
        953,
        553
      ]
    },
    {
      "color": "#3f789e",
      "font_size": 45,
      "flags": {},
      "id": 6,
      "title": "第②步：上传3张重复服装图（保持一摸一样）",
      "bounding": [
        -6927,
        24,
        1350,
        747
      ]
    },
    {
      "color": "#3f789e",
      "font_size": 45,
      "flags": {},
      "id": 7,
      "title": "第①步：上传姿势参考图",
      "bounding": [
        -8301,
        27,
        1358,
        743
      ]
    },
    {
      "color": "#3f789e",
      "font_size": 35,
      "flags": {},
      "id": 8,
      "title": "鼠标右键“保存图像”，上传到右边“加载图像”",
      "bounding": [
        -4422,
        -103,
        797,
        904
      ]
    },
    {
      "color": "#3f789e",
      "font_size": 45,
      "flags": {},
      "id": 9,
      "title": "换装效果",
      "bounding": [
        -2297,
        -272,
        1471,
        1077
      ]
    },
    {
      "color": "#3f789e",
      "font_size": 24,
      "flags": {},
      "id": 10,
      "title": "Group",
      "bounding": [
        -6002,
        1010,
        1379,
        1116
      ]
    },
    {
      "color": "#3f789e",
      "font_size": 24,
      "flags": {},
      "id": 11,
      "title": "根据需求描述头发，鞋子，袜子",
      "bounding": [
        -7324,
        1020,
        475,
        177
      ]
    },
    {
      "color": "#3f789e",
      "font_size": 24,
      "flags": {},
      "id": 12,
      "title": "建议不修改！！！",
      "bounding": [
        -8299,
        1021,
        481,
        177
      ]
    },
    {
      "color": "#3f789e",
      "font_size": 24,
      "flags": {},
      "id": 13,
      "title": "描述服装，这里是比基尼，可以不改",
      "bounding": [
        -7809,
        1022,
        475,
        177
      ]
    },
    {
      "color": "#3f789e",
      "font_size": 35,
      "flags": {},
      "id": 14,
      "title": "上传左边图像，鼠标右键选择“在遮罩编辑器中打开”，按照产品轮廓进行涂抹",
      "bounding": [
        -3615,
        -104,
        1276,
        908
      ]
    }
  ],
  "links": [
    [
      4,
      2,
      1,
      5,
      0,
      "CLIP"
    ],
    [
      13,
      10,
      0,
      12,
      0,
      "LATENT"
    ],
    [
      14,
      2,
      2,
      12,
      1,
      "VAE"
    ],
    [
      31,
      21,
      0,
      10,
      1,
      "CONDITIONING"
    ],
    [
      32,
      21,
      1,
      10,
      2,
      "CONDITIONING"
    ],
    [
      33,
      5,
      0,
      21,
      0,
      "CONDITIONING"
    ],
    [
      37,
      19,
      0,
      21,
      3,
      "IMAGE"
    ],
    [
      38,
      2,
      2,
      21,
      4,
      "VAE"
    ],
    [
      39,
      23,
      0,
      21,
      2,
      "CONTROL_NET"
    ],
    [
      41,
      24,
      0,
      25,
      0,
      "IMAGE"
    ],
    [
      42,
      26,
      0,
      10,
      3,
      "LATENT"
    ],
    [
      43,
      25,
      0,
      26,
      0,
      "INT"
    ],
    [
      48,
      25,
      1,
      26,
      1,
      "INT"
    ],
    [
      68,
      30,
      0,
      16,
      0,
      "IMAGE"
    ],
    [
      90,
      57,
      0,
      55,
      0,
      "CONDITIONING"
    ],
    [
      91,
      56,
      0,
      57,
      0,
      "CLIP"
    ],
    [
      92,
      56,
      0,
      58,
      0,
      "CLIP"
    ],
    [
      93,
      87,
      0,
      59,
      0,
      "MODEL"
    ],
    [
      94,
      80,
      0,
      61,
      0,
      "LATENT"
    ],
    [
      95,
      60,
      0,
      61,
      1,
      "VAE"
    ],
    [
      96,
      65,
      0,
      62,
      0,
      "IMAGE"
    ],
    [
      97,
      69,
      0,
      63,
      0,
      "STITCH"
    ],
    [
      98,
      61,
      0,
      63,
      1,
      "IMAGE"
    ],
    [
      100,
      64,
      0,
      65,
      0,
      "IMAGE"
    ],
    [
      101,
      67,
      0,
      65,
      1,
      "IMAGE"
    ],
    [
      103,
      70,
      1,
      67,
      1,
      "INT"
    ],
    [
      104,
      70,
      2,
      67,
      2,
      "INT"
    ],
    [
      106,
      75,
      0,
      69,
      0,
      "IMAGE"
    ],
    [
      107,
      77,
      0,
      69,
      1,
      "MASK"
    ],
    [
      108,
      62,
      0,
      69,
      2,
      "MASK"
    ],
    [
      113,
      72,
      1,
      74,
      1,
      "INT"
    ],
    [
      114,
      72,
      2,
      74,
      2,
      "INT"
    ],
    [
      115,
      72,
      0,
      75,
      0,
      "IMAGE"
    ],
    [
      116,
      70,
      0,
      75,
      1,
      "IMAGE"
    ],
    [
      117,
      74,
      0,
      76,
      0,
      "IMAGE"
    ],
    [
      119,
      76,
      0,
      77,
      0,
      "IMAGE"
    ],
    [
      120,
      62,
      0,
      78,
      0,
      "MASK"
    ],
    [
      122,
      59,
      0,
      80,
      0,
      "MODEL"
    ],
    [
      123,
      82,
      0,
      80,
      1,
      "CONDITIONING"
    ],
    [
      124,
      82,
      1,
      80,
      2,
      "CONDITIONING"
    ],
    [
      125,
      82,
      2,
      80,
      3,
      "LATENT"
    ],
    [
      127,
      84,
      0,
      82,
      0,
      "CONDITIONING"
    ],
    [
      128,
      58,
      0,
      82,
      1,
      "CONDITIONING"
    ],
    [
      129,
      60,
      0,
      82,
      2,
      "VAE"
    ],
    [
      130,
      69,
      1,
      82,
      3,
      "IMAGE"
    ],
    [
      131,
      69,
      2,
      82,
      4,
      "MASK"
    ],
    [
      132,
      89,
      0,
      83,
      0,
      "CLIP_VISION"
    ],
    [
      133,
      68,
      0,
      83,
      1,
      "IMAGE"
    ],
    [
      134,
      55,
      0,
      84,
      0,
      "CONDITIONING"
    ],
    [
      135,
      88,
      0,
      84,
      1,
      "STYLE_MODEL"
    ],
    [
      136,
      83,
      0,
      84,
      2,
      "CLIP_VISION_OUTPUT"
    ],
    [
      151,
      63,
      0,
      94,
      0,
      "IMAGE"
    ],
    [
      152,
      95,
      0,
      96,
      0,
      "IMAGE"
    ],
    [
      239,
      151,
      0,
      152,
      2,
      "IMAGE"
    ],
    [
      240,
      150,
      0,
      152,
      1,
      "IMAGE"
    ],
    [
      241,
      149,
      0,
      152,
      0,
      "IMAGE"
    ],
    [
      242,
      152,
      0,
      19,
      0,
      "IMAGE"
    ],
    [
      243,
      152,
      0,
      24,
      0,
      "IMAGE"
    ],
    [
      245,
      154,
      0,
      156,
      0,
      "STRING"
    ],
    [
      246,
      155,
      0,
      156,
      1,
      "STRING"
    ],
    [
      247,
      156,
      0,
      5,
      1,
      "STRING"
    ],
    [
      250,
      30,
      0,
      158,
      0,
      "IMAGE"
    ],
    [
      251,
      159,
      0,
      158,
      1,
      "IMAGE"
    ],
    [
      252,
      160,
      0,
      158,
      2,
      "IMAGE"
    ],
    [
      264,
      70,
      0,
      168,
      0,
      "IMAGE"
    ],
    [
      265,
      158,
      0,
      68,
      0,
      "IMAGE"
    ],
    [
      267,
      158,
      0,
      72,
      0,
      "IMAGE"
    ],
    [
      271,
      71,
      0,
      76,
      1,
      "IMAGE"
    ],
    [
      282,
      2,
      1,
      179,
      0,
      "CLIP"
    ],
    [
      286,
      76,
      0,
      181,
      0,
      "IMAGE"
    ],
    [
      287,
      179,
      0,
      21,
      1,
      "CONDITIONING"
    ],
    [
      293,
      187,
      0,
      156,
      2,
      "STRING"
    ],
    [
      306,
      192,
      0,
      194,
      0,
      "IMAGE"
    ],
    [
      307,
      192,
      1,
      195,
      0,
      "IMAGE"
    ],
    [
      319,
      2,
      0,
      10,
      0,
      "MODEL"
    ],
    [
      323,
      94,
      0,
      95,
      0,
      "IMAGE"
    ],
    [
      325,
      95,
      1,
      182,
      0,
      "IMAGE"
    ],
    [
      326,
      192,
      2,
      202,
      0,
      "IMAGE"
    ],
    [
      327,
      95,
      1,
      193,
      0,
      "IMAGE"
    ],
    [
      328,
      193,
      0,
      192,
      0,
      "IMAGE"
    ],
    [
      329,
      203,
      1,
      71,
      0,
      "MASK"
    ],
    [
      330,
      203,
      0,
      70,
      0,
      "IMAGE"
    ],
    [
      331,
      12,
      0,
      204,
      0,
      "IMAGE"
    ],
    [
      332,
      68,
      0,
      206,
      0,
      "IMAGE"
    ],
    [
      333,
      206,
      1,
      64,
      0,
      "MASK"
    ],
    [
      334,
      95,
      1,
      208,
      0,
      "IMAGE"
    ]
  ],
  "id": "7ed2f82b-82e5-4ff8-a3ed-055aabf865cc",
  "config": {},
  "version": 0.4,
  "last_node_id": 208,
  "revision": 0
}