{
  "last_link_id": 33,
  "nodes": [
    {
      "mode": 0,
      "outputs": [
        {
          "name": "Filenames",
          "label": "文件名",
          "type": "VHS_FILENAMES",
          "localized_name": "Filenames"
        }
      ],
      "size": [
        942.6622314453125,
        1964.2884521484375
      ],
      "pos": [
        5041.236328125,
        920.2825317382812
      ],
      "widgets_values": {
        "save_output": true,
        "filename_prefix": "WanVideoWrapperV2V",
        "loop_count": 0,
        "pix_fmt": "yuv420p",
        "save_metadata": true,
        "crf": 19,
        "videopreview": {
          "paused": false,
          "hidden": false,
          "params": {
            "filename": "WanVideoWrapperV2V_00007_fpxse_1743599056.mp4",
            "workflow": "WanVideoWrapperV2V_00009.png",
            "fullpath": "E:\\ComfyUI-aki-e1205\\output\\WanVideoWrapperV2V_00009.mp4",
            "format": "video/h264-mp4",
            "subfolder": "",
            "type": "output",
            "frame_rate": 16
          }
        },
        "format": "video/h264-mp4",
        "frame_rate": 16,
        "pingpong": false
      },
      "inputs": [
        {
          "name": "images",
          "link": 21,
          "label": "图像",
          "type": "IMAGE",
          "localized_name": "images"
        },
        {
          "shape": 7,
          "name": "audio",
          "label": "音频",
          "type": "AUDIO",
          "localized_name": "audio"
        },
        {
          "shape": 7,
          "name": "meta_batch",
          "label": "批次管理",
          "type": "VHS_BatchManager",
          "localized_name": "meta_batch"
        },
        {
          "shape": 7,
          "name": "vae",
          "label": "vae",
          "type": "VAE",
          "localized_name": "vae"
        }
      ],
      "flags": {},
      "id": 17,
      "type": "VHS_VideoCombine",
      "properties": {
        "Node name for S&R": "VHS_VideoCombine"
      },
      "order": 12
    },
    {
      "mode": 0,
      "outputs": [
        {
          "name": "Filenames",
          "label": "文件名",
          "type": "VHS_FILENAMES",
          "localized_name": "Filenames"
        }
      ],
      "size": [
        942.6622314453125,
        1923.28125
      ],
      "pos": [
        4043.66796875,
        928.7504272460938
      ],
      "widgets_values": {
        "save_output": true,
        "filename_prefix": "WanVideoWrapperV2V",
        "loop_count": 0,
        "pix_fmt": "yuv420p",
        "save_metadata": true,
        "crf": 19,
        "videopreview": {
          "paused": false,
          "hidden": false,
          "params": {
            "filename": "WanVideoWrapperV2V_00008_hsgxn_1743599143.mp4",
            "workflow": "WanVideoWrapperV2V_00010.png",
            "fullpath": "E:\\ComfyUI-aki-e1205\\output\\WanVideoWrapperV2V_00010.mp4",
            "format": "video/h264-mp4",
            "subfolder": "",
            "type": "output",
            "frame_rate": 16
          }
        },
        "format": "video/h264-mp4",
        "frame_rate": 16,
        "pingpong": false
      },
      "inputs": [
        {
          "name": "images",
          "link": 4,
          "label": "图像",
          "type": "IMAGE",
          "localized_name": "images"
        },
        {
          "shape": 7,
          "name": "audio",
          "label": "音频",
          "type": "AUDIO",
          "localized_name": "audio"
        },
        {
          "shape": 7,
          "name": "meta_batch",
          "label": "批次管理",
          "type": "VHS_BatchManager",
          "localized_name": "meta_batch"
        },
        {
          "shape": 7,
          "name": "vae",
          "label": "vae",
          "type": "VAE",
          "localized_name": "vae"
        }
      ],
      "flags": {},
      "id": 9,
      "type": "VHS_VideoCombine",
      "properties": {
        "Node name for S&R": "VHS_VideoCombine"
      },
      "order": 17
    },
    {
      "mode": 0,
      "outputs": [
        {
          "name": "vae",
          "slot_index": 0,
          "links": [
            5,
            11
          ],
          "label": "vae",
          "type": "WANVAE",
          "localized_name": "vae"
        }
      ],
      "size": [
        373.55645751953125,
        82
      ],
      "pos": [
        2122.5244140625,
        1266.979736328125
      ],
      "widgets_values": [
        "Wan2_1_VAE_bf16.safetensors",
        "bf16"
      ],
      "inputs": [],
      "flags": {},
      "id": 2,
      "type": "WanVideoVAELoader",
      "properties": {
        "Node name for S&R": "WanVideoVAELoader"
      },
      "order": 0
    },
    {
      "mode": 0,
      "outputs": [
        {
          "name": "torch_compile_args",
          "slot_index": 0,
          "links": [
            2
          ],
          "label": "torch_compile_args",
          "type": "WANCOMPILEARGS",
          "localized_name": "torch_compile_args"
        }
      ],
      "size": [
        390.5999755859375,
        202
      ],
      "pos": [
        2100.546630859375,
        763.8309326171875
      ],
      "widgets_values": [
        "inductor",
        false,
        "default",
        false,
        64,
        true,
        128
      ],
      "inputs": [],
      "flags": {
        "collapsed": false
      },
      "id": 5,
      "type": "WanVideoTorchCompileSettings",
      "properties": {
        "Node name for S&R": "WanVideoTorchCompileSettings"
      },
      "order": 1
    },
    {
      "mode": 0,
      "outputs": [
        {
          "name": "wan_t5_model",
          "slot_index": 0,
          "links": [
            14
          ],
          "label": "wan_t5_model",
          "type": "WANTEXTENCODER",
          "localized_name": "wan_t5_model"
        }
      ],
      "size": [
        377.1661376953125,
        130
      ],
      "pos": [
        2118.478759765625,
        1062.504638671875
      ],
      "widgets_values": [
        "umt5-xxl-enc-bf16.safetensors",
        "bf16",
        "offload_device",
        "disabled"
      ],
      "inputs": [],
      "flags": {},
      "id": 7,
      "type": "LoadWanVideoT5TextEncoder",
      "properties": {
        "Node name for S&R": "LoadWanVideoT5TextEncoder"
      },
      "order": 2
    },
    {
      "outputs": [
        {
          "shape": 3,
          "name": "STRING",
          "slot_index": 0,
          "links": [
            33
          ],
          "label": "字符串",
          "type": "STRING",
          "localized_name": "字符串"
        }
      ],
      "color": "#232",
      "widgets_values": [
        "一个美女跳舞",
        [
          false,
          true
        ]
      ],
      "inputs": [],
      "flags": {},
      "type": "TextInput_",
      "mode": 0,
      "bgcolor": "#353",
      "size": [
        413.9216003417969,
        283.0018310546875
      ],
      "pos": [
        1305.6513671875,
        781.8076782226562
      ],
      "id": 22,
      "properties": {
        "Node name for S&R": "TextInput_"
      },
      "order": 3
    },
    {
      "mode": 0,
      "outputs": [
        {
          "name": "IMAGE",
          "slot_index": 0,
          "links": [
            32
          ],
          "label": "图像",
          "type": "IMAGE",
          "localized_name": "图像"
        },
        {
          "name": "width",
          "links": [],
          "label": "宽度",
          "type": "INT",
          "localized_name": "width"
        },
        {
          "name": "height",
          "links": [],
          "label": "高度",
          "type": "INT",
          "localized_name": "height"
        }
      ],
      "size": [
        315,
        286
      ],
      "pos": [
        1776.934326171875,
        2138.41162109375
      ],
      "widgets_values": [
        480,
        720,
        "lanczos",
        false,
        2,
        0,
        0,
        "center"
      ],
      "inputs": [
        {
          "name": "image",
          "link": 28,
          "label": "图像",
          "type": "IMAGE",
          "localized_name": "image"
        },
        {
          "shape": 7,
          "name": "get_image_size",
          "label": "参考图像",
          "type": "IMAGE",
          "localized_name": "get_image_size"
        },
        {
          "widget": {
            "name": "width_input"
          },
          "shape": 7,
          "name": "width_input",
          "label": "宽度",
          "type": "INT"
        },
        {
          "widget": {
            "name": "height_input"
          },
          "shape": 7,
          "name": "height_input",
          "label": "高度",
          "type": "INT"
        }
      ],
      "flags": {},
      "id": 21,
      "type": "ImageResizeKJ",
      "properties": {
        "cnr_id": "comfyui-kjnodes",
        "ver": "0addfc6101f7a834c7fb6e0a1b26529360ab5350",
        "Node name for S&R": "ImageResizeKJ"
      },
      "order": 10
    },
    {
      "mode": 0,
      "outputs": [
        {
          "name": "model",
          "slot_index": 0,
          "links": [
            7
          ],
          "label": "model",
          "type": "WANVIDEOMODEL",
          "localized_name": "model"
        }
      ],
      "size": [
        477.4410095214844,
        226.43276977539062
      ],
      "pos": [
        2551.15380859375,
        758.9962768554688
      ],
      "widgets_values": [
        "VACE-Wan2.1-1.3B-Preview.safetensors",
        "fp16",
        "disabled",
        "offload_device",
        "sageattn"
      ],
      "inputs": [
        {
          "shape": 7,
          "name": "compile_args",
          "link": 2,
          "label": "compile_args",
          "type": "WANCOMPILEARGS",
          "localized_name": "compile_args"
        },
        {
          "shape": 7,
          "name": "block_swap_args",
          "label": "block_swap_args",
          "type": "BLOCKSWAPARGS",
          "localized_name": "block_swap_args"
        },
        {
          "shape": 7,
          "name": "lora",
          "label": "lora",
          "type": "WANVIDLORA",
          "localized_name": "lora"
        },
        {
          "shape": 7,
          "name": "vram_management_args",
          "label": "vram_management_args",
          "type": "VRAM_MANAGEMENTARGS",
          "localized_name": "vram_management_args"
        }
      ],
      "flags": {
        "collapsed": false
      },
      "id": 4,
      "type": "WanVideoModelLoader",
      "properties": {
        "Node name for S&R": "WanVideoModelLoader"
      },
      "order": 8
    },
    {
      "mode": 0,
      "outputs": [
        {
          "name": "teacache_args",
          "slot_index": 0,
          "links": [
            10
          ],
          "label": "teacache_args",
          "type": "TEACACHEARGS",
          "localized_name": "teacache_args"
        }
      ],
      "size": [
        315,
        178
      ],
      "pos": [
        3284.359375,
        696.6049194335938
      ],
      "widgets_values": [
        0.25,
        1,
        -1,
        "offload_device",
        "true",
        "e"
      ],
      "inputs": [],
      "flags": {
        "collapsed": false
      },
      "id": 6,
      "type": "WanVideoTeaCache",
      "properties": {
        "Node name for S&R": "WanVideoTeaCache"
      },
      "order": 4
    },
    {
      "outputs": [],
      "color": "#432",
      "widgets_values": [
        "横竖屏视频：调整宽高 "
      ],
      "inputs": [],
      "flags": {},
      "type": "Note",
      "mode": 0,
      "bgcolor": "#653",
      "size": [
        210,
        88
      ],
      "pos": [
        2092.87646484375,
        1609.8861083984375
      ],
      "id": 23,
      "properties": {},
      "order": 5
    },
    {
      "mode": 0,
      "outputs": [
        {
          "name": "IMAGE",
          "slot_index": 0,
          "links": [],
          "label": "图像",
          "type": "IMAGE",
          "localized_name": "图像"
        },
        {
          "name": "width",
          "links": [
            25
          ],
          "label": "宽度",
          "type": "INT",
          "localized_name": "width"
        },
        {
          "name": "height",
          "links": [
            26
          ],
          "label": "高度",
          "type": "INT",
          "localized_name": "height"
        }
      ],
      "size": [
        315,
        286
      ],
      "pos": [
        1752.0865478515625,
        1333.1458740234375
      ],
      "widgets_values": [
        480,
        832,
        "lanczos",
        false,
        2,
        0,
        0,
        "center"
      ],
      "inputs": [
        {
          "name": "image",
          "link": 24,
          "label": "图像",
          "type": "IMAGE",
          "localized_name": "image"
        },
        {
          "shape": 7,
          "name": "get_image_size",
          "label": "参考图像",
          "type": "IMAGE",
          "localized_name": "get_image_size"
        },
        {
          "widget": {
            "name": "width_input"
          },
          "shape": 7,
          "name": "width_input",
          "label": "宽度",
          "type": "INT"
        },
        {
          "widget": {
            "name": "height_input"
          },
          "shape": 7,
          "name": "height_input",
          "label": "高度",
          "type": "INT"
        }
      ],
      "flags": {},
      "id": 19,
      "type": "ImageResizeKJ",
      "properties": {
        "cnr_id": "comfyui-kjnodes",
        "ver": "0addfc6101f7a834c7fb6e0a1b26529360ab5350",
        "Node name for S&R": "ImageResizeKJ"
      },
      "order": 13
    },
    {
      "mode": 0,
      "outputs": [
        {
          "name": "IMAGE",
          "slot_index": 0,
          "links": [
            16
          ],
          "label": "图像",
          "type": "IMAGE",
          "localized_name": "图像"
        }
      ],
      "size": [
        315,
        82
      ],
      "pos": [
        2123.3193359375,
        1408.9688720703125
      ],
      "widgets_values": [
        "DWPreprocessor",
        512
      ],
      "inputs": [
        {
          "name": "image",
          "link": 15,
          "label": "图像",
          "type": "IMAGE",
          "localized_name": "image"
        }
      ],
      "flags": {},
      "id": 3,
      "type": "AIO_Preprocessor",
      "properties": {
        "Node name for S&R": "AIO_Preprocessor"
      },
      "order": 11
    },
    {
      "outputs": [
        {
          "name": "IMAGE",
          "links": [
            28
          ],
          "label": "图像",
          "type": "IMAGE",
          "localized_name": "图像"
        },
        {
          "name": "MASK",
          "label": "遮罩",
          "type": "MASK",
          "localized_name": "遮罩"
        }
      ],
      "color": "#232",
      "widgets_values": [
        "4fe952ec30829f9e2771acdb61e65d04326c91a5aae6b8d6a14328ac2888539d.png",
        "image",
        ""
      ],
      "inputs": [],
      "flags": {},
      "type": "LoadImage",
      "mode": 0,
      "bgcolor": "#353",
      "size": [
        354.4252624511719,
        508.4072570800781
      ],
      "pos": [
        1358.9674072265625,
        2170.626953125
      ],
      "id": 20,
      "properties": {
        "Node name for S&R": "LoadImage"
      },
      "order": 6
    },
    {
      "mode": 0,
      "outputs": [
        {
          "name": "text_embeds",
          "slot_index": 0,
          "links": [
            8
          ],
          "label": "text_embeds",
          "type": "WANVIDEOTEXTEMBEDS",
          "localized_name": "text_embeds"
        }
      ],
      "size": [
        420.30511474609375,
        261.5306701660156
      ],
      "pos": [
        2594.106689453125,
        1039.0660400390625
      ],
      "widgets_values": [
        "美女跳舞\n",
        "色调艳丽，过曝，静态，细节模糊不清，字幕，风格，作品，画作，画面，静止，整体发灰，最差质量，低质量，JPEG压缩残留，丑陋的，残缺的，多余的手指，画得不好的手部，画得不好的脸部，畸形的，毁容的，形态畸形的肢体，手指融合，静止不动的画面，杂乱的背景，三条腿，背景人很多，倒着走",
        true,
        [
          false,
          true
        ],
        [
          false,
          true
        ]
      ],
      "inputs": [
        {
          "name": "t5",
          "link": 14,
          "label": "t5",
          "type": "WANTEXTENCODER",
          "localized_name": "t5"
        },
        {
          "shape": 7,
          "name": "model_to_offload",
          "label": "model_to_offload",
          "type": "WANVIDEOMODEL",
          "localized_name": "model_to_offload"
        },
        {
          "widget": {
            "name": "positive_prompt"
          },
          "name": "positive_prompt",
          "link": 33,
          "label": "positive_prompt",
          "type": "STRING"
        }
      ],
      "flags": {},
      "id": 13,
      "type": "WanVideoTextEncode",
      "properties": {
        "Node name for S&R": "WanVideoTextEncode"
      },
      "order": 9
    },
    {
      "mode": 0,
      "outputs": [
        {
          "name": "vace_embeds",
          "links": [
            9
          ],
          "label": "vace_embeds",
          "type": "WANVIDIMAGE_EMBEDS",
          "localized_name": "vace_embeds"
        }
      ],
      "size": [
        315,
        190
      ],
      "pos": [
        2688.60205078125,
        1366.447265625
      ],
      "widgets_values": [
        832,
        480,
        33,
        1
      ],
      "inputs": [
        {
          "name": "vae",
          "link": 11,
          "label": "vae",
          "type": "WANVAE",
          "localized_name": "vae"
        },
        {
          "shape": 7,
          "name": "input_frames",
          "link": 16,
          "label": "input_frames",
          "type": "IMAGE",
          "localized_name": "input_frames"
        },
        {
          "shape": 7,
          "name": "ref_images",
          "link": 32,
          "label": "ref_images",
          "type": "IMAGE",
          "localized_name": "ref_images"
        },
        {
          "shape": 7,
          "name": "input_masks",
          "label": "input_masks",
          "type": "MASK",
          "localized_name": "input_masks"
        },
        {
          "widget": {
            "name": "num_frames"
          },
          "name": "num_frames",
          "link": 23,
          "label": "num_frames",
          "type": "INT"
        },
        {
          "widget": {
            "name": "width"
          },
          "name": "width",
          "link": 25,
          "label": "width",
          "type": "INT"
        },
        {
          "widget": {
            "name": "height"
          },
          "name": "height",
          "link": 26,
          "label": "height",
          "type": "INT"
        }
      ],
      "flags": {},
      "id": 12,
      "type": "WanVideoVACEEncode",
      "properties": {
        "Node name for S&R": "WanVideoVACEEncode"
      },
      "order": 14
    },
    {
      "mode": 0,
      "outputs": [
        {
          "name": "images",
          "slot_index": 0,
          "links": [
            4
          ],
          "label": "images",
          "type": "IMAGE",
          "localized_name": "images"
        }
      ],
      "size": [
        315,
        174
      ],
      "pos": [
        3674.424072265625,
        937.3631591796875
      ],
      "widgets_values": [
        true,
        272,
        272,
        144,
        128
      ],
      "inputs": [
        {
          "name": "vae",
          "link": 5,
          "label": "vae",
          "type": "WANVAE",
          "localized_name": "vae"
        },
        {
          "name": "samples",
          "link": 6,
          "label": "samples",
          "type": "LATENT",
          "localized_name": "samples"
        }
      ],
      "flags": {},
      "id": 10,
      "type": "WanVideoDecode",
      "properties": {
        "Node name for S&R": "WanVideoDecode"
      },
      "order": 16
    },
    {
      "mode": 0,
      "outputs": [
        {
          "name": "IMAGE",
          "slot_index": 0,
          "links": [
            15,
            21,
            24
          ],
          "label": "图像",
          "type": "IMAGE",
          "localized_name": "图像"
        },
        {
          "name": "frame_count",
          "slot_index": 1,
          "links": [
            23
          ],
          "label": "帧计数",
          "type": "INT",
          "localized_name": "frame_count"
        },
        {
          "name": "audio",
          "label": "音频",
          "type": "AUDIO",
          "localized_name": "audio"
        },
        {
          "name": "video_info",
          "slot_index": 3,
          "links": [],
          "label": "视频信息",
          "type": "VHS_VIDEOINFO",
          "localized_name": "video_info"
        }
      ],
      "size": [
        253.279296875,
        690.71875
      ],
      "pos": [
        1369.310791015625,
        1237.0675048828125
      ],
      "widgets_values": {
        "custom_height": 0,
        "force_rate": 0,
        "custom_width": 0,
        "select_every_nth": 1,
        "frame_load_cap": 33,
        "videopreview": {
          "paused": false,
          "hidden": false,
          "params": {
            "custom_height": 0,
            "filename": "525ea3bc0c8f036aba7f41ffb2624d57a86d9fc96e442a520cc023b186d65f9a.MP4",
            "force_rate": 0,
            "custom_width": 0,
            "select_every_nth": 1,
            "frame_load_cap": 33,
            "format": "video/MP4",
            "skip_first_frames": 0,
            "type": "input"
          }
        },
        "video": "525ea3bc0c8f036aba7f41ffb2624d57a86d9fc96e442a520cc023b186d65f9a.MP4",
        "skip_first_frames": 0,
        "force_size": "Disabled",
        "choose video to upload": "image"
      },
      "inputs": [
        {
          "shape": 7,
          "name": "meta_batch",
          "label": "批次管理",
          "type": "VHS_BatchManager",
          "localized_name": "meta_batch"
        },
        {
          "shape": 7,
          "name": "vae",
          "label": "vae",
          "type": "VAE",
          "localized_name": "vae"
        }
      ],
      "flags": {},
      "id": 14,
      "type": "VHS_LoadVideo",
      "properties": {
        "Node name for S&R": "VHS_LoadVideo"
      },
      "order": 7
    },
    {
      "mode": 0,
      "outputs": [
        {
          "name": "samples",
          "slot_index": 0,
          "links": [
            6
          ],
          "label": "samples",
          "type": "LATENT",
          "localized_name": "samples"
        }
      ],
      "size": [
        315,
        710
      ],
      "pos": [
        3287.84521484375,
        924.8310546875
      ],
      "widgets_values": [
        20,
        6.000000000000001,
        5.000000000000001,
        1057359483639288,
        "fixed",
        true,
        "dpm++",
        0,
        1,
        "",
        "comfy"
      ],
      "inputs": [
        {
          "name": "model",
          "link": 7,
          "label": "model",
          "type": "WANVIDEOMODEL",
          "localized_name": "model"
        },
        {
          "name": "text_embeds",
          "link": 8,
          "label": "text_embeds",
          "type": "WANVIDEOTEXTEMBEDS",
          "localized_name": "text_embeds"
        },
        {
          "name": "image_embeds",
          "link": 9,
          "label": "image_embeds",
          "type": "WANVIDIMAGE_EMBEDS",
          "localized_name": "image_embeds"
        },
        {
          "shape": 7,
          "name": "samples",
          "label": "samples",
          "type": "LATENT",
          "localized_name": "samples"
        },
        {
          "shape": 7,
          "name": "feta_args",
          "label": "feta_args",
          "type": "FETAARGS",
          "localized_name": "feta_args"
        },
        {
          "shape": 7,
          "name": "context_options",
          "label": "context_options",
          "type": "WANVIDCONTEXT",
          "localized_name": "context_options"
        },
        {
          "shape": 7,
          "name": "teacache_args",
          "link": 10,
          "label": "teacache_args",
          "type": "TEACACHEARGS",
          "localized_name": "teacache_args"
        },
        {
          "shape": 7,
          "name": "flowedit_args",
          "label": "flowedit_args",
          "type": "FLOWEDITARGS",
          "localized_name": "flowedit_args"
        },
        {
          "shape": 7,
          "name": "slg_args",
          "label": "slg_args",
          "type": "SLGARGS",
          "localized_name": "slg_args"
        },
        {
          "shape": 7,
          "name": "loop_args",
          "label": "loop_args",
          "type": "LOOPARGS",
          "localized_name": "loop_args"
        },
        {
          "shape": 7,
          "name": "experimental_args",
          "label": "experimental_args",
          "type": "EXPERIMENTALARGS",
          "localized_name": "experimental_args"
        }
      ],
      "flags": {},
      "id": 11,
      "type": "WanVideoSampler",
      "properties": {
        "Node name for S&R": "WanVideoSampler"
      },
      "order": 15
    }
  ],
  "extra": {
    "ue_links": [],
    "0246.VERSION": [
      0,
      0,
      4
    ],
    "ds": {
      "offset": [
        3161.97358623533,
        646.8962020744109
      ],
      "scale": 0.1
    }
  },
  "groups": [
    {
      "color": "#3f789e",
      "font_size": 24,
      "flags": {},
      "id": 1,
      "title": "视频上传",
      "bounding": [
        1293.3673095703125,
        1133.1273193359375,
        410.2462463378906,
        858.2302856445312
      ]
    },
    {
      "color": "#3f789e",
      "font_size": 100,
      "flags": {},
      "id": 4,
      "title": "VACE01 动作迁移   UP楚门的AI世界",
      "bounding": [
        1301.1715087890625,
        497.2679748535156,
        1713.12353515625,
        125.87152862548828
      ]
    },
    {
      "color": "#3f789e",
      "font_size": 24,
      "flags": {},
      "id": 5,
      "title": "参考图",
      "bounding": [
        1324.066650390625,
        2076.183837890625,
        445.37579345703125,
        654.1278686523438
      ]
    },
    {
      "color": "#3f789e",
      "font_size": 24,
      "flags": {},
      "id": 6,
      "title": "提示词",
      "bounding": [
        1295.6513671875,
        708.2077026367188,
        431.1800231933594,
        382.5033874511719
      ]
    }
  ],
  "links": [
    [
      2,
      5,
      0,
      4,
      0,
      "WANCOMPILEARGS"
    ],
    [
      4,
      10,
      0,
      9,
      0,
      "IMAGE"
    ],
    [
      5,
      2,
      0,
      10,
      0,
      "WANVAE"
    ],
    [
      6,
      11,
      0,
      10,
      1,
      "LATENT"
    ],
    [
      7,
      4,
      0,
      11,
      0,
      "WANVIDEOMODEL"
    ],
    [
      8,
      13,
      0,
      11,
      1,
      "WANVIDEOTEXTEMBEDS"
    ],
    [
      9,
      12,
      0,
      11,
      2,
      "WANVIDIMAGE_EMBEDS"
    ],
    [
      10,
      6,
      0,
      11,
      6,
      "TEACACHEARGS"
    ],
    [
      11,
      2,
      0,
      12,
      0,
      "WANVAE"
    ],
    [
      14,
      7,
      0,
      13,
      0,
      "WANTEXTENCODER"
    ],
    [
      15,
      14,
      0,
      3,
      0,
      "IMAGE"
    ],
    [
      16,
      3,
      0,
      12,
      1,
      "IMAGE"
    ],
    [
      21,
      14,
      0,
      17,
      0,
      "IMAGE"
    ],
    [
      23,
      14,
      1,
      12,
      4,
      "INT"
    ],
    [
      24,
      14,
      0,
      19,
      0,
      "IMAGE"
    ],
    [
      25,
      19,
      1,
      12,
      5,
      "INT"
    ],
    [
      26,
      19,
      2,
      12,
      6,
      "INT"
    ],
    [
      28,
      20,
      0,
      21,
      0,
      "IMAGE"
    ],
    [
      32,
      21,
      0,
      12,
      2,
      "IMAGE"
    ],
    [
      33,
      22,
      0,
      13,
      2,
      "STRING"
    ]
  ],
  "id": "7f33904b-c44c-4877-a62f-9fae66f81dfe",
  "config": {},
  "version": 0.4,
  "last_node_id": 23,
  "revision": 0
}