{
  "last_link_id": 472,
  "nodes": [
    {
      "mode": 0,
      "outputs": [],
      "size": [
        230.38951110839844,
        312.22418212890625
      ],
      "pos": [
        344.9778137207031,
        1056.88330078125
      ],
      "widgets_values": [
        ""
      ],
      "inputs": [
        {
          "name": "images",
          "link": 342,
          "label": "images",
          "type": "IMAGE",
          "localized_name": "images"
        }
      ],
      "flags": {
        "pinned": true
      },
      "id": 232,
      "type": "PreviewImage",
      "properties": {
        "Node name for S&R": "PreviewImage"
      },
      "order": 18
    },
    {
      "mode": 0,
      "outputs": [
        {
          "shape": 3,
          "name": "image",
          "slot_index": 0,
          "links": [
            342
          ],
          "label": "image",
          "type": "IMAGE",
          "localized_name": "image"
        },
        {
          "shape": 3,
          "name": "mask",
          "slot_index": 1,
          "links": [
            343
          ],
          "label": "mask",
          "type": "MASK",
          "localized_name": "mask"
        },
        {
          "shape": 3,
          "name": "caption",
          "label": "caption",
          "type": "STRING",
          "localized_name": "caption"
        },
        {
          "shape": 3,
          "name": "data",
          "label": "data",
          "type": "JSON",
          "localized_name": "data"
        }
      ],
      "size": [
        400,
        364
      ],
      "pos": [
        -115.02196502685547,
        1266.88330078125
      ],
      "widgets_values": [
        "head",
        "caption_to_phrase_grounding",
        true,
        false,
        1024,
        3,
        true,
        "",
        374141333135024,
        "fixed",
        [
          false,
          true
        ]
      ],
      "inputs": [
        {
          "name": "image",
          "link": 348,
          "label": "image",
          "type": "IMAGE",
          "localized_name": "image"
        },
        {
          "name": "florence2_model",
          "link": 347,
          "label": "florence2_model",
          "type": "FL2MODEL",
          "localized_name": "florence2_model"
        }
      ],
      "flags": {
        "pinned": true
      },
      "id": 237,
      "type": "Florence2Run",
      "properties": {
        "Node name for S&R": "Florence2Run"
      },
      "order": 13
    },
    {
      "mode": 0,
      "outputs": [
        {
          "shape": 6,
          "name": "IMAGE",
          "slot_index": 0,
          "links": [
            345,
            350
          ],
          "label": "IMAGE",
          "type": "IMAGE",
          "localized_name": "IMAGE"
        }
      ],
      "size": [
        228.31101989746094,
        314
      ],
      "pos": [
        602.489013671875,
        1046.441650390625
      ],
      "widgets_values": [
        false,
        1,
        ""
      ],
      "inputs": [
        {
          "name": "segs",
          "link": 344,
          "label": "segs",
          "type": "SEGS",
          "localized_name": "segs"
        },
        {
          "shape": 7,
          "name": "fallback_image_opt",
          "link": 349,
          "label": "fallback_image_opt",
          "type": "IMAGE",
          "localized_name": "fallback_image_opt"
        }
      ],
      "flags": {
        "pinned": true
      },
      "id": 234,
      "type": "SEGSPreview",
      "properties": {
        "Node name for S&R": "SEGSPreview"
      },
      "order": 22
    },
    {
      "mode": 0,
      "outputs": [],
      "size": [
        228.0189971923828,
        312.3359680175781
      ],
      "pos": [
        889,
        1031
      ],
      "widgets_values": [
        ""
      ],
      "inputs": [
        {
          "name": "images",
          "link": 345,
          "label": "images",
          "type": "IMAGE",
          "localized_name": "images"
        }
      ],
      "flags": {
        "pinned": true
      },
      "id": 235,
      "type": "PreviewImage",
      "properties": {
        "Node name for S&R": "PreviewImage"
      },
      "order": 25
    },
    {
      "mode": 0,
      "outputs": [
        {
          "shape": 3,
          "name": "SEGS",
          "slot_index": 0,
          "links": [
            344
          ],
          "label": "SEGS",
          "type": "SEGS",
          "localized_name": "SEGS"
        }
      ],
      "size": [
        315,
        154
      ],
      "pos": [
        312.4436950683594,
        1436.6104736328125
      ],
      "widgets_values": [
        false,
        1.2000000000000002,
        false,
        100,
        false
      ],
      "inputs": [
        {
          "name": "mask",
          "link": 343,
          "label": "mask",
          "type": "MASK",
          "localized_name": "mask"
        }
      ],
      "flags": {
        "pinned": true
      },
      "id": 233,
      "type": "MaskToSEGS",
      "properties": {
        "Node name for S&R": "MaskToSEGS"
      },
      "order": 19
    },
    {
      "mode": 0,
      "outputs": [
        {
          "shape": 3,
          "name": "florence2_model",
          "slot_index": 0,
          "links": [
            347
          ],
          "label": "florence2_model",
          "type": "FL2MODEL",
          "localized_name": "florence2_model"
        }
      ],
      "size": [
        315,
        106
      ],
      "pos": [
        -115.4935531616211,
        1083.0845947265625
      ],
      "widgets_values": [
        "CogFlorence-2.2-Large",
        "fp16",
        "sdpa"
      ],
      "inputs": [
        {
          "shape": 7,
          "name": "lora",
          "label": "lora",
          "type": "PEFTLORA",
          "localized_name": "lora"
        }
      ],
      "flags": {
        "pinned": true
      },
      "id": 236,
      "type": "Florence2ModelLoader",
      "properties": {
        "Node name for S&R": "Florence2ModelLoader"
      },
      "order": 0
    },
    {
      "mode": 0,
      "outputs": [
        {
          "shape": 3,
          "name": "PULIDFLUX",
          "slot_index": 0,
          "links": [
            326
          ],
          "label": "PULIDFLUX",
          "type": "PULIDFLUX",
          "localized_name": "PULIDFLUX"
        }
      ],
      "size": [
        360,
        60
      ],
      "pos": [
        -115.45047760009766,
        1742.601318359375
      ],
      "widgets_values": [
        "pulid_flux_v0.9.0.safetensors"
      ],
      "inputs": [],
      "flags": {
        "pinned": true
      },
      "id": 223,
      "type": "PulidFluxModelLoader",
      "properties": {
        "Node name for S&R": "PulidFluxModelLoader"
      },
      "order": 1
    },
    {
      "mode": 0,
      "outputs": [
        {
          "shape": 3,
          "name": "EVA_CLIP",
          "slot_index": 0,
          "links": [
            327
          ],
          "label": "EVA_CLIP",
          "type": "EVA_CLIP",
          "localized_name": "EVA_CLIP"
        }
      ],
      "size": [
        360,
        30
      ],
      "pos": [
        -101.5128402709961,
        1858.176513671875
      ],
      "widgets_values": [],
      "inputs": [],
      "flags": {
        "pinned": true
      },
      "id": 224,
      "type": "PulidFluxEvaClipLoader",
      "properties": {
        "Node name for S&R": "PulidFluxEvaClipLoader"
      },
      "order": 2
    },
    {
      "mode": 0,
      "outputs": [
        {
          "shape": 3,
          "name": "FACEANALYSIS",
          "slot_index": 0,
          "links": [
            328
          ],
          "label": "FACEANALYSIS",
          "type": "FACEANALYSIS",
          "localized_name": "FACEANALYSIS"
        }
      ],
      "size": [
        360,
        60
      ],
      "pos": [
        -111.26917266845703,
        1984.170654296875
      ],
      "widgets_values": [
        "CUDA"
      ],
      "inputs": [],
      "flags": {
        "pinned": true
      },
      "id": 225,
      "type": "PulidFluxInsightFaceLoader",
      "properties": {
        "Node name for S&R": "PulidFluxInsightFaceLoader"
      },
      "order": 3
    },
    {
      "mode": 0,
      "outputs": [
        {
          "shape": 3,
          "name": "MODEL",
          "slot_index": 0,
          "links": [
            461
          ],
          "label": "MODEL",
          "type": "MODEL",
          "localized_name": "MODEL"
        }
      ],
      "size": [
        232.0653533935547,
        334.4813232421875
      ],
      "pos": [
        294.54962158203125,
        1724.832763671875
      ],
      "widgets_values": [
        0.6500000000000001,
        0,
        1
      ],
      "inputs": [
        {
          "name": "model",
          "link": 376,
          "label": "model",
          "type": "MODEL",
          "localized_name": "model"
        },
        {
          "name": "pulid_flux",
          "link": 326,
          "label": "pulid_flux",
          "type": "PULIDFLUX",
          "localized_name": "pulid_flux"
        },
        {
          "name": "eva_clip",
          "link": 327,
          "label": "eva_clip",
          "type": "EVA_CLIP",
          "localized_name": "eva_clip"
        },
        {
          "name": "face_analysis",
          "link": 328,
          "label": "face_analysis",
          "type": "FACEANALYSIS",
          "localized_name": "face_analysis"
        },
        {
          "name": "image",
          "link": 350,
          "label": "image",
          "type": "IMAGE",
          "localized_name": "image"
        },
        {
          "shape": 7,
          "name": "attn_mask",
          "label": "attn_mask",
          "type": "MASK",
          "localized_name": "attn_mask"
        },
        {
          "shape": 7,
          "name": "options",
          "label": "options",
          "type": "OPTIONS",
          "localized_name": "options"
        }
      ],
      "flags": {
        "pinned": true
      },
      "id": 227,
      "type": "ApplyPulidFlux",
      "properties": {
        "Node name for S&R": "ApplyPulidFlux"
      },
      "order": 26
    },
    {
      "outputs": [
        {
          "name": "MODEL",
          "links": [
            426
          ],
          "label": "MODEL",
          "type": "MODEL",
          "localized_name": "MODEL"
        }
      ],
      "color": "#223",
      "widgets_values": [
        "flux1-dev-fp8-Kijai.safetensors",
        "fp8_e4m3fn"
      ],
      "inputs": [],
      "flags": {
        "pinned": true
      },
      "type": "UNETLoader",
      "mode": 0,
      "bgcolor": "#335",
      "size": [
        315,
        82
      ],
      "pos": [
        -500.42529296875,
        1066.7294921875
      ],
      "id": 260,
      "properties": {
        "Node name for S&R": "UNETLoader"
      },
      "order": 4
    },
    {
      "mode": 0,
      "outputs": [
        {
          "name": "CLIP",
          "links": [
            399,
            464
          ],
          "label": "CLIP",
          "type": "CLIP",
          "localized_name": "CLIP"
        }
      ],
      "size": [
        315,
        122
      ],
      "pos": [
        -498.9135437011719,
        1200.033935546875
      ],
      "widgets_values": [
        "clip_l.safetensors",
        "t5xxl_fp8_e4m3fn.safetensors",
        "flux",
        "default"
      ],
      "inputs": [],
      "flags": {
        "pinned": true
      },
      "id": 261,
      "type": "DualCLIPLoader",
      "properties": {
        "Node name for S&R": "DualCLIPLoader"
      },
      "order": 5
    },
    {
      "outputs": [
        {
          "shape": 3,
          "name": "NOISE",
          "links": [
            440
          ],
          "label": "NOISE",
          "type": "NOISE",
          "localized_name": "NOISE"
        }
      ],
      "color": "#2a363b",
      "widgets_values": [
        467152330629603,
        "randomize"
      ],
      "inputs": [],
      "flags": {},
      "type": "RandomNoise",
      "mode": 0,
      "bgcolor": "#3f5159",
      "size": [
        210,
        83.61331176757812
      ],
      "pos": [
        1570,
        1400
      ],
      "id": 284,
      "properties": {
        "cnr_id": "comfy-core",
        "ver": "0.3.15",
        "Node name for S&R": "RandomNoise"
      },
      "order": 6
    },
    {
      "mode": 0,
      "outputs": [
        {
          "shape": 3,
          "name": "GUIDER",
          "slot_index": 0,
          "links": [
            441
          ],
          "label": "GUIDER",
          "type": "GUIDER",
          "localized_name": "GUIDER"
        }
      ],
      "size": [
        178.2711944580078,
        51.50960922241211
      ],
      "pos": [
        1580,
        1530
      ],
      "widgets_values": [],
      "inputs": [
        {
          "name": "model",
          "link": 462,
          "label": "model",
          "type": "MODEL",
          "localized_name": "model"
        },
        {
          "name": "conditioning",
          "link": 428,
          "label": "conditioning",
          "type": "CONDITIONING",
          "localized_name": "conditioning"
        }
      ],
      "flags": {},
      "id": 285,
      "type": "BasicGuider",
      "properties": {
        "cnr_id": "comfy-core",
        "ver": "0.3.15",
        "Node name for S&R": "BasicGuider"
      },
      "order": 29
    },
    {
      "mode": 0,
      "outputs": [
        {
          "shape": 3,
          "name": "SAMPLER",
          "slot_index": 0,
          "links": [
            442
          ],
          "label": "SAMPLER",
          "type": "SAMPLER",
          "localized_name": "SAMPLER"
        }
      ],
      "size": [
        210.1333770751953,
        58
      ],
      "pos": [
        1570,
        1630
      ],
      "widgets_values": [
        "euler"
      ],
      "inputs": [],
      "flags": {},
      "id": 289,
      "type": "KSamplerSelect",
      "properties": {
        "cnr_id": "comfy-core",
        "ver": "0.3.15",
        "Node name for S&R": "KSamplerSelect"
      },
      "order": 7
    },
    {
      "mode": 0,
      "outputs": [
        {
          "shape": 3,
          "name": "SIGMAS",
          "slot_index": 0,
          "links": [
            443
          ],
          "label": "SIGMAS",
          "type": "SIGMAS",
          "localized_name": "SIGMAS"
        }
      ],
      "size": [
        210,
        106
      ],
      "pos": [
        1570,
        1750
      ],
      "widgets_values": [
        "simple",
        20,
        1
      ],
      "inputs": [
        {
          "name": "model",
          "link": 463,
          "label": "model",
          "type": "MODEL",
          "localized_name": "model"
        }
      ],
      "flags": {},
      "id": 292,
      "type": "BasicScheduler",
      "properties": {
        "cnr_id": "comfy-core",
        "ver": "0.3.15",
        "Node name for S&R": "BasicScheduler"
      },
      "order": 30
    },
    {
      "outputs": [
        {
          "name": "CONDITIONING",
          "slot_index": 0,
          "links": [
            429
          ],
          "label": "CONDITIONING",
          "type": "CONDITIONING",
          "localized_name": "CONDITIONING"
        }
      ],
      "color": "#232",
      "widgets_values": [
        "",
        [
          false,
          true
        ]
      ],
      "inputs": [
        {
          "name": "clip",
          "link": 464,
          "label": "clip",
          "type": "CLIP",
          "localized_name": "clip"
        },
        {
          "widget": {
            "name": "text"
          },
          "name": "text",
          "label": "text",
          "type": "STRING"
        },
        {
          "widget": {
            "name": "text"
          },
          "name": "text",
          "link": 447,
          "label": "text",
          "type": "STRING"
        }
      ],
      "flags": {},
      "type": "CLIPTextEncode",
      "mode": 0,
      "bgcolor": "#353",
      "size": [
        248.23370361328125,
        81
      ],
      "pos": [
        1160,
        1100
      ],
      "id": 298,
      "properties": {
        "cnr_id": "comfy-core",
        "ver": "0.3.15",
        "Node name for S&R": "CLIPTextEncode"
      },
      "order": 24
    },
    {
      "mode": 0,
      "outputs": [
        {
          "name": "CONDITIONING",
          "slot_index": 0,
          "links": [
            428
          ],
          "label": "CONDITIONING",
          "type": "CONDITIONING",
          "localized_name": "CONDITIONING"
        }
      ],
      "size": [
        211.60000610351562,
        58
      ],
      "pos": [
        1580,
        1280
      ],
      "widgets_values": [
        3.5
      ],
      "inputs": [
        {
          "name": "conditioning",
          "link": 429,
          "label": "conditioning",
          "type": "CONDITIONING",
          "localized_name": "conditioning"
        }
      ],
      "flags": {},
      "id": 286,
      "type": "FluxGuidance",
      "properties": {
        "cnr_id": "comfy-core",
        "ver": "0.3.15",
        "Node name for S&R": "FluxGuidance"
      },
      "order": 27
    },
    {
      "mode": 0,
      "outputs": [
        {
          "shape": 3,
          "name": "VAE",
          "slot_index": 0,
          "links": [
            431
          ],
          "label": "VAE",
          "type": "VAE",
          "localized_name": "VAE"
        }
      ],
      "size": [
        231.9144744873047,
        63.257408142089844
      ],
      "pos": [
        1870,
        1090
      ],
      "widgets_values": [
        "ae.sft"
      ],
      "inputs": [],
      "flags": {},
      "id": 293,
      "type": "VAELoader",
      "properties": {
        "cnr_id": "comfy-core",
        "ver": "0.3.15",
        "Node name for S&R": "VAELoader"
      },
      "order": 8
    },
    {
      "mode": 0,
      "outputs": [
        {
          "name": "LATENT",
          "links": [
            444
          ],
          "label": "LATENT",
          "type": "LATENT",
          "localized_name": "LATENT"
        }
      ],
      "size": [
        384.0799560546875,
        133.10531616210938
      ],
      "pos": [
        1160,
        1490
      ],
      "widgets_values": [
        768,
        1024,
        1
      ],
      "inputs": [
        {
          "widget": {
            "name": "height"
          },
          "name": "height",
          "link": 433,
          "label": "height",
          "type": "INT"
        },
        {
          "widget": {
            "name": "width"
          },
          "name": "width",
          "link": 434,
          "label": "width",
          "type": "INT"
        }
      ],
      "flags": {},
      "id": 290,
      "type": "EmptyLatentImage",
      "properties": {
        "Node name for S&R": "EmptyLatentImage"
      },
      "order": 15
    },
    {
      "mode": 0,
      "outputs": [
        {
          "name": "",
          "links": [
            462,
            463
          ],
          "label": "",
          "type": "MODEL"
        }
      ],
      "size": [
        75,
        26
      ],
      "pos": [
        1203.625244140625,
        1671.699951171875
      ],
      "inputs": [
        {
          "name": "",
          "link": 461,
          "label": "",
          "type": "*"
        }
      ],
      "flags": {},
      "id": 309,
      "type": "Reroute",
      "properties": {
        "horizontal": false,
        "showOutputText": false
      },
      "order": 28
    },
    {
      "mode": 0,
      "outputs": [
        {
          "shape": 3,
          "name": "text",
          "slot_index": 0,
          "links": [
            435,
            447
          ],
          "label": "text",
          "type": "STRING",
          "localized_name": "text"
        }
      ],
      "size": [
        210,
        98.16991424560547
      ],
      "pos": [
        932.9572143554688,
        1757.7882080078125
      ],
      "widgets_values": [
        "",
        ""
      ],
      "inputs": [
        {
          "widget": {
            "name": "text1"
          },
          "name": "text1",
          "link": 456,
          "label": "text1",
          "type": "STRING"
        },
        {
          "widget": {
            "name": "text2"
          },
          "name": "text2",
          "link": 458,
          "label": "text2",
          "type": "STRING"
        }
      ],
      "flags": {
        "collapsed": true
      },
      "id": 294,
      "type": "TextCombinerTwo",
      "properties": {
        "Node name for S&R": "TextCombinerTwo"
      },
      "order": 20
    },
    {
      "outputs": [
        {
          "shape": 3,
          "name": "IMAGE",
          "slot_index": 0,
          "links": [
            348,
            349,
            374,
            465
          ],
          "label": "IMAGE",
          "type": "IMAGE",
          "localized_name": "IMAGE"
        },
        {
          "shape": 3,
          "name": "MASK",
          "label": "MASK",
          "type": "MASK",
          "localized_name": "MASK"
        }
      ],
      "color": "#e7ffe9",
      "widgets_values": [
        "e505284e0207da2a03954e3040096439e9f47e03560f3520b12d2384930d312e.jpg",
        "image",
        ""
      ],
      "inputs": [],
      "flags": {
        "pinned": true
      },
      "type": "LoadImage",
      "mode": 0,
      "bgcolor": "#d3f8d5",
      "size": [
        615.3527221679688,
        965.626708984375
      ],
      "pos": [
        -1873.396240234375,
        1055.7713623046875
      ],
      "id": 226,
      "properties": {
        "Node name for S&R": "LoadImage"
      },
      "order": 9
    },
    {
      "outputs": [
        {
          "shape": 3,
          "name": "MODEL",
          "slot_index": 0,
          "links": [
            421
          ],
          "label": "MODEL",
          "type": "MODEL",
          "localized_name": "MODEL"
        },
        {
          "shape": 3,
          "name": "CLIP",
          "slot_index": 1,
          "links": [
            422
          ],
          "label": "CLIP",
          "type": "CLIP",
          "localized_name": "CLIP"
        }
      ],
      "color": "#223",
      "widgets_values": [
        "flux_dev_softstyle_araminta.safetensors",
        0.45000000000000007,
        0.45000000000000007
      ],
      "inputs": [
        {
          "name": "model",
          "link": 426,
          "label": "model",
          "type": "MODEL",
          "localized_name": "model"
        },
        {
          "name": "clip",
          "link": 399,
          "label": "clip",
          "type": "CLIP",
          "localized_name": "clip"
        }
      ],
      "flags": {},
      "type": "LoraLoader",
      "mode": 0,
      "bgcolor": "#335",
      "size": [
        320,
        130
      ],
      "pos": [
        -495.98583984375,
        1379.4014892578125
      ],
      "id": 229,
      "properties": {
        "Node name for S&R": "LoraLoader"
      },
      "order": 12
    },
    {
      "mode": 0,
      "outputs": [
        {
          "shape": 6,
          "name": "STRING",
          "label": "STRING",
          "type": "STRING",
          "localized_name": "STRING"
        }
      ],
      "size": [
        398.5367736816406,
        247.27137756347656
      ],
      "pos": [
        1155.5947265625,
        1781.906982421875
      ],
      "widgets_values": [
        [
          "zhz,Quhan Emoticon Pack,This is a four-frame 3D animation character expression combination table. The expressions are exaggerated and vivid, the characters always have black eyes, and the expressions are combined with actions: thinking seriously, opening the mouth in surprise, blushing and smiling shyly, angry and irritable, evenly distributed, equal in size, and with a unified background.The character has long, dark, wavy hair flowing naturally in the breeze. They are wearing a brown plaid jacket and have a thin gold chain-style shoulder strap visible. The background shows a bright blue sky with scattered white clouds, along with people walking outdoors in casual attire. A rooftop setting is implied, with a distant view of city structures and open space."
        ],
        "anime，Quhan Emoticon Pack,the characters always have black eyes,This is a four-frame 3D animation character expression combination table. The expressions are exaggerated and vivid,  and the expressions are combined with actions: thinking seriously, opening the mouth in surprise, blushing and smiling shyly, angry and irritable, evenly distributed, equal in size, and with a unified background.The character is wearing a white button-up shirt adorned with a pink heart and paw design on the chest. Over their head is a white plush hood resembling animal ears, with soft pink inner details. Their hairstyle is short and dark, neatly styled with subtle volume. They are seated and clapping while the background shows shades of blue and black, suggesting a stage or studio setting."
      ],
      "inputs": [
        {
          "widget": {
            "name": "text"
          },
          "name": "text",
          "link": 435,
          "label": "text",
          "type": "STRING"
        }
      ],
      "flags": {},
      "id": 291,
      "type": "ShowText|pysssss",
      "properties": {
        "cnr_id": "comfyui-custom-scripts",
        "ver": "bbda5e52ad580c13ceaa53136d9c2bed9137bd2e",
        "Node name for S&R": "ShowText|pysssss"
      },
      "order": 23
    },
    {
      "mode": 0,
      "outputs": [
        {
          "name": "describe",
          "links": [
            458
          ],
          "label": "describe",
          "type": "STRING",
          "localized_name": "describe"
        }
      ],
      "size": [
        400,
        200
      ],
      "pos": [
        933.811279296875,
        1818.6534423828125
      ],
      "widgets_values": [
        "Please provide a detailed description of the image, describing only the character's clothing, clothing color, hairstyle, appearance, and background. The description should be as detailed as possible, but no more than 70 words.",
        [
          false,
          true
        ]
      ],
      "inputs": [
        {
          "name": "ref_image",
          "link": 465,
          "label": "ref_image",
          "type": "IMAGE",
          "localized_name": "ref_image"
        }
      ],
      "flags": {
        "collapsed": true
      },
      "id": 307,
      "type": "RH_Captioner",
      "properties": {
        "Node name for S&R": "RH_Captioner"
      },
      "order": 14
    },
    {
      "outputs": [
        {
          "shape": 3,
          "name": "width",
          "slot_index": 0,
          "links": [
            434
          ],
          "label": "width",
          "type": "INT",
          "localized_name": "width"
        },
        {
          "shape": 3,
          "name": "height",
          "slot_index": 1,
          "links": [
            433
          ],
          "label": "height",
          "type": "INT",
          "localized_name": "height"
        },
        {
          "shape": 3,
          "name": "resolution",
          "label": "resolution",
          "type": "STRING",
          "localized_name": "resolution"
        }
      ],
      "color": "#232",
      "widgets_values": [
        "1.0",
        "3:4 (Golden Ratio)",
        false,
        "1:1"
      ],
      "inputs": [],
      "flags": {},
      "type": "FluxResolutionNode",
      "mode": 0,
      "bgcolor": "#353",
      "size": [
        384.2397766113281,
        170
      ],
      "pos": [
        1160,
        1260
      ],
      "id": 295,
      "properties": {
        "Node name for S&R": "FluxResolutionNode"
      },
      "order": 10
    },
    {
      "mode": 0,
      "outputs": [
        {
          "name": "IMAGE",
          "slot_index": 0,
          "links": [
            471
          ],
          "label": "IMAGE",
          "type": "IMAGE",
          "localized_name": "IMAGE"
        }
      ],
      "size": [
        210,
        46
      ],
      "pos": [
        1860,
        1210
      ],
      "widgets_values": [],
      "inputs": [
        {
          "name": "samples",
          "link": 430,
          "label": "samples",
          "type": "LATENT",
          "localized_name": "samples"
        },
        {
          "name": "vae",
          "link": 431,
          "label": "vae",
          "type": "VAE",
          "localized_name": "vae"
        }
      ],
      "flags": {},
      "id": 287,
      "type": "VAEDecode",
      "properties": {
        "cnr_id": "comfy-core",
        "ver": "0.3.15",
        "Node name for S&R": "VAEDecode"
      },
      "order": 32
    },
    {
      "mode": 0,
      "outputs": [
        {
          "shape": 3,
          "name": "output",
          "slot_index": 0,
          "links": [
            430
          ],
          "label": "output",
          "type": "LATENT",
          "localized_name": "output"
        },
        {
          "shape": 3,
          "name": "denoised_output",
          "label": "denoised_output",
          "type": "LATENT",
          "localized_name": "denoised_output"
        }
      ],
      "size": [
        334.6986083984375,
        551.20458984375
      ],
      "pos": [
        1850,
        1300
      ],
      "widgets_values": [],
      "inputs": [
        {
          "name": "noise",
          "link": 440,
          "label": "noise",
          "type": "NOISE",
          "localized_name": "noise"
        },
        {
          "name": "guider",
          "link": 441,
          "label": "guider",
          "type": "GUIDER",
          "localized_name": "guider"
        },
        {
          "name": "sampler",
          "link": 442,
          "label": "sampler",
          "type": "SAMPLER",
          "localized_name": "sampler"
        },
        {
          "name": "sigmas",
          "link": 443,
          "label": "sigmas",
          "type": "SIGMAS",
          "localized_name": "sigmas"
        },
        {
          "name": "latent_image",
          "link": 444,
          "label": "latent_image",
          "type": "LATENT",
          "localized_name": "latent_image"
        }
      ],
      "flags": {},
      "id": 297,
      "type": "SamplerCustomAdvanced",
      "properties": {
        "cnr_id": "comfy-core",
        "ver": "0.3.15",
        "Node name for S&R": "SamplerCustomAdvanced"
      },
      "order": 31
    },
    {
      "mode": 0,
      "outputs": [
        {
          "name": "output",
          "links": [
            472
          ],
          "label": "output",
          "type": "*",
          "localized_name": "output"
        }
      ],
      "size": [
        210,
        26
      ],
      "pos": [
        -1200.72216796875,
        1043.5240478515625
      ],
      "widgets_values": [],
      "inputs": [
        {
          "name": "anything",
          "link": 471,
          "label": "anything",
          "type": "*",
          "localized_name": "anything"
        }
      ],
      "flags": {},
      "id": 310,
      "type": "easy cleanGpuUsed",
      "properties": {
        "Node name for S&R": "easy cleanGpuUsed"
      },
      "order": 33
    },
    {
      "mode": 0,
      "outputs": [],
      "size": [
        685.4114990234375,
        994.5201416015625
      ],
      "pos": [
        -1228.17333984375,
        1051.310302734375
      ],
      "widgets_values": [
        "ComfyUI",
        ""
      ],
      "inputs": [
        {
          "name": "images",
          "link": 472,
          "label": "images",
          "type": "IMAGE",
          "localized_name": "images"
        }
      ],
      "flags": {
        "pinned": true
      },
      "id": 288,
      "type": "SaveImage",
      "properties": {
        "Node name for S&R": "SaveImage"
      },
      "order": 34
    },
    {
      "outputs": [
        {
          "shape": 3,
          "name": "MODEL",
          "slot_index": 0,
          "links": [
            376
          ],
          "label": "MODEL",
          "type": "MODEL",
          "localized_name": "MODEL"
        },
        {
          "shape": 3,
          "name": "CLIP",
          "slot_index": 1,
          "links": [],
          "label": "CLIP",
          "type": "CLIP",
          "localized_name": "CLIP"
        }
      ],
      "color": "#223",
      "widgets_values": [
        "FLUX.1-Turbo-Alpha.safetensors",
        1.0000000000000002,
        1.0000000000000002
      ],
      "inputs": [
        {
          "name": "model",
          "link": 423,
          "label": "model",
          "type": "MODEL",
          "localized_name": "model"
        },
        {
          "name": "clip",
          "link": 424,
          "label": "clip",
          "type": "CLIP",
          "localized_name": "clip"
        }
      ],
      "flags": {},
      "type": "LoraLoader",
      "mode": 0,
      "bgcolor": "#335",
      "size": [
        320,
        130
      ],
      "pos": [
        -493.8224792480469,
        1864.034912109375
      ],
      "id": 219,
      "properties": {
        "Node name for S&R": "LoraLoader"
      },
      "order": 21
    },
    {
      "outputs": [
        {
          "shape": 3,
          "name": "MODEL",
          "slot_index": 0,
          "links": [
            423
          ],
          "label": "MODEL",
          "type": "MODEL",
          "localized_name": "MODEL"
        },
        {
          "shape": 3,
          "name": "CLIP",
          "slot_index": 1,
          "links": [
            424
          ],
          "label": "CLIP",
          "type": "CLIP",
          "localized_name": "CLIP"
        }
      ],
      "color": "#223",
      "widgets_values": [
        "FLUX-卡通形象表情包.safetensors",
        0.7000000000000002,
        0.7000000000000002
      ],
      "inputs": [
        {
          "name": "model",
          "link": 421,
          "label": "model",
          "type": "MODEL",
          "localized_name": "model"
        },
        {
          "name": "clip",
          "link": 422,
          "label": "clip",
          "type": "CLIP",
          "localized_name": "clip"
        }
      ],
      "flags": {},
      "type": "LoraLoader",
      "mode": 0,
      "bgcolor": "#335",
      "size": [
        320,
        130
      ],
      "pos": [
        -485.6404724121094,
        1648.5782470703125
      ],
      "id": 272,
      "properties": {
        "Node name for S&R": "LoraLoader"
      },
      "order": 17
    },
    {
      "outputs": [
        {
          "shape": 3,
          "name": "text",
          "slot_index": 0,
          "links": [
            457
          ],
          "label": "text",
          "type": "STRING",
          "localized_name": "text"
        }
      ],
      "color": "#232",
      "widgets_values": [
        "This is a four-frame 3D animation character expression combination table. The expressions are exaggerated and vivid,  and the expressions are combined with actions: thinking seriously, opening the mouth in surprise, blushing and smiling shyly, angry and irritable, evenly distributed, equal in size, and with a unified background.",
        [
          false,
          true
        ]
      ],
      "inputs": [],
      "flags": {},
      "type": "JjkText",
      "title": "正向提示词",
      "mode": 0,
      "bgcolor": "#353",
      "size": [
        400,
        200
      ],
      "pos": [
        598.120361328125,
        1875.9920654296875
      ],
      "id": 305,
      "properties": {
        "Node name for S&R": "JjkText"
      },
      "order": 11
    },
    {
      "mode": 0,
      "outputs": [
        {
          "name": "text",
          "links": [
            456
          ],
          "label": "text",
          "type": "STRING",
          "localized_name": "text"
        }
      ],
      "size": [
        315,
        82
      ],
      "pos": [
        598.670166015625,
        1741.2183837890625
      ],
      "widgets_values": [
        "anime，Quhan Emoticon Pack,the characters always have black eyes,",
        ""
      ],
      "inputs": [
        {
          "widget": {
            "name": "text2"
          },
          "name": "text2",
          "link": 457,
          "label": "text2",
          "type": "STRING"
        }
      ],
      "flags": {},
      "id": 299,
      "type": "TextCombinerTwo",
      "properties": {
        "Node name for S&R": "TextCombinerTwo"
      },
      "order": 16
    }
  ],
  "extra": {
    "VHS_KeepIntermediate": true,
    "workspace_info": {
      "saveLock": false,
      "id": "IBQmnKsuVAKWZxE4Fo76c"
    },
    "ue_links": [],
    "VHS_MetadataImage": true,
    "0246.VERSION": [
      0,
      0,
      4
    ],
    "VHS_latentpreviewrate": 0,
    "VHS_latentpreview": false,
    "ds": {
      "offset": [
        1891.315324821112,
        -1083.3043133262124
      ],
      "scale": 0.8769226950000013
    }
  },
  "groups": [
    {
      "color": "#8AA",
      "font_size": 24,
      "flags": {
        "pinned": true
      },
      "id": 1,
      "title": "Florence2",
      "bounding": [
        -125.4935531616211,
        957.4000244140625,
        1252.5125732421875,
        683.4832763671875
      ]
    },
    {
      "color": "#3f789e",
      "font_size": 24,
      "flags": {
        "pinned": true
      },
      "id": 2,
      "title": "Load FLUX.1",
      "bounding": [
        -516.1065063476562,
        964.0405883789062,
        379.4322509765625,
        1110.578369140625
      ]
    },
    {
      "color": "#b58b2a",
      "font_size": 24,
      "flags": {
        "pinned": true
      },
      "id": 3,
      "title": "dd",
      "bounding": [
        1138.5369873046875,
        960.8011474609375,
        1099.561279296875,
        1115.684814453125
      ]
    },
    {
      "color": "#3f789e",
      "font_size": 24,
      "flags": {
        "pinned": true
      },
      "id": 7,
      "title": "input / output",
      "bounding": [
        -1898.2076416015625,
        970.3923950195312,
        1371.997802734375,
        1100.2294921875
      ]
    },
    {
      "color": "#3f789e",
      "font_size": 24,
      "flags": {
        "pinned": true
      },
      "id": 8,
      "title": "PuLID Flux",
      "bounding": [
        -125.45048522949219,
        1651.2327880859375,
        697.7734375,
        424.9925842285156
      ]
    },
    {
      "color": "#8A8",
      "font_size": 24,
      "flags": {
        "pinned": true
      },
      "id": 9,
      "title": "text",
      "bounding": [
        583.3195190429688,
        1653.98291015625,
        541.9815063476562,
        424.1723327636719
      ]
    },
    {
      "color": "#b06634",
      "font_size": 150,
      "flags": {
        "pinned": true
      },
      "id": 10,
      "title": "卡通可爱四宫格漫画",
      "bounding": [
        -1890.5374755859375,
        735.55712890625,
        1494.6475830078125,
        208.76177978515625
      ]
    }
  ],
  "links": [
    [
      326,
      223,
      0,
      227,
      1,
      "PULIDFLUX"
    ],
    [
      327,
      224,
      0,
      227,
      2,
      "EVA_CLIP"
    ],
    [
      328,
      225,
      0,
      227,
      3,
      "FACEANALYSIS"
    ],
    [
      342,
      237,
      0,
      232,
      0,
      "IMAGE"
    ],
    [
      343,
      237,
      1,
      233,
      0,
      "MASK"
    ],
    [
      344,
      233,
      0,
      234,
      0,
      "SEGS"
    ],
    [
      345,
      234,
      0,
      235,
      0,
      "IMAGE"
    ],
    [
      347,
      236,
      0,
      237,
      1,
      "FL2MODEL"
    ],
    [
      348,
      226,
      0,
      237,
      0,
      "IMAGE"
    ],
    [
      349,
      226,
      0,
      234,
      1,
      "IMAGE"
    ],
    [
      350,
      234,
      0,
      227,
      4,
      "IMAGE"
    ],
    [
      376,
      219,
      0,
      227,
      0,
      "MODEL"
    ],
    [
      399,
      261,
      0,
      229,
      1,
      "CLIP"
    ],
    [
      421,
      229,
      0,
      272,
      0,
      "MODEL"
    ],
    [
      422,
      229,
      1,
      272,
      1,
      "CLIP"
    ],
    [
      423,
      272,
      0,
      219,
      0,
      "MODEL"
    ],
    [
      424,
      272,
      1,
      219,
      1,
      "CLIP"
    ],
    [
      426,
      260,
      0,
      229,
      0,
      "MODEL"
    ],
    [
      428,
      286,
      0,
      285,
      1,
      "CONDITIONING"
    ],
    [
      429,
      298,
      0,
      286,
      0,
      "CONDITIONING"
    ],
    [
      430,
      297,
      0,
      287,
      0,
      "LATENT"
    ],
    [
      431,
      293,
      0,
      287,
      1,
      "VAE"
    ],
    [
      433,
      295,
      1,
      290,
      0,
      "INT"
    ],
    [
      434,
      295,
      0,
      290,
      1,
      "INT"
    ],
    [
      435,
      294,
      0,
      291,
      0,
      "STRING"
    ],
    [
      440,
      284,
      0,
      297,
      0,
      "NOISE"
    ],
    [
      441,
      285,
      0,
      297,
      1,
      "GUIDER"
    ],
    [
      442,
      289,
      0,
      297,
      2,
      "SAMPLER"
    ],
    [
      443,
      292,
      0,
      297,
      3,
      "SIGMAS"
    ],
    [
      444,
      290,
      0,
      297,
      4,
      "LATENT"
    ],
    [
      447,
      294,
      0,
      298,
      2,
      "STRING"
    ],
    [
      456,
      299,
      0,
      294,
      0,
      "STRING"
    ],
    [
      457,
      305,
      0,
      299,
      0,
      "STRING"
    ],
    [
      458,
      307,
      0,
      294,
      1,
      "STRING"
    ],
    [
      461,
      227,
      0,
      309,
      0,
      "*"
    ],
    [
      462,
      309,
      0,
      285,
      0,
      "MODEL"
    ],
    [
      463,
      309,
      0,
      292,
      0,
      "MODEL"
    ],
    [
      464,
      261,
      0,
      298,
      0,
      "CLIP"
    ],
    [
      465,
      226,
      0,
      307,
      0,
      "IMAGE"
    ],
    [
      471,
      287,
      0,
      310,
      0,
      "*"
    ],
    [
      472,
      310,
      0,
      288,
      0,
      "IMAGE"
    ]
  ],
  "id": "1c410d03-1f96-4194-8d31-57d88894e831",
  "config": {},
  "version": 0.4,
  "last_node_id": 310,
  "revision": 0
}