{
  "last_link_id": 469,
  "nodes": [
    {
      "mode": 0,
      "outputs": [],
      "size": [
        256.7325134277344,
        297.925048828125
      ],
      "pos": [
        21263.787109375,
        -2805.351318359375
      ],
      "widgets_values": [],
      "inputs": [
        {
          "name": "images",
          "link": 384,
          "label": "images",
          "type": "IMAGE",
          "localized_name": "images"
        }
      ],
      "flags": {
        "pinned": true
      },
      "id": 234,
      "type": "PreviewImage",
      "properties": {
        "Node name for S&R": "PreviewImage"
      },
      "order": 16
    },
    {
      "outputs": [
        {
          "shape": 3,
          "name": "AUDIO",
          "slot_index": 0,
          "links": [
            413
          ],
          "label": "AUDIO",
          "type": "AUDIO",
          "localized_name": "AUDIO"
        }
      ],
      "color": "#222",
      "widgets_values": [
        "152fffb6ed7236c33706170f6a206d16cf590ff75702f856bb55aff7ed2c387c.MP3",
        "",
        ""
      ],
      "inputs": [],
      "flags": {
        "pinned": true
      },
      "type": "LoadAudio",
      "mode": 0,
      "bgcolor": "#000",
      "size": [
        269.93316650390625,
        289.4361572265625
      ],
      "pos": [
        22430.306640625,
        -2738.83447265625
      ],
      "id": 67,
      "properties": {
        "Node name for S&R": "LoadAudio"
      },
      "order": 0
    },
    {
      "outputs": [
        {
          "name": "audio",
          "links": [
            414,
            415,
            416,
            459
          ],
          "label": "audio",
          "type": "AUDIO",
          "localized_name": "audio"
        }
      ],
      "color": "#432",
      "widgets_values": [
        "",
        "婷婷",
        0.8,
        50,
        0.95,
        3000,
        true,
        false,
        277981635418646,
        "randomize",
        ""
      ],
      "inputs": [
        {
          "shape": 7,
          "name": "custom_clone_audio",
          "link": 413,
          "label": "custom_clone_audio",
          "type": "AUDIO",
          "localized_name": "custom_clone_audio"
        },
        {
          "widget": {
            "name": "text"
          },
          "name": "text",
          "link": 409,
          "label": "text",
          "type": "STRING"
        }
      ],
      "flags": {
        "pinned": true
      },
      "type": "SparkTTSClone",
      "mode": 0,
      "bgcolor": "#653",
      "size": [
        393.57427978515625,
        471.5210876464844
      ],
      "pos": [
        22780.306640625,
        -2748.83447265625
      ],
      "id": 251,
      "properties": {
        "rejects_ue_links": true,
        "Node name for S&R": "SparkTTSClone"
      },
      "order": 13
    },
    {
      "mode": 0,
      "outputs": [
        {
          "name": "image",
          "slot_index": 0,
          "links": [
            100
          ],
          "label": "image",
          "type": "IMAGE",
          "localized_name": "image"
        },
        {
          "name": "fps",
          "slot_index": 1,
          "links": [
            102
          ],
          "label": "fps",
          "type": "FLOAT",
          "localized_name": "fps"
        }
      ],
      "size": [
        277.2896423339844,
        174
      ],
      "pos": [
        23330.306640625,
        -3008.83447265625
      ],
      "widgets_values": [
        352823182,
        "randomize",
        30,
        1,
        25
      ],
      "inputs": [
        {
          "name": "model",
          "link": 109,
          "label": "model",
          "type": "MODEL_SONIC",
          "localized_name": "model"
        },
        {
          "name": "data_dict",
          "link": 456,
          "label": "data_dict",
          "type": "SONIC_PREDATA",
          "localized_name": "data_dict"
        }
      ],
      "flags": {
        "pinned": true
      },
      "id": 52,
      "type": "SONICSampler",
      "properties": {
        "Node name for S&R": "SONICSampler"
      },
      "order": 24
    },
    {
      "mode": 0,
      "outputs": [
        {
          "shape": 3,
          "name": "IMAGE",
          "slot_index": 0,
          "links": [
            436,
            460
          ],
          "label": "IMAGE",
          "type": "IMAGE",
          "localized_name": "IMAGE"
        },
        {
          "shape": 3,
          "name": "width",
          "slot_index": 1,
          "links": [],
          "label": "width",
          "type": "INT",
          "localized_name": "width"
        },
        {
          "shape": 3,
          "name": "height",
          "links": [],
          "label": "height",
          "type": "INT",
          "localized_name": "height"
        }
      ],
      "size": [
        315,
        266
      ],
      "pos": [
        21773.787109375,
        -2945.351318359375
      ],
      "widgets_values": [
        768,
        768,
        "nearest-exact",
        true,
        2,
        0,
        0,
        "disabled"
      ],
      "inputs": [
        {
          "name": "image",
          "link": 388,
          "label": "image",
          "type": "IMAGE",
          "localized_name": "image"
        },
        {
          "shape": 7,
          "name": "get_image_size",
          "label": "get_image_size",
          "type": "IMAGE",
          "localized_name": "get_image_size"
        },
        {
          "widget": {
            "name": "width_input"
          },
          "name": "width_input",
          "label": "width_input",
          "type": "INT"
        },
        {
          "widget": {
            "name": "height_input"
          },
          "name": "height_input",
          "label": "height_input",
          "type": "INT"
        }
      ],
      "flags": {
        "pinned": true
      },
      "id": 98,
      "type": "ImageResizeKJ",
      "properties": {
        "Node name for S&R": "ImageResizeKJ"
      },
      "order": 17
    },
    {
      "mode": 0,
      "outputs": [
        {
          "name": "IMAGE",
          "links": [
            384,
            388
          ],
          "label": "IMAGE",
          "type": "IMAGE",
          "localized_name": "IMAGE"
        }
      ],
      "size": [
        315,
        102
      ],
      "pos": [
        21253.787109375,
        -2955.351318359375
      ],
      "widgets_values": [
        255,
        0
      ],
      "inputs": [
        {
          "name": "image",
          "link": 382,
          "label": "image",
          "type": "IMAGE",
          "localized_name": "image"
        },
        {
          "name": "mask",
          "link": 383,
          "label": "mask",
          "type": "MASK",
          "localized_name": "mask"
        }
      ],
      "flags": {
        "pinned": true
      },
      "id": 233,
      "type": "INPAINT_MaskedBlur",
      "properties": {
        "Node name for S&R": "INPAINT_MaskedBlur"
      },
      "order": 10
    },
    {
      "mode": 0,
      "outputs": [
        {
          "name": "image",
          "slot_index": 0,
          "links": [
            421
          ],
          "label": "image",
          "type": "IMAGE",
          "localized_name": "image"
        },
        {
          "name": "fps",
          "slot_index": 1,
          "links": [],
          "label": "fps",
          "type": "FLOAT",
          "localized_name": "fps"
        }
      ],
      "size": [
        277.2896423339844,
        174
      ],
      "pos": [
        23300,
        -3870
      ],
      "widgets_values": [
        925,
        "fixed",
        30,
        1,
        25
      ],
      "inputs": [
        {
          "name": "model",
          "link": 422,
          "label": "model",
          "type": "MODEL_SONIC",
          "localized_name": "model"
        },
        {
          "name": "data_dict",
          "link": 465,
          "label": "data_dict",
          "type": "SONIC_PREDATA",
          "localized_name": "data_dict"
        }
      ],
      "flags": {
        "pinned": true
      },
      "id": 261,
      "type": "SONICSampler",
      "properties": {
        "Node name for S&R": "SONICSampler"
      },
      "order": 23
    },
    {
      "outputs": [
        {
          "name": "IMAGE",
          "slot_index": 0,
          "links": [
            382,
            427
          ],
          "label": "IMAGE",
          "type": "IMAGE",
          "localized_name": "IMAGE"
        },
        {
          "name": "MASK",
          "links": [
            383
          ],
          "label": "MASK",
          "type": "MASK",
          "localized_name": "MASK"
        }
      ],
      "color": "#233",
      "widgets_values": [
        "clipspace/8947ba06748e44259fabc74fd988b1013b4910fd00dc91e8833e3363f5e22c50.png [input]",
        "image",
        ""
      ],
      "inputs": [],
      "flags": {
        "pinned": true
      },
      "type": "LoadImage",
      "mode": 0,
      "bgcolor": "#355",
      "size": [
        552.956787109375,
        660.06494140625
      ],
      "pos": [
        20643.787109375,
        -2965.351318359375
      ],
      "id": 56,
      "properties": {
        "Node name for S&R": "LoadImage"
      },
      "order": 1
    },
    {
      "mode": 0,
      "outputs": [
        {
          "name": "IMAGE",
          "links": [
            387,
            389
          ],
          "label": "IMAGE",
          "type": "IMAGE",
          "localized_name": "IMAGE"
        }
      ],
      "size": [
        315,
        102
      ],
      "pos": [
        21308.37109375,
        -2074.556884765625
      ],
      "widgets_values": [
        255,
        0
      ],
      "inputs": [
        {
          "name": "image",
          "link": 385,
          "label": "image",
          "type": "IMAGE",
          "localized_name": "image"
        },
        {
          "name": "mask",
          "link": 386,
          "label": "mask",
          "type": "MASK",
          "localized_name": "mask"
        }
      ],
      "flags": {
        "pinned": true
      },
      "id": 235,
      "type": "INPAINT_MaskedBlur",
      "properties": {
        "Node name for S&R": "INPAINT_MaskedBlur"
      },
      "order": 11
    },
    {
      "mode": 0,
      "outputs": [],
      "size": [
        210,
        246
      ],
      "pos": [
        21328.37109375,
        -1924.55615234375
      ],
      "widgets_values": [],
      "inputs": [
        {
          "name": "images",
          "link": 387,
          "label": "images",
          "type": "IMAGE",
          "localized_name": "images"
        }
      ],
      "flags": {
        "pinned": true
      },
      "id": 237,
      "type": "PreviewImage",
      "properties": {
        "Node name for S&R": "PreviewImage"
      },
      "order": 18
    },
    {
      "outputs": [
        {
          "name": "IMAGE",
          "slot_index": 0,
          "links": [
            385
          ],
          "label": "IMAGE",
          "type": "IMAGE",
          "localized_name": "IMAGE"
        },
        {
          "name": "MASK",
          "links": [
            386
          ],
          "label": "MASK",
          "type": "MASK",
          "localized_name": "MASK"
        }
      ],
      "color": "#233",
      "widgets_values": [
        "clipspace/0750a767e4e3ead8e9387612ddd0b2e4c1c601a2a4197831f085a9e179789fe9.png [input]",
        "image",
        ""
      ],
      "inputs": [],
      "flags": {
        "pinned": true
      },
      "type": "LoadImage",
      "mode": 0,
      "bgcolor": "#355",
      "size": [
        562.1556396484375,
        540.112060546875
      ],
      "pos": [
        20658.37109375,
        -2064.556640625
      ],
      "id": 236,
      "properties": {
        "Node name for S&R": "LoadImage"
      },
      "order": 2
    },
    {
      "mode": 0,
      "outputs": [
        {
          "name": "model",
          "slot_index": 0,
          "links": [
            109,
            392,
            422,
            448
          ],
          "label": "model",
          "type": "MODEL_SONIC",
          "localized_name": "model"
        },
        {
          "name": "dtype",
          "links": [
            466,
            467,
            468,
            469
          ],
          "label": "dtype",
          "type": "DTYPE",
          "localized_name": "dtype"
        }
      ],
      "size": [
        370.1314697265625,
        150
      ],
      "pos": [
        22103.1328125,
        -3852.731689453125
      ],
      "widgets_values": [
        "unet.pth",
        1.3,
        true,
        "fp16"
      ],
      "inputs": [
        {
          "name": "model",
          "link": 108,
          "label": "model",
          "type": "MODEL",
          "localized_name": "model"
        }
      ],
      "flags": {
        "pinned": true
      },
      "id": 59,
      "type": "SONICTLoader",
      "properties": {
        "Node name for S&R": "SONICTLoader"
      },
      "order": 12
    },
    {
      "outputs": [
        {
          "name": "MODEL",
          "slot_index": 0,
          "links": [
            108
          ],
          "label": "MODEL",
          "type": "MODEL",
          "localized_name": "MODEL"
        },
        {
          "name": "CLIP_VISION",
          "slot_index": 1,
          "links": [
            103,
            394,
            423,
            446,
            454,
            457,
            461
          ],
          "label": "CLIP_VISION",
          "type": "CLIP_VISION",
          "localized_name": "CLIP_VISION"
        },
        {
          "name": "VAE",
          "slot_index": 2,
          "links": [
            104,
            393,
            424,
            447,
            453,
            458,
            462
          ],
          "label": "VAE",
          "type": "VAE",
          "localized_name": "VAE"
        }
      ],
      "color": "#223",
      "widgets_values": [
        "svd_xt_1_1.safetensors"
      ],
      "inputs": [],
      "flags": {
        "pinned": true
      },
      "type": "ImageOnlyCheckpointLoader",
      "mode": 0,
      "bgcolor": "#335",
      "size": [
        370.98223876953125,
        256.9580383300781
      ],
      "pos": [
        21647.25,
        -3470.979736328125
      ],
      "id": 54,
      "properties": {
        "Node name for S&R": "ImageOnlyCheckpointLoader"
      },
      "order": 3
    },
    {
      "mode": 0,
      "outputs": [
        {
          "shape": 3,
          "name": "IMAGE",
          "slot_index": 0,
          "links": [
            428,
            429,
            464
          ],
          "label": "IMAGE",
          "type": "IMAGE",
          "localized_name": "IMAGE"
        },
        {
          "shape": 3,
          "name": "width",
          "slot_index": 1,
          "links": [],
          "label": "width",
          "type": "INT",
          "localized_name": "width"
        },
        {
          "shape": 3,
          "name": "height",
          "links": [],
          "label": "height",
          "type": "INT",
          "localized_name": "height"
        }
      ],
      "size": [
        315,
        266
      ],
      "pos": [
        21293.005859375,
        -3781.46923828125
      ],
      "widgets_values": [
        768,
        768,
        "nearest-exact",
        true,
        2,
        0,
        0,
        "disabled"
      ],
      "inputs": [
        {
          "name": "image",
          "link": 427,
          "label": "image",
          "type": "IMAGE",
          "localized_name": "image"
        },
        {
          "shape": 7,
          "name": "get_image_size",
          "label": "get_image_size",
          "type": "IMAGE",
          "localized_name": "get_image_size"
        },
        {
          "widget": {
            "name": "width_input"
          },
          "shape": 7,
          "name": "width_input",
          "label": "width_input",
          "type": "INT"
        },
        {
          "widget": {
            "name": "height_input"
          },
          "shape": 7,
          "name": "height_input",
          "label": "height_input",
          "type": "INT"
        }
      ],
      "flags": {
        "pinned": true
      },
      "id": 264,
      "type": "ImageResizeKJ",
      "properties": {
        "Node name for S&R": "ImageResizeKJ"
      },
      "order": 9
    },
    {
      "mode": 0,
      "outputs": [],
      "size": [
        516.0703125,
        503.5673828125
      ],
      "pos": [
        20638.93359375,
        -3776.16162109375
      ],
      "widgets_values": [],
      "inputs": [
        {
          "name": "images",
          "link": 428,
          "label": "images",
          "type": "IMAGE",
          "localized_name": "images"
        }
      ],
      "flags": {
        "pinned": true
      },
      "id": 265,
      "type": "PreviewImage",
      "properties": {
        "Node name for S&R": "PreviewImage"
      },
      "order": 15
    },
    {
      "mode": 0,
      "outputs": [
        {
          "name": "image",
          "slot_index": 0,
          "links": [
            438
          ],
          "label": "image",
          "type": "IMAGE",
          "localized_name": "image"
        },
        {
          "name": "fps",
          "slot_index": 1,
          "links": [
            440
          ],
          "label": "fps",
          "type": "FLOAT",
          "localized_name": "fps"
        }
      ],
      "size": [
        277.2896423339844,
        174
      ],
      "pos": [
        23330,
        -2070
      ],
      "widgets_values": [
        841719153,
        "randomize",
        30,
        1,
        25
      ],
      "inputs": [
        {
          "name": "model",
          "link": 448,
          "label": "model",
          "type": "MODEL_SONIC",
          "localized_name": "model"
        },
        {
          "name": "data_dict",
          "link": 455,
          "label": "data_dict",
          "type": "SONIC_PREDATA",
          "localized_name": "data_dict"
        }
      ],
      "flags": {
        "pinned": true
      },
      "id": 272,
      "type": "SONICSampler",
      "properties": {
        "Node name for S&R": "SONICSampler"
      },
      "order": 25
    },
    {
      "mode": 0,
      "outputs": [
        {
          "shape": 3,
          "name": "IMAGE",
          "slot_index": 0,
          "links": [
            449,
            451
          ],
          "label": "IMAGE",
          "type": "IMAGE",
          "localized_name": "IMAGE"
        },
        {
          "shape": 3,
          "name": "width",
          "slot_index": 1,
          "links": [],
          "label": "width",
          "type": "INT",
          "localized_name": "width"
        },
        {
          "shape": 3,
          "name": "height",
          "links": [],
          "label": "height",
          "type": "INT",
          "localized_name": "height"
        }
      ],
      "size": [
        315,
        266
      ],
      "pos": [
        21798.37109375,
        -2064.556640625
      ],
      "widgets_values": [
        768,
        768,
        "nearest-exact",
        true,
        2,
        0,
        0,
        "disabled"
      ],
      "inputs": [
        {
          "name": "image",
          "link": 389,
          "label": "image",
          "type": "IMAGE",
          "localized_name": "image"
        },
        {
          "shape": 7,
          "name": "get_image_size",
          "label": "get_image_size",
          "type": "IMAGE",
          "localized_name": "get_image_size"
        },
        {
          "widget": {
            "name": "width_input"
          },
          "shape": 7,
          "name": "width_input",
          "label": "width_input",
          "type": "INT"
        },
        {
          "widget": {
            "name": "height_input"
          },
          "shape": 7,
          "name": "height_input",
          "label": "height_input",
          "type": "INT"
        }
      ],
      "flags": {
        "pinned": true
      },
      "id": 238,
      "type": "ImageResizeKJ",
      "properties": {
        "Node name for S&R": "ImageResizeKJ"
      },
      "order": 19
    },
    {
      "outputs": [
        {
          "name": "text",
          "links": [
            409
          ],
          "label": "text",
          "type": "STRING",
          "localized_name": "text"
        }
      ],
      "color": "#232",
      "widgets_values": [
        "我才不怕呢"
      ],
      "inputs": [],
      "flags": {
        "pinned": true
      },
      "type": "JjkText",
      "title": "输入文本",
      "mode": 0,
      "bgcolor": "#353",
      "size": [
        285.31512451171875,
        207.087890625
      ],
      "pos": [
        22130.306640625,
        -2728.83447265625
      ],
      "id": 252,
      "properties": {
        "Node name for S&R": "JjkText"
      },
      "order": 4
    },
    {
      "outputs": [
        {
          "name": "Filenames",
          "label": "Filenames",
          "type": "VHS_FILENAMES",
          "localized_name": "Filenames"
        }
      ],
      "color": "#232",
      "widgets_values": {
        "save_output": true,
        "filename_prefix": "AnimateDiff",
        "loop_count": 0,
        "pix_fmt": "yuv420p",
        "save_metadata": false,
        "crf": 19,
        "trim_to_audio": false,
        "videopreview": {
          "paused": false,
          "hidden": false,
          "params": {
            "filename": "AnimateDiff_00076-audio_uzaha_1744705495.mp4",
            "workflow": "AnimateDiff_00076.png",
            "fullpath": "/data/ComfyUI/personal/431c8b65e23401f0645b6af625430999/output/AnimateDiff_00076-audio.mp4",
            "format": "video/h264-mp4",
            "subfolder": "",
            "type": "output",
            "frame_rate": 25
          }
        },
        "format": "video/h264-mp4",
        "frame_rate": 1,
        "pingpong": false
      },
      "inputs": [
        {
          "shape": 7,
          "name": "images",
          "link": 100,
          "label": "images",
          "type": "IMAGE",
          "localized_name": "images"
        },
        {
          "shape": 7,
          "name": "audio",
          "link": 416,
          "label": "audio",
          "type": "AUDIO",
          "localized_name": "audio"
        },
        {
          "shape": 7,
          "name": "meta_batch",
          "label": "meta_batch",
          "type": "VHS_BatchManager",
          "localized_name": "meta_batch"
        },
        {
          "shape": 7,
          "name": "vae",
          "label": "vae",
          "type": "VAE",
          "localized_name": "vae"
        },
        {
          "widget": {
            "name": "frame_rate"
          },
          "name": "frame_rate",
          "link": 102,
          "label": "frame_rate",
          "type": "FLOAT",
          "localized_name": "帧率"
        }
      ],
      "flags": {
        "pinned": true
      },
      "type": "VHS_VideoCombine",
      "mode": 0,
      "bgcolor": "#353",
      "size": [
        421.5751037597656,
        334
      ],
      "pos": [
        23649.796875,
        -3011.826416015625
      ],
      "id": 57,
      "properties": {
        "Node name for S&R": "VHS_VideoCombine"
      },
      "order": 27
    },
    {
      "outputs": [
        {
          "name": "Filenames",
          "label": "Filenames",
          "type": "VHS_FILENAMES",
          "localized_name": "Filenames"
        }
      ],
      "color": "#232",
      "widgets_values": {
        "save_output": true,
        "filename_prefix": "AnimateDiff",
        "loop_count": 0,
        "pix_fmt": "yuv420p",
        "save_metadata": false,
        "crf": 19,
        "trim_to_audio": false,
        "videopreview": {
          "paused": false,
          "hidden": false,
          "params": {
            "filename": "AnimateDiff_00075-audio_vzehm_1744705426.mp4",
            "workflow": "AnimateDiff_00075.png",
            "fullpath": "/data/ComfyUI/personal/431c8b65e23401f0645b6af625430999/output/AnimateDiff_00075-audio.mp4",
            "format": "video/h264-mp4",
            "subfolder": "",
            "type": "output",
            "frame_rate": 25
          }
        },
        "format": "video/h264-mp4",
        "frame_rate": 1,
        "pingpong": false
      },
      "inputs": [
        {
          "shape": 7,
          "name": "images",
          "link": 438,
          "label": "images",
          "type": "IMAGE",
          "localized_name": "images"
        },
        {
          "shape": 7,
          "name": "audio",
          "link": 439,
          "label": "audio",
          "type": "AUDIO",
          "localized_name": "audio"
        },
        {
          "shape": 7,
          "name": "meta_batch",
          "label": "meta_batch",
          "type": "VHS_BatchManager",
          "localized_name": "meta_batch"
        },
        {
          "shape": 7,
          "name": "vae",
          "label": "vae",
          "type": "VAE",
          "localized_name": "vae"
        },
        {
          "widget": {
            "name": "frame_rate"
          },
          "name": "frame_rate",
          "link": 440,
          "label": "frame_rate",
          "type": "FLOAT",
          "localized_name": "帧率"
        }
      ],
      "flags": {
        "pinned": true
      },
      "type": "VHS_VideoCombine",
      "mode": 0,
      "bgcolor": "#353",
      "size": [
        421.5751037597656,
        334
      ],
      "pos": [
        23650,
        -2070
      ],
      "id": 268,
      "properties": {
        "Node name for S&R": "VHS_VideoCombine"
      },
      "order": 28
    },
    {
      "outputs": [
        {
          "name": "Filenames",
          "label": "Filenames",
          "type": "VHS_FILENAMES",
          "localized_name": "Filenames"
        }
      ],
      "color": "#232",
      "widgets_values": {
        "save_output": true,
        "filename_prefix": "AnimateDiff",
        "loop_count": 0,
        "pix_fmt": "yuv420p",
        "save_metadata": false,
        "crf": 19,
        "trim_to_audio": false,
        "videopreview": {
          "paused": false,
          "hidden": false,
          "params": {
            "filename": "AnimateDiff_00074_azsin_1744705356.mp4",
            "workflow": "AnimateDiff_00074.png",
            "fullpath": "/data/ComfyUI/personal/431c8b65e23401f0645b6af625430999/output/AnimateDiff_00074.mp4",
            "format": "video/h264-mp4",
            "subfolder": "",
            "type": "output",
            "frame_rate": 8
          }
        },
        "format": "video/h264-mp4",
        "frame_rate": 1,
        "pingpong": false
      },
      "inputs": [
        {
          "shape": 7,
          "name": "images",
          "link": 421,
          "label": "images",
          "type": "IMAGE",
          "localized_name": "images"
        },
        {
          "shape": 7,
          "name": "audio",
          "label": "audio",
          "type": "AUDIO",
          "localized_name": "audio"
        },
        {
          "shape": 7,
          "name": "meta_batch",
          "label": "meta_batch",
          "type": "VHS_BatchManager",
          "localized_name": "meta_batch"
        },
        {
          "shape": 7,
          "name": "vae",
          "label": "vae",
          "type": "VAE",
          "localized_name": "vae"
        },
        {
          "widget": {
            "name": "frame_rate"
          },
          "name": "frame_rate",
          "label": "frame_rate",
          "type": "FLOAT",
          "localized_name": "帧率"
        }
      ],
      "flags": {
        "pinned": true
      },
      "type": "VHS_VideoCombine",
      "mode": 0,
      "bgcolor": "#353",
      "size": [
        421.5751037597656,
        334
      ],
      "pos": [
        23630,
        -3880
      ],
      "id": 259,
      "properties": {
        "Node name for S&R": "VHS_VideoCombine"
      },
      "order": 26
    },
    {
      "outputs": [
        {
          "name": "audio",
          "links": [
            426,
            463
          ],
          "label": "audio",
          "type": "AUDIO",
          "localized_name": "audio"
        }
      ],
      "color": "#432",
      "widgets_values": [
        "嗯嗯嗯嗯嗯嗯嗯嗯",
        "female",
        "moderate",
        "moderate",
        0.8,
        50,
        0.95,
        3000,
        true,
        false,
        92874689098419,
        "randomize"
      ],
      "inputs": [],
      "flags": {
        "pinned": true
      },
      "type": "SparkTTSRun",
      "mode": 0,
      "bgcolor": "#653",
      "size": [
        400,
        352
      ],
      "pos": [
        22746.474609375,
        -3579.019775390625
      ],
      "id": 263,
      "properties": {
        "Node name for S&R": "SparkTTSRun"
      },
      "order": 5
    },
    {
      "outputs": [],
      "color": "#f1e66e",
      "widgets_values": [
        "首先：上传2张图像，分别对角色涂抹面部\n然后：上传音频3秒左右，再输入一句台词\n最后：点击运行会生成3段视频效果\n分别是背景，左边 右边\n导入剪辑软件，把背景放到最底下轨道，左边 右边分别添加线性蒙版处理，最后剪辑到一起\n"
      ],
      "inputs": [],
      "flags": {
        "pinned": true
      },
      "type": "Note _O",
      "mode": 0,
      "bgcolor": "#ddd25a",
      "size": [
        400,
        200
      ],
      "pos": [
        21651.171875,
        -2564.63037109375
      ],
      "id": 273,
      "properties": {
        "Node name for S&R": "Note _O"
      },
      "order": 6
    },
    {
      "outputs": [
        {
          "name": "audio",
          "links": [
            439,
            441,
            452
          ],
          "label": "audio",
          "type": "AUDIO",
          "localized_name": "audio"
        }
      ],
      "color": "#432",
      "widgets_values": [
        "",
        "婷婷",
        0.8,
        50,
        0.95,
        3000,
        true,
        false,
        1042199264229358,
        "randomize",
        ""
      ],
      "inputs": [
        {
          "shape": 7,
          "name": "custom_clone_audio",
          "link": 445,
          "label": "custom_clone_audio",
          "type": "AUDIO",
          "localized_name": "custom_clone_audio"
        },
        {
          "widget": {
            "name": "text"
          },
          "name": "text",
          "link": 443,
          "label": "text",
          "type": "STRING"
        }
      ],
      "flags": {},
      "type": "SparkTTSClone",
      "mode": 0,
      "bgcolor": "#653",
      "size": [
        393.57427978515625,
        471.5210876464844
      ],
      "pos": [
        22449.17578125,
        -1813.85205078125
      ],
      "id": 271,
      "properties": {
        "rejects_ue_links": true,
        "Node name for S&R": "SparkTTSClone"
      },
      "order": 14
    },
    {
      "outputs": [
        {
          "shape": 3,
          "name": "AUDIO",
          "slot_index": 0,
          "links": [
            445
          ],
          "label": "AUDIO",
          "type": "AUDIO",
          "localized_name": "AUDIO"
        }
      ],
      "color": "#222",
      "widgets_values": [
        "676c0a301adeed07fbf5132af353cda9d066363eb28cb347cae4b56a4eea11d0.MP3",
        "",
        ""
      ],
      "inputs": [],
      "flags": {},
      "type": "LoadAudio",
      "mode": 0,
      "bgcolor": "#000",
      "size": [
        269.93316650390625,
        289.4361572265625
      ],
      "pos": [
        22146.412109375,
        -2073.968994140625
      ],
      "id": 248,
      "properties": {
        "Node name for S&R": "LoadAudio"
      },
      "order": 7
    },
    {
      "outputs": [
        {
          "name": "text",
          "links": [
            443
          ],
          "label": "text",
          "type": "STRING",
          "localized_name": "text"
        }
      ],
      "color": "#232",
      "widgets_values": [
        "小心掉脑袋"
      ],
      "inputs": [],
      "flags": {},
      "type": "JjkText",
      "title": "输入文本",
      "mode": 0,
      "bgcolor": "#353",
      "size": [
        285.31512451171875,
        207.087890625
      ],
      "pos": [
        22127.1484375,
        -1627.4998779296875
      ],
      "id": 269,
      "properties": {
        "Node name for S&R": "JjkText"
      },
      "order": 8
    },
    {
      "mode": 0,
      "outputs": [
        {
          "name": "data_dict",
          "links": [
            465
          ],
          "label": "data_dict",
          "type": "SONIC_PREDATA",
          "localized_name": "data_dict"
        }
      ],
      "size": [
        315,
        186
      ],
      "pos": [
        22813.630859375,
        -3836.23583984375
      ],
      "widgets_values": [
        576,
        10,
        1
      ],
      "inputs": [
        {
          "name": "clip_vision",
          "link": 461,
          "label": "clip_vision",
          "type": "CLIP_VISION",
          "localized_name": "clip_vision"
        },
        {
          "name": "vae",
          "link": 462,
          "label": "vae",
          "type": "VAE",
          "localized_name": "vae"
        },
        {
          "name": "audio",
          "link": 463,
          "label": "audio",
          "type": "AUDIO",
          "localized_name": "audio"
        },
        {
          "name": "image",
          "link": 464,
          "label": "image",
          "type": "IMAGE",
          "localized_name": "image"
        },
        {
          "name": "weight_dtype",
          "link": 466,
          "label": "weight_dtype",
          "type": "DTYPE",
          "localized_name": "weight_dtype"
        }
      ],
      "flags": {},
      "id": 277,
      "type": "SONIC_PreData",
      "properties": {
        "Node name for S&R": "SONIC_PreData"
      },
      "order": 20
    },
    {
      "mode": 0,
      "outputs": [
        {
          "name": "data_dict",
          "links": [
            456
          ],
          "label": "data_dict",
          "type": "SONIC_PREDATA",
          "localized_name": "data_dict"
        }
      ],
      "size": [
        315,
        186
      ],
      "pos": [
        22848.78125,
        -3003.2490234375
      ],
      "widgets_values": [
        576,
        10,
        1
      ],
      "inputs": [
        {
          "name": "clip_vision",
          "link": 457,
          "label": "clip_vision",
          "type": "CLIP_VISION",
          "localized_name": "clip_vision"
        },
        {
          "name": "vae",
          "link": 458,
          "label": "vae",
          "type": "VAE",
          "localized_name": "vae"
        },
        {
          "name": "audio",
          "link": 459,
          "label": "audio",
          "type": "AUDIO",
          "localized_name": "audio"
        },
        {
          "name": "image",
          "link": 460,
          "label": "image",
          "type": "IMAGE",
          "localized_name": "image"
        },
        {
          "name": "weight_dtype",
          "link": 467,
          "label": "weight_dtype",
          "type": "DTYPE",
          "localized_name": "weight_dtype"
        }
      ],
      "flags": {},
      "id": 276,
      "type": "SONIC_PreData",
      "properties": {
        "Node name for S&R": "SONIC_PreData"
      },
      "order": 21
    },
    {
      "mode": 0,
      "outputs": [
        {
          "name": "data_dict",
          "links": [
            455
          ],
          "label": "data_dict",
          "type": "SONIC_PREDATA",
          "localized_name": "data_dict"
        }
      ],
      "size": [
        315,
        186
      ],
      "pos": [
        22866.849609375,
        -2057.410400390625
      ],
      "widgets_values": [
        576,
        10,
        1
      ],
      "inputs": [
        {
          "name": "clip_vision",
          "link": 454,
          "label": "clip_vision",
          "type": "CLIP_VISION",
          "localized_name": "clip_vision"
        },
        {
          "name": "vae",
          "link": 453,
          "label": "vae",
          "type": "VAE",
          "localized_name": "vae"
        },
        {
          "name": "audio",
          "link": 452,
          "label": "audio",
          "type": "AUDIO",
          "localized_name": "audio"
        },
        {
          "name": "image",
          "link": 451,
          "label": "image",
          "type": "IMAGE",
          "localized_name": "image"
        },
        {
          "name": "weight_dtype",
          "link": 469,
          "label": "weight_dtype",
          "type": "DTYPE",
          "localized_name": "weight_dtype"
        }
      ],
      "flags": {},
      "id": 274,
      "type": "SONIC_PreData",
      "properties": {
        "Node name for S&R": "SONIC_PreData"
      },
      "order": 22
    }
  ],
  "extra": {
    "VHS_KeepIntermediate": true,
    "ue_links": [],
    "VHS_MetadataImage": true,
    "0246.VERSION": [
      0,
      0,
      4
    ],
    "VHS_latentpreviewrate": 0,
    "VHS_latentpreview": false,
    "ds": {
      "offset": [
        -21844.028178533255,
        3046.8117919978968
      ],
      "scale": 0.6588450000000003
    }
  },
  "groups": [
    {
      "color": "#3f789e",
      "font_size": 100,
      "flags": {},
      "id": 3,
      "title": "背景",
      "bounding": [
        20628.93359375,
        -4079.646240234375,
        3465.893798828125,
        881.6804809570312
      ]
    },
    {
      "color": "#3f789e",
      "font_size": 100,
      "flags": {
        "pinned": true
      },
      "id": 4,
      "title": "左-口型",
      "bounding": [
        20633.787109375,
        -3191.826416015625,
        3447.583984375,
        924.512939453125
      ]
    },
    {
      "color": "#3f789e",
      "font_size": 100,
      "flags": {
        "pinned": true
      },
      "id": 5,
      "title": "右-口型",
      "bounding": [
        20648.37109375,
        -2248.1572265625,
        3450.463134765625,
        910.7351684570312
      ]
    },
    {
      "color": "#b06634",
      "font_size": 200,
      "flags": {
        "pinned": true
      },
      "id": 6,
      "title": "数字人小剧场",
      "bounding": [
        20640.015625,
        -4379.078125,
        1266.7166748046875,
        281.00958251953125
      ]
    }
  ],
  "links": [
    [
      100,
      52,
      0,
      57,
      0,
      "IMAGE"
    ],
    [
      102,
      52,
      1,
      57,
      4,
      "FLOAT"
    ],
    [
      108,
      54,
      0,
      59,
      0,
      "MODEL"
    ],
    [
      109,
      59,
      0,
      52,
      0,
      "MODEL_SONIC"
    ],
    [
      382,
      56,
      0,
      233,
      0,
      "IMAGE"
    ],
    [
      383,
      56,
      1,
      233,
      1,
      "MASK"
    ],
    [
      384,
      233,
      0,
      234,
      0,
      "IMAGE"
    ],
    [
      385,
      236,
      0,
      235,
      0,
      "IMAGE"
    ],
    [
      386,
      236,
      1,
      235,
      1,
      "MASK"
    ],
    [
      387,
      235,
      0,
      237,
      0,
      "IMAGE"
    ],
    [
      388,
      233,
      0,
      98,
      0,
      "IMAGE"
    ],
    [
      389,
      235,
      0,
      238,
      0,
      "IMAGE"
    ],
    [
      409,
      252,
      0,
      251,
      1,
      "STRING"
    ],
    [
      413,
      67,
      0,
      251,
      0,
      "AUDIO"
    ],
    [
      416,
      251,
      0,
      57,
      1,
      "AUDIO"
    ],
    [
      421,
      261,
      0,
      259,
      0,
      "IMAGE"
    ],
    [
      422,
      59,
      0,
      261,
      0,
      "MODEL_SONIC"
    ],
    [
      427,
      56,
      0,
      264,
      0,
      "IMAGE"
    ],
    [
      428,
      264,
      0,
      265,
      0,
      "IMAGE"
    ],
    [
      438,
      272,
      0,
      268,
      0,
      "IMAGE"
    ],
    [
      439,
      271,
      0,
      268,
      1,
      "AUDIO"
    ],
    [
      440,
      272,
      1,
      268,
      4,
      "FLOAT"
    ],
    [
      443,
      269,
      0,
      271,
      1,
      "STRING"
    ],
    [
      445,
      248,
      0,
      271,
      0,
      "AUDIO"
    ],
    [
      448,
      59,
      0,
      272,
      0,
      "MODEL_SONIC"
    ],
    [
      451,
      238,
      0,
      274,
      3,
      "IMAGE"
    ],
    [
      452,
      271,
      0,
      274,
      2,
      "AUDIO"
    ],
    [
      453,
      54,
      2,
      274,
      1,
      "VAE"
    ],
    [
      454,
      54,
      1,
      274,
      0,
      "CLIP_VISION"
    ],
    [
      455,
      274,
      0,
      272,
      1,
      "SONIC_PREDATA"
    ],
    [
      456,
      276,
      0,
      52,
      1,
      "SONIC_PREDATA"
    ],
    [
      457,
      54,
      1,
      276,
      0,
      "CLIP_VISION"
    ],
    [
      458,
      54,
      2,
      276,
      1,
      "VAE"
    ],
    [
      459,
      251,
      0,
      276,
      2,
      "AUDIO"
    ],
    [
      460,
      98,
      0,
      276,
      3,
      "IMAGE"
    ],
    [
      461,
      54,
      1,
      277,
      0,
      "CLIP_VISION"
    ],
    [
      462,
      54,
      2,
      277,
      1,
      "VAE"
    ],
    [
      463,
      263,
      0,
      277,
      2,
      "AUDIO"
    ],
    [
      464,
      264,
      0,
      277,
      3,
      "IMAGE"
    ],
    [
      465,
      277,
      0,
      261,
      1,
      "SONIC_PREDATA"
    ],
    [
      466,
      59,
      1,
      277,
      4,
      "DTYPE"
    ],
    [
      467,
      59,
      1,
      276,
      4,
      "DTYPE"
    ],
    [
      469,
      59,
      1,
      274,
      4,
      "DTYPE"
    ]
  ],
  "id": "59b52a7b-3d01-4087-b552-12c314134095",
  "config": {},
  "version": 0.4,
  "last_node_id": 279,
  "revision": 0
}