{
  "last_link_id": 408,
  "nodes": [
    {
      "outputs": [
        {
          "name": "cache_args",
          "slot_index": 0,
          "links": [
            126
          ],
          "label": "cache_args",
          "type": "CACHEARGS",
          "localized_name": "cache_args"
        }
      ],
      "color": "#223",
      "widgets_values": [
        0.20000000000000004,
        3,
        -1,
        "offload_device",
        "true",
        "e"
      ],
      "inputs": [],
      "flags": {
        "collapsed": false
      },
      "type": "WanVideoTeaCache",
      "mode": 0,
      "bgcolor": "#335",
      "size": [
        459.51019287109375,
        178
      ],
      "pos": [
        7635.29833984375,
        4691.3515625
      ],
      "id": 109,
      "properties": {
        "Node name for S&R": "WanVideoTeaCache",
        "ttNbgOverride": {
          "bgcolor": "#335",
          "groupcolor": "#88A",
          "color": "#223"
        }
      },
      "order": 0
    },
    {
      "outputs": [
        {
          "name": "slg_args",
          "links": [
            127
          ],
          "label": "slg_args",
          "type": "SLGARGS",
          "localized_name": "slg_args"
        }
      ],
      "color": "#223",
      "widgets_values": [
        "9",
        0.20000000000000004,
        0.7000000000000002
      ],
      "inputs": [],
      "flags": {},
      "type": "WanVideoSLG",
      "mode": 0,
      "bgcolor": "#335",
      "size": [
        463.017578125,
        187.53517150878906
      ],
      "pos": [
        7635.29833984375,
        4921.3515625
      ],
      "id": 112,
      "properties": {
        "Node name for S&R": "WanVideoSLG",
        "ttNbgOverride": {
          "bgcolor": "#335",
          "groupcolor": "#88A",
          "color": "#223"
        }
      },
      "order": 1
    },
    {
      "outputs": [
        {
          "name": "exp_args",
          "links": [
            128
          ],
          "label": "exp_args",
          "type": "EXPERIMENTALARGS",
          "localized_name": "exp_args"
        }
      ],
      "color": "#223",
      "widgets_values": [
        "",
        true,
        false,
        0,
        false,
        1,
        1.25,
        20
      ],
      "inputs": [],
      "flags": {},
      "type": "WanVideoExperimentalArgs",
      "mode": 0,
      "bgcolor": "#335",
      "size": [
        442.12542724609375,
        226
      ],
      "pos": [
        7645.29833984375,
        5161.3515625
      ],
      "id": 117,
      "properties": {
        "Node name for S&R": "WanVideoExperimentalArgs",
        "ttNbgOverride": {
          "bgcolor": "#335",
          "groupcolor": "#88A",
          "color": "#223"
        }
      },
      "order": 2
    },
    {
      "outputs": [
        {
          "name": "wan_t5_model",
          "slot_index": 0,
          "links": [
            120
          ],
          "label": "wan_t5_model",
          "type": "WANTEXTENCODER",
          "localized_name": "wan_t5_model"
        }
      ],
      "color": "#232",
      "widgets_values": [
        "umt5-xxl-enc-bf16.safetensors",
        "bf16",
        "offload_device",
        "disabled"
      ],
      "inputs": [],
      "flags": {},
      "type": "LoadWanVideoT5TextEncoder",
      "mode": 0,
      "bgcolor": "#353",
      "size": [
        576.0169067382812,
        130
      ],
      "pos": [
        7610,
        3440
      ],
      "id": 104,
      "properties": {
        "Node name for S&R": "LoadWanVideoT5TextEncoder",
        "ttNbgOverride": {
          "bgcolor": "#335",
          "groupcolor": "#88A",
          "color": "#223"
        }
      },
      "order": 3
    },
    {
      "outputs": [
        {
          "name": "feta_args",
          "links": [
            125
          ],
          "label": "feta_args",
          "type": "FETAARGS",
          "localized_name": "feta_args"
        }
      ],
      "color": "#223",
      "widgets_values": [
        2,
        0,
        1
      ],
      "inputs": [],
      "flags": {},
      "type": "WanVideoEnhanceAVideo",
      "mode": 0,
      "bgcolor": "#335",
      "size": [
        460.6496887207031,
        106.8567886352539
      ],
      "pos": [
        7635.29833984375,
        4521.3515625
      ],
      "id": 113,
      "properties": {
        "Node name for S&R": "WanVideoEnhanceAVideo",
        "ttNbgOverride": {
          "bgcolor": "#335",
          "groupcolor": "#88A",
          "color": "#223"
        }
      },
      "order": 4
    },
    {
      "mode": 0,
      "outputs": [
        {
          "shape": 3,
          "name": "text",
          "slot_index": 0,
          "links": [
            141
          ],
          "label": "text",
          "type": "STRING",
          "localized_name": "text"
        }
      ],
      "size": [
        305.57562255859375,
        86.71221160888672
      ],
      "pos": [
        7193.7861328125,
        3567.530517578125
      ],
      "widgets_values": [
        "",
        ""
      ],
      "inputs": [
        {
          "widget": {
            "name": "text1"
          },
          "name": "text1",
          "link": 235,
          "label": "text1",
          "type": "STRING"
        },
        {
          "widget": {
            "name": "text2"
          },
          "name": "text2",
          "link": 144,
          "label": "text2",
          "type": "STRING"
        }
      ],
      "flags": {},
      "id": 130,
      "type": "TextCombinerTwo",
      "properties": {
        "Node name for S&R": "TextCombinerTwo"
      },
      "order": 45
    },
    {
      "mode": 0,
      "outputs": [
        {
          "shape": 3,
          "name": "text",
          "slot_index": 0,
          "links": [
            235
          ],
          "label": "text",
          "type": "STRING",
          "localized_name": "text"
        }
      ],
      "size": [
        305.57562255859375,
        86.71221160888672
      ],
      "pos": [
        7189.7880859375,
        3422.31884765625
      ],
      "widgets_values": [
        "",
        ""
      ],
      "inputs": [
        {
          "widget": {
            "name": "text1"
          },
          "name": "text1",
          "link": 233,
          "label": "text1",
          "type": "STRING"
        },
        {
          "widget": {
            "name": "text2"
          },
          "name": "text2",
          "link": 243,
          "label": "text2",
          "type": "STRING"
        }
      ],
      "flags": {},
      "id": 207,
      "type": "TextCombinerTwo",
      "properties": {
        "Node name for S&R": "TextCombinerTwo"
      },
      "order": 42
    },
    {
      "outputs": [
        {
          "name": "vae",
          "slot_index": 0,
          "links": [
            131,
            134
          ],
          "label": "vae",
          "type": "WANVAE",
          "localized_name": "vae"
        }
      ],
      "color": "#df4e4e",
      "widgets_values": [
        "Wan2_1_VAE_bf16.safetensors",
        "bf16"
      ],
      "inputs": [],
      "flags": {},
      "type": "WanVideoVAELoader",
      "mode": 0,
      "bgcolor": "#cb3a3a",
      "size": [
        461.5893249511719,
        97.17805480957031
      ],
      "pos": [
        7622.0732421875,
        3973.147705078125
      ],
      "id": 105,
      "properties": {
        "Node name for S&R": "WanVideoVAELoader",
        "ttNbgOverride": {
          "bgcolor": "#335",
          "groupcolor": "#88A",
          "color": "#223"
        }
      },
      "order": 5
    },
    {
      "mode": 0,
      "outputs": [
        {
          "name": "",
          "links": [
            239
          ],
          "label": "",
          "type": "WANVIDEOMODEL"
        }
      ],
      "size": [
        75,
        26
      ],
      "pos": [
        8164.25439453125,
        5152.193359375
      ],
      "inputs": [
        {
          "name": "",
          "link": 238,
          "label": "",
          "type": "*"
        }
      ],
      "flags": {},
      "id": 209,
      "type": "Reroute",
      "properties": {
        "horizontal": false,
        "showOutputText": false
      },
      "order": 35
    },
    {
      "outputs": [
        {
          "name": "samples",
          "slot_index": 0,
          "links": [
            132
          ],
          "label": "samples",
          "type": "LATENT",
          "localized_name": "samples"
        }
      ],
      "color": "#432",
      "widgets_values": [
        20,
        6.000000000000001,
        5.000000000000001,
        1057359483639288,
        "fixed",
        true,
        "dpm++",
        0,
        1,
        "",
        "comfy"
      ],
      "inputs": [
        {
          "name": "model",
          "link": 239,
          "label": "model",
          "type": "WANVIDEOMODEL",
          "localized_name": "model"
        },
        {
          "name": "text_embeds",
          "link": 123,
          "label": "text_embeds",
          "type": "WANVIDEOTEXTEMBEDS",
          "localized_name": "text_embeds"
        },
        {
          "name": "image_embeds",
          "link": 124,
          "label": "image_embeds",
          "type": "WANVIDIMAGE_EMBEDS",
          "localized_name": "image_embeds"
        },
        {
          "shape": 7,
          "name": "samples",
          "label": "samples",
          "type": "LATENT",
          "localized_name": "samples"
        },
        {
          "shape": 7,
          "name": "feta_args",
          "link": 125,
          "label": "feta_args",
          "type": "FETAARGS",
          "localized_name": "feta_args"
        },
        {
          "shape": 7,
          "name": "context_options",
          "label": "context_options",
          "type": "WANVIDCONTEXT",
          "localized_name": "context_options"
        },
        {
          "shape": 7,
          "name": "cache_args",
          "link": 126,
          "label": "cache_args",
          "type": "CACHEARGS",
          "localized_name": "cache_args"
        },
        {
          "shape": 7,
          "name": "flowedit_args",
          "label": "flowedit_args",
          "type": "FLOWEDITARGS",
          "localized_name": "flowedit_args"
        },
        {
          "shape": 7,
          "name": "slg_args",
          "link": 127,
          "label": "slg_args",
          "type": "SLGARGS",
          "localized_name": "slg_args"
        },
        {
          "shape": 7,
          "name": "loop_args",
          "label": "loop_args",
          "type": "LOOPARGS",
          "localized_name": "loop_args"
        },
        {
          "shape": 7,
          "name": "experimental_args",
          "link": 128,
          "label": "experimental_args",
          "type": "EXPERIMENTALARGS",
          "localized_name": "experimental_args"
        },
        {
          "shape": 7,
          "name": "sigmas",
          "label": "sigmas",
          "type": "SIGMAS",
          "localized_name": "sigmas"
        },
        {
          "shape": 7,
          "name": "unianimate_poses",
          "label": "unianimate_poses",
          "type": "UNIANIMATE_POSE",
          "localized_name": "unianimate_poses"
        },
        {
          "shape": 7,
          "name": "fantasytalking_embeds",
          "label": "fantasytalking_embeds",
          "type": "FANTASYTALKING_EMBEDS",
          "localized_name": "fantasytalking_embeds"
        },
        {
          "shape": 7,
          "name": "uni3c_embeds",
          "label": "uni3c_embeds",
          "type": "UNI3C_EMBEDS",
          "localized_name": "uni3c_embeds"
        },
        {
          "shape": 7,
          "name": "multitalk_embeds",
          "label": "multitalk_embeds",
          "type": "MULTITALK_EMBEDS",
          "localized_name": "multitalk_embeds"
        }
      ],
      "flags": {},
      "type": "WanVideoSampler",
      "mode": 0,
      "bgcolor": "#653",
      "size": [
        385.5236511230469,
        598
      ],
      "pos": [
        8137.248046875,
        3986.9013671875
      ],
      "id": 108,
      "properties": {
        "Node name for S&R": "WanVideoSampler",
        "ttNbgOverride": {
          "bgcolor": "#335",
          "groupcolor": "#88A",
          "color": "#223"
        }
      },
      "order": 60
    },
    {
      "outputs": [
        {
          "name": "vace_embeds",
          "links": [
            124
          ],
          "label": "vace_embeds",
          "type": "WANVIDIMAGE_EMBEDS",
          "localized_name": "vace_embeds"
        }
      ],
      "color": "#332922",
      "widgets_values": [
        832,
        480,
        33,
        1,
        0,
        1,
        false
      ],
      "inputs": [
        {
          "name": "vae",
          "link": 134,
          "label": "vae",
          "type": "WANVAE",
          "localized_name": "vae"
        },
        {
          "shape": 7,
          "name": "input_frames",
          "label": "input_frames",
          "type": "IMAGE",
          "localized_name": "input_frames"
        },
        {
          "shape": 7,
          "name": "ref_images",
          "link": 256,
          "label": "ref_images",
          "type": "IMAGE",
          "localized_name": "ref_images"
        },
        {
          "shape": 7,
          "name": "input_masks",
          "label": "input_masks",
          "type": "MASK",
          "localized_name": "input_masks"
        },
        {
          "widget": {
            "name": "num_frames"
          },
          "name": "num_frames",
          "link": 370,
          "label": "num_frames",
          "type": "INT"
        },
        {
          "widget": {
            "name": "width"
          },
          "name": "width",
          "link": 236,
          "label": "width",
          "type": "INT"
        },
        {
          "widget": {
            "name": "height"
          },
          "name": "height",
          "link": 237,
          "label": "height",
          "type": "INT"
        },
        {
          "shape": 7,
          "name": "prev_vace_embeds",
          "label": "prev_vace_embeds",
          "type": "WANVIDIMAGE_EMBEDS",
          "localized_name": "prev_vace_embeds"
        }
      ],
      "flags": {},
      "type": "WanVideoVACEEncode",
      "mode": 0,
      "bgcolor": "#593930",
      "size": [
        473.6643371582031,
        336.48797607421875
      ],
      "pos": [
        7626.11669921875,
        4124.845703125
      ],
      "id": 118,
      "properties": {
        "Node name for S&R": "WanVideoVACEEncode",
        "ttNbgOverride": {
          "bgcolor": "#335",
          "groupcolor": "#88A",
          "color": "#223"
        }
      },
      "order": 63
    },
    {
      "outputs": [
        {
          "name": "block_swap_args",
          "links": [
            129
          ],
          "label": "block_swap_args",
          "type": "BLOCKSWAPARGS",
          "localized_name": "block_swap_args"
        }
      ],
      "color": "#223",
      "widgets_values": [
        30,
        false,
        false,
        true,
        0
      ],
      "inputs": [],
      "flags": {},
      "type": "WanVideoBlockSwap",
      "mode": 0,
      "bgcolor": "#335",
      "size": [
        776.5855102539062,
        154
      ],
      "pos": [
        6785.8359375,
        4475.068359375
      ],
      "id": 107,
      "properties": {
        "Node name for S&R": "WanVideoBlockSwap",
        "ttNbgOverride": {
          "bgcolor": "#335",
          "groupcolor": "#88A",
          "color": "#223"
        }
      },
      "order": 6
    },
    {
      "outputs": [
        {
          "name": "vace_model",
          "links": [
            130
          ],
          "label": "vace_model",
          "type": "VACEPATH",
          "localized_name": "vace_model"
        }
      ],
      "color": "#223",
      "widgets_values": [
        "Wan2_1-VACE_module_14B_bf16.safetensors"
      ],
      "inputs": [],
      "flags": {},
      "type": "WanVideoVACEModelSelect",
      "mode": 0,
      "bgcolor": "#335",
      "size": [
        779.37744140625,
        103.31671905517578
      ],
      "pos": [
        6786.306640625,
        4686.11572265625
      ],
      "id": 110,
      "properties": {
        "Node name for S&R": "WanVideoVACEModelSelect",
        "ttNbgOverride": {
          "bgcolor": "#335",
          "groupcolor": "#88A",
          "color": "#223"
        }
      },
      "order": 7
    },
    {
      "outputs": [
        {
          "name": "model",
          "slot_index": 0,
          "links": [
            238
          ],
          "label": "model",
          "type": "WANVIDEOMODEL",
          "localized_name": "model"
        }
      ],
      "color": "#223",
      "widgets_values": [
        "Wan2_1-T2V-14B_fp8_e4m3fn.safetensors",
        "fp16",
        "fp8_e4m3fn",
        "offload_device",
        "sageattn"
      ],
      "inputs": [
        {
          "shape": 7,
          "name": "compile_args",
          "label": "compile_args",
          "type": "WANCOMPILEARGS",
          "localized_name": "compile_args"
        },
        {
          "shape": 7,
          "name": "block_swap_args",
          "link": 129,
          "label": "block_swap_args",
          "type": "BLOCKSWAPARGS",
          "localized_name": "block_swap_args"
        },
        {
          "shape": 7,
          "name": "lora",
          "label": "lora",
          "type": "WANVIDLORA",
          "localized_name": "lora"
        },
        {
          "shape": 7,
          "name": "vram_management_args",
          "label": "vram_management_args",
          "type": "VRAM_MANAGEMENTARGS",
          "localized_name": "vram_management_args"
        },
        {
          "shape": 7,
          "name": "vace_model",
          "link": 130,
          "label": "vace_model",
          "type": "VACEPATH",
          "localized_name": "vace_model"
        },
        {
          "shape": 7,
          "name": "fantasytalking_model",
          "label": "fantasytalking_model",
          "type": "FANTASYTALKINGMODEL",
          "localized_name": "fantasytalking_model"
        },
        {
          "shape": 7,
          "name": "multitalk_model",
          "label": "multitalk_model",
          "type": "MULTITALKMODEL",
          "localized_name": "multitalk_model"
        }
      ],
      "flags": {
        "collapsed": false
      },
      "type": "WanVideoModelLoader",
      "mode": 0,
      "bgcolor": "#335",
      "size": [
        759.4743041992188,
        558.0411376953125
      ],
      "pos": [
        6798.03173828125,
        4856.08642578125
      ],
      "id": 111,
      "properties": {
        "Node name for S&R": "WanVideoModelLoader",
        "ttNbgOverride": {
          "bgcolor": "#335",
          "groupcolor": "#88A",
          "color": "#223"
        }
      },
      "order": 25
    },
    {
      "mode": 0,
      "outputs": [
        {
          "name": "images",
          "slot_index": 0,
          "links": [
            281
          ],
          "label": "images",
          "type": "IMAGE",
          "localized_name": "images"
        }
      ],
      "size": [
        348.3334655761719,
        198.44436645507812
      ],
      "pos": [
        8164.1279296875,
        4609.41162109375
      ],
      "widgets_values": [
        true,
        272,
        272,
        144,
        128,
        "default"
      ],
      "inputs": [
        {
          "name": "vae",
          "link": 131,
          "label": "vae",
          "type": "WANVAE",
          "localized_name": "vae"
        },
        {
          "name": "samples",
          "link": 132,
          "label": "samples",
          "type": "LATENT",
          "localized_name": "samples"
        }
      ],
      "flags": {},
      "id": 115,
      "type": "WanVideoDecode",
      "properties": {
        "Node name for S&R": "WanVideoDecode",
        "ttNbgOverride": {
          "bgcolor": "#335",
          "groupcolor": "#88A",
          "color": "#223"
        }
      },
      "order": 61
    },
    {
      "outputs": [
        {
          "name": "images",
          "links": [
            259
          ],
          "label": "images",
          "type": "IMAGE",
          "localized_name": "images"
        }
      ],
      "color": "#223",
      "widgets_values": [
        2,
        "right",
        true,
        null
      ],
      "inputs": [
        {
          "name": "image_1",
          "link": 258,
          "label": "image_1",
          "type": "IMAGE",
          "localized_name": "image_1"
        },
        {
          "name": "image_2",
          "link": 284,
          "label": "image_2",
          "type": "IMAGE",
          "localized_name": "image_2"
        }
      ],
      "flags": {},
      "type": "ImageConcatMulti",
      "mode": 0,
      "bgcolor": "#335",
      "size": [
        334.9308166503906,
        176.1324920654297
      ],
      "pos": [
        8169.29296875,
        5043.62255859375
      ],
      "id": 220,
      "properties": {
        "ttNbgOverride": {
          "bgcolor": "#335",
          "groupcolor": "#88A",
          "color": "#223"
        }
      },
      "order": 68
    },
    {
      "outputs": [],
      "color": "#432",
      "widgets_values": [
        "- 1:1：正方形画面，适配社交媒体，突出主体，利于手机端浏览分享。\n- 3:4：竖版长方形，常用于人像拍摄与竖版视频，凸显垂直内容。\n- 4:3：横版长方形，适用于早期电视、监控视频和老电影等，可营造复古感。\n- 16:9：超长横版长方形，是电视、影视及网络视频主流，视野开阔，兼容性强。\n- 9:16：超长竖版长方形，契合抖音等短视频平台竖屏模式，聚焦人物主体。\n\n"
      ],
      "inputs": [],
      "flags": {},
      "type": "Note _O",
      "mode": 0,
      "bgcolor": "#653",
      "size": [
        384.0395812988281,
        161.7973175048828
      ],
      "pos": [
        5380,
        3700
      ],
      "id": 259,
      "properties": {
        "Node name for S&R": "Note _O"
      },
      "order": 8
    },
    {
      "outputs": [],
      "color": "#432",
      "widgets_values": [
        "数字“0”代表上传图像的尺寸比例\n数字“1”代表手动设置的尺寸比例\n"
      ],
      "inputs": [],
      "flags": {},
      "type": "Note _O",
      "mode": 0,
      "bgcolor": "#653",
      "size": [
        393.84552001953125,
        88
      ],
      "pos": [
        5380,
        3550
      ],
      "id": 226,
      "properties": {
        "Node name for S&R": "Note _O"
      },
      "order": 9
    },
    {
      "outputs": [
        {
          "shape": 3,
          "name": "width",
          "slot_index": 0,
          "links": [
            249
          ],
          "label": "width",
          "type": "INT",
          "localized_name": "width"
        },
        {
          "shape": 3,
          "name": "height",
          "slot_index": 1,
          "links": [
            250
          ],
          "label": "height",
          "type": "INT",
          "localized_name": "height"
        },
        {
          "shape": 3,
          "name": "resolution",
          "label": "resolution",
          "type": "STRING",
          "localized_name": "resolution"
        }
      ],
      "color": "#232",
      "widgets_values": [
        "0.5",
        "3:4 (Golden Ratio)",
        false,
        "1:1"
      ],
      "inputs": [],
      "flags": {},
      "type": "FluxResolutionNode",
      "mode": 0,
      "bgcolor": "#353",
      "size": [
        547.2839965820312,
        192.0230255126953
      ],
      "pos": [
        5820,
        3680
      ],
      "id": 215,
      "properties": {
        "Node name for S&R": "FluxResolutionNode"
      },
      "order": 10
    },
    {
      "outputs": [
        {
          "name": "INT",
          "links": [
            342
          ],
          "label": "INT",
          "type": "INT",
          "localized_name": "INT"
        }
      ],
      "color": "#233",
      "widgets_values": [
        1
      ],
      "inputs": [],
      "flags": {},
      "type": "Int",
      "mode": 0,
      "bgcolor": "#355",
      "size": [
        315,
        58
      ],
      "pos": [
        9480,
        3610
      ],
      "id": 261,
      "properties": {
        "Node name for S&R": "Int"
      },
      "order": 11
    },
    {
      "outputs": [
        {
          "name": "INT",
          "links": [
            341
          ],
          "label": "INT",
          "type": "INT",
          "localized_name": "INT"
        }
      ],
      "color": "#233",
      "widgets_values": [
        16
      ],
      "inputs": [],
      "flags": {},
      "type": "Int",
      "mode": 0,
      "bgcolor": "#355",
      "size": [
        315,
        58
      ],
      "pos": [
        9480,
        3490
      ],
      "id": 262,
      "properties": {
        "Node name for S&R": "Int"
      },
      "order": 12
    },
    {
      "outputs": [
        {
          "name": "mmaudio_featureutils",
          "links": [
            352
          ],
          "label": "mmaudio_featureutils",
          "type": "MMAUDIO_FEATUREUTILS",
          "localized_name": "mmaudio_featureutils"
        }
      ],
      "color": "#233",
      "widgets_values": [
        "mmaudio_vae_44k_fp16.safetensors",
        "mmaudio_synchformer_fp16.safetensors",
        "apple_DFN5B-CLIP-ViT-H-14-384_fp16.safetensors",
        "44k",
        "fp16"
      ],
      "inputs": [
        {
          "shape": 7,
          "name": "bigvgan_vocoder_model",
          "label": "bigvgan_vocoder_model",
          "type": "VOCODER_MODEL",
          "localized_name": "bigvgan_vocoder_model"
        }
      ],
      "flags": {},
      "type": "MMAudioFeatureUtilsLoader",
      "mode": 0,
      "bgcolor": "#355",
      "size": [
        487.2332763671875,
        154
      ],
      "pos": [
        9580,
        3920
      ],
      "id": 263,
      "properties": {
        "Node name for S&R": "MMAudioFeatureUtilsLoader"
      },
      "order": 13
    },
    {
      "outputs": [
        {
          "shape": 3,
          "name": "CONDITIONING",
          "links": [
            348
          ],
          "label": "CONDITIONING",
          "type": "CONDITIONING",
          "localized_name": "CONDITIONING"
        }
      ],
      "color": "#2a363b",
      "widgets_values": [
        ""
      ],
      "inputs": [
        {
          "name": "clip",
          "link": 333,
          "label": "clip",
          "type": "CLIP",
          "localized_name": "clip"
        }
      ],
      "flags": {},
      "type": "CLIPTextEncode",
      "mode": 4,
      "bgcolor": "#3f5159",
      "size": [
        253.58651733398438,
        97.7833480834961
      ],
      "pos": [
        9650,
        5230
      ],
      "id": 265,
      "properties": {
        "Node name for S&R": "CLIPTextEncode"
      },
      "order": 26
    },
    {
      "outputs": [
        {
          "shape": 3,
          "name": "CONDITIONING",
          "links": [
            347
          ],
          "label": "CONDITIONING",
          "type": "CONDITIONING",
          "localized_name": "CONDITIONING"
        }
      ],
      "color": "#2a363b",
      "widgets_values": [
        ""
      ],
      "inputs": [
        {
          "name": "clip",
          "link": 334,
          "label": "clip",
          "type": "CLIP",
          "localized_name": "clip"
        },
        {
          "widget": {
            "name": "text"
          },
          "name": "text",
          "link": 377,
          "label": "text",
          "type": "STRING",
          "localized_name": "文本"
        }
      ],
      "flags": {},
      "type": "CLIPTextEncode",
      "mode": 4,
      "bgcolor": "#3f5159",
      "size": [
        217.8732147216797,
        58
      ],
      "pos": [
        9660,
        5130
      ],
      "id": 266,
      "properties": {
        "Node name for S&R": "CLIPTextEncode"
      },
      "order": 49
    },
    {
      "outputs": [
        {
          "name": "output",
          "links": [
            339,
            375
          ],
          "label": "output",
          "type": "*",
          "localized_name": "output"
        }
      ],
      "color": "#2a363b",
      "widgets_values": [
        "轻音乐、悠扬旋律、清新氛围、心灵治愈、放松心情、吉他伴奏、愉悦心境、音乐疗法、温馨时光、宁静空间、舒缓节奏、柔和灯光、自在生活、温暖瞬间、简单快乐。"
      ],
      "inputs": [
        {
          "shape": 7,
          "name": "anything",
          "link": 337,
          "label": "anything",
          "type": "*",
          "localized_name": "anything"
        }
      ],
      "flags": {
        "collapsed": false
      },
      "type": "easy showAnything",
      "mode": 4,
      "bgcolor": "#3f5159",
      "size": [
        396.2573547363281,
        89.26702880859375
      ],
      "pos": [
        9140,
        4950
      ],
      "id": 268,
      "properties": {
        "Node name for S&R": "easy showAnything"
      },
      "order": 39
    },
    {
      "outputs": [
        {
          "name": "output",
          "links": [],
          "label": "output",
          "type": "*",
          "localized_name": "output"
        }
      ],
      "color": "#233",
      "widgets_values": [
        "Guitar strums, soft singing, room echoes, gentle melody, melodious music."
      ],
      "inputs": [
        {
          "shape": 7,
          "name": "anything",
          "link": 373,
          "label": "anything",
          "type": "*",
          "localized_name": "anything"
        }
      ],
      "flags": {
        "collapsed": false
      },
      "type": "easy showAnything",
      "mode": 0,
      "bgcolor": "#355",
      "size": [
        396.2763977050781,
        256.7571105957031
      ],
      "pos": [
        10140,
        4220
      ],
      "id": 269,
      "properties": {
        "Node name for S&R": "easy showAnything"
      },
      "order": 46
    },
    {
      "outputs": [
        {
          "name": "INT",
          "label": "INT",
          "type": "INT",
          "localized_name": "INT"
        },
        {
          "name": "FLOAT",
          "links": [
            332,
            343,
            353
          ],
          "label": "FLOAT",
          "type": "FLOAT",
          "localized_name": "FLOAT"
        },
        {
          "name": "STRING",
          "links": [],
          "label": "STRING",
          "type": "STRING",
          "localized_name": "STRING"
        }
      ],
      "color": "#233",
      "shape": 1,
      "widgets_values": [
        "a / b+ c",
        "False",
        0,
        0,
        0
      ],
      "inputs": [
        {
          "widget": {
            "name": "a"
          },
          "shape": 7,
          "name": "a",
          "link": 371,
          "label": "a",
          "type": "INT"
        },
        {
          "widget": {
            "name": "b"
          },
          "shape": 7,
          "name": "b",
          "link": 341,
          "label": "b",
          "type": "INT"
        },
        {
          "widget": {
            "name": "c"
          },
          "shape": 7,
          "name": "c",
          "link": 342,
          "label": "c",
          "type": "INT"
        }
      ],
      "flags": {},
      "type": "Evaluate Integers",
      "mode": 0,
      "bgcolor": "#355",
      "size": [
        315,
        194
      ],
      "pos": [
        9810,
        3480
      ],
      "id": 272,
      "properties": {
        "Node name for S&R": "Evaluate Integers"
      },
      "order": 36
    },
    {
      "outputs": [
        {
          "shape": 3,
          "name": "MODEL",
          "links": [
            346
          ],
          "label": "MODEL",
          "type": "MODEL",
          "localized_name": "MODEL"
        },
        {
          "shape": 3,
          "name": "CLIP",
          "links": [],
          "label": "CLIP",
          "type": "CLIP",
          "localized_name": "CLIP"
        },
        {
          "shape": 3,
          "name": "VAE",
          "links": [
            345
          ],
          "label": "VAE",
          "type": "VAE",
          "localized_name": "VAE"
        }
      ],
      "color": "#2a363b",
      "widgets_values": [
        "stable-audio-open-1.0.safetensors"
      ],
      "inputs": [],
      "flags": {},
      "type": "CheckpointLoaderSimple",
      "mode": 4,
      "bgcolor": "#3f5159",
      "size": [
        407.0372009277344,
        116.61656951904297
      ],
      "pos": [
        9100,
        5110
      ],
      "id": 273,
      "properties": {
        "Node name for S&R": "CheckpointLoaderSimple"
      },
      "order": 14
    },
    {
      "outputs": [
        {
          "shape": 3,
          "name": "CLIP",
          "slot_index": 0,
          "links": [
            333,
            334
          ],
          "label": "CLIP",
          "type": "CLIP",
          "localized_name": "CLIP"
        }
      ],
      "color": "#2a363b",
      "widgets_values": [
        "t5-base-google.safetensors",
        "stable_audio",
        "default"
      ],
      "inputs": [],
      "flags": {},
      "type": "CLIPLoader",
      "mode": 4,
      "bgcolor": "#3f5159",
      "size": [
        315,
        98
      ],
      "pos": [
        9130,
        5300
      ],
      "id": 274,
      "properties": {
        "Node name for S&R": "CLIPLoader"
      },
      "order": 15
    },
    {
      "outputs": [
        {
          "shape": 3,
          "name": "LATENT",
          "slot_index": 0,
          "links": [
            349
          ],
          "label": "LATENT",
          "type": "LATENT",
          "localized_name": "LATENT"
        }
      ],
      "color": "#2a363b",
      "widgets_values": [
        40,
        1
      ],
      "inputs": [
        {
          "widget": {
            "name": "seconds"
          },
          "name": "seconds",
          "link": 343,
          "label": "seconds",
          "type": "FLOAT",
          "localized_name": "秒数"
        }
      ],
      "flags": {},
      "type": "EmptyLatentAudio",
      "mode": 4,
      "bgcolor": "#3f5159",
      "size": [
        227.67578125,
        82
      ],
      "pos": [
        9670,
        5370
      ],
      "id": 275,
      "properties": {
        "Node name for S&R": "EmptyLatentAudio"
      },
      "order": 41
    },
    {
      "outputs": [
        {
          "shape": 3,
          "name": "AUDIO",
          "slot_index": 0,
          "links": [
            355,
            357
          ],
          "label": "AUDIO",
          "type": "AUDIO",
          "localized_name": "AUDIO"
        }
      ],
      "color": "#2a363b",
      "widgets_values": [],
      "inputs": [
        {
          "name": "samples",
          "link": 344,
          "label": "samples",
          "type": "LATENT",
          "localized_name": "samples"
        },
        {
          "name": "vae",
          "link": 345,
          "label": "vae",
          "type": "VAE",
          "localized_name": "vae"
        }
      ],
      "flags": {},
      "type": "VAEDecodeAudio",
      "mode": 4,
      "bgcolor": "#3f5159",
      "size": [
        210,
        46
      ],
      "pos": [
        10500,
        5110
      ],
      "id": 276,
      "properties": {
        "Node name for S&R": "VAEDecodeAudio"
      },
      "order": 55
    },
    {
      "outputs": [
        {
          "shape": 3,
          "name": "LATENT",
          "slot_index": 0,
          "links": [
            344
          ],
          "label": "LATENT",
          "type": "LATENT",
          "localized_name": "LATENT"
        }
      ],
      "color": "#2a363b",
      "widgets_values": [
        337602318899262,
        "randomize",
        60,
        7,
        "dpmpp_3m_sde_gpu",
        "exponential",
        1
      ],
      "inputs": [
        {
          "name": "model",
          "link": 346,
          "label": "model",
          "type": "MODEL",
          "localized_name": "model"
        },
        {
          "name": "positive",
          "link": 347,
          "label": "positive",
          "type": "CONDITIONING",
          "localized_name": "positive"
        },
        {
          "name": "negative",
          "link": 348,
          "label": "negative",
          "type": "CONDITIONING",
          "localized_name": "negative"
        },
        {
          "name": "latent_image",
          "link": 349,
          "label": "latent_image",
          "type": "LATENT",
          "localized_name": "latent_image"
        }
      ],
      "flags": {},
      "type": "KSampler",
      "mode": 4,
      "bgcolor": "#3f5159",
      "size": [
        315,
        262
      ],
      "pos": [
        10080,
        5170
      ],
      "id": 277,
      "properties": {
        "Node name for S&R": "KSampler"
      },
      "order": 53
    },
    {
      "outputs": [
        {
          "name": "mmaudio_model",
          "slot_index": 0,
          "links": [
            351
          ],
          "label": "mmaudio_model",
          "type": "MMAUDIO_MODEL",
          "localized_name": "mmaudio_model"
        }
      ],
      "color": "#233",
      "widgets_values": [
        "mmaudio_large_44k_v2_fp16.safetensors",
        "fp16"
      ],
      "inputs": [],
      "flags": {},
      "type": "MMAudioModelLoader",
      "mode": 0,
      "bgcolor": "#355",
      "size": [
        438.219970703125,
        83.87998962402344
      ],
      "pos": [
        9590,
        3770
      ],
      "id": 278,
      "properties": {
        "Node name for S&R": "MMAudioModelLoader"
      },
      "order": 16
    },
    {
      "outputs": [
        {
          "name": "output",
          "links": [
            336,
            372
          ],
          "label": "output",
          "type": "*",
          "localized_name": "output"
        }
      ],
      "color": "#233",
      "widgets_values": [
        "吉他声、轻声歌唱、房间回声、温柔旋律、悠扬乐音。"
      ],
      "inputs": [
        {
          "shape": 7,
          "name": "anything",
          "link": 350,
          "label": "anything",
          "type": "*",
          "localized_name": "anything"
        }
      ],
      "flags": {
        "collapsed": false
      },
      "type": "easy showAnything",
      "mode": 0,
      "bgcolor": "#355",
      "size": [
        396.2573547363281,
        89.26702880859375
      ],
      "pos": [
        9160,
        4230
      ],
      "id": 279,
      "properties": {
        "Node name for S&R": "easy showAnything"
      },
      "order": 38
    },
    {
      "outputs": [],
      "color": "#2a363b",
      "widgets_values": [
        ""
      ],
      "inputs": [
        {
          "name": "images",
          "link": 298,
          "label": "images",
          "type": "IMAGE",
          "localized_name": "images"
        }
      ],
      "flags": {},
      "type": "PreviewImage",
      "mode": 0,
      "bgcolor": "#3f5159",
      "size": [
        328.3551940917969,
        366.3958435058594
      ],
      "pos": [
        8690,
        4270
      ],
      "id": 234,
      "properties": {
        "Node name for S&R": "PreviewImage"
      },
      "order": 32
    },
    {
      "outputs": [
        {
          "name": "output",
          "label": "output",
          "type": "*",
          "localized_name": "output"
        }
      ],
      "color": "#233",
      "widgets_values": [
        "6.0625"
      ],
      "inputs": [
        {
          "shape": 7,
          "name": "anything",
          "link": 332,
          "label": "anything",
          "type": "*",
          "localized_name": "anything"
        }
      ],
      "flags": {},
      "type": "easy showAnything",
      "mode": 0,
      "bgcolor": "#355",
      "size": [
        262.666259765625,
        176.42727661132812
      ],
      "pos": [
        10150,
        3500
      ],
      "id": 264,
      "properties": {
        "Node name for S&R": "easy showAnything"
      },
      "order": 40
    },
    {
      "mode": 0,
      "outputs": [
        {
          "name": "describe",
          "links": [
            242
          ],
          "label": "describe",
          "type": "STRING",
          "localized_name": "describe"
        }
      ],
      "size": [
        373.8437805175781,
        101.72373962402344
      ],
      "pos": [
        6768.85546875,
        3428.737548828125
      ],
      "widgets_values": [
        "描写图中的关键词，15个字中文表达。可选择：性别/场景/透视/角度/年龄/景别/服饰/配饰/表情/背景/环境/动作/氛围/色调等"
      ],
      "inputs": [
        {
          "name": "ref_image",
          "link": 241,
          "label": "ref_image",
          "type": "IMAGE",
          "localized_name": "ref_image"
        }
      ],
      "flags": {
        "collapsed": true
      },
      "id": 211,
      "type": "RH_Captioner",
      "properties": {
        "Node name for S&R": "RH_Captioner"
      },
      "order": 29
    },
    {
      "mode": 0,
      "outputs": [
        {
          "shape": 3,
          "name": "text",
          "slot_index": 0,
          "links": [
            233
          ],
          "label": "text",
          "type": "STRING",
          "localized_name": "text"
        }
      ],
      "size": [
        373.0452880859375,
        88
      ],
      "pos": [
        6770.45654296875,
        3478.9462890625
      ],
      "widgets_values": [
        " 相关的单词是："
      ],
      "inputs": [],
      "flags": {},
      "id": 208,
      "type": "JjkText",
      "title": "输入关键词",
      "properties": {
        "Node name for S&R": "JjkText"
      },
      "order": 17
    },
    {
      "mode": 0,
      "outputs": [
        {
          "shape": 3,
          "name": "text",
          "slot_index": 0,
          "links": [
            144
          ],
          "label": "text",
          "type": "STRING",
          "localized_name": "text"
        }
      ],
      "size": [
        383.12213134765625,
        88
      ],
      "pos": [
        6772.0634765625,
        3765.47900390625
      ],
      "widgets_values": [
        "你是一个 stable diffusion prompt 专家，为我生成适用于 Stable Diffusion的视频prompt。根据我给你相关单词，你帮我扩写为适合文生视频的prompt。要求:除了 prompt 外，不要输出任何其它的信息，画面要动动起来，中文50字"
      ],
      "inputs": [],
      "flags": {},
      "id": 125,
      "type": "JjkText",
      "properties": {
        "Node name for S&R": "JjkText"
      },
      "order": 18
    },
    {
      "mode": 0,
      "outputs": [
        {
          "name": "output",
          "links": [
            243
          ],
          "label": "output",
          "type": "*",
          "localized_name": "output"
        }
      ],
      "size": [
        369.9493713378906,
        91.6702651977539
      ],
      "pos": [
        6774.5009765625,
        3619.752197265625
      ],
      "widgets_values": [
        "年轻女性，坐在室内，弹吉他，悠闲氛围，蓝色格子衬衣。"
      ],
      "inputs": [
        {
          "shape": 7,
          "name": "anything",
          "link": 242,
          "label": "anything",
          "type": "*",
          "localized_name": "anything"
        }
      ],
      "flags": {},
      "id": 212,
      "type": "easy showAnything",
      "properties": {
        "Node name for S&R": "easy showAnything"
      },
      "order": 37
    },
    {
      "mode": 0,
      "outputs": [
        {
          "name": "image",
          "links": [
            283,
            284,
            331
          ],
          "label": "image",
          "type": "IMAGE",
          "localized_name": "image"
        }
      ],
      "size": [
        315,
        102
      ],
      "pos": [
        8192.98828125,
        4875.93994140625
      ],
      "widgets_values": [
        "mkl",
        0.9000000000000001
      ],
      "inputs": [
        {
          "name": "image_ref",
          "link": 282,
          "label": "image_ref",
          "type": "IMAGE",
          "localized_name": "image_ref"
        },
        {
          "name": "image_target",
          "link": 281,
          "label": "image_target",
          "type": "IMAGE",
          "localized_name": "image_target"
        }
      ],
      "flags": {},
      "id": 228,
      "type": "ColorMatch",
      "properties": {
        "Node name for S&R": "ColorMatch"
      },
      "order": 70
    },
    {
      "outputs": [],
      "color": "#2a363b",
      "widgets_values": [
        ""
      ],
      "inputs": [
        {
          "name": "audio",
          "link": 357,
          "label": "audio",
          "type": "AUDIO",
          "localized_name": "audio"
        }
      ],
      "flags": {},
      "type": "PreviewAudio",
      "mode": 4,
      "bgcolor": "#3f5159",
      "size": [
        315,
        88
      ],
      "pos": [
        10480,
        5230
      ],
      "id": 284,
      "properties": {
        "Node name for S&R": "PreviewAudio"
      },
      "order": 58
    },
    {
      "outputs": [],
      "color": "#233",
      "widgets_values": [
        ""
      ],
      "inputs": [
        {
          "name": "audio",
          "link": 358,
          "label": "audio",
          "type": "AUDIO",
          "localized_name": "audio"
        }
      ],
      "flags": {},
      "type": "PreviewAudio",
      "mode": 0,
      "bgcolor": "#355",
      "size": [
        244.41123962402344,
        181.41323852539062
      ],
      "pos": [
        10600,
        3740
      ],
      "id": 285,
      "properties": {
        "Node name for S&R": "PreviewAudio"
      },
      "order": 51
    },
    {
      "outputs": [],
      "color": "#432",
      "widgets_values": [
        "设置视频秒数，现默认是（5秒）81帧，计算方式是16的倍数+1，所以4秒65帧 5秒81帧  6秒97帧 以此类推"
      ],
      "inputs": [],
      "flags": {},
      "type": "Note _O",
      "mode": 0,
      "bgcolor": "#653",
      "size": [
        381.93829345703125,
        184.9117889404297
      ],
      "pos": [
        5370.5400390625,
        4111.35107421875
      ],
      "id": 260,
      "properties": {
        "Node name for S&R": "Note _O"
      },
      "order": 19
    },
    {
      "outputs": [
        {
          "name": "INT",
          "links": [
            369
          ],
          "label": "INT",
          "type": "INT",
          "localized_name": "INT"
        }
      ],
      "color": "#332922",
      "widgets_values": [
        5
      ],
      "inputs": [],
      "flags": {},
      "type": "JWInteger",
      "title": "秒数",
      "mode": 0,
      "bgcolor": "#593930",
      "size": [
        280.11785888671875,
        197.5898895263672
      ],
      "pos": [
        5786.75244140625,
        4102.353515625
      ],
      "id": 119,
      "properties": {
        "Node name for S&R": "JWInteger",
        "ttNbgOverride": {
          "bgcolor": "#335",
          "groupcolor": "#88A",
          "color": "#223"
        }
      },
      "order": 20
    },
    {
      "mode": 0,
      "outputs": [
        {
          "name": "INT",
          "links": [
            370,
            371
          ],
          "label": "INT",
          "type": "INT",
          "localized_name": "INT"
        },
        {
          "name": "FLOAT",
          "label": "FLOAT",
          "type": "FLOAT",
          "localized_name": "FLOAT"
        }
      ],
      "size": [
        400,
        200
      ],
      "pos": [
        6137.02880859375,
        4101.2998046875
      ],
      "widgets_values": [
        "a*16+1"
      ],
      "inputs": [
        {
          "shape": 7,
          "name": "a",
          "link": 369,
          "label": "a",
          "type": "INT,FLOAT,IMAGE,LATENT",
          "localized_name": "a"
        },
        {
          "shape": 7,
          "name": "b",
          "label": "b",
          "type": "INT,FLOAT,IMAGE,LATENT",
          "localized_name": "b"
        },
        {
          "shape": 7,
          "name": "c",
          "label": "c",
          "type": "INT,FLOAT,IMAGE,LATENT",
          "localized_name": "c"
        }
      ],
      "flags": {},
      "id": 288,
      "type": "MathExpression|pysssss",
      "properties": {
        "Node name for S&R": "MathExpression|pysssss"
      },
      "order": 27
    },
    {
      "outputs": [
        {
          "name": "describe",
          "links": [
            350
          ],
          "label": "describe",
          "type": "STRING",
          "localized_name": "describe"
        }
      ],
      "color": "#233",
      "widgets_values": [
        "请根据图像，提取画面可适配声音的环境音关键词，要求只写关键词，15个字，一句话表达"
      ],
      "inputs": [
        {
          "name": "ref_image",
          "link": 360,
          "label": "ref_image",
          "type": "IMAGE",
          "localized_name": "ref_image"
        }
      ],
      "flags": {},
      "type": "RH_Captioner",
      "mode": 0,
      "bgcolor": "#355",
      "size": [
        400,
        200
      ],
      "pos": [
        9160,
        3960
      ],
      "id": 281,
      "properties": {
        "Node name for S&R": "RH_Captioner"
      },
      "order": 33
    },
    {
      "outputs": [
        {
          "name": "describe",
          "links": [
            337
          ],
          "label": "describe",
          "type": "STRING",
          "localized_name": "describe"
        }
      ],
      "color": "#2a363b",
      "widgets_values": [
        "请根据图像，提取画面可适配轻音乐等关键词，要求只写关键词，15个字一句话表达表达"
      ],
      "inputs": [
        {
          "name": "ref_image",
          "link": 361,
          "label": "ref_image",
          "type": "IMAGE",
          "localized_name": "ref_image"
        }
      ],
      "flags": {},
      "type": "RH_Captioner",
      "mode": 4,
      "bgcolor": "#3f5159",
      "size": [
        400,
        200
      ],
      "pos": [
        9135.5,
        4680.76318359375
      ],
      "id": 282,
      "properties": {
        "Node name for S&R": "RH_Captioner"
      },
      "order": 34
    },
    {
      "outputs": [
        {
          "name": "output",
          "links": [],
          "label": "output",
          "type": "*",
          "localized_name": "output"
        }
      ],
      "color": "#2a363b",
      "widgets_values": [
        "Light music, melodious tunes, fresh ambiance, soul healing, relaxing mood, guitar accompaniment, joyful state, music therapy, cozy moments, tranquil space, soothing rhythm, soft lighting, carefree living, warm instances, simple joys."
      ],
      "inputs": [
        {
          "shape": 7,
          "name": "anything",
          "link": 376,
          "label": "anything",
          "type": "*",
          "localized_name": "anything"
        }
      ],
      "flags": {
        "collapsed": false
      },
      "type": "easy showAnything",
      "mode": 4,
      "bgcolor": "#3f5159",
      "size": [
        396.2763977050781,
        256.7571105957031
      ],
      "pos": [
        10202.9345703125,
        4640.97314453125
      ],
      "id": 271,
      "properties": {
        "Node name for S&R": "easy showAnything"
      },
      "order": 48
    },
    {
      "mode": 4,
      "outputs": [
        {
          "name": "translation",
          "links": [
            376,
            377
          ],
          "label": "translation",
          "type": "STRING",
          "localized_name": "translation"
        }
      ],
      "size": [
        400,
        200
      ],
      "pos": [
        9715.318359375,
        4699.14453125
      ],
      "widgets_values": [
        "",
        1393,
        "randomize",
        "force_english"
      ],
      "inputs": [
        {
          "widget": {
            "name": "prompt"
          },
          "name": "prompt",
          "link": 375,
          "label": "prompt",
          "type": "STRING"
        }
      ],
      "flags": {},
      "id": 290,
      "type": "RH_Translator",
      "properties": {
        "Node name for S&R": "RH_Translator"
      },
      "order": 44
    },
    {
      "mode": 0,
      "outputs": [
        {
          "name": "translation",
          "links": [
            373,
            374
          ],
          "label": "translation",
          "type": "STRING",
          "localized_name": "translation"
        }
      ],
      "size": [
        400,
        200
      ],
      "pos": [
        9667.109375,
        4193.2080078125
      ],
      "widgets_values": [
        "",
        710,
        "randomize",
        "force_english"
      ],
      "inputs": [
        {
          "widget": {
            "name": "prompt"
          },
          "name": "prompt",
          "link": 372,
          "label": "prompt",
          "type": "STRING"
        }
      ],
      "flags": {},
      "id": 289,
      "type": "RH_Translator",
      "properties": {
        "Node name for S&R": "RH_Translator"
      },
      "order": 43
    },
    {
      "outputs": [
        {
          "name": "audio",
          "slot_index": 0,
          "links": [
            356,
            358,
            378,
            379
          ],
          "label": "audio",
          "type": "AUDIO",
          "localized_name": "audio"
        }
      ],
      "color": "#233",
      "widgets_values": [
        3,
        40,
        4.5,
        133869957610530,
        "randomize",
        "",
        "",
        false,
        true
      ],
      "inputs": [
        {
          "name": "mmaudio_model",
          "link": 351,
          "label": "mmaudio_model",
          "type": "MMAUDIO_MODEL",
          "localized_name": "mmaudio_model"
        },
        {
          "name": "feature_utils",
          "link": 352,
          "label": "feature_utils",
          "type": "MMAUDIO_FEATUREUTILS",
          "localized_name": "feature_utils"
        },
        {
          "shape": 7,
          "name": "images",
          "label": "images",
          "type": "IMAGE",
          "localized_name": "images"
        },
        {
          "widget": {
            "name": "duration"
          },
          "name": "duration",
          "link": 353,
          "label": "duration",
          "type": "FLOAT"
        },
        {
          "widget": {
            "name": "prompt"
          },
          "name": "prompt",
          "link": 374,
          "label": "prompt",
          "type": "STRING"
        }
      ],
      "flags": {},
      "type": "MMAudioSampler",
      "mode": 0,
      "bgcolor": "#355",
      "size": [
        417.5873718261719,
        329.6109619140625
      ],
      "pos": [
        10150,
        3780
      ],
      "id": 280,
      "properties": {
        "Node name for S&R": "MMAudioSampler"
      },
      "order": 47
    },
    {
      "outputs": [],
      "color": "#432",
      "widgets_values": [
        "audio/ComfyUI",
        ""
      ],
      "inputs": [
        {
          "name": "audio",
          "link": 378,
          "label": "audio",
          "type": "AUDIO",
          "localized_name": "audio"
        }
      ],
      "flags": {},
      "type": "SaveAudio",
      "mode": 0,
      "bgcolor": "#653",
      "size": [
        283.89508056640625,
        187.37132263183594
      ],
      "pos": [
        10902.4013671875,
        3876.557373046875
      ],
      "id": 286,
      "properties": {
        "Node name for S&R": "SaveAudio"
      },
      "order": 52
    },
    {
      "outputs": [
        {
          "name": "AUDIO",
          "links": [],
          "label": "AUDIO",
          "type": "AUDIO",
          "localized_name": "AUDIO"
        }
      ],
      "color": "#432",
      "widgets_values": [
        "mean"
      ],
      "inputs": [
        {
          "name": "audio_1",
          "link": 355,
          "label": "audio_1",
          "type": "AUDIO",
          "localized_name": "audio_1"
        },
        {
          "name": "audio_2",
          "link": 356,
          "label": "audio_2",
          "type": "AUDIO",
          "localized_name": "audio_2"
        }
      ],
      "flags": {},
      "type": "AudioCombine",
      "mode": 4,
      "bgcolor": "#653",
      "size": [
        315,
        78
      ],
      "pos": [
        10811.8154296875,
        4968.0693359375
      ],
      "id": 283,
      "properties": {
        "Node name for S&R": "AudioCombine"
      },
      "order": 57
    },
    {
      "mode": 0,
      "outputs": [
        {
          "name": "INT",
          "links": [
            237
          ],
          "label": "INT",
          "type": "INT",
          "localized_name": "INT"
        },
        {
          "name": "FLOAT",
          "label": "FLOAT",
          "type": "FLOAT",
          "localized_name": "FLOAT"
        }
      ],
      "size": [
        216.43698120117188,
        128
      ],
      "pos": [
        7426.50830078125,
        4362.7939453125
      ],
      "widgets_values": [
        "a*64"
      ],
      "inputs": [
        {
          "shape": 7,
          "name": "a",
          "link": 193,
          "label": "a",
          "type": "INT,FLOAT,IMAGE,LATENT",
          "localized_name": "a"
        },
        {
          "shape": 7,
          "name": "b",
          "label": "b",
          "type": "INT,FLOAT,IMAGE,LATENT",
          "localized_name": "b"
        },
        {
          "shape": 7,
          "name": "c",
          "label": "c",
          "type": "INT,FLOAT,IMAGE,LATENT",
          "localized_name": "c"
        }
      ],
      "flags": {
        "collapsed": true
      },
      "id": 190,
      "type": "MathExpression|pysssss",
      "properties": {
        "Node name for S&R": "MathExpression|pysssss"
      },
      "order": 67
    },
    {
      "mode": 0,
      "outputs": [
        {
          "name": "INT",
          "links": [
            193
          ],
          "label": "INT",
          "type": "INT",
          "localized_name": "INT"
        },
        {
          "name": "FLOAT",
          "label": "FLOAT",
          "type": "FLOAT",
          "localized_name": "FLOAT"
        }
      ],
      "size": [
        210,
        133
      ],
      "pos": [
        7205.33056640625,
        4364.29248046875
      ],
      "widgets_values": [
        "a/64"
      ],
      "inputs": [
        {
          "shape": 7,
          "name": "a",
          "link": 329,
          "label": "a",
          "type": "INT,FLOAT,IMAGE,LATENT",
          "localized_name": "a"
        },
        {
          "shape": 7,
          "name": "b",
          "link": 246,
          "label": "b",
          "type": "INT,FLOAT,IMAGE,LATENT",
          "localized_name": "b"
        },
        {
          "shape": 7,
          "name": "c",
          "label": "c",
          "type": "INT,FLOAT,IMAGE,LATENT",
          "localized_name": "c"
        }
      ],
      "flags": {
        "collapsed": true
      },
      "id": 188,
      "type": "MathExpression|pysssss",
      "properties": {
        "Node name for S&R": "MathExpression|pysssss"
      },
      "order": 65
    },
    {
      "mode": 0,
      "outputs": [
        {
          "name": "INT",
          "links": [
            236
          ],
          "label": "INT",
          "type": "INT",
          "localized_name": "INT"
        },
        {
          "name": "FLOAT",
          "label": "FLOAT",
          "type": "FLOAT",
          "localized_name": "FLOAT"
        }
      ],
      "size": [
        217.0221405029297,
        128
      ],
      "pos": [
        7401.47412109375,
        3970.70458984375
      ],
      "widgets_values": [
        "a*64"
      ],
      "inputs": [
        {
          "shape": 7,
          "name": "a",
          "link": 192,
          "label": "a",
          "type": "INT,FLOAT,IMAGE,LATENT",
          "localized_name": "a"
        },
        {
          "shape": 7,
          "name": "b",
          "label": "b",
          "type": "INT,FLOAT,IMAGE,LATENT",
          "localized_name": "b"
        },
        {
          "shape": 7,
          "name": "c",
          "label": "c",
          "type": "INT,FLOAT,IMAGE,LATENT",
          "localized_name": "c"
        }
      ],
      "flags": {
        "collapsed": true
      },
      "id": 189,
      "type": "MathExpression|pysssss",
      "properties": {
        "Node name for S&R": "MathExpression|pysssss"
      },
      "order": 66
    },
    {
      "mode": 0,
      "outputs": [
        {
          "name": "INT",
          "links": [
            192
          ],
          "label": "INT",
          "type": "INT",
          "localized_name": "INT"
        },
        {
          "name": "FLOAT",
          "label": "FLOAT",
          "type": "FLOAT",
          "localized_name": "FLOAT"
        }
      ],
      "size": [
        210,
        133
      ],
      "pos": [
        7231.12744140625,
        3970.09619140625
      ],
      "widgets_values": [
        "a/64"
      ],
      "inputs": [
        {
          "shape": 7,
          "name": "a",
          "link": 325,
          "label": "a",
          "type": "INT,FLOAT,IMAGE,LATENT",
          "localized_name": "a"
        },
        {
          "shape": 7,
          "name": "b",
          "label": "b",
          "type": "INT,FLOAT,IMAGE,LATENT",
          "localized_name": "b"
        },
        {
          "shape": 7,
          "name": "c",
          "label": "c",
          "type": "INT,FLOAT,IMAGE,LATENT",
          "localized_name": "c"
        }
      ],
      "flags": {
        "collapsed": true
      },
      "id": 187,
      "type": "MathExpression|pysssss",
      "properties": {
        "Node name for S&R": "MathExpression|pysssss"
      },
      "order": 64
    },
    {
      "mode": 0,
      "outputs": [
        {
          "name": "IMAGE",
          "links": [
            389
          ],
          "label": "IMAGE",
          "type": "IMAGE",
          "localized_name": "IMAGE"
        },
        {
          "name": "width",
          "links": [
            275,
            323,
            385,
            391,
            394
          ],
          "label": "width",
          "type": "INT",
          "localized_name": "width"
        },
        {
          "name": "height",
          "links": [
            246,
            279,
            327,
            387,
            392,
            396
          ],
          "label": "height",
          "type": "INT",
          "localized_name": "height"
        }
      ],
      "size": [
        213.18206787109375,
        218
      ],
      "pos": [
        6437.22509765625,
        3667.854248046875
      ],
      "widgets_values": [
        832,
        832,
        "nearest",
        "stretch",
        "always",
        0
      ],
      "inputs": [
        {
          "name": "image",
          "link": 244,
          "label": "image",
          "type": "IMAGE",
          "localized_name": "image"
        },
        {
          "widget": {
            "name": "width"
          },
          "name": "width",
          "link": 249,
          "label": "width",
          "type": "INT",
          "localized_name": "宽度"
        },
        {
          "widget": {
            "name": "height"
          },
          "name": "height",
          "link": 250,
          "label": "height",
          "type": "INT",
          "localized_name": "高度"
        }
      ],
      "flags": {
        "collapsed": false
      },
      "id": 214,
      "type": "ImageResize+",
      "properties": {
        "Node name for S&R": "ImageResize+"
      },
      "order": 30
    },
    {
      "mode": 0,
      "outputs": [
        {
          "name": "IMAGE",
          "links": [
            256,
            390
          ],
          "label": "IMAGE",
          "type": "IMAGE",
          "localized_name": "IMAGE"
        },
        {
          "name": "width",
          "links": [
            271,
            274,
            322,
            386,
            393
          ],
          "label": "width",
          "type": "INT",
          "localized_name": "width"
        },
        {
          "name": "height",
          "links": [
            266,
            273,
            326,
            388,
            395
          ],
          "label": "height",
          "type": "INT",
          "localized_name": "height"
        }
      ],
      "size": [
        217.86740112304688,
        218
      ],
      "pos": [
        6427.310546875,
        4525.7578125
      ],
      "widgets_values": [
        832,
        832,
        "nearest",
        "keep proportion",
        "always",
        0
      ],
      "inputs": [
        {
          "name": "image",
          "link": 255,
          "label": "image",
          "type": "IMAGE",
          "localized_name": "image"
        }
      ],
      "flags": {
        "collapsed": false
      },
      "id": 219,
      "type": "ImageResize+",
      "properties": {
        "Node name for S&R": "ImageResize+"
      },
      "order": 31
    },
    {
      "mode": 0,
      "outputs": [
        {
          "name": "*",
          "links": [
            329
          ],
          "label": "*",
          "type": "*",
          "localized_name": "*"
        }
      ],
      "size": [
        210,
        238
      ],
      "pos": [
        7146.54443359375,
        4043.967041015625
      ],
      "widgets_values": [
        0
      ],
      "inputs": [
        {
          "name": "value0",
          "link": 390,
          "label": "value0",
          "type": "*",
          "localized_name": "value0"
        },
        {
          "shape": 7,
          "name": "value1",
          "link": 396,
          "label": "value1",
          "type": "*",
          "localized_name": "value1"
        },
        {
          "shape": 7,
          "name": "value2",
          "link": 395,
          "label": "value2",
          "type": "*",
          "localized_name": "value2"
        },
        {
          "shape": 7,
          "name": "value3",
          "link": 392,
          "label": "value3",
          "type": "*",
          "localized_name": "value3"
        },
        {
          "shape": 7,
          "name": "value4",
          "label": "value4",
          "type": "*",
          "localized_name": "value4"
        },
        {
          "shape": 7,
          "name": "value5",
          "label": "value5",
          "type": "*",
          "localized_name": "value5"
        },
        {
          "shape": 7,
          "name": "value6",
          "label": "value6",
          "type": "*",
          "localized_name": "value6"
        },
        {
          "shape": 7,
          "name": "value7",
          "label": "value7",
          "type": "*",
          "localized_name": "value7"
        },
        {
          "shape": 7,
          "name": "value8",
          "label": "value8",
          "type": "*",
          "localized_name": "value8"
        },
        {
          "shape": 7,
          "name": "value9",
          "label": "value9",
          "type": "*",
          "localized_name": "value9"
        },
        {
          "widget": {
            "name": "index"
          },
          "name": "index",
          "link": 384,
          "label": "index",
          "type": "INT",
          "localized_name": "索引"
        }
      ],
      "flags": {
        "collapsed": false
      },
      "id": 256,
      "type": "InversionDemoLazyIndexSwitch",
      "properties": {
        "Node name for S&R": "InversionDemoLazyIndexSwitch"
      },
      "order": 72
    },
    {
      "mode": 0,
      "outputs": [
        {
          "name": "INT",
          "links": [
            381
          ],
          "label": "INT",
          "type": "INT",
          "localized_name": "INT"
        }
      ],
      "size": [
        315,
        58
      ],
      "pos": [
        5894.92529296875,
        3505.546630859375
      ],
      "widgets_values": [
        1
      ],
      "inputs": [],
      "flags": {},
      "id": 294,
      "type": "Int",
      "title": "上传图像尺寸比例",
      "properties": {
        "Node name for S&R": "Int"
      },
      "order": 21
    },
    {
      "mode": 0,
      "outputs": [
        {
          "name": "INT",
          "links": [
            382
          ],
          "label": "INT",
          "type": "INT",
          "localized_name": "INT"
        }
      ],
      "size": [
        315,
        58
      ],
      "pos": [
        5911.9716796875,
        3607.50732421875
      ],
      "widgets_values": [
        2
      ],
      "inputs": [],
      "flags": {},
      "id": 295,
      "type": "Int",
      "title": "手动设置尺寸比例",
      "properties": {
        "Node name for S&R": "Int"
      },
      "order": 22
    },
    {
      "mode": 0,
      "outputs": [
        {
          "name": "IMAGE",
          "links": [
            241,
            244,
            255,
            258,
            282,
            298,
            300,
            360,
            361
          ],
          "label": "IMAGE",
          "type": "IMAGE",
          "localized_name": "IMAGE"
        },
        {
          "name": "MASK",
          "label": "MASK",
          "type": "MASK",
          "localized_name": "MASK"
        }
      ],
      "size": [
        787.7595825195312,
        1243.4432373046875
      ],
      "pos": [
        5388.74072265625,
        4568.29833984375
      ],
      "widgets_values": [
        "e3422cfe93fa8a39d870d55159429a5d46dca95dfaa6910144fb1d606da52f72.jpg",
        "image",
        ""
      ],
      "inputs": [],
      "flags": {},
      "id": 210,
      "type": "LoadImage",
      "properties": {
        "Node name for S&R": "LoadImage"
      },
      "order": 23
    },
    {
      "mode": 0,
      "outputs": [
        {
          "name": "*",
          "links": [
            325
          ],
          "label": "*",
          "type": "*",
          "localized_name": "*"
        }
      ],
      "size": [
        210,
        238
      ],
      "pos": [
        6783.97412109375,
        3980.647705078125
      ],
      "widgets_values": [
        0
      ],
      "inputs": [
        {
          "name": "value0",
          "link": 389,
          "label": "value0",
          "type": "*",
          "localized_name": "value0"
        },
        {
          "shape": 7,
          "name": "value1",
          "link": 394,
          "label": "value1",
          "type": "*",
          "localized_name": "value1"
        },
        {
          "shape": 7,
          "name": "value2",
          "link": 393,
          "label": "value2",
          "type": "*",
          "localized_name": "value2"
        },
        {
          "shape": 7,
          "name": "value3",
          "link": 391,
          "label": "value3",
          "type": "*",
          "localized_name": "value3"
        },
        {
          "shape": 7,
          "name": "value4",
          "label": "value4",
          "type": "*",
          "localized_name": "value4"
        },
        {
          "shape": 7,
          "name": "value5",
          "label": "value5",
          "type": "*",
          "localized_name": "value5"
        },
        {
          "shape": 7,
          "name": "value6",
          "label": "value6",
          "type": "*",
          "localized_name": "value6"
        },
        {
          "shape": 7,
          "name": "value7",
          "label": "value7",
          "type": "*",
          "localized_name": "value7"
        },
        {
          "shape": 7,
          "name": "value8",
          "label": "value8",
          "type": "*",
          "localized_name": "value8"
        },
        {
          "shape": 7,
          "name": "value9",
          "label": "value9",
          "type": "*",
          "localized_name": "value9"
        },
        {
          "widget": {
            "name": "index"
          },
          "name": "index",
          "link": 383,
          "label": "index",
          "type": "INT",
          "localized_name": "索引"
        }
      ],
      "flags": {
        "collapsed": false
      },
      "id": 255,
      "type": "InversionDemoLazyIndexSwitch",
      "properties": {
        "Node name for S&R": "InversionDemoLazyIndexSwitch"
      },
      "order": 71
    },
    {
      "outputs": [
        {
          "name": "Filenames",
          "label": "Filenames",
          "type": "VHS_FILENAMES",
          "localized_name": "Filenames"
        }
      ],
      "color": "#223",
      "widgets_values": {
        "save_output": true,
        "filename_prefix": "WanVideoWrapperV2V",
        "loop_count": 0,
        "pix_fmt": "yuv420p",
        "save_metadata": true,
        "crf": 19,
        "trim_to_audio": false,
        "videopreview": {
          "paused": false,
          "hidden": false,
          "params": {
            "filename": "WanVideoWrapperV2V_00003_msjgf_1750906598.mp4",
            "workflow": "WanVideoWrapperV2V_00003.png",
            "fullpath": "/data/ComfyUI/personal/8ec74153b07d45eb5c1df30f268c52ed/output/WanVideoWrapperV2V_00003.mp4",
            "format": "video/h264-mp4",
            "subfolder": "",
            "type": "output",
            "frame_rate": 16
          }
        },
        "format": "video/h264-mp4",
        "frame_rate": 16,
        "pingpong": false
      },
      "inputs": [
        {
          "name": "images",
          "link": 259,
          "label": "images",
          "type": "IMAGE",
          "localized_name": "images"
        },
        {
          "shape": 7,
          "name": "audio",
          "label": "audio",
          "type": "AUDIO",
          "localized_name": "audio"
        },
        {
          "shape": 7,
          "name": "meta_batch",
          "label": "meta_batch",
          "type": "VHS_BatchManager",
          "localized_name": "meta_batch"
        },
        {
          "shape": 7,
          "name": "vae",
          "label": "vae",
          "type": "VAE",
          "localized_name": "vae"
        }
      ],
      "flags": {},
      "type": "VHS_VideoCombine",
      "mode": 0,
      "bgcolor": "#335",
      "size": [
        4244.3701171875,
        3329.908203125
      ],
      "pos": [
        6851.5986328125,
        5620.99755859375
      ],
      "id": 221,
      "properties": {
        "Node name for S&R": "VHS_VideoCombine",
        "ttNbgOverride": {
          "bgcolor": "#335",
          "groupcolor": "#88A",
          "color": "#223"
        }
      },
      "order": 69
    },
    {
      "outputs": [
        {
          "name": "Filenames",
          "label": "Filenames",
          "type": "VHS_FILENAMES",
          "localized_name": "Filenames"
        }
      ],
      "color": "#223",
      "widgets_values": {
        "save_output": true,
        "filename_prefix": "WanVideoWrapperV2V",
        "loop_count": 0,
        "pix_fmt": "yuv420p",
        "save_metadata": true,
        "crf": 19,
        "trim_to_audio": false,
        "videopreview": {
          "paused": false,
          "hidden": false,
          "params": {
            "filename": "WanVideoWrapperV2V_00001-audio_qxado_1750906580.mp4",
            "workflow": "WanVideoWrapperV2V_00001.png",
            "fullpath": "/data/ComfyUI/personal/8ec74153b07d45eb5c1df30f268c52ed/output/WanVideoWrapperV2V_00001-audio.mp4",
            "format": "video/h264-mp4",
            "subfolder": "",
            "type": "output",
            "frame_rate": 16
          }
        },
        "format": "video/h264-mp4",
        "frame_rate": 16,
        "pingpong": false
      },
      "inputs": [
        {
          "name": "images",
          "link": 283,
          "label": "images",
          "type": "IMAGE",
          "localized_name": "images"
        },
        {
          "shape": 7,
          "name": "audio",
          "link": 379,
          "label": "audio",
          "type": "AUDIO",
          "localized_name": "audio"
        },
        {
          "shape": 7,
          "name": "meta_batch",
          "label": "meta_batch",
          "type": "VHS_BatchManager",
          "localized_name": "meta_batch"
        },
        {
          "shape": 7,
          "name": "vae",
          "label": "vae",
          "type": "VAE",
          "localized_name": "vae"
        }
      ],
      "flags": {},
      "type": "VHS_VideoCombine",
      "mode": 0,
      "bgcolor": "#335",
      "size": [
        2087.398193359375,
        3104.531005859375
      ],
      "pos": [
        11374.8818359375,
        3391.2421875
      ],
      "id": 116,
      "properties": {
        "Node name for S&R": "VHS_VideoCombine",
        "ttNbgOverride": {
          "bgcolor": "#335",
          "groupcolor": "#88A",
          "color": "#223"
        }
      },
      "order": 62
    },
    {
      "outputs": [
        {
          "name": "Filenames",
          "label": "Filenames",
          "type": "VHS_FILENAMES",
          "localized_name": "Filenames"
        }
      ],
      "color": "#223",
      "widgets_values": {
        "save_output": true,
        "filename_prefix": "WanVideoWrapperV2V",
        "loop_count": 0,
        "pix_fmt": "yuv420p",
        "save_metadata": true,
        "crf": 19,
        "trim_to_audio": false,
        "videopreview": {
          "paused": false,
          "hidden": false,
          "params": {
            "filename": "WanVideoWrapperV2V_00002_cbbpt_1750906587.mp4",
            "workflow": "WanVideoWrapperV2V_00002.png",
            "fullpath": "/data/ComfyUI/personal/8ec74153b07d45eb5c1df30f268c52ed/output/WanVideoWrapperV2V_00002.mp4",
            "format": "video/h264-mp4",
            "subfolder": "",
            "type": "output",
            "frame_rate": 16
          }
        },
        "format": "video/h264-mp4",
        "frame_rate": 16,
        "pingpong": false
      },
      "inputs": [
        {
          "name": "images",
          "link": 331,
          "label": "images",
          "type": "IMAGE",
          "localized_name": "images"
        },
        {
          "shape": 7,
          "name": "audio",
          "label": "audio",
          "type": "AUDIO",
          "localized_name": "audio"
        },
        {
          "shape": 7,
          "name": "meta_batch",
          "label": "meta_batch",
          "type": "VHS_BatchManager",
          "localized_name": "meta_batch"
        },
        {
          "shape": 7,
          "name": "vae",
          "label": "vae",
          "type": "VAE",
          "localized_name": "vae"
        }
      ],
      "flags": {},
      "type": "VHS_VideoCombine",
      "mode": 0,
      "bgcolor": "#335",
      "size": [
        2087.398193359375,
        3104.531005859375
      ],
      "pos": [
        13489.7138671875,
        3388.000244140625
      ],
      "id": 258,
      "properties": {
        "Node name for S&R": "VHS_VideoCombine",
        "ttNbgOverride": {
          "bgcolor": "#335",
          "groupcolor": "#88A",
          "color": "#223"
        }
      },
      "order": 73
    },
    {
      "mode": 0,
      "outputs": [
        {
          "name": "INT",
          "links": [
            383,
            384
          ],
          "label": "INT",
          "type": "INT",
          "localized_name": "selected_value"
        },
        {
          "name": "selected_label",
          "label": "selected_label",
          "type": "STRING",
          "localized_name": "selected_label"
        },
        {
          "name": "selected_index",
          "label": "selected_index",
          "type": "INT",
          "localized_name": "selected_index"
        }
      ],
      "size": [
        315,
        122
      ],
      "pos": [
        6301.0234375,
        3493.974853515625
      ],
      "widgets_values": [
        1,
        false
      ],
      "inputs": [
        {
          "name": "input1",
          "link": 381,
          "type": "INT"
        },
        {
          "name": "input2",
          "link": 382,
          "type": "INT"
        },
        {
          "name": "input3",
          "type": "INT"
        }
      ],
      "flags": {},
      "id": 291,
      "type": "ImpactSwitch",
      "properties": {
        "Node name for S&R": "ImpactSwitch"
      },
      "order": 28
    },
    {
      "outputs": [
        {
          "name": "text_embeds",
          "slot_index": 0,
          "links": [
            123
          ],
          "label": "text_embeds",
          "type": "WANVIDEOTEXTEMBEDS",
          "localized_name": "text_embeds"
        }
      ],
      "color": "#232",
      "widgets_values": [
        "美女跳舞\n",
        "色调艳丽，过曝，静态，细节模糊不清，字幕，风格，作品，画作，画面，静止，整体发灰，最差质量，低质量，JPEG压缩残留，丑陋的，残缺的，多余的手指，画得不好的手部，画得不好的脸部，畸形的，毁容的，形态畸形的肢体，手指融合，静止不动的画面，杂乱的背景，三条腿，背景人很多，倒着走",
        true
      ],
      "inputs": [
        {
          "name": "t5",
          "link": 120,
          "label": "t5",
          "type": "WANTEXTENCODER",
          "localized_name": "t5"
        },
        {
          "shape": 7,
          "name": "model_to_offload",
          "label": "model_to_offload",
          "type": "WANVIDEOMODEL",
          "localized_name": "model_to_offload"
        },
        {
          "widget": {
            "name": "positive_prompt"
          },
          "name": "positive_prompt",
          "link": 408,
          "label": "positive_prompt",
          "type": "STRING"
        }
      ],
      "flags": {},
      "type": "WanVideoTextEncode",
      "mode": 0,
      "bgcolor": "#353",
      "size": [
        277.78472900390625,
        289.9954833984375
      ],
      "pos": [
        8227.1376953125,
        3440.48095703125
      ],
      "id": 106,
      "properties": {
        "Node name for S&R": "WanVideoTextEncode",
        "ttNbgOverride": {
          "bgcolor": "#335",
          "groupcolor": "#88A",
          "color": "#223"
        }
      },
      "order": 59
    },
    {
      "mode": 0,
      "outputs": [
        {
          "shape": 3,
          "name": "prompt opt",
          "slot_index": 0,
          "links": [
            145
          ],
          "label": "prompt opt",
          "type": "STRING",
          "localized_name": "prompt opt"
        }
      ],
      "size": [
        318.00787353515625,
        145.33853149414062
      ],
      "pos": [
        7193.7861328125,
        3717.530517578125
      ],
      "widgets_values": [
        "",
        302,
        "randomize"
      ],
      "inputs": [
        {
          "widget": {
            "name": "prompt"
          },
          "name": "prompt",
          "link": 141,
          "label": "prompt",
          "type": "STRING"
        }
      ],
      "flags": {},
      "id": 128,
      "type": "RH_Prompter",
      "properties": {
        "Node name for S&R": "RH_Prompter"
      },
      "order": 50
    },
    {
      "outputs": [
        {
          "name": "text",
          "links": [
            405,
            406
          ],
          "label": "text",
          "type": "STRING",
          "localized_name": "text"
        }
      ],
      "color": "#232",
      "widgets_values": [
        "女性，身穿蓝色毛衣，头戴彩色发卡，手轻触头部，然后对着镜头打招呼，轻松氛围，镜头缓慢移动，展现自然动态，画面温馨舒适，充满生机与活力。"
      ],
      "inputs": [],
      "flags": {},
      "type": "JjkText",
      "title": "手写提示词",
      "mode": 0,
      "bgcolor": "#353",
      "size": [
        317.1795654296875,
        98.14038848876953
      ],
      "pos": [
        7611.1884765625,
        3765.353759765625
      ],
      "id": 216,
      "properties": {
        "Node name for S&R": "JjkText"
      },
      "order": 24
    },
    {
      "outputs": [
        {
          "name": "output",
          "links": [
            407
          ],
          "label": "output",
          "type": "*",
          "localized_name": "output"
        }
      ],
      "color": "#232",
      "widgets_values": [
        "年轻女性坐在室内，身穿蓝色格子衬衣，悠闲地弹奏吉他，手指在琴弦上灵活跳动，随音乐轻轻摇摆身体，窗外阳光洒入，温暖柔和的氛围环绕四周。"
      ],
      "inputs": [
        {
          "shape": 7,
          "name": "anything",
          "link": 145,
          "label": "anything",
          "type": "*",
          "localized_name": "anything"
        }
      ],
      "flags": {},
      "type": "easy showAnything",
      "mode": 0,
      "bgcolor": "#353",
      "size": [
        326.62066650390625,
        97.10282135009766
      ],
      "pos": [
        7607.1435546875,
        3610.396484375
      ],
      "id": 132,
      "properties": {
        "Node name for S&R": "easy showAnything"
      },
      "order": 54
    },
    {
      "mode": 0,
      "outputs": [
        {
          "name": "STRING",
          "links": [
            408
          ],
          "label": "STRING",
          "type": "STRING",
          "localized_name": "selected_value"
        },
        {
          "name": "selected_label",
          "label": "selected_label",
          "type": "STRING",
          "localized_name": "selected_label"
        },
        {
          "name": "selected_index",
          "label": "selected_index",
          "type": "INT",
          "localized_name": "selected_index"
        }
      ],
      "size": [
        210,
        148.0106964111328
      ],
      "pos": [
        7953.96240234375,
        3670.814453125
      ],
      "widgets_values": [
        1,
        false
      ],
      "inputs": [
        {
          "name": "input1",
          "link": 407,
          "type": "STRING"
        },
        {
          "name": "input2",
          "link": 406,
          "type": "STRING"
        },
        {
          "name": "input3",
          "type": "STRING"
        }
      ],
      "flags": {},
      "id": 299,
      "type": "ImpactSwitch",
      "properties": {
        "Node name for S&R": "ImpactSwitch"
      },
      "order": 56
    }
  ],
  "extra": {
    "ue_links": [],
    "0246.VERSION": [
      0,
      0,
      4
    ],
    "ds": {
      "offset": [
        -7045.014588255524,
        -3161.7230254006618
      ],
      "scale": 0.7400249944258281
    }
  },
  "groups": [
    {
      "color": "#3f789e",
      "font_size": 24,
      "flags": {},
      "id": 6,
      "title": "数学表达式",
      "bounding": [
        6760,
        3900,
        845.0740966796875,
        486.24969482421875
      ]
    },
    {
      "color": "#3f789e",
      "font_size": 100,
      "flags": {},
      "id": 10,
      "title": "秒数设置",
      "bounding": [
        5330.5400390625,
        3911.351318359375,
        1377.1356201171875,
        418.1577453613281
      ]
    },
    {
      "color": "#3f789e",
      "font_size": 24,
      "flags": {},
      "id": 11,
      "title": "模型部分",
      "bounding": [
        6765.8359375,
        4401.46826171875,
        830.0401000976562,
        1056.6724853515625
      ]
    },
    {
      "color": "#8A8",
      "font_size": 24,
      "flags": {},
      "id": 12,
      "title": "自动提示词润色文本",
      "bounding": [
        6763.4462890625,
        3344.469970703125,
        821.7006225585938,
        519.18408203125
      ]
    },
    {
      "color": "#8A8",
      "font_size": 24,
      "flags": {},
      "id": 13,
      "title": "提示词",
      "bounding": [
        7598.04931640625,
        3349.5830078125,
        922.8231811523438,
        519.0498657226562
      ]
    },
    {
      "color": "#3f789e",
      "font_size": 24,
      "flags": {},
      "id": 14,
      "title": "Group",
      "bounding": [
        7612.0732421875,
        3899.547607421875,
        919.1803588867188,
        1560.033935546875
      ]
    },
    {
      "color": "#3f789e",
      "font_size": 100,
      "flags": {},
      "id": 16,
      "title": "视频比例选择",
      "bounding": [
        5340,
        3360,
        1385.518798828125,
        535.7095947265625
      ]
    },
    {
      "color": "#3f789e",
      "font_size": 24,
      "flags": {},
      "id": 17,
      "title": "环境音",
      "bounding": [
        8544.693359375,
        3358.970703125,
        2809.8671875,
        2106.301025390625
      ]
    },
    {
      "color": "#3f789e",
      "font_size": 100,
      "flags": {},
      "id": 18,
      "title": "上传图像",
      "bounding": [
        5344.90771484375,
        4347.0478515625,
        1357.9315185546875,
        1657.9415283203125
      ]
    },
    {
      "color": "#b06634",
      "font_size": 100,
      "flags": {},
      "id": 20,
      "title": "VACE 14B-图生视频(可自动提示词)",
      "bounding": [
        5333.86376953125,
        3174.8359375,
        1595.6571044921875,
        139.95289611816406
      ]
    }
  ],
  "links": [
    [
      120,
      104,
      0,
      106,
      0,
      "WANTEXTENCODER"
    ],
    [
      123,
      106,
      0,
      108,
      1,
      "WANVIDEOTEXTEMBEDS"
    ],
    [
      124,
      118,
      0,
      108,
      2,
      "WANVIDIMAGE_EMBEDS"
    ],
    [
      125,
      113,
      0,
      108,
      4,
      "FETAARGS"
    ],
    [
      126,
      109,
      0,
      108,
      6,
      "TEACACHEARGS"
    ],
    [
      127,
      112,
      0,
      108,
      8,
      "SLGARGS"
    ],
    [
      128,
      117,
      0,
      108,
      10,
      "EXPERIMENTALARGS"
    ],
    [
      129,
      107,
      0,
      111,
      1,
      "BLOCKSWAPARGS"
    ],
    [
      130,
      110,
      0,
      111,
      4,
      "VACEPATH"
    ],
    [
      131,
      105,
      0,
      115,
      0,
      "WANVAE"
    ],
    [
      132,
      108,
      0,
      115,
      1,
      "LATENT"
    ],
    [
      134,
      105,
      0,
      118,
      0,
      "WANVAE"
    ],
    [
      141,
      130,
      0,
      128,
      0,
      "STRING"
    ],
    [
      144,
      125,
      0,
      130,
      1,
      "STRING"
    ],
    [
      145,
      128,
      0,
      132,
      0,
      "*"
    ],
    [
      192,
      187,
      0,
      189,
      0,
      "INT,FLOAT,IMAGE,LATENT"
    ],
    [
      193,
      188,
      0,
      190,
      0,
      "INT,FLOAT,IMAGE,LATENT"
    ],
    [
      233,
      208,
      0,
      207,
      0,
      "STRING"
    ],
    [
      235,
      207,
      0,
      130,
      0,
      "STRING"
    ],
    [
      236,
      189,
      0,
      118,
      5,
      "INT"
    ],
    [
      237,
      190,
      0,
      118,
      6,
      "INT"
    ],
    [
      238,
      111,
      0,
      209,
      0,
      "*"
    ],
    [
      239,
      209,
      0,
      108,
      0,
      "WANVIDEOMODEL"
    ],
    [
      241,
      210,
      0,
      211,
      0,
      "IMAGE"
    ],
    [
      242,
      211,
      0,
      212,
      0,
      "*"
    ],
    [
      243,
      212,
      0,
      207,
      1,
      "STRING"
    ],
    [
      244,
      210,
      0,
      214,
      0,
      "IMAGE"
    ],
    [
      249,
      215,
      0,
      214,
      1,
      "INT"
    ],
    [
      250,
      215,
      1,
      214,
      2,
      "INT"
    ],
    [
      255,
      210,
      0,
      219,
      0,
      "IMAGE"
    ],
    [
      256,
      219,
      0,
      118,
      2,
      "IMAGE"
    ],
    [
      258,
      210,
      0,
      220,
      0,
      "IMAGE"
    ],
    [
      259,
      220,
      0,
      221,
      0,
      "IMAGE"
    ],
    [
      281,
      115,
      0,
      228,
      1,
      "IMAGE"
    ],
    [
      282,
      210,
      0,
      228,
      0,
      "IMAGE"
    ],
    [
      283,
      228,
      0,
      116,
      0,
      "IMAGE"
    ],
    [
      284,
      228,
      0,
      220,
      1,
      "IMAGE"
    ],
    [
      298,
      210,
      0,
      234,
      0,
      "IMAGE"
    ],
    [
      325,
      255,
      0,
      187,
      0,
      "INT,FLOAT,IMAGE,LATENT"
    ],
    [
      329,
      256,
      0,
      188,
      0,
      "INT,FLOAT,IMAGE,LATENT"
    ],
    [
      331,
      228,
      0,
      258,
      0,
      "IMAGE"
    ],
    [
      332,
      272,
      1,
      264,
      0,
      "*"
    ],
    [
      333,
      274,
      0,
      265,
      0,
      "CLIP"
    ],
    [
      334,
      274,
      0,
      266,
      0,
      "CLIP"
    ],
    [
      337,
      282,
      0,
      268,
      0,
      "*"
    ],
    [
      341,
      262,
      0,
      272,
      1,
      "INT"
    ],
    [
      342,
      261,
      0,
      272,
      2,
      "INT"
    ],
    [
      343,
      272,
      1,
      275,
      0,
      "FLOAT"
    ],
    [
      344,
      277,
      0,
      276,
      0,
      "LATENT"
    ],
    [
      345,
      273,
      2,
      276,
      1,
      "VAE"
    ],
    [
      346,
      273,
      0,
      277,
      0,
      "MODEL"
    ],
    [
      347,
      266,
      0,
      277,
      1,
      "CONDITIONING"
    ],
    [
      348,
      265,
      0,
      277,
      2,
      "CONDITIONING"
    ],
    [
      349,
      275,
      0,
      277,
      3,
      "LATENT"
    ],
    [
      350,
      281,
      0,
      279,
      0,
      "*"
    ],
    [
      351,
      278,
      0,
      280,
      0,
      "MMAUDIO_MODEL"
    ],
    [
      352,
      263,
      0,
      280,
      1,
      "MMAUDIO_FEATUREUTILS"
    ],
    [
      353,
      272,
      1,
      280,
      3,
      "FLOAT"
    ],
    [
      355,
      276,
      0,
      283,
      0,
      "AUDIO"
    ],
    [
      356,
      280,
      0,
      283,
      1,
      "AUDIO"
    ],
    [
      357,
      276,
      0,
      284,
      0,
      "AUDIO"
    ],
    [
      358,
      280,
      0,
      285,
      0,
      "AUDIO"
    ],
    [
      360,
      210,
      0,
      281,
      0,
      "IMAGE"
    ],
    [
      361,
      210,
      0,
      282,
      0,
      "IMAGE"
    ],
    [
      369,
      119,
      0,
      288,
      0,
      "INT,FLOAT,IMAGE,LATENT"
    ],
    [
      370,
      288,
      0,
      118,
      4,
      "INT"
    ],
    [
      371,
      288,
      0,
      272,
      0,
      "INT"
    ],
    [
      372,
      279,
      0,
      289,
      0,
      "STRING"
    ],
    [
      373,
      289,
      0,
      269,
      0,
      "*"
    ],
    [
      374,
      289,
      0,
      280,
      4,
      "STRING"
    ],
    [
      375,
      268,
      0,
      290,
      0,
      "STRING"
    ],
    [
      376,
      290,
      0,
      271,
      0,
      "*"
    ],
    [
      377,
      290,
      0,
      266,
      1,
      "STRING"
    ],
    [
      378,
      280,
      0,
      286,
      0,
      "AUDIO"
    ],
    [
      379,
      280,
      0,
      116,
      1,
      "AUDIO"
    ],
    [
      381,
      294,
      0,
      291,
      0,
      "INT"
    ],
    [
      382,
      295,
      0,
      291,
      1,
      "INT"
    ],
    [
      383,
      291,
      0,
      255,
      10,
      "INT"
    ],
    [
      384,
      291,
      0,
      256,
      10,
      "INT"
    ],
    [
      389,
      214,
      0,
      255,
      0,
      "*"
    ],
    [
      390,
      219,
      0,
      256,
      0,
      "*"
    ],
    [
      393,
      219,
      1,
      255,
      2,
      "*"
    ],
    [
      394,
      214,
      1,
      255,
      1,
      "*"
    ],
    [
      395,
      219,
      2,
      256,
      2,
      "*"
    ],
    [
      396,
      214,
      2,
      256,
      1,
      "*"
    ],
    [
      406,
      216,
      0,
      299,
      1,
      "STRING"
    ],
    [
      407,
      132,
      0,
      299,
      0,
      "STRING"
    ],
    [
      408,
      299,
      0,
      106,
      2,
      "STRING"
    ]
  ],
  "id": "7f33904b-c44c-4877-a62f-9fae66f81dfe",
  "config": {},
  "version": 0.4,
  "last_node_id": 299,
  "revision": 0
}