{
  "last_link_id": 175,
  "nodes": [
    {
      "mode": 4,
      "outputs": [],
      "size": [
        490.60986328125,
        609.44921875
      ],
      "pos": [
        1010.92333984375,
        -788.6143798828125
      ],
      "widgets_values": [
        "pl-dreamfit"
      ],
      "inputs": [
        {
          "name": "images",
          "link": 108,
          "label": "images",
          "type": "IMAGE",
          "localized_name": "images"
        }
      ],
      "flags": {},
      "id": 3,
      "type": "SaveImage",
      "properties": {
        "Node name for S&R": "SaveImage"
      },
      "order": 64
    },
    {
      "mode": 4,
      "outputs": [
        {
          "name": "IMAGE",
          "links": [
            105
          ],
          "label": "IMAGE",
          "type": "IMAGE",
          "localized_name": "IMAGE"
        },
        {
          "name": "width",
          "label": "width",
          "type": "INT",
          "localized_name": "width"
        },
        {
          "name": "height",
          "label": "height",
          "type": "INT",
          "localized_name": "height"
        }
      ],
      "size": [
        236.80987548828125,
        242
      ],
      "pos": [
        -342.9419250488281,
        -808.9559326171875
      ],
      "widgets_values": [
        512,
        768,
        "nearest-exact",
        "stretch",
        "0, 0, 0",
        "center",
        2
      ],
      "inputs": [
        {
          "name": "image",
          "link": 104,
          "label": "image",
          "type": "IMAGE",
          "localized_name": "image"
        }
      ],
      "flags": {},
      "id": 63,
      "type": "ImageResizeKJv2",
      "properties": {
        "Node name for S&R": "ImageResizeKJv2"
      },
      "order": 22
    },
    {
      "mode": 4,
      "outputs": [
        {
          "name": "IMAGE",
          "links": [
            103
          ],
          "label": "IMAGE",
          "type": "IMAGE",
          "localized_name": "IMAGE"
        },
        {
          "name": "width",
          "label": "width",
          "type": "INT",
          "localized_name": "width"
        },
        {
          "name": "height",
          "label": "height",
          "type": "INT",
          "localized_name": "height"
        }
      ],
      "size": [
        242.3291778564453,
        242
      ],
      "pos": [
        -367.7789001464844,
        -465.8396301269531
      ],
      "widgets_values": [
        512,
        768,
        "nearest-exact",
        "stretch",
        "0, 0, 0",
        "center",
        2
      ],
      "inputs": [
        {
          "name": "image",
          "link": 102,
          "label": "image",
          "type": "IMAGE",
          "localized_name": "image"
        }
      ],
      "flags": {},
      "id": 62,
      "type": "ImageResizeKJv2",
      "properties": {
        "Node name for S&R": "ImageResizeKJv2"
      },
      "order": 19
    },
    {
      "mode": 4,
      "outputs": [
        {
          "shape": 6,
          "name": "STRING",
          "label": "STRING",
          "type": "STRING",
          "localized_name": "STRING"
        }
      ],
      "size": [
        384.81915283203125,
        247.73333740234375
      ],
      "pos": [
        250.0628204345703,
        19.695619583129883
      ],
      "widgets_values": [
        "",
        "A  chinese woman wearing clothes and trousers, Tags: Lavender Vans T-shirt, short sleeves, dark purple shoulder panels, crew neck, bold Vans logo in white within a rectangular frame. High-waisted blue denim jeans, straight-leg fit, subtle washed texture, white symmetrical embroidered design on both knees resembling floral motifs or interwoven loops. Casual outfit combining minimalistic, streetwear aesthetic with intricate detailing."
      ],
      "inputs": [
        {
          "widget": {
            "name": "text"
          },
          "name": "text",
          "link": 75,
          "label": "text",
          "type": "STRING"
        }
      ],
      "flags": {},
      "id": 54,
      "type": "ShowText|pysssss",
      "properties": {
        "Node name for S&R": "ShowText|pysssss"
      },
      "order": 57
    },
    {
      "mode": 4,
      "outputs": [],
      "size": [
        504.0357666015625,
        411.84600830078125
      ],
      "pos": [
        1019.5753173828125,
        -119.87203979492188
      ],
      "widgets_values": [
        "ComfyUI"
      ],
      "inputs": [
        {
          "name": "images",
          "link": 90,
          "label": "images",
          "type": "IMAGE",
          "localized_name": "images"
        }
      ],
      "flags": {},
      "id": 58,
      "type": "SaveImage",
      "properties": {
        "Node name for S&R": "SaveImage"
      },
      "order": 69
    },
    {
      "mode": 4,
      "outputs": [
        {
          "name": "IMAGE",
          "links": [
            102
          ],
          "label": "IMAGE",
          "type": "IMAGE",
          "localized_name": "IMAGE"
        },
        {
          "name": "MASK",
          "label": "MASK",
          "type": "MASK",
          "localized_name": "MASK"
        }
      ],
      "size": [
        315,
        314
      ],
      "pos": [
        -720.86572265625,
        -455.17193603515625
      ],
      "widgets_values": [
        "86efe3301ffb6029c3029a263c30285b86c78799d3af9070456f6a7b1a3d2d1b.jpg",
        "image"
      ],
      "inputs": [],
      "flags": {},
      "id": 6,
      "type": "LoadImage",
      "properties": {
        "Node name for S&R": "LoadImage"
      },
      "order": 0
    },
    {
      "mode": 4,
      "outputs": [
        {
          "name": "image",
          "links": [
            73,
            92,
            107
          ],
          "label": "image",
          "type": "IMAGE",
          "localized_name": "image"
        },
        {
          "name": "mask",
          "label": "mask",
          "type": "MASK",
          "localized_name": "mask"
        }
      ],
      "size": [
        315,
        362
      ],
      "pos": [
        -47.519203186035156,
        -896.3561401367188
      ],
      "widgets_values": [
        "RMBG-1.4",
        "Preview",
        "ComfyUI",
        false,
        "white",
        false
      ],
      "inputs": [
        {
          "name": "images",
          "link": 97,
          "label": "images",
          "type": "IMAGE",
          "localized_name": "images"
        }
      ],
      "flags": {},
      "id": 53,
      "type": "easy imageRemBg",
      "properties": {
        "Node name for S&R": "easy imageRemBg"
      },
      "order": 42
    },
    {
      "mode": 4,
      "outputs": [
        {
          "name": "IMAGE",
          "links": [
            90
          ],
          "label": "IMAGE",
          "type": "IMAGE",
          "localized_name": "IMAGE"
        }
      ],
      "size": [
        315,
        102
      ],
      "pos": [
        679.9803466796875,
        -148.4047088623047
      ],
      "widgets_values": [
        "right",
        true
      ],
      "inputs": [
        {
          "name": "image1",
          "link": 92,
          "label": "image1",
          "type": "IMAGE",
          "localized_name": "image1"
        },
        {
          "name": "image2",
          "link": 109,
          "label": "image2",
          "type": "IMAGE",
          "localized_name": "image2"
        }
      ],
      "flags": {},
      "id": 57,
      "type": "ImageConcanate",
      "properties": {
        "Node name for S&R": "ImageConcanate"
      },
      "order": 65
    },
    {
      "mode": 4,
      "outputs": [
        {
          "name": "STRING",
          "links": [
            75,
            110
          ],
          "label": "STRING",
          "type": "STRING",
          "localized_name": "STRING"
        }
      ],
      "size": [
        315,
        178
      ],
      "pos": [
        233.87351989746094,
        -240.39230346679688
      ],
      "widgets_values": [
        ", ",
        "true",
        "",
        "",
        "",
        ""
      ],
      "inputs": [
        {
          "widget": {
            "name": "text_a"
          },
          "shape": 7,
          "name": "text_a",
          "link": 60,
          "label": "text_a",
          "type": "STRING"
        },
        {
          "widget": {
            "name": "text_b"
          },
          "shape": 7,
          "name": "text_b",
          "link": 62,
          "label": "text_b",
          "type": "STRING"
        },
        {
          "widget": {
            "name": "text_c"
          },
          "shape": 7,
          "name": "text_c",
          "label": "text_c",
          "type": "STRING"
        },
        {
          "widget": {
            "name": "text_d"
          },
          "shape": 7,
          "name": "text_d",
          "label": "text_d",
          "type": "STRING"
        }
      ],
      "flags": {
        "collapsed": false
      },
      "id": 49,
      "type": "Text Concatenate",
      "properties": {
        "Node name for S&R": "Text Concatenate"
      },
      "order": 49
    },
    {
      "mode": 4,
      "outputs": [],
      "size": [
        202.76202392578125,
        246
      ],
      "pos": [
        342.58184814453125,
        -899.65087890625
      ],
      "widgets_values": [],
      "inputs": [
        {
          "name": "images",
          "link": 73,
          "label": "images",
          "type": "IMAGE",
          "localized_name": "images"
        }
      ],
      "flags": {},
      "id": 9,
      "type": "PreviewImage",
      "properties": {
        "Node name for S&R": "PreviewImage"
      },
      "order": 50
    },
    {
      "mode": 4,
      "outputs": [
        {
          "name": "IMAGE",
          "links": [
            111
          ],
          "label": "IMAGE",
          "type": "IMAGE",
          "localized_name": "IMAGE"
        }
      ],
      "size": [
        210,
        133.27615356445312
      ],
      "pos": [
        -434.9677734375,
        -23.586841583251953
      ],
      "widgets_values": [
        "down",
        true
      ],
      "inputs": [
        {
          "name": "image1",
          "link": 105,
          "label": "image1",
          "type": "IMAGE",
          "localized_name": "image1"
        },
        {
          "name": "image2",
          "link": 103,
          "label": "image2",
          "type": "IMAGE",
          "localized_name": "image2"
        }
      ],
      "flags": {},
      "id": 60,
      "type": "ImageConcanate",
      "properties": {
        "Node name for S&R": "ImageConcanate"
      },
      "order": 30
    },
    {
      "mode": 4,
      "outputs": [
        {
          "name": "STRING",
          "links": [
            60
          ],
          "label": "STRING",
          "type": "STRING",
          "localized_name": "STRING"
        }
      ],
      "size": [
        282.3842468261719,
        96.27468872070312
      ],
      "pos": [
        -123.7825698852539,
        -182.52676391601562
      ],
      "widgets_values": [
        "A  chinese woman wearing clothes and trousers"
      ],
      "inputs": [],
      "flags": {},
      "id": 48,
      "type": "Text Multiline",
      "properties": {
        "Node name for S&R": "Text Multiline"
      },
      "order": 1
    },
    {
      "outputs": [],
      "color": "#432",
      "widgets_values": [
        "这里切换转接点路由，可以尝试多主体、但主体"
      ],
      "inputs": [],
      "flags": {},
      "type": "Note",
      "mode": 4,
      "bgcolor": "#653",
      "size": [
        210,
        92.19597625732422
      ],
      "pos": [
        90.82465362548828,
        -373.2658386230469
      ],
      "id": 64,
      "properties": {},
      "order": 2
    },
    {
      "mode": 4,
      "outputs": [
        {
          "name": "describe",
          "links": [
            62
          ],
          "label": "describe",
          "type": "STRING",
          "localized_name": "describe"
        }
      ],
      "size": [
        319.8495788574219,
        187.0298309326172
      ],
      "pos": [
        -127.4648208618164,
        -24.37381362915039
      ],
      "widgets_values": [
        "Please provide a detailed tag description of this image. prompt use tag description style. If any characters in the image are familiar to you, such as celebrities, movie characters, or animated figures, please directly use their names. The description should be as detailed as possible, but should not exceed 150 words, and do not mention the background,  do not mention the text and Watermark"
      ],
      "inputs": [
        {
          "name": "ref_image",
          "link": 96,
          "label": "ref_image",
          "type": "IMAGE",
          "localized_name": "ref_image"
        }
      ],
      "flags": {},
      "id": 50,
      "type": "RH_Captioner",
      "properties": {
        "Node name for S&R": "RH_Captioner"
      },
      "order": 41
    },
    {
      "mode": 4,
      "outputs": [
        {
          "name": "",
          "links": [
            96,
            97
          ],
          "label": "",
          "type": "IMAGE"
        }
      ],
      "size": [
        75,
        26
      ],
      "pos": [
        -42.37130355834961,
        -464.9530334472656
      ],
      "inputs": [
        {
          "name": "",
          "link": 111,
          "label": "",
          "type": "*"
        }
      ],
      "flags": {},
      "id": 59,
      "type": "Reroute",
      "properties": {
        "horizontal": false,
        "showOutputText": false
      },
      "order": 35
    },
    {
      "mode": 4,
      "outputs": [
        {
          "name": "image",
          "links": [
            108,
            109
          ],
          "label": "image",
          "type": "IMAGE",
          "localized_name": "image"
        }
      ],
      "size": [
        400,
        320
      ],
      "pos": [
        475.2651672363281,
        -690.619140625
      ],
      "widgets_values": [
        "",
        768,
        1024,
        4,
        458727859365360,
        "randomize",
        20,
        512,
        768
      ],
      "inputs": [
        {
          "name": "cloth_image",
          "link": 107,
          "label": "cloth_image",
          "type": "IMAGE",
          "localized_name": "cloth_image"
        },
        {
          "shape": 7,
          "name": "pose_image",
          "label": "pose_image",
          "type": "IMAGE",
          "localized_name": "pose_image"
        },
        {
          "shape": 7,
          "name": "keep_image",
          "label": "keep_image",
          "type": "IMAGE",
          "localized_name": "keep_image"
        },
        {
          "widget": {
            "name": "image_text"
          },
          "name": "image_text",
          "link": 110,
          "label": "image_text",
          "type": "STRING"
        }
      ],
      "flags": {},
      "id": 65,
      "type": "RunningHub_DreamFit_Flux",
      "properties": {
        "Node name for S&R": "RunningHub_DreamFit_Flux"
      },
      "order": 58
    },
    {
      "mode": 4,
      "outputs": [
        {
          "shape": 6,
          "name": "STRING",
          "label": "STRING",
          "type": "STRING",
          "localized_name": "STRING"
        }
      ],
      "size": [
        384.81915283203125,
        247.73333740234375
      ],
      "pos": [
        368.9652404785156,
        -1430.6060791015625
      ],
      "widgets_values": [
        "",
        "A  chinese woman wearing clothes and trousers, Blue midi dress with white floral print pattern featuring daisies. Short puff sleeves with elasticized cuffs creating a subtle ruffled effect. Smocked bodice providing a fitted shape with gathered detailing. Square neckline with delicate ties at the center for added adjustable design detail. Flowy A-line skirt with tiered construction offering subtle volume and movement. Lightweight fabric with a soft, airy texture for comfortable wear. Feminine, vintage-inspired design exuding a romantic aesthetic."
      ],
      "inputs": [
        {
          "widget": {
            "name": "text"
          },
          "name": "text",
          "link": 115,
          "label": "text",
          "type": "STRING"
        }
      ],
      "flags": {},
      "id": 69,
      "type": "ShowText|pysssss",
      "properties": {
        "Node name for S&R": "ShowText|pysssss"
      },
      "order": 47
    },
    {
      "mode": 4,
      "outputs": [
        {
          "name": "image",
          "links": [
            118,
            122,
            127
          ],
          "label": "image",
          "type": "IMAGE",
          "localized_name": "image"
        },
        {
          "name": "mask",
          "label": "mask",
          "type": "MASK",
          "localized_name": "mask"
        }
      ],
      "size": [
        315,
        362
      ],
      "pos": [
        71.3831787109375,
        -2346.65869140625
      ],
      "widgets_values": [
        "RMBG-1.4",
        "Preview",
        "ComfyUI",
        false,
        "white",
        false
      ],
      "inputs": [
        {
          "name": "images",
          "link": 117,
          "label": "images",
          "type": "IMAGE",
          "localized_name": "images"
        }
      ],
      "flags": {},
      "id": 74,
      "type": "easy imageRemBg",
      "properties": {
        "Node name for S&R": "easy imageRemBg"
      },
      "order": 33
    },
    {
      "mode": 4,
      "outputs": [
        {
          "name": "STRING",
          "links": [
            115,
            128
          ],
          "label": "STRING",
          "type": "STRING",
          "localized_name": "STRING"
        }
      ],
      "size": [
        315,
        178
      ],
      "pos": [
        352.7759704589844,
        -1690.6939697265625
      ],
      "widgets_values": [
        ", ",
        "true",
        "",
        "",
        "",
        ""
      ],
      "inputs": [
        {
          "widget": {
            "name": "text_a"
          },
          "shape": 7,
          "name": "text_a",
          "link": 120,
          "label": "text_a",
          "type": "STRING"
        },
        {
          "widget": {
            "name": "text_b"
          },
          "shape": 7,
          "name": "text_b",
          "link": 121,
          "label": "text_b",
          "type": "STRING"
        },
        {
          "widget": {
            "name": "text_c"
          },
          "shape": 7,
          "name": "text_c",
          "label": "text_c",
          "type": "STRING"
        },
        {
          "widget": {
            "name": "text_d"
          },
          "shape": 7,
          "name": "text_d",
          "label": "text_d",
          "type": "STRING"
        }
      ],
      "flags": {
        "collapsed": false
      },
      "id": 76,
      "type": "Text Concatenate",
      "properties": {
        "Node name for S&R": "Text Concatenate"
      },
      "order": 40
    },
    {
      "mode": 4,
      "outputs": [
        {
          "name": "STRING",
          "links": [
            120
          ],
          "label": "STRING",
          "type": "STRING",
          "localized_name": "STRING"
        }
      ],
      "size": [
        282.3842468261719,
        96.27468872070312
      ],
      "pos": [
        -4.879947185516357,
        -1632.828369140625
      ],
      "widgets_values": [
        "A  chinese woman wearing clothes and trousers"
      ],
      "inputs": [],
      "flags": {},
      "id": 79,
      "type": "Text Multiline",
      "properties": {
        "Node name for S&R": "Text Multiline"
      },
      "order": 3
    },
    {
      "outputs": [],
      "color": "#432",
      "widgets_values": [
        "这里切换转接点路由，可以尝试多主体、但主体"
      ],
      "inputs": [],
      "flags": {},
      "type": "Note",
      "mode": 4,
      "bgcolor": "#653",
      "size": [
        210,
        92.19597625732422
      ],
      "pos": [
        209.72691345214844,
        -1823.5675048828125
      ],
      "id": 80,
      "properties": {},
      "order": 4
    },
    {
      "mode": 4,
      "outputs": [
        {
          "name": "describe",
          "links": [
            121
          ],
          "label": "describe",
          "type": "STRING",
          "localized_name": "describe"
        }
      ],
      "size": [
        319.8495788574219,
        187.0298309326172
      ],
      "pos": [
        -8.562189102172852,
        -1474.6754150390625
      ],
      "widgets_values": [
        "Please provide a detailed tag description of this image. prompt use tag description style. If any characters in the image are familiar to you, such as celebrities, movie characters, or animated figures, please directly use their names. The description should be as detailed as possible, but should not exceed 150 words, and do not mention the background,  do not mention the text and Watermark"
      ],
      "inputs": [
        {
          "name": "ref_image",
          "link": 125,
          "label": "ref_image",
          "type": "IMAGE",
          "localized_name": "ref_image"
        }
      ],
      "flags": {},
      "id": 81,
      "type": "RH_Captioner",
      "properties": {
        "Node name for S&R": "RH_Captioner"
      },
      "order": 34
    },
    {
      "mode": 4,
      "outputs": [
        {
          "name": "",
          "links": [
            117,
            125
          ],
          "label": "",
          "type": "IMAGE"
        }
      ],
      "size": [
        75,
        26
      ],
      "pos": [
        76.53111267089844,
        -1915.255126953125
      ],
      "inputs": [
        {
          "name": "",
          "link": 130,
          "label": "",
          "type": "*"
        }
      ],
      "flags": {},
      "id": 82,
      "type": "Reroute",
      "properties": {
        "horizontal": false,
        "showOutputText": false
      },
      "order": 29
    },
    {
      "outputs": [],
      "color": "#432",
      "widgets_values": [
        "欢迎关注【破狼】公众号\n\n1：A woman wearing a trousers\n2：A woman wearing a clothes \n3:A  woman wearing clothes and trousers"
      ],
      "inputs": [],
      "flags": {},
      "type": "Note",
      "mode": 0,
      "bgcolor": "#653",
      "size": [
        298.9579772949219,
        112.5252685546875
      ],
      "pos": [
        -1002.1239624023438,
        -2392.302490234375
      ],
      "id": 73,
      "properties": {},
      "order": 5
    },
    {
      "mode": 4,
      "outputs": [],
      "size": [
        348.2708740234375,
        246
      ],
      "pos": [
        461.4844055175781,
        -2349.953369140625
      ],
      "widgets_values": [],
      "inputs": [
        {
          "name": "images",
          "link": 122,
          "label": "images",
          "type": "IMAGE",
          "localized_name": "images"
        }
      ],
      "flags": {},
      "id": 77,
      "type": "PreviewImage",
      "properties": {
        "Node name for S&R": "PreviewImage"
      },
      "order": 39
    },
    {
      "mode": 4,
      "outputs": [],
      "size": [
        490.60986328125,
        609.44921875
      ],
      "pos": [
        1123.135009765625,
        -2287.420166015625
      ],
      "widgets_values": [
        "pl-dreamfit"
      ],
      "inputs": [
        {
          "name": "images",
          "link": 112,
          "label": "images",
          "type": "IMAGE",
          "localized_name": "images"
        }
      ],
      "flags": {},
      "id": 66,
      "type": "SaveImage",
      "properties": {
        "Node name for S&R": "SaveImage"
      },
      "order": 55
    },
    {
      "mode": 4,
      "outputs": [
        {
          "name": "IMAGE",
          "links": [
            116
          ],
          "label": "IMAGE",
          "type": "IMAGE",
          "localized_name": "IMAGE"
        }
      ],
      "size": [
        315,
        102
      ],
      "pos": [
        772.1221923828125,
        -1604.560302734375
      ],
      "widgets_values": [
        "right",
        true
      ],
      "inputs": [
        {
          "name": "image1",
          "link": 118,
          "label": "image1",
          "type": "IMAGE",
          "localized_name": "image1"
        },
        {
          "name": "image2",
          "link": 119,
          "label": "image2",
          "type": "IMAGE",
          "localized_name": "image2"
        }
      ],
      "flags": {},
      "id": 75,
      "type": "ImageConcanate",
      "properties": {
        "Node name for S&R": "ImageConcanate"
      },
      "order": 56
    },
    {
      "mode": 4,
      "outputs": [
        {
          "name": "image",
          "links": [
            112,
            119
          ],
          "label": "image",
          "type": "IMAGE",
          "localized_name": "image"
        }
      ],
      "size": [
        400,
        320
      ],
      "pos": [
        487.1265563964844,
        -2072.348876953125
      ],
      "widgets_values": [
        "",
        768,
        1024,
        4,
        511412059556336,
        "randomize",
        20,
        512,
        768
      ],
      "inputs": [
        {
          "name": "cloth_image",
          "link": 127,
          "label": "cloth_image",
          "type": "IMAGE",
          "localized_name": "cloth_image"
        },
        {
          "shape": 7,
          "name": "pose_image",
          "label": "pose_image",
          "type": "IMAGE",
          "localized_name": "pose_image"
        },
        {
          "shape": 7,
          "name": "keep_image",
          "label": "keep_image",
          "type": "IMAGE",
          "localized_name": "keep_image"
        },
        {
          "widget": {
            "name": "image_text"
          },
          "name": "image_text",
          "link": 128,
          "label": "image_text",
          "type": "STRING"
        }
      ],
      "flags": {},
      "id": 83,
      "type": "RunningHub_DreamFit_Flux",
      "properties": {
        "Node name for S&R": "RunningHub_DreamFit_Flux"
      },
      "order": 48
    },
    {
      "mode": 4,
      "outputs": [
        {
          "name": "IMAGE",
          "links": [
            113
          ],
          "label": "IMAGE",
          "type": "IMAGE",
          "localized_name": "IMAGE"
        },
        {
          "name": "MASK",
          "label": "MASK",
          "type": "MASK",
          "localized_name": "MASK"
        }
      ],
      "size": [
        315,
        314
      ],
      "pos": [
        -595.552490234375,
        -2281.153564453125
      ],
      "widgets_values": [
        "87c4e99f4dd2f578bb2f45fa51f5e2c907da76f6d72f2bb7617ee53e1b98cec3.png",
        "image"
      ],
      "inputs": [],
      "flags": {},
      "id": 72,
      "type": "LoadImage",
      "properties": {
        "Node name for S&R": "LoadImage"
      },
      "order": 6
    },
    {
      "mode": 4,
      "outputs": [
        {
          "name": "IMAGE",
          "links": [
            114
          ],
          "label": "IMAGE",
          "type": "IMAGE",
          "localized_name": "IMAGE"
        },
        {
          "name": "MASK",
          "label": "MASK",
          "type": "MASK",
          "localized_name": "MASK"
        }
      ],
      "size": [
        315,
        314
      ],
      "pos": [
        -601.9630126953125,
        -1905.4739990234375
      ],
      "widgets_values": [
        "03e7d5d003459b68b9ab8344e3ee2bd0a463108b3cd726e426736a8ffa9d1dbd.jpg",
        "image"
      ],
      "inputs": [],
      "flags": {},
      "id": 71,
      "type": "LoadImage",
      "properties": {
        "Node name for S&R": "LoadImage"
      },
      "order": 7
    },
    {
      "mode": 4,
      "outputs": [
        {
          "name": "IMAGE",
          "links": [
            130
          ],
          "label": "IMAGE",
          "type": "IMAGE",
          "localized_name": "IMAGE"
        },
        {
          "name": "width",
          "label": "width",
          "type": "INT",
          "localized_name": "width"
        },
        {
          "name": "height",
          "label": "height",
          "type": "INT",
          "localized_name": "height"
        }
      ],
      "size": [
        242.3291778564453,
        242
      ],
      "pos": [
        -249.71249389648438,
        -1916.141845703125
      ],
      "widgets_values": [
        768,
        1024,
        "nearest-exact",
        "stretch",
        "0, 0, 0",
        "center",
        2
      ],
      "inputs": [
        {
          "name": "image",
          "link": 114,
          "label": "image",
          "type": "IMAGE",
          "localized_name": "image"
        }
      ],
      "flags": {},
      "id": 68,
      "type": "ImageResizeKJv2",
      "properties": {
        "Node name for S&R": "ImageResizeKJv2"
      },
      "order": 21
    },
    {
      "mode": 4,
      "outputs": [
        {
          "name": "IMAGE",
          "links": [],
          "label": "IMAGE",
          "type": "IMAGE",
          "localized_name": "IMAGE"
        },
        {
          "name": "width",
          "label": "width",
          "type": "INT",
          "localized_name": "width"
        },
        {
          "name": "height",
          "label": "height",
          "type": "INT",
          "localized_name": "height"
        }
      ],
      "size": [
        236.80987548828125,
        242
      ],
      "pos": [
        -224.0391845703125,
        -2259.258544921875
      ],
      "widgets_values": [
        768,
        1024,
        "nearest-exact",
        "stretch",
        "0, 0, 0",
        "center",
        2
      ],
      "inputs": [
        {
          "name": "image",
          "link": 113,
          "label": "image",
          "type": "IMAGE",
          "localized_name": "image"
        }
      ],
      "flags": {},
      "id": 67,
      "type": "ImageResizeKJv2",
      "properties": {
        "Node name for S&R": "ImageResizeKJv2"
      },
      "order": 20
    },
    {
      "mode": 4,
      "outputs": [],
      "size": [
        504.0357666015625,
        411.84600830078125
      ],
      "pos": [
        1135.9681396484375,
        -1588.571533203125
      ],
      "widgets_values": [
        "ComfyUI"
      ],
      "inputs": [
        {
          "name": "images",
          "link": 116,
          "label": "images",
          "type": "IMAGE",
          "localized_name": "images"
        }
      ],
      "flags": {},
      "id": 70,
      "type": "SaveImage",
      "properties": {
        "Node name for S&R": "SaveImage"
      },
      "order": 63
    },
    {
      "mode": 0,
      "outputs": [
        {
          "name": "OPT_CONNECTION",
          "label": "OPT_CONNECTION",
          "type": "*"
        }
      ],
      "size": [
        252,
        154
      ],
      "pos": [
        -1062.60546875,
        -2092.031005859375
      ],
      "inputs": [],
      "flags": {},
      "id": 85,
      "type": "Fast Groups Bypasser (rgthree)",
      "properties": {
        "customSortAlphabet": "",
        "matchColors": "",
        "sort": "position",
        "matchTitle": "",
        "showNav": true,
        "toggleRestriction": "default"
      },
      "order": 8
    },
    {
      "mode": 4,
      "outputs": [
        {
          "name": "IMAGE",
          "links": [
            104
          ],
          "label": "IMAGE",
          "type": "IMAGE",
          "localized_name": "IMAGE"
        },
        {
          "name": "MASK",
          "label": "MASK",
          "type": "MASK",
          "localized_name": "MASK"
        }
      ],
      "size": [
        315,
        314
      ],
      "pos": [
        -714.4552001953125,
        -830.85107421875
      ],
      "widgets_values": [
        "916606e205c0ce47e409942392bf32d48fb422d43edae8111616ad0a5c582797.png",
        "image"
      ],
      "inputs": [],
      "flags": {},
      "id": 2,
      "type": "LoadImage",
      "properties": {
        "Node name for S&R": "LoadImage"
      },
      "order": 9
    },
    {
      "mode": 0,
      "outputs": [
        {
          "name": "STRING",
          "links": [
            135,
            144
          ],
          "label": "STRING",
          "type": "STRING",
          "localized_name": "STRING"
        }
      ],
      "size": [
        315,
        178
      ],
      "pos": [
        241.59115600585938,
        1156.805908203125
      ],
      "widgets_values": [
        ", ",
        "true",
        "",
        "",
        "",
        ""
      ],
      "inputs": [
        {
          "widget": {
            "name": "text_a"
          },
          "shape": 7,
          "name": "text_a",
          "link": 140,
          "label": "text_a",
          "type": "STRING"
        },
        {
          "widget": {
            "name": "text_b"
          },
          "shape": 7,
          "name": "text_b",
          "link": 141,
          "label": "text_b",
          "type": "STRING"
        },
        {
          "widget": {
            "name": "text_c"
          },
          "shape": 7,
          "name": "text_c",
          "label": "text_c",
          "type": "STRING"
        },
        {
          "widget": {
            "name": "text_d"
          },
          "shape": 7,
          "name": "text_d",
          "label": "text_d",
          "type": "STRING"
        }
      ],
      "flags": {
        "collapsed": false
      },
      "id": 96,
      "type": "Text Concatenate",
      "properties": {
        "Node name for S&R": "Text Concatenate"
      },
      "order": 44
    },
    {
      "mode": 0,
      "outputs": [
        {
          "shape": 6,
          "name": "STRING",
          "label": "STRING",
          "type": "STRING",
          "localized_name": "STRING"
        }
      ],
      "size": [
        384.81915283203125,
        247.73333740234375
      ],
      "pos": [
        257.7804260253906,
        1416.893798828125
      ],
      "widgets_values": [
        "",
        "A  chinese woman wearing clothes and trousers nad hold the bag, **Tag Description:** Casual fashion ensemble featuring a lilac short-sleeve T-shirt with black sleeves and \"VANS\" logo prominently displayed across the chest in matching lilac text. The T-shirt boasts a classic round neckline and relaxed fit, ideal for everyday wear. Paired with a vibrant yellow A-line midi skirt adorned with a detailed botanical print. The skirt showcases various colorful flowers, petals, and green leaves, creating a lively and dynamic pattern. Its flowy design provides elegant movement and comfort, complementing the casual yet playful vibe of the outfit."
      ],
      "inputs": [
        {
          "widget": {
            "name": "text"
          },
          "name": "text",
          "link": 144,
          "label": "text",
          "type": "STRING"
        }
      ],
      "flags": {},
      "id": 101,
      "type": "ShowText|pysssss",
      "properties": {
        "Node name for S&R": "ShowText|pysssss"
      },
      "order": 52
    },
    {
      "mode": 0,
      "outputs": [
        {
          "name": "image",
          "links": [
            133,
            134,
            138
          ],
          "label": "image",
          "type": "IMAGE",
          "localized_name": "image"
        },
        {
          "name": "mask",
          "label": "mask",
          "type": "MASK",
          "localized_name": "mask"
        }
      ],
      "size": [
        315,
        362
      ],
      "pos": [
        -12.205078125,
        500.84283447265625
      ],
      "widgets_values": [
        "RMBG-1.4",
        "Preview",
        "ComfyUI",
        false,
        "white",
        false
      ],
      "inputs": [
        {
          "name": "images",
          "link": 168,
          "label": "images",
          "type": "IMAGE",
          "localized_name": "images"
        }
      ],
      "flags": {},
      "id": 90,
      "type": "easy imageRemBg",
      "properties": {
        "Node name for S&R": "easy imageRemBg"
      },
      "order": 36
    },
    {
      "mode": 0,
      "outputs": [
        {
          "name": "IMAGE",
          "links": [
            142
          ],
          "label": "IMAGE",
          "type": "IMAGE",
          "localized_name": "IMAGE"
        },
        {
          "name": "width",
          "label": "width",
          "type": "INT",
          "localized_name": "width"
        },
        {
          "name": "height",
          "label": "height",
          "type": "INT",
          "localized_name": "height"
        }
      ],
      "size": [
        236.80987548828125,
        242
      ],
      "pos": [
        -338.5694580078125,
        507.9622497558594
      ],
      "widgets_values": [
        512,
        768,
        "nearest-exact",
        "stretch",
        "0, 0, 0",
        "center",
        2
      ],
      "inputs": [
        {
          "name": "image",
          "link": 132,
          "label": "image",
          "type": "IMAGE",
          "localized_name": "image"
        }
      ],
      "flags": {},
      "id": 89,
      "type": "ImageResizeKJv2",
      "properties": {
        "Node name for S&R": "ImageResizeKJv2"
      },
      "order": 23
    },
    {
      "mode": 0,
      "outputs": [
        {
          "name": "IMAGE",
          "links": [
            143
          ],
          "label": "IMAGE",
          "type": "IMAGE",
          "localized_name": "IMAGE"
        },
        {
          "name": "width",
          "label": "width",
          "type": "INT",
          "localized_name": "width"
        },
        {
          "name": "height",
          "label": "height",
          "type": "INT",
          "localized_name": "height"
        }
      ],
      "size": [
        242.3291778564453,
        242
      ],
      "pos": [
        -344.1724853515625,
        840.2071533203125
      ],
      "widgets_values": [
        512,
        768,
        "nearest-exact",
        "stretch",
        "0, 0, 0",
        "center",
        2
      ],
      "inputs": [
        {
          "name": "image",
          "link": 131,
          "label": "image",
          "type": "IMAGE",
          "localized_name": "image"
        }
      ],
      "flags": {},
      "id": 88,
      "type": "ImageResizeKJv2",
      "properties": {
        "Node name for S&R": "ImageResizeKJv2"
      },
      "order": 24
    },
    {
      "outputs": [],
      "color": "#432",
      "widgets_values": [
        "这里切换转接点路由，可以尝试多主体、但主体"
      ],
      "inputs": [],
      "flags": {},
      "type": "Note",
      "mode": 0,
      "bgcolor": "#653",
      "size": [
        210,
        92.19597625732422
      ],
      "pos": [
        239.8699188232422,
        902.6751708984375
      ],
      "id": 97,
      "properties": {},
      "order": 10
    },
    {
      "mode": 0,
      "outputs": [
        {
          "name": "describe",
          "links": [
            141
          ],
          "label": "describe",
          "type": "STRING",
          "localized_name": "describe"
        }
      ],
      "size": [
        319.8495788574219,
        187.0298309326172
      ],
      "pos": [
        -91.31444549560547,
        1380.35107421875
      ],
      "widgets_values": [
        "Please provide a detailed tag description of this image. prompt use tag description style. If any characters in the image are familiar to you, such as celebrities, movie characters, or animated figures, please directly use their names. The description should be as detailed as possible, but should not exceed 150 words, and do not mention the background,  do not mention the text and Watermark"
      ],
      "inputs": [
        {
          "name": "ref_image",
          "link": 169,
          "label": "ref_image",
          "type": "IMAGE",
          "localized_name": "ref_image"
        }
      ],
      "flags": {},
      "id": 100,
      "type": "RH_Captioner",
      "properties": {
        "Node name for S&R": "RH_Captioner"
      },
      "order": 37
    },
    {
      "mode": 0,
      "outputs": [],
      "size": [
        202.76202392578125,
        246
      ],
      "pos": [
        344.4455871582031,
        443.19146728515625
      ],
      "widgets_values": [],
      "inputs": [
        {
          "name": "images",
          "link": 133,
          "label": "images",
          "type": "IMAGE",
          "localized_name": "images"
        }
      ],
      "flags": {},
      "id": 91,
      "type": "PreviewImage",
      "properties": {
        "Node name for S&R": "PreviewImage"
      },
      "order": 43
    },
    {
      "mode": 0,
      "outputs": [
        {
          "name": "IMAGE",
          "links": [
            132
          ],
          "label": "IMAGE",
          "type": "IMAGE",
          "localized_name": "IMAGE"
        },
        {
          "name": "MASK",
          "label": "MASK",
          "type": "MASK",
          "localized_name": "MASK"
        }
      ],
      "size": [
        315,
        314
      ],
      "pos": [
        -705.901123046875,
        490.2484130859375
      ],
      "widgets_values": [
        "916606e205c0ce47e409942392bf32d48fb422d43edae8111616ad0a5c582797.png",
        "image",
        ""
      ],
      "inputs": [],
      "flags": {},
      "id": 86,
      "type": "LoadImage",
      "properties": {
        "Node name for S&R": "LoadImage"
      },
      "order": 11
    },
    {
      "mode": 4,
      "outputs": [
        {
          "name": "image",
          "links": [
            154,
            155,
            159
          ],
          "label": "image",
          "type": "IMAGE",
          "localized_name": "image"
        },
        {
          "name": "mask",
          "label": "mask",
          "type": "MASK",
          "localized_name": "mask"
        }
      ],
      "size": [
        315,
        362
      ],
      "pos": [
        -49.83650588989258,
        1894.0386962890625
      ],
      "widgets_values": [
        "RMBG-1.4",
        "Preview",
        "ComfyUI",
        false,
        "white",
        false
      ],
      "inputs": [
        {
          "name": "images",
          "link": 153,
          "label": "images",
          "type": "IMAGE",
          "localized_name": "images"
        }
      ],
      "flags": {},
      "id": 107,
      "type": "easy imageRemBg",
      "properties": {
        "Node name for S&R": "easy imageRemBg"
      },
      "order": 45
    },
    {
      "mode": 4,
      "outputs": [],
      "size": [
        202.76202392578125,
        246
      ],
      "pos": [
        306.8143005371094,
        1836.3873291015625
      ],
      "widgets_values": [],
      "inputs": [
        {
          "name": "images",
          "link": 154,
          "label": "images",
          "type": "IMAGE",
          "localized_name": "images"
        }
      ],
      "flags": {},
      "id": 108,
      "type": "PreviewImage",
      "properties": {
        "Node name for S&R": "PreviewImage"
      },
      "order": 53
    },
    {
      "mode": 4,
      "outputs": [
        {
          "name": "image",
          "links": [
            157,
            160
          ],
          "label": "image",
          "type": "IMAGE",
          "localized_name": "image"
        }
      ],
      "size": [
        400,
        320
      ],
      "pos": [
        458.73162841796875,
        2134.8994140625
      ],
      "widgets_values": [
        "",
        768,
        1024,
        4,
        744613743319737,
        "randomize",
        20,
        512,
        768
      ],
      "inputs": [
        {
          "name": "cloth_image",
          "link": 155,
          "label": "cloth_image",
          "type": "IMAGE",
          "localized_name": "cloth_image"
        },
        {
          "shape": 7,
          "name": "pose_image",
          "label": "pose_image",
          "type": "IMAGE",
          "localized_name": "pose_image"
        },
        {
          "shape": 7,
          "name": "keep_image",
          "label": "keep_image",
          "type": "IMAGE",
          "localized_name": "keep_image"
        },
        {
          "widget": {
            "name": "image_text"
          },
          "name": "image_text",
          "link": 156,
          "label": "image_text",
          "type": "STRING"
        }
      ],
      "flags": {},
      "id": 109,
      "type": "RunningHub_DreamFit_Flux",
      "properties": {
        "Node name for S&R": "RunningHub_DreamFit_Flux"
      },
      "order": 61
    },
    {
      "mode": 4,
      "outputs": [],
      "size": [
        490.60986328125,
        609.44921875
      ],
      "pos": [
        981.0093994140625,
        2001.7803955078125
      ],
      "widgets_values": [
        "pl-dreamfit"
      ],
      "inputs": [
        {
          "name": "images",
          "link": 157,
          "label": "images",
          "type": "IMAGE",
          "localized_name": "images"
        }
      ],
      "flags": {},
      "id": 110,
      "type": "SaveImage",
      "properties": {
        "Node name for S&R": "SaveImage"
      },
      "order": 67
    },
    {
      "mode": 4,
      "outputs": [],
      "size": [
        504.0357666015625,
        411.84600830078125
      ],
      "pos": [
        989.6611938476562,
        2670.522705078125
      ],
      "widgets_values": [
        "ComfyUI"
      ],
      "inputs": [
        {
          "name": "images",
          "link": 158,
          "label": "images",
          "type": "IMAGE",
          "localized_name": "images"
        }
      ],
      "flags": {},
      "id": 111,
      "type": "SaveImage",
      "properties": {
        "Node name for S&R": "SaveImage"
      },
      "order": 71
    },
    {
      "mode": 4,
      "outputs": [
        {
          "name": "IMAGE",
          "links": [
            158
          ],
          "label": "IMAGE",
          "type": "IMAGE",
          "localized_name": "IMAGE"
        }
      ],
      "size": [
        315,
        102
      ],
      "pos": [
        650.0664672851562,
        2641.989990234375
      ],
      "widgets_values": [
        "right",
        true
      ],
      "inputs": [
        {
          "name": "image1",
          "link": 159,
          "label": "image1",
          "type": "IMAGE",
          "localized_name": "image1"
        },
        {
          "name": "image2",
          "link": 160,
          "label": "image2",
          "type": "IMAGE",
          "localized_name": "image2"
        }
      ],
      "flags": {},
      "id": 112,
      "type": "ImageConcanate",
      "properties": {
        "Node name for S&R": "ImageConcanate"
      },
      "order": 68
    },
    {
      "mode": 4,
      "outputs": [
        {
          "name": "STRING",
          "links": [
            156,
            162
          ],
          "label": "STRING",
          "type": "STRING",
          "localized_name": "STRING"
        }
      ],
      "size": [
        315,
        178
      ],
      "pos": [
        203.9596405029297,
        2550.00244140625
      ],
      "widgets_values": [
        ", ",
        "true",
        "",
        "",
        "",
        ""
      ],
      "inputs": [
        {
          "widget": {
            "name": "text_a"
          },
          "shape": 7,
          "name": "text_a",
          "label": "text_a",
          "type": "STRING"
        },
        {
          "widget": {
            "name": "text_b"
          },
          "shape": 7,
          "name": "text_b",
          "link": 161,
          "label": "text_b",
          "type": "STRING"
        },
        {
          "widget": {
            "name": "text_c"
          },
          "shape": 7,
          "name": "text_c",
          "label": "text_c",
          "type": "STRING"
        },
        {
          "widget": {
            "name": "text_d"
          },
          "shape": 7,
          "name": "text_d",
          "label": "text_d",
          "type": "STRING"
        }
      ],
      "flags": {
        "collapsed": false
      },
      "id": 113,
      "type": "Text Concatenate",
      "properties": {
        "Node name for S&R": "Text Concatenate"
      },
      "order": 54
    },
    {
      "mode": 4,
      "outputs": [
        {
          "shape": 6,
          "name": "STRING",
          "label": "STRING",
          "type": "STRING",
          "localized_name": "STRING"
        }
      ],
      "size": [
        384.81915283203125,
        247.73333740234375
      ],
      "pos": [
        220.14895629882812,
        2810.09033203125
      ],
      "widgets_values": [
        "",
        "Tag Description: Yellow short-sleeve graphic T-shirt featuring bold black text design in Mandarin-style typography across the chest. Classic rounded neckline and casual fit. Paired with loose-fit, high-waisted denim jeans in medium blue hue, adorned with two symmetrical white embroidered patterns resembling the Loewe logo on each knee. Completing the outfit is a stylish Louis Vuitton handbag in iconic monogram canvas. Bag features a slouchy hobo silhouette, accented with a chunky gold braided chain handle and leather luggage tag emblazoned with an LV metal logo charm."
      ],
      "inputs": [
        {
          "widget": {
            "name": "text"
          },
          "name": "text",
          "link": 162,
          "label": "text",
          "type": "STRING"
        }
      ],
      "flags": {},
      "id": 114,
      "type": "ShowText|pysssss",
      "properties": {
        "Node name for S&R": "ShowText|pysssss"
      },
      "order": 62
    },
    {
      "mode": 4,
      "outputs": [
        {
          "name": "describe",
          "links": [
            161
          ],
          "label": "describe",
          "type": "STRING",
          "localized_name": "describe"
        }
      ],
      "size": [
        319.8495788574219,
        187.0298309326172
      ],
      "pos": [
        -128.94578552246094,
        2773.547607421875
      ],
      "widgets_values": [
        "Please provide a detailed tag description of this image. prompt use tag description style. If any characters in the image are familiar to you, such as celebrities, movie characters, or animated figures, please directly use their names. The description should be as detailed as possible, but should not exceed 150 words, and do not mention the background,  do not mention the text and Watermark"
      ],
      "inputs": [
        {
          "name": "ref_image",
          "link": 163,
          "label": "ref_image",
          "type": "IMAGE",
          "localized_name": "ref_image"
        }
      ],
      "flags": {},
      "id": 115,
      "type": "RH_Captioner",
      "properties": {
        "Node name for S&R": "RH_Captioner"
      },
      "order": 46
    },
    {
      "mode": 4,
      "outputs": [
        {
          "name": "IMAGE",
          "links": [
            164
          ],
          "label": "IMAGE",
          "type": "IMAGE",
          "localized_name": "IMAGE"
        },
        {
          "name": "width",
          "label": "width",
          "type": "INT",
          "localized_name": "width"
        },
        {
          "name": "height",
          "label": "height",
          "type": "INT",
          "localized_name": "height"
        }
      ],
      "size": [
        242.3291778564453,
        242
      ],
      "pos": [
        -424.6038513183594,
        2743.718017578125
      ],
      "widgets_values": [
        512,
        768,
        "nearest-exact",
        "stretch",
        "0, 0, 0",
        "center",
        2
      ],
      "inputs": [
        {
          "name": "image",
          "link": 166,
          "label": "image",
          "type": "IMAGE",
          "localized_name": "image"
        }
      ],
      "flags": {},
      "id": 120,
      "type": "ImageResizeKJv2",
      "properties": {
        "Node name for S&R": "ImageResizeKJv2"
      },
      "order": 26
    },
    {
      "outputs": [],
      "color": "#432",
      "widgets_values": [
        "这里切换转接点路由，可以尝试多主体、但主体"
      ],
      "inputs": [],
      "flags": {},
      "type": "Note",
      "mode": 4,
      "bgcolor": "#653",
      "size": [
        210,
        92.19597625732422
      ],
      "pos": [
        202.23841857910156,
        2295.87158203125
      ],
      "id": 121,
      "properties": {},
      "order": 12
    },
    {
      "mode": 0,
      "outputs": [
        {
          "name": "IMAGE",
          "links": [
            168,
            169
          ],
          "label": "IMAGE",
          "type": "IMAGE",
          "localized_name": "IMAGE"
        }
      ],
      "size": [
        210,
        133.27615356445312
      ],
      "pos": [
        -91.07472229003906,
        952.1370239257812
      ],
      "widgets_values": [
        "down",
        true
      ],
      "inputs": [
        {
          "name": "image1",
          "link": 142,
          "label": "image1",
          "type": "IMAGE",
          "localized_name": "image1"
        },
        {
          "name": "image2",
          "link": 143,
          "label": "image2",
          "type": "IMAGE",
          "localized_name": "image2"
        }
      ],
      "flags": {},
      "id": 99,
      "type": "ImageConcanate",
      "properties": {
        "Node name for S&R": "ImageConcanate"
      },
      "order": 31
    },
    {
      "mode": 0,
      "outputs": [
        {
          "name": "IMAGE",
          "links": [
            131
          ],
          "label": "IMAGE",
          "type": "IMAGE",
          "localized_name": "IMAGE"
        },
        {
          "name": "MASK",
          "label": "MASK",
          "type": "MASK",
          "localized_name": "MASK"
        }
      ],
      "size": [
        315,
        314
      ],
      "pos": [
        -713.9842529296875,
        879.307373046875
      ],
      "widgets_values": [
        "3c5e8962b07f05bc20efd57a21a3066d8669ac255e8ad0733a5e7ef40eab54b8.jpg",
        "image",
        ""
      ],
      "inputs": [],
      "flags": {},
      "id": 87,
      "type": "LoadImage",
      "properties": {
        "Node name for S&R": "LoadImage"
      },
      "order": 13
    },
    {
      "mode": 0,
      "outputs": [],
      "size": [
        490.60986328125,
        609.44921875
      ],
      "pos": [
        1021.1498413085938,
        500.70745849609375
      ],
      "widgets_values": [
        "pl-dreamfit"
      ],
      "inputs": [
        {
          "name": "images",
          "link": 136,
          "label": "images",
          "type": "IMAGE",
          "localized_name": "images"
        }
      ],
      "flags": {},
      "id": 93,
      "type": "SaveImage",
      "properties": {
        "Node name for S&R": "SaveImage"
      },
      "order": 59
    },
    {
      "mode": 0,
      "outputs": [],
      "size": [
        504.0357666015625,
        411.84600830078125
      ],
      "pos": [
        1014.749267578125,
        1190.355224609375
      ],
      "widgets_values": [
        "ComfyUI"
      ],
      "inputs": [
        {
          "name": "images",
          "link": 171,
          "label": "images",
          "type": "IMAGE",
          "localized_name": "images"
        }
      ],
      "flags": {},
      "id": 94,
      "type": "SaveImage",
      "properties": {
        "Node name for S&R": "SaveImage"
      },
      "order": 70
    },
    {
      "mode": 0,
      "outputs": [
        {
          "name": "image",
          "links": [
            136,
            139
          ],
          "label": "image",
          "type": "IMAGE",
          "localized_name": "image"
        }
      ],
      "size": [
        400,
        320
      ],
      "pos": [
        496.36297607421875,
        741.7028198242188
      ],
      "widgets_values": [
        "",
        768,
        1024,
        4,
        132222289038304,
        "fixed",
        20,
        512,
        768
      ],
      "inputs": [
        {
          "name": "cloth_image",
          "link": 134,
          "label": "cloth_image",
          "type": "IMAGE",
          "localized_name": "cloth_image"
        },
        {
          "shape": 7,
          "name": "pose_image",
          "link": 167,
          "label": "pose_image",
          "type": "IMAGE",
          "localized_name": "pose_image"
        },
        {
          "shape": 7,
          "name": "keep_image",
          "label": "keep_image",
          "type": "IMAGE",
          "localized_name": "keep_image"
        },
        {
          "widget": {
            "name": "image_text"
          },
          "name": "image_text",
          "link": 135,
          "label": "image_text",
          "type": "STRING"
        }
      ],
      "flags": {},
      "id": 92,
      "type": "RunningHub_DreamFit_Flux",
      "properties": {
        "Node name for S&R": "RunningHub_DreamFit_Flux"
      },
      "order": 51
    },
    {
      "mode": 0,
      "outputs": [
        {
          "name": "IMAGE",
          "links": [
            170
          ],
          "label": "IMAGE",
          "type": "IMAGE",
          "localized_name": "IMAGE"
        }
      ],
      "size": [
        315,
        102
      ],
      "pos": [
        672.6454467773438,
        1152.623779296875
      ],
      "widgets_values": [
        "right",
        true
      ],
      "inputs": [
        {
          "name": "image1",
          "link": 138,
          "label": "image1",
          "type": "IMAGE",
          "localized_name": "image1"
        },
        {
          "name": "image2",
          "link": 139,
          "label": "image2",
          "type": "IMAGE",
          "localized_name": "image2"
        }
      ],
      "flags": {},
      "id": 95,
      "type": "ImageConcanate",
      "properties": {
        "Node name for S&R": "ImageConcanate"
      },
      "order": 60
    },
    {
      "mode": 0,
      "outputs": [
        {
          "name": "IMAGE",
          "links": [
            171
          ],
          "label": "IMAGE",
          "type": "IMAGE",
          "localized_name": "IMAGE"
        }
      ],
      "size": [
        315,
        102
      ],
      "pos": [
        681.76513671875,
        1348.0130615234375
      ],
      "widgets_values": [
        "right",
        true
      ],
      "inputs": [
        {
          "name": "image1",
          "link": 170,
          "label": "image1",
          "type": "IMAGE",
          "localized_name": "image1"
        },
        {
          "name": "image2",
          "link": 172,
          "label": "image2",
          "type": "IMAGE",
          "localized_name": "image2"
        }
      ],
      "flags": {},
      "id": 122,
      "type": "ImageConcanate",
      "properties": {
        "Node name for S&R": "ImageConcanate"
      },
      "order": 66
    },
    {
      "mode": 0,
      "outputs": [
        {
          "name": "IMAGE",
          "links": [
            167,
            172
          ],
          "label": "IMAGE",
          "type": "IMAGE",
          "localized_name": "IMAGE"
        },
        {
          "name": "width",
          "label": "width",
          "type": "INT",
          "localized_name": "width"
        },
        {
          "name": "height",
          "label": "height",
          "type": "INT",
          "localized_name": "height"
        }
      ],
      "size": [
        242.3291778564453,
        242
      ],
      "pos": [
        -383.6275634765625,
        1302.018310546875
      ],
      "widgets_values": [
        512,
        768,
        "nearest-exact",
        "stretch",
        "0, 0, 0",
        "center",
        2
      ],
      "inputs": [
        {
          "name": "image",
          "link": 149,
          "label": "image",
          "type": "IMAGE",
          "localized_name": "image"
        }
      ],
      "flags": {},
      "id": 104,
      "type": "ImageResizeKJv2",
      "properties": {
        "Node name for S&R": "ImageResizeKJv2"
      },
      "order": 25
    },
    {
      "mode": 0,
      "outputs": [
        {
          "name": "IMAGE",
          "links": [
            149
          ],
          "label": "IMAGE",
          "type": "IMAGE",
          "localized_name": "IMAGE"
        },
        {
          "name": "MASK",
          "label": "MASK",
          "type": "MASK",
          "localized_name": "MASK"
        }
      ],
      "size": [
        315,
        314
      ],
      "pos": [
        -718.9669799804688,
        1272.74951171875
      ],
      "widgets_values": [
        "953a1b0a7960f16fb135f5333b3190de1c555711a054b170e8571b5191532ce8.png",
        "image",
        ""
      ],
      "inputs": [],
      "flags": {},
      "id": 102,
      "type": "LoadImage",
      "properties": {
        "Node name for S&R": "LoadImage"
      },
      "order": 14
    },
    {
      "mode": 0,
      "outputs": [
        {
          "name": "STRING",
          "links": [
            140
          ],
          "label": "STRING",
          "type": "STRING",
          "localized_name": "STRING"
        }
      ],
      "size": [
        282.3842468261719,
        96.27468872070312
      ],
      "pos": [
        -76.76083374023438,
        1209.6539306640625
      ],
      "widgets_values": [
        "A  chinese woman wearing clothes and trousers nad hold the bag"
      ],
      "inputs": [],
      "flags": {},
      "id": 98,
      "type": "Text Multiline",
      "properties": {
        "Node name for S&R": "Text Multiline"
      },
      "order": 15
    },
    {
      "mode": 4,
      "outputs": [
        {
          "name": "IMAGE",
          "links": [
            173
          ],
          "label": "IMAGE",
          "type": "IMAGE",
          "localized_name": "IMAGE"
        },
        {
          "name": "width",
          "label": "width",
          "type": "INT",
          "localized_name": "width"
        },
        {
          "name": "height",
          "label": "height",
          "type": "INT",
          "localized_name": "height"
        }
      ],
      "size": [
        236.80987548828125,
        242
      ],
      "pos": [
        -376.2007141113281,
        1901.1580810546875
      ],
      "widgets_values": [
        512,
        768,
        "nearest-exact",
        "stretch",
        "0, 0, 0",
        "center",
        2
      ],
      "inputs": [
        {
          "name": "image",
          "link": 152,
          "label": "image",
          "type": "IMAGE",
          "localized_name": "image"
        }
      ],
      "flags": {},
      "id": 106,
      "type": "ImageResizeKJv2",
      "properties": {
        "Node name for S&R": "ImageResizeKJv2"
      },
      "order": 27
    },
    {
      "mode": 4,
      "outputs": [
        {
          "name": "IMAGE",
          "links": [
            175
          ],
          "label": "IMAGE",
          "type": "IMAGE",
          "localized_name": "IMAGE"
        }
      ],
      "size": [
        210,
        133.27615356445312
      ],
      "pos": [
        -393.06866455078125,
        2532.19677734375
      ],
      "widgets_values": [
        "down",
        true
      ],
      "inputs": [
        {
          "name": "image1",
          "link": 173,
          "label": "image1",
          "type": "IMAGE",
          "localized_name": "image1"
        },
        {
          "name": "image2",
          "link": 174,
          "label": "image2",
          "type": "IMAGE",
          "localized_name": "image2"
        }
      ],
      "flags": {},
      "id": 123,
      "type": "ImageConcanate",
      "properties": {
        "Node name for S&R": "ImageConcanate"
      },
      "order": 32
    },
    {
      "mode": 4,
      "outputs": [
        {
          "name": "IMAGE",
          "links": [
            153,
            163
          ],
          "label": "IMAGE",
          "type": "IMAGE",
          "localized_name": "IMAGE"
        }
      ],
      "size": [
        210,
        133.27615356445312
      ],
      "pos": [
        -100.21926879882812,
        2496.771484375
      ],
      "widgets_values": [
        "down",
        true
      ],
      "inputs": [
        {
          "name": "image1",
          "link": 175,
          "label": "image1",
          "type": "IMAGE",
          "localized_name": "image1"
        },
        {
          "name": "image2",
          "link": 164,
          "label": "image2",
          "type": "IMAGE",
          "localized_name": "image2"
        }
      ],
      "flags": {},
      "id": 116,
      "type": "ImageConcanate",
      "properties": {
        "Node name for S&R": "ImageConcanate"
      },
      "order": 38
    },
    {
      "mode": 4,
      "outputs": [
        {
          "name": "IMAGE",
          "links": [
            166
          ],
          "label": "IMAGE",
          "type": "IMAGE",
          "localized_name": "IMAGE"
        },
        {
          "name": "MASK",
          "label": "MASK",
          "type": "MASK",
          "localized_name": "MASK"
        }
      ],
      "size": [
        315,
        314
      ],
      "pos": [
        -756.5985717773438,
        2665.946044921875
      ],
      "widgets_values": [
        "842c4900feccb25e74f8ec00a96b120c135061e0aa017c2a14529a3ba6013061.png",
        "image",
        ""
      ],
      "inputs": [],
      "flags": {},
      "id": 119,
      "type": "LoadImage",
      "properties": {
        "Node name for S&R": "LoadImage"
      },
      "order": 16
    },
    {
      "mode": 4,
      "outputs": [
        {
          "name": "IMAGE",
          "links": [
            174
          ],
          "label": "IMAGE",
          "type": "IMAGE",
          "localized_name": "IMAGE"
        },
        {
          "name": "width",
          "label": "width",
          "type": "INT",
          "localized_name": "width"
        },
        {
          "name": "height",
          "label": "height",
          "type": "INT",
          "localized_name": "height"
        }
      ],
      "size": [
        242.3291778564453,
        242
      ],
      "pos": [
        -374.4448547363281,
        2210.40576171875
      ],
      "widgets_values": [
        512,
        768,
        "nearest-exact",
        "stretch",
        "0, 0, 0",
        "center",
        2
      ],
      "inputs": [
        {
          "name": "image",
          "link": 165,
          "label": "image",
          "type": "IMAGE",
          "localized_name": "image"
        }
      ],
      "flags": {},
      "id": 117,
      "type": "ImageResizeKJv2",
      "properties": {
        "Node name for S&R": "ImageResizeKJv2"
      },
      "order": 28
    },
    {
      "mode": 4,
      "outputs": [
        {
          "name": "IMAGE",
          "links": [
            152
          ],
          "label": "IMAGE",
          "type": "IMAGE",
          "localized_name": "IMAGE"
        },
        {
          "name": "MASK",
          "label": "MASK",
          "type": "MASK",
          "localized_name": "MASK"
        }
      ],
      "size": [
        315,
        314
      ],
      "pos": [
        -743.53271484375,
        1883.4442138671875
      ],
      "widgets_values": [
        "916606e205c0ce47e409942392bf32d48fb422d43edae8111616ad0a5c582797.png",
        "image",
        ""
      ],
      "inputs": [],
      "flags": {},
      "id": 105,
      "type": "LoadImage",
      "properties": {
        "Node name for S&R": "LoadImage"
      },
      "order": 17
    },
    {
      "mode": 4,
      "outputs": [
        {
          "name": "IMAGE",
          "links": [
            165
          ],
          "label": "IMAGE",
          "type": "IMAGE",
          "localized_name": "IMAGE"
        },
        {
          "name": "MASK",
          "label": "MASK",
          "type": "MASK",
          "localized_name": "MASK"
        }
      ],
      "size": [
        315,
        314
      ],
      "pos": [
        -751.6158447265625,
        2272.50390625
      ],
      "widgets_values": [
        "86efe3301ffb6029c3029a263c30285b86c78799d3af9070456f6a7b1a3d2d1b.jpg",
        "image",
        ""
      ],
      "inputs": [],
      "flags": {},
      "id": 118,
      "type": "LoadImage",
      "properties": {
        "Node name for S&R": "LoadImage"
      },
      "order": 18
    }
  ],
  "extra": {
    "VHS_KeepIntermediate": true,
    "ue_links": [],
    "VHS_MetadataImage": true,
    "0246.VERSION": [
      0,
      0,
      4
    ],
    "VHS_latentpreviewrate": 0,
    "VHS_latentpreview": false,
    "ds": {
      "offset": [
        1612.3309166813183,
        -382.30917457823904
      ],
      "scale": 0.6588450000000002
    }
  },
  "groups": [
    {
      "color": "#3f789e",
      "font_size": 24,
      "flags": {},
      "id": 4,
      "title": "02-多图融合",
      "bounding": [
        -730.86572265625,
        -973.2506713867188,
        2264.4765625,
        1275.224853515625
      ]
    },
    {
      "color": "#3f789e",
      "font_size": 24,
      "flags": {},
      "id": 6,
      "title": "01-单图迁移",
      "bounding": [
        -611.9630126953125,
        -2423.55322265625,
        2264.4765625,
        1275.224853515625
      ]
    },
    {
      "color": "#3f789e",
      "font_size": 24,
      "flags": {},
      "id": 7,
      "title": "03-Pose引导",
      "bounding": [
        -723.14794921875,
        423.9481506347656,
        2264.4765625,
        1275.2239990234375
      ]
    },
    {
      "color": "#3f789e",
      "font_size": 24,
      "flags": {},
      "id": 8,
      "title": "04-3图引导",
      "bounding": [
        -766.5985717773438,
        1762.7874755859375,
        2270.295654296875,
        1329.5806884765625
      ]
    }
  ],
  "links": [
    [
      60,
      48,
      0,
      49,
      0,
      "STRING"
    ],
    [
      62,
      50,
      0,
      49,
      1,
      "STRING"
    ],
    [
      73,
      53,
      0,
      9,
      0,
      "IMAGE"
    ],
    [
      75,
      49,
      0,
      54,
      0,
      "STRING"
    ],
    [
      90,
      57,
      0,
      58,
      0,
      "IMAGE"
    ],
    [
      92,
      53,
      0,
      57,
      0,
      "IMAGE"
    ],
    [
      96,
      59,
      0,
      50,
      0,
      "IMAGE"
    ],
    [
      97,
      59,
      0,
      53,
      0,
      "IMAGE"
    ],
    [
      102,
      6,
      0,
      62,
      0,
      "IMAGE"
    ],
    [
      103,
      62,
      0,
      60,
      1,
      "IMAGE"
    ],
    [
      104,
      2,
      0,
      63,
      0,
      "IMAGE"
    ],
    [
      105,
      63,
      0,
      60,
      0,
      "IMAGE"
    ],
    [
      107,
      53,
      0,
      65,
      0,
      "IMAGE"
    ],
    [
      108,
      65,
      0,
      3,
      0,
      "IMAGE"
    ],
    [
      109,
      65,
      0,
      57,
      1,
      "IMAGE"
    ],
    [
      110,
      49,
      0,
      65,
      3,
      "STRING"
    ],
    [
      111,
      60,
      0,
      59,
      0,
      "*"
    ],
    [
      112,
      83,
      0,
      66,
      0,
      "IMAGE"
    ],
    [
      113,
      72,
      0,
      67,
      0,
      "IMAGE"
    ],
    [
      114,
      71,
      0,
      68,
      0,
      "IMAGE"
    ],
    [
      115,
      76,
      0,
      69,
      0,
      "STRING"
    ],
    [
      116,
      75,
      0,
      70,
      0,
      "IMAGE"
    ],
    [
      117,
      82,
      0,
      74,
      0,
      "IMAGE"
    ],
    [
      118,
      74,
      0,
      75,
      0,
      "IMAGE"
    ],
    [
      119,
      83,
      0,
      75,
      1,
      "IMAGE"
    ],
    [
      120,
      79,
      0,
      76,
      0,
      "STRING"
    ],
    [
      121,
      81,
      0,
      76,
      1,
      "STRING"
    ],
    [
      122,
      74,
      0,
      77,
      0,
      "IMAGE"
    ],
    [
      125,
      82,
      0,
      81,
      0,
      "IMAGE"
    ],
    [
      127,
      74,
      0,
      83,
      0,
      "IMAGE"
    ],
    [
      128,
      76,
      0,
      83,
      3,
      "STRING"
    ],
    [
      130,
      68,
      0,
      82,
      0,
      "*"
    ],
    [
      131,
      87,
      0,
      88,
      0,
      "IMAGE"
    ],
    [
      132,
      86,
      0,
      89,
      0,
      "IMAGE"
    ],
    [
      133,
      90,
      0,
      91,
      0,
      "IMAGE"
    ],
    [
      134,
      90,
      0,
      92,
      0,
      "IMAGE"
    ],
    [
      135,
      96,
      0,
      92,
      3,
      "STRING"
    ],
    [
      136,
      92,
      0,
      93,
      0,
      "IMAGE"
    ],
    [
      138,
      90,
      0,
      95,
      0,
      "IMAGE"
    ],
    [
      139,
      92,
      0,
      95,
      1,
      "IMAGE"
    ],
    [
      140,
      98,
      0,
      96,
      0,
      "STRING"
    ],
    [
      141,
      100,
      0,
      96,
      1,
      "STRING"
    ],
    [
      142,
      89,
      0,
      99,
      0,
      "IMAGE"
    ],
    [
      143,
      88,
      0,
      99,
      1,
      "IMAGE"
    ],
    [
      144,
      96,
      0,
      101,
      0,
      "STRING"
    ],
    [
      149,
      102,
      0,
      104,
      0,
      "IMAGE"
    ],
    [
      152,
      105,
      0,
      106,
      0,
      "IMAGE"
    ],
    [
      153,
      116,
      0,
      107,
      0,
      "IMAGE"
    ],
    [
      154,
      107,
      0,
      108,
      0,
      "IMAGE"
    ],
    [
      155,
      107,
      0,
      109,
      0,
      "IMAGE"
    ],
    [
      156,
      113,
      0,
      109,
      3,
      "STRING"
    ],
    [
      157,
      109,
      0,
      110,
      0,
      "IMAGE"
    ],
    [
      158,
      112,
      0,
      111,
      0,
      "IMAGE"
    ],
    [
      159,
      107,
      0,
      112,
      0,
      "IMAGE"
    ],
    [
      160,
      109,
      0,
      112,
      1,
      "IMAGE"
    ],
    [
      161,
      115,
      0,
      113,
      1,
      "STRING"
    ],
    [
      162,
      113,
      0,
      114,
      0,
      "STRING"
    ],
    [
      163,
      116,
      0,
      115,
      0,
      "IMAGE"
    ],
    [
      164,
      120,
      0,
      116,
      1,
      "IMAGE"
    ],
    [
      165,
      118,
      0,
      117,
      0,
      "IMAGE"
    ],
    [
      166,
      119,
      0,
      120,
      0,
      "IMAGE"
    ],
    [
      167,
      104,
      0,
      92,
      1,
      "IMAGE"
    ],
    [
      168,
      99,
      0,
      90,
      0,
      "IMAGE"
    ],
    [
      169,
      99,
      0,
      100,
      0,
      "IMAGE"
    ],
    [
      170,
      95,
      0,
      122,
      0,
      "IMAGE"
    ],
    [
      171,
      122,
      0,
      94,
      0,
      "IMAGE"
    ],
    [
      172,
      104,
      0,
      122,
      1,
      "IMAGE"
    ],
    [
      173,
      106,
      0,
      123,
      0,
      "IMAGE"
    ],
    [
      174,
      117,
      0,
      123,
      1,
      "IMAGE"
    ],
    [
      175,
      123,
      0,
      116,
      0,
      "IMAGE"
    ]
  ],
  "id": "ac300116-3fc1-4565-9e69-eac6e33a457f",
  "config": {},
  "version": 0.4,
  "last_node_id": 123,
  "revision": 0
}