{
  "last_link_id": 426,
  "nodes": [
    {
      "outputs": [
        {
          "name": "*",
          "label": "*",
          "type": "*"
        }
      ],
      "color": "#322",
      "widgets_values": [
        "WanVAE"
      ],
      "inputs": [
        {
          "name": "WANVAE",
          "link": 247,
          "label": "WANVAE",
          "type": "WANVAE"
        }
      ],
      "flags": {
        "collapsed": true
      },
      "type": "SetNode",
      "title": "Set_WanVAE",
      "mode": 0,
      "bgcolor": "#533",
      "size": [
        210,
        60
      ],
      "pos": [
        -722.1627807617188,
        -278.79656982421875
      ],
      "id": 122,
      "properties": {
        "previousName": "WanVAE",
        "widget_ue_connectable": {}
      },
      "order": 26
    },
    {
      "outputs": [
        {
          "name": "WANVAE",
          "links": [
            276
          ],
          "label": "WANVAE",
          "type": "WANVAE"
        }
      ],
      "color": "#322",
      "widgets_values": [
        "WanVAE"
      ],
      "inputs": [],
      "flags": {
        "collapsed": true
      },
      "type": "GetNode",
      "title": "Get_WanVAE",
      "mode": 0,
      "bgcolor": "#533",
      "size": [
        210,
        58
      ],
      "pos": [
        2216.522705078125,
        -902.31298828125
      ],
      "id": 142,
      "properties": {
        "widget_ue_connectable": {}
      },
      "order": 0
    },
    {
      "outputs": [
        {
          "name": "WANVAE",
          "links": [
            297
          ],
          "label": "WANVAE",
          "type": "WANVAE"
        }
      ],
      "color": "#322",
      "widgets_values": [
        "WanVAE"
      ],
      "inputs": [],
      "flags": {
        "collapsed": true
      },
      "type": "GetNode",
      "title": "Get_WanVAE",
      "mode": 0,
      "bgcolor": "#533",
      "size": [
        210,
        58
      ],
      "pos": [
        2786.5234375,
        -1002.31298828125
      ],
      "id": 166,
      "properties": {
        "widget_ue_connectable": {}
      },
      "order": 1
    },
    {
      "outputs": [
        {
          "name": "IMAGE",
          "links": [
            319
          ],
          "label": "IMAGE",
          "type": "IMAGE"
        }
      ],
      "color": "#2a363b",
      "widgets_values": [
        "reference_image"
      ],
      "inputs": [],
      "flags": {
        "collapsed": false
      },
      "type": "GetNode",
      "title": "Get_reference_image",
      "mode": 0,
      "bgcolor": "#3f5159",
      "size": [
        233.0802459716797,
        60.23356246948242
      ],
      "pos": [
        2913.83154296875,
        -1221.1939697265625
      ],
      "id": 153,
      "properties": {
        "widget_ue_connectable": {}
      },
      "order": 2
    },
    {
      "outputs": [
        {
          "name": "*",
          "label": "*",
          "type": "*"
        }
      ],
      "color": "#223",
      "widgets_values": [
        "WanModel"
      ],
      "inputs": [
        {
          "name": "WANVIDEOMODEL",
          "link": 246,
          "label": "WANVIDEOMODEL",
          "type": "WANVIDEOMODEL"
        }
      ],
      "flags": {
        "collapsed": true
      },
      "type": "SetNode",
      "title": "Set_WanModel",
      "mode": 0,
      "bgcolor": "#335",
      "size": [
        210,
        60
      ],
      "pos": [
        -596.304443359375,
        -758.7190551757812
      ],
      "id": 121,
      "properties": {
        "previousName": "WanModel",
        "widget_ue_connectable": {}
      },
      "order": 32
    },
    {
      "outputs": [],
      "color": "#432",
      "widgets_values": [
        "Adjust the blocks to swap based on your VRAM, this is a tradeoff between speed and memory usage.\n\n\nIMPORTANT!\nWhen at least 1 VACE block is swapped, the intermediate outputs are also offloaded reducing VRAM usage considerably"
      ],
      "inputs": [],
      "flags": {},
      "type": "Note",
      "mode": 0,
      "bgcolor": "#653",
      "size": [
        325.3857421875,
        177.342529296875
      ],
      "pos": [
        -1589.97607421875,
        -1088.727294921875
      ],
      "id": 42,
      "properties": {
        "widget_ue_connectable": {}
      },
      "order": 3
    },
    {
      "outputs": [
        {
          "name": "block_swap_args",
          "slot_index": 0,
          "links": [
            393
          ],
          "label": "block_swap_args",
          "type": "BLOCKSWAPARGS",
          "localized_name": "block_swap_args"
        }
      ],
      "color": "#223",
      "widgets_values": [
        10,
        false,
        false,
        true,
        15
      ],
      "inputs": [],
      "flags": {},
      "type": "WanVideoBlockSwap",
      "mode": 0,
      "bgcolor": "#335",
      "size": [
        315,
        154
      ],
      "pos": [
        -1552.9259033203125,
        -819.6917724609375
      ],
      "id": 39,
      "properties": {
        "cnr_id": "ComfyUI-WanVideoWrapper",
        "ver": "3869b0482b615b6a8fd6f346467c5ef6627eed72",
        "widget_ue_connectable": {},
        "Node name for S&R": "WanVideoBlockSwap"
      },
      "order": 4
    },
    {
      "outputs": [],
      "color": "#432",
      "widgets_values": [
        "While the WanVideo 1.3B model is in FP32, the VACE module in it is in BF16, so using fp16_fast is technically lossy, but seems to be fine if you want the speed boost."
      ],
      "inputs": [],
      "flags": {},
      "type": "Note",
      "mode": 0,
      "bgcolor": "#653",
      "size": [
        344.17034912109375,
        107.31356811523438
      ],
      "pos": [
        -606.8529663085938,
        -673.1156005859375
      ],
      "id": 182,
      "properties": {
        "widget_ue_connectable": {}
      },
      "order": 5
    },
    {
      "outputs": [],
      "color": "#432",
      "widgets_values": [
        "You can also use the VACE as separate module with any normal 1.3B model (not Fun models):\n\n[https://huggingface.co/Kijai/WanVideo_comfy/blob/main/Wan2_1_VACE_1_3B_preview_bf16.safetensors](https://huggingface.co/Kijai/WanVideo_comfy/blob/main/Wan2_1_VACE_1_3B_preview_bf16.safetensors)"
      ],
      "inputs": [],
      "flags": {},
      "type": "MarkdownNote",
      "mode": 0,
      "bgcolor": "#653",
      "size": [
        354.42205810546875,
        104.6712646484375
      ],
      "pos": [
        -1582.4566650390625,
        -379.1285095214844
      ],
      "id": 225,
      "properties": {
        "widget_ue_connectable": {}
      },
      "order": 6
    },
    {
      "outputs": [
        {
          "name": "*",
          "label": "*",
          "type": "*"
        }
      ],
      "color": "#432",
      "widgets_values": [
        "WanTextEncoder"
      ],
      "inputs": [
        {
          "name": "WANTEXTENCODER",
          "link": 250,
          "label": "WANTEXTENCODER",
          "type": "WANTEXTENCODER"
        }
      ],
      "flags": {
        "collapsed": true
      },
      "type": "SetNode",
      "title": "Set_WanTextEncoder",
      "mode": 0,
      "bgcolor": "#653",
      "size": [
        210,
        60
      ],
      "pos": [
        -695.9811401367188,
        -187.79855346679688
      ],
      "id": 125,
      "properties": {
        "previousName": "WanTextEncoder",
        "widget_ue_connectable": {}
      },
      "order": 27
    },
    {
      "outputs": [
        {
          "name": "text_embeds",
          "slot_index": 0,
          "links": [
            303
          ],
          "label": "text_embeds",
          "type": "WANVIDEOTEXTEMBEDS",
          "localized_name": "text_embeds"
        }
      ],
      "color": "#432",
      "widgets_values": [
        "",
        "bad quality, blurry, messy, chaotic",
        true
      ],
      "inputs": [
        {
          "name": "t5",
          "link": 299,
          "label": "t5",
          "type": "WANTEXTENCODER",
          "localized_name": "t5"
        },
        {
          "shape": 7,
          "name": "model_to_offload",
          "link": 300,
          "label": "model_to_offload",
          "type": "WANVIDEOMODEL",
          "localized_name": "model_to_offload"
        },
        {
          "widget": {
            "name": "positive_prompt"
          },
          "name": "positive_prompt",
          "link": 402,
          "label": "positive_prompt",
          "type": "STRING"
        }
      ],
      "flags": {},
      "type": "WanVideoTextEncode",
      "mode": 0,
      "bgcolor": "#653",
      "size": [
        370.9658508300781,
        156
      ],
      "pos": [
        1798.756103515625,
        -953.669677734375
      ],
      "id": 168,
      "properties": {
        "cnr_id": "ComfyUI-WanVideoWrapper",
        "ver": "3869b0482b615b6a8fd6f346467c5ef6627eed72",
        "widget_ue_connectable": {},
        "Node name for S&R": "WanVideoTextEncode"
      },
      "order": 43
    },
    {
      "outputs": [
        {
          "name": "WANVIDEOMODEL",
          "links": [
            300
          ],
          "label": "WANVIDEOMODEL",
          "type": "WANVIDEOMODEL"
        }
      ],
      "color": "#223",
      "widgets_values": [
        "WanModel"
      ],
      "inputs": [],
      "flags": {
        "collapsed": true
      },
      "type": "GetNode",
      "title": "Get_WanModel",
      "mode": 0,
      "bgcolor": "#335",
      "size": [
        210,
        58
      ],
      "pos": [
        1612.235595703125,
        -812.131591796875
      ],
      "id": 151,
      "properties": {
        "widget_ue_connectable": {}
      },
      "order": 7
    },
    {
      "outputs": [
        {
          "name": "WANTEXTENCODER",
          "links": [
            299
          ],
          "label": "WANTEXTENCODER",
          "type": "WANTEXTENCODER"
        }
      ],
      "color": "#432",
      "widgets_values": [
        "WanTextEncoder"
      ],
      "inputs": [],
      "flags": {
        "collapsed": true
      },
      "type": "GetNode",
      "title": "Get_WanTextEncoder",
      "mode": 0,
      "bgcolor": "#653",
      "size": [
        210,
        58
      ],
      "pos": [
        1580.492919921875,
        -863.8043212890625
      ],
      "id": 143,
      "properties": {
        "widget_ue_connectable": {}
      },
      "order": 8
    },
    {
      "mode": 0,
      "outputs": [
        {
          "name": "STRING",
          "links": [
            402,
            405
          ],
          "label": "STRING",
          "type": "STRING",
          "localized_name": "STRING"
        }
      ],
      "size": [
        315,
        178
      ],
      "pos": [
        1694.0208740234375,
        -1213.144287109375
      ],
      "widgets_values": [
        ", ",
        "true",
        "",
        "",
        "",
        ""
      ],
      "inputs": [
        {
          "widget": {
            "name": "text_a"
          },
          "shape": 7,
          "name": "text_a",
          "link": 404,
          "label": "text_a",
          "type": "STRING"
        },
        {
          "widget": {
            "name": "text_b"
          },
          "shape": 7,
          "name": "text_b",
          "link": 403,
          "label": "text_b",
          "type": "STRING"
        },
        {
          "widget": {
            "name": "text_c"
          },
          "shape": 7,
          "name": "text_c",
          "label": "text_c",
          "type": "STRING"
        },
        {
          "widget": {
            "name": "text_d"
          },
          "shape": 7,
          "name": "text_d",
          "label": "text_d",
          "type": "STRING"
        }
      ],
      "flags": {},
      "id": 233,
      "type": "Text Concatenate",
      "properties": {
        "Node name for S&R": "Text Concatenate"
      },
      "order": 41
    },
    {
      "outputs": [],
      "color": "#432",
      "widgets_values": [
        "人物使用Pose\n动物等使用depth"
      ],
      "inputs": [],
      "flags": {},
      "type": "Note",
      "mode": 0,
      "bgcolor": "#653",
      "size": [
        248.63748168945312,
        88
      ],
      "pos": [
        1225.7064208984375,
        -633.7637329101562
      ],
      "id": 230,
      "properties": {},
      "order": 9
    },
    {
      "mode": 0,
      "outputs": [
        {
          "name": "IMAGE",
          "links": [
            313
          ],
          "label": "IMAGE",
          "type": "IMAGE",
          "localized_name": "IMAGE"
        },
        {
          "name": "frame_count",
          "label": "frame_count",
          "type": "INT",
          "localized_name": "frame_count"
        },
        {
          "name": "audio",
          "links": [
            406,
            408
          ],
          "label": "audio",
          "type": "AUDIO",
          "localized_name": "audio"
        },
        {
          "name": "video_info",
          "label": "video_info",
          "type": "VHS_VIDEOINFO",
          "localized_name": "video_info"
        }
      ],
      "size": [
        253.279296875,
        759.49267578125
      ],
      "pos": [
        511.97802734375,
        -952.7669677734375
      ],
      "widgets_values": {
        "custom_height": 0,
        "force_rate": 0,
        "custom_width": 0,
        "select_every_nth": 1,
        "frame_load_cap": 0,
        "videopreview": {
          "paused": false,
          "hidden": false,
          "params": {
            "custom_height": 0,
            "filename": "0b2edaf6082b53ce62cbc076dab70e56f21f8713bb1f41d386cc55d69224bc64.mp4",
            "force_rate": 0,
            "custom_width": 0,
            "select_every_nth": 1,
            "frame_load_cap": 0,
            "format": "video/mp4",
            "skip_first_frames": 0,
            "type": "input"
          }
        },
        "format": "AnimateDiff",
        "video": "0b2edaf6082b53ce62cbc076dab70e56f21f8713bb1f41d386cc55d69224bc64.mp4",
        "skip_first_frames": 0,
        "force_size": "Disabled",
        "choose video to upload": "image"
      },
      "inputs": [
        {
          "shape": 7,
          "name": "meta_batch",
          "label": "meta_batch",
          "type": "VHS_BatchManager",
          "localized_name": "meta_batch"
        },
        {
          "shape": 7,
          "name": "vae",
          "label": "vae",
          "type": "VAE",
          "localized_name": "vae"
        },
        {
          "widget": {
            "name": "frame_load_cap"
          },
          "name": "frame_load_cap",
          "link": 409,
          "label": "frame_load_cap",
          "type": "INT"
        }
      ],
      "flags": {},
      "id": 173,
      "type": "VHS_LoadVideo",
      "properties": {
        "cnr_id": "comfyui-videohelpersuite",
        "ver": "0a75c7958fe320efcb052f1d9f8451fd20c730a8",
        "widget_ue_connectable": {},
        "Node name for S&R": "VHS_LoadVideo"
      },
      "order": 29
    },
    {
      "mode": 0,
      "outputs": [
        {
          "name": "OPT_CONNECTION",
          "label": "OPT_CONNECTION",
          "type": "*"
        }
      ],
      "size": [
        518.5264282226562,
        233.11900329589844
      ],
      "pos": [
        -1148.0875244140625,
        949.6113891601562
      ],
      "inputs": [],
      "flags": {},
      "id": 226,
      "type": "Fast Groups Bypasser (rgthree)",
      "properties": {
        "customSortAlphabet": "",
        "matchColors": "",
        "widget_ue_connectable": {},
        "sort": "position",
        "matchTitle": "",
        "showNav": true,
        "toggleRestriction": "default"
      },
      "order": 10
    },
    {
      "mode": 0,
      "outputs": [
        {
          "name": "int",
          "links": [
            410
          ],
          "label": "int",
          "type": "INT",
          "localized_name": "int"
        }
      ],
      "size": [
        210,
        58
      ],
      "pos": [
        -21.85451316833496,
        -536.0660400390625
      ],
      "widgets_values": [
        480
      ],
      "inputs": [],
      "flags": {},
      "id": 238,
      "type": "Primitive integer [Crystools]",
      "title": "宽度",
      "properties": {
        "Node name for S&R": "Primitive integer [Crystools]"
      },
      "order": 11
    },
    {
      "mode": 0,
      "outputs": [
        {
          "name": "int",
          "links": [
            411
          ],
          "label": "int",
          "type": "INT",
          "localized_name": "int"
        }
      ],
      "size": [
        210,
        58
      ],
      "pos": [
        -26.91365623474121,
        -401.486328125
      ],
      "widgets_values": [
        848
      ],
      "inputs": [],
      "flags": {},
      "id": 239,
      "type": "Primitive integer [Crystools]",
      "title": "高度",
      "properties": {
        "Node name for S&R": "Primitive integer [Crystools]"
      },
      "order": 12
    },
    {
      "outputs": [
        {
          "name": "model",
          "slot_index": 0,
          "links": [
            246
          ],
          "label": "model",
          "type": "WANVIDEOMODEL",
          "localized_name": "model"
        }
      ],
      "color": "#223",
      "widgets_values": [
        "Wan2_1-T2V-14B_fp8_e4m3fn.safetensors",
        "bf16",
        "fp8_e4m3fn",
        "offload_device",
        "sageattn"
      ],
      "inputs": [
        {
          "shape": 7,
          "name": "compile_args",
          "link": 392,
          "label": "compile_args",
          "type": "WANCOMPILEARGS",
          "localized_name": "compile_args"
        },
        {
          "shape": 7,
          "name": "block_swap_args",
          "link": 393,
          "label": "block_swap_args",
          "type": "BLOCKSWAPARGS",
          "localized_name": "block_swap_args"
        },
        {
          "shape": 7,
          "name": "lora",
          "link": 416,
          "label": "lora",
          "type": "WANVIDLORA",
          "localized_name": "lora"
        },
        {
          "shape": 7,
          "name": "vram_management_args",
          "label": "vram_management_args",
          "type": "VRAM_MANAGEMENTARGS",
          "localized_name": "vram_management_args"
        },
        {
          "shape": 7,
          "name": "vace_model",
          "link": 394,
          "label": "vace_model",
          "type": "VACEPATH",
          "localized_name": "vace_model"
        },
        {
          "shape": 7,
          "name": "fantasytalking_model",
          "label": "fantasytalking_model",
          "type": "FANTASYTALKINGMODEL",
          "localized_name": "fantasytalking_model"
        }
      ],
      "flags": {},
      "type": "WanVideoModelLoader",
      "mode": 0,
      "bgcolor": "#335",
      "size": [
        477.4410095214844,
        254
      ],
      "pos": [
        -1118.0286865234375,
        -779.849365234375
      ],
      "id": 22,
      "properties": {
        "cnr_id": "ComfyUI-WanVideoWrapper",
        "ver": "3869b0482b615b6a8fd6f346467c5ef6627eed72",
        "widget_ue_connectable": {},
        "Node name for S&R": "WanVideoModelLoader"
      },
      "order": 28
    },
    {
      "mode": 0,
      "outputs": [
        {
          "name": "lora",
          "links": [
            416
          ],
          "label": "lora",
          "type": "WANVIDLORA",
          "localized_name": "lora"
        }
      ],
      "size": [
        315,
        126
      ],
      "pos": [
        -1170.2515869140625,
        -1274.29052734375
      ],
      "widgets_values": [
        "Wan21_CausVid_14B_T2V_lora_rank32.safetensors",
        0.4000000000000001,
        false
      ],
      "inputs": [
        {
          "shape": 7,
          "name": "prev_lora",
          "label": "prev_lora",
          "type": "WANVIDLORA",
          "localized_name": "prev_lora"
        },
        {
          "shape": 7,
          "name": "blocks",
          "label": "blocks",
          "type": "SELECTEDBLOCKS",
          "localized_name": "blocks"
        }
      ],
      "flags": {},
      "id": 240,
      "type": "WanVideoLoraSelect",
      "properties": {
        "Node name for S&R": "WanVideoLoraSelect"
      },
      "order": 13
    },
    {
      "mode": 0,
      "outputs": [
        {
          "name": "torch_compile_args",
          "slot_index": 0,
          "links": [
            392
          ],
          "label": "torch_compile_args",
          "type": "WANCOMPILEARGS",
          "localized_name": "torch_compile_args"
        }
      ],
      "size": [
        390.5999755859375,
        202
      ],
      "pos": [
        -1189.9332275390625,
        -1045.5645751953125
      ],
      "widgets_values": [
        "inductor",
        false,
        "default",
        false,
        64,
        true,
        128
      ],
      "inputs": [],
      "flags": {},
      "id": 35,
      "type": "WanVideoTorchCompileSettings",
      "properties": {
        "cnr_id": "ComfyUI-WanVideoWrapper",
        "ver": "3869b0482b615b6a8fd6f346467c5ef6627eed72",
        "widget_ue_connectable": {},
        "Node name for S&R": "WanVideoTorchCompileSettings"
      },
      "order": 14
    },
    {
      "outputs": [],
      "color": "#432",
      "widgets_values": [
        "Original model link, you can rename to whatever you like:\n\n[https://huggingface.co/ali-vilab/VACE-Wan2.1-1.3B-Preview/blob/main/diffusion_pytorch_model.safetensors](https://huggingface.co/ali-vilab/VACE-Wan2.1-1.3B-Preview/blob/main/diffusion_pytorch_model.safetensors)"
      ],
      "inputs": [],
      "flags": {},
      "type": "MarkdownNote",
      "title": "Model download link",
      "mode": 0,
      "bgcolor": "#653",
      "size": [
        368.480712890625,
        147.49659729003906
      ],
      "pos": [
        -754.7556762695312,
        -1038.4195556640625
      ],
      "id": 120,
      "properties": {
        "widget_ue_connectable": {}
      },
      "order": 15
    },
    {
      "outputs": [
        {
          "name": "vae",
          "slot_index": 0,
          "links": [
            247
          ],
          "label": "vae",
          "type": "WANVAE",
          "localized_name": "vae"
        }
      ],
      "color": "#322",
      "widgets_values": [
        "Wan2_1_VAE_bf16.safetensors",
        "bf16"
      ],
      "inputs": [],
      "flags": {},
      "type": "WanVideoVAELoader",
      "mode": 0,
      "bgcolor": "#533",
      "size": [
        420.2347412109375,
        94.14246368408203
      ],
      "pos": [
        -1151.0557861328125,
        -439.0603942871094
      ],
      "id": 38,
      "properties": {
        "cnr_id": "ComfyUI-WanVideoWrapper",
        "ver": "3869b0482b615b6a8fd6f346467c5ef6627eed72",
        "widget_ue_connectable": {},
        "Node name for S&R": "WanVideoVAELoader"
      },
      "order": 16
    },
    {
      "outputs": [
        {
          "name": "wan_t5_model",
          "slot_index": 0,
          "links": [
            250
          ],
          "label": "wan_t5_model",
          "type": "WANTEXTENCODER",
          "localized_name": "wan_t5_model"
        }
      ],
      "color": "#432",
      "widgets_values": [
        "umt5-xxl-enc-fp8_e4m3fn.safetensors",
        "bf16",
        "offload_device",
        "fp8_e4m3fn"
      ],
      "inputs": [],
      "flags": {},
      "type": "LoadWanVideoT5TextEncoder",
      "mode": 0,
      "bgcolor": "#653",
      "size": [
        409.54608154296875,
        136.07122802734375
      ],
      "pos": [
        -1166.8284912109375,
        -274.4479675292969
      ],
      "id": 11,
      "properties": {
        "cnr_id": "ComfyUI-WanVideoWrapper",
        "ver": "3869b0482b615b6a8fd6f346467c5ef6627eed72",
        "widget_ue_connectable": {},
        "Node name for S&R": "LoadWanVideoT5TextEncoder"
      },
      "order": 17
    },
    {
      "mode": 0,
      "outputs": [
        {
          "name": "vace_model",
          "links": [
            394
          ],
          "label": "vace_model",
          "type": "VACEPATH",
          "localized_name": "vace_model"
        }
      ],
      "size": [
        417.7392883300781,
        101.00135803222656
      ],
      "pos": [
        -1607.4241943359375,
        -589.9151000976562
      ],
      "widgets_values": [
        "Wan2_1-VACE_module_14B_fp8_e4m3fn.safetensors"
      ],
      "inputs": [],
      "flags": {},
      "id": 224,
      "type": "WanVideoVACEModelSelect",
      "properties": {
        "cnr_id": "ComfyUI-WanVideoWrapper",
        "ver": "7d238261361608683ae6627aec6994cb69554ca7",
        "widget_ue_connectable": {},
        "Node name for S&R": "WanVideoVACEModelSelect"
      },
      "order": 18
    },
    {
      "mode": 0,
      "outputs": [
        {
          "name": "images",
          "links": [
            418
          ],
          "label": "images",
          "type": "IMAGE",
          "localized_name": "images"
        },
        {
          "name": "masks",
          "label": "masks",
          "type": "MASK",
          "localized_name": "masks"
        }
      ],
      "size": [
        315,
        270
      ],
      "pos": [
        858.552734375,
        -88.3765869140625
      ],
      "widgets_values": [
        0,
        0,
        0,
        0,
        60,
        "edge",
        "0, 0, 0",
        512,
        512
      ],
      "inputs": [
        {
          "name": "image",
          "link": 417,
          "label": "image",
          "type": "IMAGE",
          "localized_name": "image"
        },
        {
          "shape": 7,
          "name": "mask",
          "label": "mask",
          "type": "MASK",
          "localized_name": "mask"
        },
        {
          "widget": {
            "name": "target_width"
          },
          "shape": 7,
          "name": "target_width",
          "type": "INT"
        },
        {
          "widget": {
            "name": "target_height"
          },
          "shape": 7,
          "name": "target_height",
          "type": "INT"
        }
      ],
      "flags": {},
      "id": 241,
      "type": "ImagePadKJ",
      "properties": {
        "Node name for S&R": "ImagePadKJ"
      },
      "order": 31
    },
    {
      "mode": 0,
      "outputs": [
        {
          "name": "IMAGE",
          "links": [
            331,
            401
          ],
          "label": "IMAGE",
          "type": "IMAGE",
          "localized_name": "IMAGE"
        },
        {
          "name": "width",
          "links": [],
          "label": "width",
          "type": "INT",
          "localized_name": "width"
        },
        {
          "name": "height",
          "label": "height",
          "type": "INT",
          "localized_name": "height"
        }
      ],
      "size": [
        315,
        266
      ],
      "pos": [
        867.7373046875,
        -433.65228271484375
      ],
      "widgets_values": [
        640,
        640,
        "lanczos",
        false,
        2,
        0
      ],
      "inputs": [
        {
          "name": "image",
          "link": 418,
          "label": "image",
          "type": "IMAGE",
          "localized_name": "image"
        },
        {
          "shape": 7,
          "name": "get_image_size",
          "link": 332,
          "label": "get_image_size",
          "type": "IMAGE",
          "localized_name": "get_image_size"
        }
      ],
      "flags": {
        "collapsed": false
      },
      "id": 161,
      "type": "ImageResizeKJ",
      "properties": {
        "cnr_id": "comfyui-kjnodes",
        "ver": "0addfc6101f7a834c7fb6e0a1b26529360ab5350",
        "widget_ue_connectable": {},
        "Node name for S&R": "ImageResizeKJ"
      },
      "order": 35
    },
    {
      "mode": 0,
      "outputs": [
        {
          "name": "describe",
          "links": [
            403
          ],
          "label": "describe",
          "type": "STRING",
          "localized_name": "describe"
        }
      ],
      "size": [
        350.6607360839844,
        176.5847625732422
      ],
      "pos": [
        1248.3790283203125,
        -1194.9881591796875
      ],
      "widgets_values": [
        "Please provide a detailed description of this image. If any characters in the image are familiar to you, such as celebrities, movie characters, or animated figures, please directly use their names. The description should be as detailed as possible, but should not exceed 200 words."
      ],
      "inputs": [
        {
          "name": "ref_image",
          "link": 401,
          "label": "ref_image",
          "type": "IMAGE",
          "localized_name": "ref_image"
        }
      ],
      "flags": {},
      "id": 231,
      "type": "RH_Captioner",
      "properties": {
        "Node name for S&R": "RH_Captioner"
      },
      "order": 39
    },
    {
      "mode": 0,
      "outputs": [
        {
          "name": "IMAGE",
          "links": [
            398
          ],
          "label": "IMAGE",
          "type": "IMAGE",
          "localized_name": "IMAGE"
        }
      ],
      "size": [
        315,
        82
      ],
      "pos": [
        1265.4227294921875,
        -792.5411987304688
      ],
      "widgets_values": [
        "DWPreprocessor",
        512
      ],
      "inputs": [
        {
          "name": "image",
          "link": 397,
          "label": "image",
          "type": "IMAGE",
          "localized_name": "image"
        }
      ],
      "flags": {},
      "id": 228,
      "type": "AIO_Preprocessor",
      "properties": {
        "Node name for S&R": "AIO_Preprocessor"
      },
      "order": 36
    },
    {
      "outputs": [
        {
          "name": "IMAGE",
          "links": [
            321
          ],
          "label": "IMAGE",
          "type": "IMAGE"
        }
      ],
      "color": "#2a363b",
      "widgets_values": [
        "control_video"
      ],
      "inputs": [
        {
          "name": "IMAGE",
          "link": 398,
          "label": "IMAGE",
          "type": "IMAGE"
        }
      ],
      "flags": {
        "collapsed": false
      },
      "type": "SetNode",
      "title": "Set_control_video",
      "mode": 0,
      "bgcolor": "#3f5159",
      "size": [
        210,
        60
      ],
      "pos": [
        1658.8365478515625,
        -731.16357421875
      ],
      "id": 180,
      "properties": {
        "previousName": "control_video",
        "widget_ue_connectable": {}
      },
      "order": 40
    },
    {
      "mode": 0,
      "outputs": [
        {
          "name": "image",
          "links": [
            322,
            400
          ],
          "label": "image",
          "type": "IMAGE",
          "localized_name": "image"
        },
        {
          "name": "512 width",
          "links": [
            281
          ],
          "label": "width",
          "type": "INT",
          "localized_name": "width"
        },
        {
          "name": "905 height",
          "links": [
            282
          ],
          "label": "height",
          "type": "INT",
          "localized_name": "height"
        },
        {
          "name": "49 count",
          "links": [
            280
          ],
          "label": "count",
          "type": "INT",
          "localized_name": "count"
        }
      ],
      "size": [
        277.20001220703125,
        86
      ],
      "pos": [
        1558.3363037109375,
        -547.5736083984375
      ],
      "widgets_values": [],
      "inputs": [
        {
          "name": "image",
          "link": 321,
          "label": "image",
          "type": "IMAGE",
          "localized_name": "image"
        }
      ],
      "flags": {},
      "id": 145,
      "type": "GetImageSizeAndCount",
      "properties": {
        "cnr_id": "comfyui-kjnodes",
        "ver": "2aa4da0f587f68c1c255b0152ed8f5c334ebe4b4",
        "widget_ue_connectable": {},
        "Node name for S&R": "GetImageSizeAndCount"
      },
      "order": 42
    },
    {
      "mode": 0,
      "outputs": [
        {
          "name": "Filenames",
          "label": "Filenames",
          "type": "VHS_FILENAMES",
          "localized_name": "Filenames"
        }
      ],
      "size": [
        386.8023681640625,
        997.0682373046875
      ],
      "pos": [
        1342.3179931640625,
        -319.0524597167969
      ],
      "widgets_values": {
        "save_output": false,
        "filename_prefix": "WanVideoWrapper_VACE_startendframe",
        "loop_count": 0,
        "pix_fmt": "yuv420p",
        "save_metadata": true,
        "crf": 19,
        "trim_to_audio": false,
        "videopreview": {
          "paused": false,
          "hidden": false,
          "params": {
            "filename": "WanVideoWrapper_VACE_startendframe_00021_lshie_1747480720.mp4",
            "workflow": "WanVideoWrapper_VACE_startendframe_00021.png",
            "fullpath": "/data/ComfyUI/personal/dc555219c23018b8fa8b4774a3e25d14/temp/WanVideoWrapper_VACE_startendframe_00021.mp4",
            "format": "video/h264-mp4",
            "subfolder": "",
            "type": "temp",
            "frame_rate": 16
          }
        },
        "format": "video/h264-mp4",
        "frame_rate": 16,
        "pingpong": false
      },
      "inputs": [
        {
          "name": "images",
          "link": 400,
          "label": "images",
          "type": "IMAGE",
          "localized_name": "images"
        },
        {
          "shape": 7,
          "name": "audio",
          "label": "audio",
          "type": "AUDIO",
          "localized_name": "audio"
        },
        {
          "shape": 7,
          "name": "meta_batch",
          "label": "meta_batch",
          "type": "VHS_BatchManager",
          "localized_name": "meta_batch"
        },
        {
          "shape": 7,
          "name": "vae",
          "label": "vae",
          "type": "VAE",
          "localized_name": "vae"
        }
      ],
      "flags": {},
      "id": 177,
      "type": "VHS_VideoCombine",
      "properties": {
        "cnr_id": "comfyui-videohelpersuite",
        "ver": "0a75c7958fe320efcb052f1d9f8451fd20c730a8",
        "widget_ue_connectable": {},
        "Node name for S&R": "VHS_VideoCombine"
      },
      "order": 45
    },
    {
      "outputs": [
        {
          "name": "IMAGE",
          "links": [
            329
          ],
          "label": "IMAGE",
          "type": "IMAGE"
        }
      ],
      "color": "#2a363b",
      "widgets_values": [
        "reference_image"
      ],
      "inputs": [
        {
          "name": "IMAGE",
          "link": 331,
          "label": "IMAGE",
          "type": "IMAGE"
        }
      ],
      "flags": {
        "collapsed": false
      },
      "type": "SetNode",
      "title": "Set_reference_image",
      "mode": 0,
      "bgcolor": "#3f5159",
      "size": [
        210,
        60
      ],
      "pos": [
        1807.3779296875,
        -398.7460632324219
      ],
      "id": 179,
      "properties": {
        "previousName": "reference_image",
        "widget_ue_connectable": {}
      },
      "order": 38
    },
    {
      "mode": 0,
      "outputs": [
        {
          "name": "int",
          "links": [
            409
          ],
          "label": "int",
          "type": "INT",
          "localized_name": "int"
        }
      ],
      "size": [
        210,
        58
      ],
      "pos": [
        -29.949499130249023,
        -664.5737915039062
      ],
      "widgets_values": [
        49
      ],
      "inputs": [],
      "flags": {},
      "id": 237,
      "type": "Primitive integer [Crystools]",
      "title": "视频帧数",
      "properties": {
        "Node name for S&R": "Primitive integer [Crystools]"
      },
      "order": 19
    },
    {
      "outputs": [
        {
          "name": "vace_embeds",
          "links": [
            304
          ],
          "label": "vace_embeds",
          "type": "WANVIDIMAGE_EMBEDS",
          "localized_name": "vace_embeds"
        }
      ],
      "color": "#322",
      "widgets_values": [
        480,
        832,
        29,
        1.0000000000000002,
        0,
        1,
        false
      ],
      "inputs": [
        {
          "name": "vae",
          "link": 276,
          "label": "vae",
          "type": "WANVAE",
          "localized_name": "vae"
        },
        {
          "shape": 7,
          "name": "input_frames",
          "link": 322,
          "label": "input_frames",
          "type": "IMAGE",
          "localized_name": "input_frames"
        },
        {
          "shape": 7,
          "name": "ref_images",
          "link": 329,
          "label": "ref_images",
          "type": "IMAGE",
          "localized_name": "ref_images"
        },
        {
          "shape": 7,
          "name": "input_masks",
          "label": "input_masks",
          "type": "MASK",
          "localized_name": "input_masks"
        },
        {
          "shape": 7,
          "name": "prev_vace_embeds",
          "label": "prev_vace_embeds",
          "type": "WANVIDIMAGE_EMBEDS",
          "localized_name": "prev_vace_embeds"
        },
        {
          "widget": {
            "name": "width"
          },
          "name": "width",
          "link": 281,
          "label": "width",
          "type": "INT"
        },
        {
          "widget": {
            "name": "height"
          },
          "name": "height",
          "link": 282,
          "label": "height",
          "type": "INT"
        },
        {
          "widget": {
            "name": "num_frames"
          },
          "name": "num_frames",
          "link": 280,
          "label": "num_frames",
          "type": "INT"
        }
      ],
      "flags": {},
      "type": "WanVideoVACEEncode",
      "mode": 0,
      "bgcolor": "#533",
      "size": [
        343.59088134765625,
        334
      ],
      "pos": [
        2202.474609375,
        -792.61279296875
      ],
      "id": 148,
      "properties": {
        "cnr_id": "ComfyUI-WanVideoWrapper",
        "ver": "3869b0482b615b6a8fd6f346467c5ef6627eed72",
        "widget_ue_connectable": {
          "num_frames": true,
          "width": true,
          "height": true
        },
        "Node name for S&R": "WanVideoVACEEncode"
      },
      "order": 46
    },
    {
      "outputs": [
        {
          "name": "WANVIDEOMODEL",
          "links": [
            302
          ],
          "label": "WANVIDEOMODEL",
          "type": "WANVIDEOMODEL"
        }
      ],
      "color": "#223",
      "widgets_values": [
        "WanModel"
      ],
      "inputs": [],
      "flags": {
        "collapsed": true
      },
      "type": "GetNode",
      "title": "Get_WanModel",
      "mode": 0,
      "bgcolor": "#335",
      "size": [
        210,
        58
      ],
      "pos": [
        2374.679931640625,
        -983.9185180664062
      ],
      "id": 152,
      "properties": {
        "widget_ue_connectable": {}
      },
      "order": 20
    },
    {
      "mode": 0,
      "outputs": [
        {
          "name": "IMAGE",
          "links": [
            290
          ],
          "label": "IMAGE",
          "type": "IMAGE",
          "localized_name": "IMAGE"
        }
      ],
      "size": [
        315,
        294
      ],
      "pos": [
        3199.89794921875,
        -1187.103271484375
      ],
      "widgets_values": [
        10,
        2,
        48,
        32,
        "white",
        "black",
        "FreeMono.ttf",
        "reference image",
        "up",
        ""
      ],
      "inputs": [
        {
          "name": "image",
          "link": 319,
          "label": "image",
          "type": "IMAGE",
          "localized_name": "image"
        },
        {
          "shape": 7,
          "name": "caption",
          "label": "caption",
          "type": "STRING"
        }
      ],
      "flags": {
        "collapsed": true
      },
      "id": 156,
      "type": "AddLabel",
      "properties": {
        "cnr_id": "comfyui-kjnodes",
        "ver": "52c2e31a903fec2dd654fb614ea82ba2757d5028",
        "widget_ue_connectable": {},
        "Node name for S&R": "AddLabel"
      },
      "order": 25
    },
    {
      "mode": 0,
      "outputs": [
        {
          "shape": 6,
          "name": "STRING",
          "label": "STRING",
          "type": "STRING",
          "localized_name": "STRING"
        }
      ],
      "size": [
        370.1929931640625,
        182.6023712158203
      ],
      "pos": [
        2046.0859375,
        -1241.576171875
      ],
      "widgets_values": [
        "",
        "1个美女跳舞，舞蹈。, The image features a young woman with light blonde hair cascading naturally to her shoulders. She is dressed in a simple yet stylish outfit that includes a fitted navy blue cropped tank top and high-waisted blue jeans, accentuating her toned physique and casual fashion sense. The blue jeans have gold button detailing and are of a snug fit. The setting appears to be outdoors, possibly on a sunny day, with industrial-style metallic beams and pillars in the background, creating a modern and minimalistic vibe.\n\nThe lighting is soft and natural, highlighting her hair and skin. Her posture is relaxed, with her left hand resting against her hip and her right arm hanging casually by her side. The photo has an overall contemporary and urban aesthetic, showcasing effortless style in a clean environment."
      ],
      "inputs": [
        {
          "widget": {
            "name": "text"
          },
          "name": "text",
          "link": 405,
          "label": "text",
          "type": "STRING"
        }
      ],
      "flags": {},
      "id": 235,
      "type": "ShowText|pysssss",
      "properties": {
        "Node name for S&R": "ShowText|pysssss"
      },
      "order": 44
    },
    {
      "mode": 0,
      "outputs": [
        {
          "name": "IMAGE",
          "links": [
            291
          ],
          "label": "IMAGE",
          "type": "IMAGE",
          "localized_name": "IMAGE"
        }
      ],
      "size": [
        315,
        294
      ],
      "pos": [
        3183.369384765625,
        -1078.9779052734375
      ],
      "widgets_values": [
        10,
        2,
        48,
        32,
        "white",
        "black",
        "FreeMono.ttf",
        "control_video",
        "up",
        ""
      ],
      "inputs": [
        {
          "name": "image",
          "link": 285,
          "label": "image",
          "type": "IMAGE",
          "localized_name": "image"
        },
        {
          "shape": 7,
          "name": "caption",
          "label": "caption",
          "type": "STRING"
        }
      ],
      "flags": {
        "collapsed": true
      },
      "id": 157,
      "type": "AddLabel",
      "properties": {
        "cnr_id": "comfyui-kjnodes",
        "ver": "52c2e31a903fec2dd654fb614ea82ba2757d5028",
        "widget_ue_connectable": {},
        "Node name for S&R": "AddLabel"
      },
      "order": 30
    },
    {
      "outputs": [
        {
          "name": "IMAGE",
          "links": [
            285
          ],
          "label": "IMAGE",
          "type": "IMAGE"
        }
      ],
      "color": "#2a363b",
      "widgets_values": [
        "control_video"
      ],
      "inputs": [],
      "flags": {
        "collapsed": true
      },
      "type": "GetNode",
      "title": "Get_control_video",
      "mode": 0,
      "bgcolor": "#3f5159",
      "size": [
        210,
        58
      ],
      "pos": [
        2998.54736328125,
        -1089.0965576171875
      ],
      "id": 154,
      "properties": {
        "widget_ue_connectable": {}
      },
      "order": 21
    },
    {
      "mode": 0,
      "outputs": [
        {
          "name": "IMAGE",
          "links": [
            287
          ],
          "label": "IMAGE",
          "type": "IMAGE",
          "localized_name": "IMAGE"
        }
      ],
      "size": [
        315,
        130
      ],
      "pos": [
        3458.54833984375,
        -862.4375610351562
      ],
      "widgets_values": [
        8,
        512,
        1,
        0
      ],
      "inputs": [
        {
          "widget": {
            "name": "height"
          },
          "name": "height",
          "link": 283,
          "label": "height",
          "type": "INT"
        }
      ],
      "flags": {
        "collapsed": true
      },
      "id": 155,
      "type": "EmptyImage",
      "properties": {
        "cnr_id": "comfy-core",
        "ver": "0.3.26",
        "widget_ue_connectable": {
          "height": true
        },
        "Node name for S&R": "EmptyImage"
      },
      "order": 52
    },
    {
      "mode": 0,
      "outputs": [
        {
          "name": "Filenames",
          "label": "Filenames",
          "type": "VHS_FILENAMES",
          "localized_name": "Filenames"
        }
      ],
      "size": [
        605.903076171875,
        762.0135498046875
      ],
      "pos": [
        3784.347900390625,
        -739.04150390625
      ],
      "widgets_values": {
        "save_output": true,
        "filename_prefix": "WanVideoWrapper_VACE_startendframe",
        "loop_count": 0,
        "pix_fmt": "yuv420p",
        "save_metadata": true,
        "crf": 19,
        "trim_to_audio": false,
        "videopreview": {
          "paused": false,
          "hidden": false,
          "params": {
            "filename": "WanVideoWrapper_VACE_startendframe_00026_zjykq_1747480843.mp4",
            "workflow": "WanVideoWrapper_VACE_startendframe_00026.png",
            "fullpath": "/data/ComfyUI/personal/dc555219c23018b8fa8b4774a3e25d14/output/WanVideoWrapper_VACE_startendframe_00026.mp4",
            "format": "video/h264-mp4",
            "subfolder": "",
            "type": "output",
            "frame_rate": 16
          }
        },
        "format": "video/h264-mp4",
        "frame_rate": 16,
        "pingpong": false
      },
      "inputs": [
        {
          "name": "images",
          "link": 296,
          "label": "images",
          "type": "IMAGE",
          "localized_name": "images"
        },
        {
          "shape": 7,
          "name": "audio",
          "link": 406,
          "label": "audio",
          "type": "AUDIO",
          "localized_name": "audio"
        },
        {
          "shape": 7,
          "name": "meta_batch",
          "label": "meta_batch",
          "type": "VHS_BatchManager",
          "localized_name": "meta_batch"
        },
        {
          "shape": 7,
          "name": "vae",
          "label": "vae",
          "type": "VAE",
          "localized_name": "vae"
        }
      ],
      "flags": {},
      "id": 165,
      "type": "VHS_VideoCombine",
      "properties": {
        "cnr_id": "comfyui-videohelpersuite",
        "ver": "0a75c7958fe320efcb052f1d9f8451fd20c730a8",
        "widget_ue_connectable": {},
        "Node name for S&R": "VHS_VideoCombine"
      },
      "order": 54
    },
    {
      "mode": 0,
      "outputs": [
        {
          "name": "IMAGE",
          "links": [
            332,
            397,
            420
          ],
          "label": "IMAGE",
          "type": "IMAGE",
          "localized_name": "IMAGE"
        },
        {
          "name": "width",
          "label": "width",
          "type": "INT",
          "localized_name": "width"
        },
        {
          "name": "height",
          "label": "height",
          "type": "INT",
          "localized_name": "height"
        }
      ],
      "size": [
        315,
        266
      ],
      "pos": [
        854.1221313476562,
        -897.2225952148438
      ],
      "widgets_values": [
        480,
        848,
        "lanczos",
        false,
        2,
        0
      ],
      "inputs": [
        {
          "name": "image",
          "link": 313,
          "label": "image",
          "type": "IMAGE",
          "localized_name": "image"
        },
        {
          "shape": 7,
          "name": "get_image_size",
          "label": "get_image_size",
          "type": "IMAGE",
          "localized_name": "get_image_size"
        },
        {
          "widget": {
            "name": "width"
          },
          "name": "width",
          "link": 410,
          "label": "width",
          "type": "INT"
        },
        {
          "widget": {
            "name": "height"
          },
          "name": "height",
          "link": 411,
          "label": "height",
          "type": "INT"
        }
      ],
      "flags": {},
      "id": 176,
      "type": "ImageResizeKJ",
      "properties": {
        "cnr_id": "comfyui-kjnodes",
        "ver": "0addfc6101f7a834c7fb6e0a1b26529360ab5350",
        "widget_ue_connectable": {},
        "Node name for S&R": "ImageResizeKJ"
      },
      "order": 33
    },
    {
      "mode": 0,
      "outputs": [
        {
          "name": "",
          "links": [
            421
          ],
          "type": "IMAGE"
        }
      ],
      "size": [
        75,
        26
      ],
      "pos": [
        3473.22998046875,
        -1205.482666015625
      ],
      "inputs": [
        {
          "name": "",
          "link": 420,
          "type": "*"
        }
      ],
      "flags": {},
      "id": 243,
      "type": "Reroute",
      "properties": {
        "horizontal": false,
        "showOutputText": false
      },
      "order": 37
    },
    {
      "mode": 0,
      "outputs": [
        {
          "name": "images",
          "links": [
            296
          ],
          "label": "images",
          "type": "IMAGE",
          "localized_name": "images"
        }
      ],
      "size": [
        315,
        190
      ],
      "pos": [
        3666.101806640625,
        -1130.04638671875
      ],
      "widgets_values": [
        4,
        "left",
        true,
        null
      ],
      "inputs": [
        {
          "name": "image_1",
          "link": 286,
          "label": "image_1",
          "type": "IMAGE",
          "localized_name": "image_1"
        },
        {
          "name": "image_2",
          "link": 287,
          "label": "image_2",
          "type": "IMAGE",
          "localized_name": "image_2"
        },
        {
          "name": "image_3",
          "link": 421,
          "label": "image_3",
          "type": "IMAGE"
        },
        {
          "name": "image_4",
          "link": 422,
          "type": "IMAGE"
        }
      ],
      "flags": {},
      "id": 158,
      "type": "ImageConcatMulti",
      "properties": {
        "cnr_id": "comfyui-kjnodes",
        "ver": "52c2e31a903fec2dd654fb614ea82ba2757d5028",
        "widget_ue_connectable": {}
      },
      "order": 53
    },
    {
      "mode": 0,
      "outputs": [
        {
          "name": "images",
          "links": [
            422
          ],
          "label": "images",
          "type": "IMAGE",
          "localized_name": "images"
        }
      ],
      "size": [
        315,
        150
      ],
      "pos": [
        3015.51123046875,
        -1005.7047119140625
      ],
      "widgets_values": [
        2,
        "down",
        true,
        null
      ],
      "inputs": [
        {
          "name": "image_1",
          "link": 290,
          "label": "image_1",
          "type": "IMAGE",
          "localized_name": "image_1"
        },
        {
          "name": "image_2",
          "link": 291,
          "label": "image_2",
          "type": "IMAGE",
          "localized_name": "image_2"
        }
      ],
      "flags": {},
      "id": 160,
      "type": "ImageConcatMulti",
      "properties": {
        "cnr_id": "comfyui-kjnodes",
        "ver": "52c2e31a903fec2dd654fb614ea82ba2757d5028",
        "widget_ue_connectable": {}
      },
      "order": 34
    },
    {
      "mode": 0,
      "outputs": [
        {
          "name": "Filenames",
          "label": "Filenames",
          "type": "VHS_FILENAMES",
          "localized_name": "Filenames"
        }
      ],
      "size": [
        523.9414672851562,
        1229.8975830078125
      ],
      "pos": [
        3161.034912109375,
        -189.1793670654297
      ],
      "widgets_values": {
        "save_output": true,
        "filename_prefix": "WanVideoWrapper_VACE_startendframe",
        "loop_count": 0,
        "pix_fmt": "yuv420p",
        "save_metadata": true,
        "crf": 19,
        "trim_to_audio": false,
        "videopreview": {
          "paused": false,
          "hidden": false,
          "params": {
            "filename": "WanVideoWrapper_VACE_startendframe_00025_dijjp_1747480833.mp4",
            "workflow": "WanVideoWrapper_VACE_startendframe_00025.png",
            "fullpath": "/data/ComfyUI/personal/dc555219c23018b8fa8b4774a3e25d14/output/WanVideoWrapper_VACE_startendframe_00025.mp4",
            "format": "video/h264-mp4",
            "subfolder": "",
            "type": "output",
            "frame_rate": 16
          }
        },
        "format": "video/h264-mp4",
        "frame_rate": 16,
        "pingpong": false
      },
      "inputs": [
        {
          "name": "images",
          "link": 407,
          "label": "images",
          "type": "IMAGE",
          "localized_name": "images"
        },
        {
          "shape": 7,
          "name": "audio",
          "link": 408,
          "label": "audio",
          "type": "AUDIO",
          "localized_name": "audio"
        },
        {
          "shape": 7,
          "name": "meta_batch",
          "label": "meta_batch",
          "type": "VHS_BatchManager",
          "localized_name": "meta_batch"
        },
        {
          "shape": 7,
          "name": "vae",
          "label": "vae",
          "type": "VAE",
          "localized_name": "vae"
        }
      ],
      "flags": {},
      "id": 236,
      "type": "VHS_VideoCombine",
      "properties": {
        "cnr_id": "comfyui-videohelpersuite",
        "ver": "0a75c7958fe320efcb052f1d9f8451fd20c730a8",
        "widget_ue_connectable": {},
        "Node name for S&R": "VHS_VideoCombine"
      },
      "order": 51
    },
    {
      "mode": 0,
      "outputs": [
        {
          "name": "image",
          "links": [
            286,
            407
          ],
          "label": "image",
          "type": "IMAGE",
          "localized_name": "image"
        },
        {
          "name": "512 width",
          "label": "width",
          "type": "INT",
          "localized_name": "width"
        },
        {
          "name": "896 height",
          "links": [
            283
          ],
          "label": "height",
          "type": "INT",
          "localized_name": "height"
        },
        {
          "name": "49 count",
          "label": "count",
          "type": "INT",
          "localized_name": "count"
        }
      ],
      "size": [
        277.20001220703125,
        86
      ],
      "pos": [
        3374.6083984375,
        -480.1709899902344
      ],
      "widgets_values": [],
      "inputs": [
        {
          "name": "image",
          "link": 424,
          "label": "image",
          "type": "IMAGE",
          "localized_name": "image"
        }
      ],
      "flags": {},
      "id": 159,
      "type": "GetImageSizeAndCount",
      "properties": {
        "cnr_id": "comfyui-kjnodes",
        "ver": "52c2e31a903fec2dd654fb614ea82ba2757d5028",
        "widget_ue_connectable": {},
        "Node name for S&R": "GetImageSizeAndCount"
      },
      "order": 50
    },
    {
      "mode": 0,
      "outputs": [
        {
          "name": "image",
          "links": [
            424
          ],
          "label": "image",
          "type": "IMAGE",
          "localized_name": "image"
        }
      ],
      "size": [
        315,
        102
      ],
      "pos": [
        2984.49658203125,
        -481.9943542480469
      ],
      "widgets_values": [
        "mkl",
        1
      ],
      "inputs": [
        {
          "name": "image_ref",
          "link": 426,
          "label": "image_ref",
          "type": "IMAGE",
          "localized_name": "image_ref"
        },
        {
          "name": "image_target",
          "link": 425,
          "label": "image_target",
          "type": "IMAGE",
          "localized_name": "image_target"
        }
      ],
      "flags": {},
      "id": 245,
      "type": "ColorMatch",
      "properties": {
        "Node name for S&R": "ColorMatch"
      },
      "order": 49
    },
    {
      "outputs": [
        {
          "name": "images",
          "links": [
            425
          ],
          "label": "images",
          "type": "IMAGE",
          "localized_name": "images"
        }
      ],
      "color": "#322",
      "widgets_values": [
        false,
        272,
        272,
        144,
        128
      ],
      "inputs": [
        {
          "name": "vae",
          "link": 297,
          "label": "vae",
          "type": "WANVAE",
          "localized_name": "vae"
        },
        {
          "name": "samples",
          "link": 298,
          "label": "samples",
          "type": "LATENT",
          "localized_name": "samples"
        }
      ],
      "flags": {},
      "type": "WanVideoDecode",
      "mode": 0,
      "bgcolor": "#533",
      "size": [
        315,
        198
      ],
      "pos": [
        3001.226318359375,
        -779.514892578125
      ],
      "id": 167,
      "properties": {
        "cnr_id": "ComfyUI-WanVideoWrapper",
        "ver": "d9b1f4d1a5aea91d101ae97a54714a5861af3f50",
        "widget_ue_connectable": {},
        "Node name for S&R": "WanVideoDecode"
      },
      "order": 48
    },
    {
      "mode": 0,
      "outputs": [
        {
          "name": "IMAGE",
          "links": [
            323,
            417,
            426
          ],
          "label": "IMAGE",
          "type": "IMAGE",
          "localized_name": "IMAGE"
        },
        {
          "name": "MASK",
          "label": "MASK",
          "type": "MASK",
          "localized_name": "MASK"
        }
      ],
      "size": [
        292.45867919921875,
        396.9063415527344
      ],
      "pos": [
        460.3258056640625,
        -65.306396484375
      ],
      "widgets_values": [
        "69af989285424b9e084ce5063127ed3ff45506f6b344b758bb63163943e3ad37.png",
        "image",
        ""
      ],
      "inputs": [],
      "flags": {},
      "id": 169,
      "type": "LoadImage",
      "title": "Load Image: Reference",
      "properties": {
        "cnr_id": "comfy-core",
        "ver": "0.3.27",
        "widget_ue_connectable": {},
        "Node name for S&R": "LoadImage"
      },
      "order": 22
    },
    {
      "mode": 0,
      "outputs": [
        {
          "name": "samples",
          "links": [
            298
          ],
          "label": "samples",
          "type": "LATENT",
          "localized_name": "samples"
        }
      ],
      "size": [
        312.8956298828125,
        804.8956298828125
      ],
      "pos": [
        2576.048095703125,
        -938.5029296875
      ],
      "widgets_values": [
        20,
        1.0000000000000002,
        8.000000000000002,
        99191052094991,
        "randomize",
        true,
        "unipc",
        0,
        1,
        false,
        "comfy"
      ],
      "inputs": [
        {
          "name": "model",
          "link": 302,
          "label": "model",
          "type": "WANVIDEOMODEL",
          "localized_name": "model"
        },
        {
          "name": "text_embeds",
          "link": 303,
          "label": "text_embeds",
          "type": "WANVIDEOTEXTEMBEDS",
          "localized_name": "text_embeds"
        },
        {
          "name": "image_embeds",
          "link": 304,
          "label": "image_embeds",
          "type": "WANVIDIMAGE_EMBEDS",
          "localized_name": "image_embeds"
        },
        {
          "shape": 7,
          "name": "samples",
          "label": "samples",
          "type": "LATENT",
          "localized_name": "samples"
        },
        {
          "shape": 7,
          "name": "feta_args",
          "label": "feta_args",
          "type": "FETAARGS",
          "localized_name": "feta_args"
        },
        {
          "shape": 7,
          "name": "context_options",
          "label": "context_options",
          "type": "WANVIDCONTEXT",
          "localized_name": "context_options"
        },
        {
          "shape": 7,
          "name": "teacache_args",
          "label": "teacache_args",
          "type": "TEACACHEARGS",
          "localized_name": "teacache_args"
        },
        {
          "shape": 7,
          "name": "flowedit_args",
          "label": "flowedit_args",
          "type": "FLOWEDITARGS",
          "localized_name": "flowedit_args"
        },
        {
          "shape": 7,
          "name": "slg_args",
          "label": "slg_args",
          "type": "SLGARGS",
          "localized_name": "slg_args"
        },
        {
          "shape": 7,
          "name": "loop_args",
          "label": "loop_args",
          "type": "LOOPARGS",
          "localized_name": "loop_args"
        },
        {
          "shape": 7,
          "name": "experimental_args",
          "label": "experimental_args",
          "type": "EXPERIMENTALARGS",
          "localized_name": "experimental_args"
        },
        {
          "shape": 7,
          "name": "sigmas",
          "label": "sigmas",
          "type": "SIGMAS",
          "localized_name": "sigmas"
        },
        {
          "shape": 7,
          "name": "unianimate_poses",
          "label": "unianimate_poses",
          "type": "UNIANIMATE_POSE",
          "localized_name": "unianimate_poses"
        },
        {
          "shape": 7,
          "name": "fantasytalking_embeds",
          "label": "fantasytalking_embeds",
          "type": "FANTASYTALKING_EMBEDS",
          "localized_name": "fantasytalking_embeds"
        },
        {
          "widget": {
            "name": "steps"
          },
          "name": "steps",
          "link": 419,
          "type": "INT"
        }
      ],
      "flags": {},
      "id": 172,
      "type": "WanVideoSampler",
      "properties": {
        "cnr_id": "ComfyUI-WanVideoWrapper",
        "ver": "2d2a184723dae88388e130659f51c36fcadeaba8",
        "widget_ue_connectable": {},
        "Node name for S&R": "WanVideoSampler"
      },
      "order": 47
    },
    {
      "mode": 0,
      "outputs": [
        {
          "name": "STRING",
          "links": [
            404
          ],
          "label": "STRING",
          "type": "STRING",
          "localized_name": "STRING"
        }
      ],
      "size": [
        350.660888671875,
        110.52041625976562
      ],
      "pos": [
        -79.24675750732422,
        -850.9346313476562
      ],
      "widgets_values": [
        "1个美女跳舞，舞蹈。"
      ],
      "inputs": [],
      "flags": {},
      "id": 234,
      "type": "Text Multiline",
      "properties": {
        "Node name for S&R": "Text Multiline"
      },
      "order": 23
    },
    {
      "mode": 0,
      "outputs": [
        {
          "name": "int",
          "links": [
            419
          ],
          "label": "int",
          "type": "INT",
          "localized_name": "int"
        }
      ],
      "size": [
        210,
        58
      ],
      "pos": [
        -22.78726577758789,
        -296.8217468261719
      ],
      "widgets_values": [
        9
      ],
      "inputs": [],
      "flags": {},
      "id": 242,
      "type": "Primitive integer [Crystools]",
      "title": "步数",
      "properties": {
        "Node name for S&R": "Primitive integer [Crystools]"
      },
      "order": 24
    }
  ],
  "extra": {
    "VHS_KeepIntermediate": true,
    "links_added_by_ue": [],
    "workspace_info": {
      "id": "aBTTPsJP18TA4HAj6RayW"
    },
    "VHS_MetadataImage": true,
    "ue_links": [],
    "0246.VERSION": [
      0,
      0,
      4
    ],
    "VHS_latentpreviewrate": 0,
    "VHS_latentpreview": false,
    "frontendVersion": "1.19.9",
    "node_versions": {
      "ComfyUI-WanVideoWrapper": "5a2383621a05825d0d0437781afcb8552d9590fd",
      "ComfyUI-VideoHelperSuite": "0a75c7958fe320efcb052f1d9f8451fd20c730a8",
      "comfy-core": "0.3.26"
    },
    "ds": {
      "offset": [
        929.7132417430294,
        1355.4984276107923
      ],
      "scale": 0.6588450000000008
    }
  },
  "groups": [
    {
      "color": "#88A",
      "font_size": 24,
      "flags": {},
      "id": 1,
      "title": "Models",
      "bounding": [
        -1655.044921875,
        -1213.4510498046875,
        1397.8963623046875,
        1329.1912841796875
      ]
    },
    {
      "color": "#3f789e",
      "font_size": 24,
      "flags": {},
      "id": 3,
      "title": "Control with Reference",
      "bounding": [
        473.5989074707031,
        -1320.1932373046875,
        3553.271240234375,
        1952.42236328125
      ]
    },
    {
      "color": "#3f789e",
      "font_size": 24,
      "flags": {},
      "id": 5,
      "title": "参数区",
      "bounding": [
        -89.24678039550781,
        -924.5345458984375,
        391.9101867675781,
        732.7100830078125
      ]
    }
  ],
  "links": [
    [
      246,
      22,
      0,
      121,
      0,
      "*"
    ],
    [
      247,
      38,
      0,
      122,
      0,
      "*"
    ],
    [
      250,
      11,
      0,
      125,
      0,
      "*"
    ],
    [
      276,
      142,
      0,
      148,
      0,
      "WANVAE"
    ],
    [
      280,
      145,
      3,
      148,
      7,
      "INT"
    ],
    [
      281,
      145,
      1,
      148,
      5,
      "INT"
    ],
    [
      282,
      145,
      2,
      148,
      6,
      "INT"
    ],
    [
      283,
      159,
      2,
      155,
      0,
      "INT"
    ],
    [
      285,
      154,
      0,
      157,
      0,
      "IMAGE"
    ],
    [
      286,
      159,
      0,
      158,
      0,
      "IMAGE"
    ],
    [
      287,
      155,
      0,
      158,
      1,
      "IMAGE"
    ],
    [
      290,
      156,
      0,
      160,
      0,
      "IMAGE"
    ],
    [
      291,
      157,
      0,
      160,
      1,
      "IMAGE"
    ],
    [
      296,
      158,
      0,
      165,
      0,
      "IMAGE"
    ],
    [
      297,
      166,
      0,
      167,
      0,
      "WANVAE"
    ],
    [
      298,
      172,
      0,
      167,
      1,
      "LATENT"
    ],
    [
      299,
      143,
      0,
      168,
      0,
      "WANTEXTENCODER"
    ],
    [
      300,
      151,
      0,
      168,
      1,
      "WANVIDEOMODEL"
    ],
    [
      302,
      152,
      0,
      172,
      0,
      "WANVIDEOMODEL"
    ],
    [
      303,
      168,
      0,
      172,
      1,
      "WANVIDEOTEXTEMBEDS"
    ],
    [
      304,
      148,
      0,
      172,
      2,
      "WANVIDIMAGE_EMBEDS"
    ],
    [
      313,
      173,
      0,
      176,
      0,
      "IMAGE"
    ],
    [
      319,
      153,
      0,
      156,
      0,
      "IMAGE"
    ],
    [
      321,
      180,
      0,
      145,
      0,
      "IMAGE"
    ],
    [
      322,
      145,
      0,
      148,
      1,
      "IMAGE"
    ],
    [
      329,
      179,
      0,
      148,
      2,
      "IMAGE"
    ],
    [
      331,
      161,
      0,
      179,
      0,
      "IMAGE"
    ],
    [
      332,
      176,
      0,
      161,
      1,
      "IMAGE"
    ],
    [
      392,
      35,
      0,
      22,
      0,
      "WANCOMPILEARGS"
    ],
    [
      393,
      39,
      0,
      22,
      1,
      "BLOCKSWAPARGS"
    ],
    [
      394,
      224,
      0,
      22,
      4,
      "VACEPATH"
    ],
    [
      397,
      176,
      0,
      228,
      0,
      "IMAGE"
    ],
    [
      398,
      228,
      0,
      180,
      0,
      "IMAGE"
    ],
    [
      400,
      145,
      0,
      177,
      0,
      "IMAGE"
    ],
    [
      401,
      161,
      0,
      231,
      0,
      "IMAGE"
    ],
    [
      402,
      233,
      0,
      168,
      2,
      "STRING"
    ],
    [
      403,
      231,
      0,
      233,
      1,
      "STRING"
    ],
    [
      404,
      234,
      0,
      233,
      0,
      "STRING"
    ],
    [
      405,
      233,
      0,
      235,
      0,
      "STRING"
    ],
    [
      406,
      173,
      2,
      165,
      1,
      "AUDIO"
    ],
    [
      407,
      159,
      0,
      236,
      0,
      "IMAGE"
    ],
    [
      408,
      173,
      2,
      236,
      1,
      "AUDIO"
    ],
    [
      409,
      237,
      0,
      173,
      2,
      "INT"
    ],
    [
      410,
      238,
      0,
      176,
      2,
      "INT"
    ],
    [
      411,
      239,
      0,
      176,
      3,
      "INT"
    ],
    [
      416,
      240,
      0,
      22,
      2,
      "WANVIDLORA"
    ],
    [
      417,
      169,
      0,
      241,
      0,
      "IMAGE"
    ],
    [
      418,
      241,
      0,
      161,
      0,
      "IMAGE"
    ],
    [
      419,
      242,
      0,
      172,
      14,
      "INT"
    ],
    [
      420,
      176,
      0,
      243,
      0,
      "*"
    ],
    [
      421,
      243,
      0,
      158,
      2,
      "IMAGE"
    ],
    [
      422,
      160,
      0,
      158,
      3,
      "IMAGE"
    ],
    [
      424,
      245,
      0,
      159,
      0,
      "IMAGE"
    ],
    [
      425,
      167,
      0,
      245,
      1,
      "IMAGE"
    ],
    [
      426,
      169,
      0,
      245,
      0,
      "IMAGE"
    ]
  ],
  "id": "c6e410bc-5e2c-460b-ae81-c91b6094fbb1",
  "config": {},
  "version": 0.4,
  "last_node_id": 245,
  "revision": 0
}