{
  "last_link_id": 394,
  "nodes": [
    {
      "outputs": [
        {
          "name": "AUDIO",
          "links": [
            254,
            387
          ],
          "label": "AUDIO",
          "type": "AUDIO",
          "localized_name": "AUDIO"
        }
      ],
      "color": "#233",
      "widgets_values": [
        "285d9349c5a68694375b8a7a58f99c2db71fac8b98240e26304a1427ee052e16.WAV",
        "",
        ""
      ],
      "inputs": [],
      "flags": {},
      "type": "LoadAudio",
      "mode": 0,
      "bgcolor": "#355",
      "size": [
        810.6552734375,
        142.2200927734375
      ],
      "pos": [
        405.4761047363281,
        2806.7431640625
      ],
      "id": 177,
      "properties": {
        "Node name for S&R": "LoadAudio"
      },
      "order": 0
    },
    {
      "outputs": [
        {
          "name": "AUDIO",
          "links": [
            256,
            389
          ],
          "label": "AUDIO",
          "type": "AUDIO",
          "localized_name": "AUDIO"
        }
      ],
      "color": "#233",
      "widgets_values": [
        "772286ad9192d957fe88e1c02d37c36cfce53f6830dc2851e0a2827773773f0f.WAV",
        "",
        ""
      ],
      "inputs": [],
      "flags": {},
      "type": "LoadAudio",
      "mode": 0,
      "bgcolor": "#355",
      "size": [
        810.6552734375,
        142.2200927734375
      ],
      "pos": [
        415.47607421875,
        3276.7431640625
      ],
      "id": 179,
      "properties": {
        "Node name for S&R": "LoadAudio"
      },
      "order": 1
    },
    {
      "outputs": [
        {
          "name": "AUDIO",
          "links": [
            257,
            390
          ],
          "label": "AUDIO",
          "type": "AUDIO",
          "localized_name": "AUDIO"
        }
      ],
      "color": "#233",
      "widgets_values": [
        "32a27c206eedfe3f70ca4631cea022d3dc0fff6f72de5e6102f8fdd420cd41d4.WAV",
        "",
        ""
      ],
      "inputs": [],
      "flags": {},
      "type": "LoadAudio",
      "mode": 0,
      "bgcolor": "#355",
      "size": [
        810.6552734375,
        142.2200927734375
      ],
      "pos": [
        415.47607421875,
        3516.7431640625
      ],
      "id": 181,
      "properties": {
        "Node name for S&R": "LoadAudio"
      },
      "order": 2
    },
    {
      "outputs": [
        {
          "name": "AUDIO",
          "links": [
            258,
            391
          ],
          "label": "AUDIO",
          "type": "AUDIO",
          "localized_name": "AUDIO"
        }
      ],
      "color": "#233",
      "widgets_values": [
        "97bc08b89a283f9a7f17fc1bb6353e37dd98b110f61c6d27cbfd01c043f957aa.WAV",
        "",
        ""
      ],
      "inputs": [],
      "flags": {},
      "type": "LoadAudio",
      "mode": 0,
      "bgcolor": "#355",
      "size": [
        810.6552734375,
        142.2200927734375
      ],
      "pos": [
        415.47607421875,
        3746.7431640625
      ],
      "id": 180,
      "properties": {
        "Node name for S&R": "LoadAudio"
      },
      "order": 3
    },
    {
      "outputs": [
        {
          "name": "AUDIO",
          "links": [
            255,
            388
          ],
          "label": "AUDIO",
          "type": "AUDIO",
          "localized_name": "AUDIO"
        }
      ],
      "color": "#233",
      "widgets_values": [
        "9573ae653a43f231f1e5acbd9df65f249e03f87d4081237edfd2e3d456dbc9ae.WAV",
        "",
        ""
      ],
      "inputs": [],
      "flags": {},
      "type": "LoadAudio",
      "mode": 0,
      "bgcolor": "#355",
      "size": [
        810.6552734375,
        142.2200927734375
      ],
      "pos": [
        405.4761047363281,
        3046.7431640625
      ],
      "id": 178,
      "properties": {
        "Node name for S&R": "LoadAudio"
      },
      "order": 4
    },
    {
      "outputs": [
        {
          "name": "AUDIO",
          "links": [
            259,
            392
          ],
          "label": "AUDIO",
          "type": "AUDIO",
          "localized_name": "AUDIO"
        }
      ],
      "color": "#233",
      "widgets_values": [
        "261b50f71efdf0460a84fa9b8a2b34cae9217808160a9415a9077fab8ecae746.WAV",
        "",
        ""
      ],
      "inputs": [],
      "flags": {},
      "type": "LoadAudio",
      "mode": 0,
      "bgcolor": "#355",
      "size": [
        810.6552734375,
        142.2200927734375
      ],
      "pos": [
        425.47607421875,
        3986.7431640625
      ],
      "id": 182,
      "properties": {
        "Node name for S&R": "LoadAudio"
      },
      "order": 5
    },
    {
      "outputs": [
        {
          "name": "AUDIO",
          "links": [
            260,
            393
          ],
          "label": "AUDIO",
          "type": "AUDIO",
          "localized_name": "AUDIO"
        }
      ],
      "color": "#233",
      "widgets_values": [
        "a1f034e3cb8dea0f7f691d1d9f189a4c380f4dabbda328f48d454331a5f2e770.WAV",
        "",
        ""
      ],
      "inputs": [],
      "flags": {},
      "type": "LoadAudio",
      "mode": 0,
      "bgcolor": "#355",
      "size": [
        810.6552734375,
        142.2200927734375
      ],
      "pos": [
        425.47607421875,
        4226.7431640625
      ],
      "id": 183,
      "properties": {
        "Node name for S&R": "LoadAudio"
      },
      "order": 6
    },
    {
      "mode": 0,
      "outputs": [
        {
          "name": "",
          "links": [
            242
          ],
          "label": "",
          "type": "AUDIO"
        }
      ],
      "size": [
        75,
        26
      ],
      "pos": [
        2198.942138671875,
        2683.01953125
      ],
      "inputs": [
        {
          "name": "",
          "link": 241,
          "label": "",
          "type": "*"
        }
      ],
      "flags": {},
      "id": 168,
      "type": "Reroute",
      "properties": {
        "horizontal": false,
        "showOutputText": false
      },
      "order": 21
    },
    {
      "mode": 0,
      "outputs": [],
      "size": [
        210,
        26
      ],
      "pos": [
        1825.941162109375,
        2064.10595703125
      ],
      "widgets_values": [],
      "inputs": [
        {
          "shape": 7,
          "name": "MODEL_SONIC",
          "link": 340,
          "label": "MODEL_SONIC",
          "type": "*",
          "color_on": "",
          "localized_name": "anything"
        }
      ],
      "flags": {},
      "id": 245,
      "type": "Anything Everywhere",
      "properties": {
        "color_restricted": 0,
        "Node name for S&R": "Anything Everywhere",
        "group_restricted": 0
      },
      "order": 14
    },
    {
      "mode": 0,
      "outputs": [
        {
          "name": "model",
          "links": [
            340
          ],
          "label": "model",
          "type": "MODEL_SONIC",
          "localized_name": "model"
        },
        {
          "name": "dtype",
          "links": [
            341
          ],
          "label": "dtype",
          "type": "DTYPE",
          "localized_name": "dtype"
        }
      ],
      "size": [
        394.964599609375,
        159.34649658203125
      ],
      "pos": [
        1415.942138671875,
        2064.10595703125
      ],
      "widgets_values": [
        "unet.pth",
        1,
        true,
        "fp16"
      ],
      "inputs": [
        {
          "name": "model",
          "label": "model",
          "type": "MODEL",
          "localized_name": "model"
        }
      ],
      "flags": {},
      "id": 246,
      "type": "SONICTLoader",
      "properties": {
        "Node name for S&R": "SONICTLoader"
      },
      "order": 7
    },
    {
      "mode": 0,
      "outputs": [],
      "size": [
        210,
        26
      ],
      "pos": [
        1828.2860107421875,
        2135.314697265625
      ],
      "widgets_values": [],
      "inputs": [
        {
          "shape": 7,
          "name": "DTYPE",
          "link": 341,
          "label": "DTYPE",
          "type": "*",
          "color_on": "",
          "localized_name": "anything"
        }
      ],
      "flags": {},
      "id": 247,
      "type": "Anything Everywhere",
      "properties": {
        "color_restricted": 0,
        "Node name for S&R": "Anything Everywhere",
        "group_restricted": 0
      },
      "order": 15
    },
    {
      "mode": 0,
      "outputs": [
        {
          "name": "output",
          "label": "output",
          "type": "*",
          "localized_name": "output"
        }
      ],
      "size": [
        210,
        88
      ],
      "pos": [
        1437.3724365234375,
        3312.82861328125
      ],
      "widgets_values": [
        "17.4"
      ],
      "inputs": [
        {
          "shape": 7,
          "name": "anything",
          "link": 325,
          "label": "anything",
          "type": "*",
          "localized_name": "anything"
        }
      ],
      "flags": {},
      "id": 234,
      "type": "easy showAnything",
      "properties": {
        "Node name for S&R": "easy showAnything"
      },
      "order": 23
    },
    {
      "outputs": [
        {
          "name": "audio",
          "links": [
            226,
            228,
            241,
            315,
            318,
            323
          ],
          "label": "audio",
          "type": "AUDIO",
          "localized_name": "audio"
        }
      ],
      "color": "#432",
      "widgets_values": [
        "",
        "婷婷",
        0.8,
        50,
        0.95,
        3000,
        true,
        false,
        191042794539589,
        "randomize",
        ""
      ],
      "inputs": [
        {
          "shape": 7,
          "name": "custom_clone_audio",
          "link": 394,
          "label": "custom_clone_audio",
          "type": "AUDIO",
          "localized_name": "custom_clone_audio"
        },
        {
          "widget": {
            "name": "text"
          },
          "name": "text",
          "link": 225,
          "label": "text",
          "type": "STRING"
        }
      ],
      "flags": {},
      "type": "SparkTTSClone",
      "mode": 0,
      "bgcolor": "#653",
      "size": [
        396.3388671875,
        349.8836364746094
      ],
      "pos": [
        1748.94189453125,
        2603.01953125
      ],
      "id": 153,
      "properties": {
        "rejects_ue_links": true,
        "Node name for S&R": "SparkTTSClone"
      },
      "order": 19
    },
    {
      "mode": 0,
      "outputs": [
        {
          "name": "MODEL",
          "links": [
            335
          ],
          "label": "MODEL",
          "type": "MODEL",
          "localized_name": "MODEL"
        },
        {
          "name": "CLIP",
          "label": "CLIP",
          "type": "CLIP",
          "localized_name": "CLIP"
        },
        {
          "name": "VAE",
          "links": [
            336
          ],
          "label": "VAE",
          "type": "VAE",
          "localized_name": "VAE"
        },
        {
          "name": "CLIP_VISION",
          "links": [
            337
          ],
          "label": "CLIP_VISION",
          "type": "CLIP_VISION",
          "localized_name": "CLIP_VISION"
        }
      ],
      "size": [
        399.1912841796875,
        118
      ],
      "pos": [
        1420,
        2270
      ],
      "widgets_values": [
        "svd_xt-fp16.safetensors"
      ],
      "inputs": [],
      "flags": {},
      "id": 241,
      "type": "unCLIPCheckpointLoader",
      "properties": {
        "Node name for S&R": "unCLIPCheckpointLoader"
      },
      "order": 8
    },
    {
      "mode": 0,
      "outputs": [],
      "size": [
        186.82684326171875,
        114.06280517578125
      ],
      "pos": [
        1840,
        2270
      ],
      "widgets_values": [],
      "inputs": [
        {
          "shape": 7,
          "name": "MODEL",
          "link": 335,
          "label": "MODEL",
          "type": "*",
          "color_on": "#B39DDB",
          "localized_name": "anything"
        },
        {
          "shape": 7,
          "name": "VAE",
          "link": 336,
          "label": "VAE",
          "type": "*",
          "color_on": "#FF6E6E",
          "localized_name": "anything2"
        },
        {
          "shape": 7,
          "name": "CLIP_VISION",
          "link": 337,
          "label": "CLIP_VISION",
          "type": "*",
          "color_on": "#A8DADC",
          "localized_name": "anything3"
        }
      ],
      "flags": {},
      "id": 242,
      "type": "Anything Everywhere3",
      "properties": {
        "color_restricted": 0,
        "Node name for S&R": "Anything Everywhere3",
        "group_restricted": 0
      },
      "order": 16
    },
    {
      "mode": 0,
      "outputs": [
        {
          "name": "duration (seconds)",
          "links": [
            325,
            330
          ],
          "label": "duration (seconds)",
          "type": "FLOAT",
          "localized_name": "duration (seconds)"
        }
      ],
      "size": [
        215.81382751464844,
        33.7379264831543
      ],
      "pos": [
        1417.372314453125,
        3211.0205078125
      ],
      "widgets_values": [],
      "inputs": [
        {
          "name": "audio",
          "link": 323,
          "label": "audio",
          "type": "AUDIO",
          "localized_name": "audio"
        }
      ],
      "flags": {},
      "id": 233,
      "type": "RH_GetAudioDuration",
      "properties": {
        "Node name for S&R": "RH_GetAudioDuration"
      },
      "order": 22
    },
    {
      "mode": 0,
      "outputs": [
        {
          "name": "IMAGE",
          "links": [
            138
          ],
          "label": "IMAGE",
          "type": "IMAGE",
          "localized_name": "IMAGE"
        },
        {
          "name": "width",
          "label": "width",
          "type": "INT",
          "localized_name": "width"
        },
        {
          "name": "height",
          "label": "height",
          "type": "INT",
          "localized_name": "height"
        }
      ],
      "size": [
        315,
        218
      ],
      "pos": [
        2966.123291015625,
        2617.286376953125
      ],
      "widgets_values": [
        640,
        832,
        "lanczos",
        "keep proportion",
        "always",
        0
      ],
      "inputs": [
        {
          "name": "image",
          "link": 137,
          "label": "image",
          "type": "IMAGE",
          "localized_name": "image"
        }
      ],
      "flags": {
        "collapsed": true
      },
      "id": 89,
      "type": "ImageResize+",
      "properties": {
        "Node name for S&R": "ImageResize+"
      },
      "order": 17
    },
    {
      "mode": 0,
      "outputs": [
        {
          "name": "IMAGE",
          "links": [
            137
          ],
          "label": "IMAGE",
          "type": "IMAGE",
          "localized_name": "IMAGE"
        },
        {
          "name": "MASK",
          "label": "MASK",
          "type": "MASK",
          "localized_name": "MASK"
        }
      ],
      "size": [
        507.0869445800781,
        731.161376953125
      ],
      "pos": [
        2556.14501953125,
        2599.779296875
      ],
      "widgets_values": [
        "0a7f276a63b96512802c6e75cd026ce6fdce603b47c4572f13e5cfd49ed8c13b.jpg",
        "image",
        ""
      ],
      "inputs": [],
      "flags": {},
      "id": 7,
      "type": "LoadImage",
      "properties": {
        "Node name for S&R": "LoadImage"
      },
      "order": 9
    },
    {
      "mode": 0,
      "outputs": [
        {
          "name": "Filenames",
          "label": "Filenames",
          "type": "VHS_FILENAMES",
          "localized_name": "Filenames"
        }
      ],
      "size": [
        328.1620788574219,
        810.2431030273438
      ],
      "pos": [
        2573.679931640625,
        3680.41015625
      ],
      "widgets_values": {
        "save_output": true,
        "filename_prefix": "AnimateDiff",
        "loop_count": 0,
        "pix_fmt": "yuv420p",
        "save_metadata": true,
        "crf": 19,
        "trim_to_audio": false,
        "videopreview": {
          "paused": false,
          "hidden": false,
          "params": {
            "filename": "AnimateDiff_00082-audio_yhkkr_1747987443.mp4",
            "workflow": "AnimateDiff_00082.png",
            "fullpath": "/data/ComfyUI/personal/431c8b65e23401f0645b6af625430999/output/AnimateDiff_00082-audio.mp4",
            "format": "video/h264-mp4",
            "subfolder": "",
            "type": "output",
            "frame_rate": 25
          }
        },
        "format": "video/h264-mp4",
        "frame_rate": 25,
        "pingpong": false
      },
      "inputs": [
        {
          "name": "images",
          "link": 194,
          "label": "images",
          "type": "IMAGE",
          "localized_name": "images"
        },
        {
          "shape": 7,
          "name": "audio",
          "link": 242,
          "label": "audio",
          "type": "AUDIO",
          "localized_name": "audio"
        },
        {
          "shape": 7,
          "name": "meta_batch",
          "label": "meta_batch",
          "type": "VHS_BatchManager",
          "localized_name": "meta_batch"
        },
        {
          "shape": 7,
          "name": "vae",
          "label": "vae",
          "type": "VAE",
          "localized_name": "vae"
        },
        {
          "widget": {
            "name": "frame_rate"
          },
          "name": "frame_rate",
          "link": 196,
          "label": "frame_rate",
          "type": "FLOAT,INT",
          "localized_name": "帧率"
        }
      ],
      "flags": {},
      "id": 125,
      "type": "VHS_VideoCombine",
      "properties": {
        "Node name for S&R": "VHS_VideoCombine"
      },
      "order": 32
    },
    {
      "mode": 0,
      "outputs": [
        {
          "name": "data_dict",
          "links": [
            159
          ],
          "label": "data_dict",
          "type": "SONIC_PREDATA",
          "localized_name": "data_dict"
        }
      ],
      "size": [
        315,
        186
      ],
      "pos": [
        1500,
        3774.946533203125
      ],
      "widgets_values": [
        512,
        34,
        0.5
      ],
      "inputs": [
        {
          "name": "clip_vision",
          "label": "clip_vision",
          "type": "CLIP_VISION",
          "localized_name": "clip_vision"
        },
        {
          "name": "vae",
          "label": "vae",
          "type": "VAE",
          "localized_name": "vae"
        },
        {
          "name": "audio",
          "link": 228,
          "label": "audio",
          "type": "AUDIO",
          "localized_name": "audio"
        },
        {
          "name": "image",
          "link": 138,
          "label": "image",
          "type": "IMAGE",
          "localized_name": "image"
        },
        {
          "name": "weight_dtype",
          "label": "weight_dtype",
          "type": "DTYPE",
          "localized_name": "weight_dtype"
        },
        {
          "widget": {
            "name": "duration"
          },
          "name": "duration",
          "link": 343,
          "label": "duration",
          "type": "FLOAT"
        }
      ],
      "flags": {},
      "id": 87,
      "type": "SONIC_PreData",
      "properties": {
        "Node name for S&R": "SONIC_PreData"
      },
      "order": 29
    },
    {
      "mode": 0,
      "outputs": [
        {
          "name": "IMAGE",
          "links": [
            194
          ],
          "label": "IMAGE",
          "type": "IMAGE",
          "localized_name": "IMAGE"
        }
      ],
      "size": [
        315,
        58
      ],
      "pos": [
        2186.78076171875,
        3677.807373046875
      ],
      "widgets_values": [
        0.4000000000000001
      ],
      "inputs": [
        {
          "name": "image",
          "link": 160,
          "label": "image",
          "type": "IMAGE",
          "localized_name": "image"
        }
      ],
      "flags": {},
      "id": 103,
      "type": "ImageCASharpening+",
      "properties": {
        "Node name for S&R": "ImageCASharpening+"
      },
      "order": 31
    },
    {
      "outputs": [],
      "color": "#432",
      "widgets_values": [
        "audio/ComfyUI",
        ""
      ],
      "inputs": [
        {
          "name": "audio",
          "link": 226,
          "label": "audio",
          "type": "AUDIO",
          "localized_name": "audio"
        }
      ],
      "flags": {},
      "type": "SaveAudio",
      "mode": 0,
      "bgcolor": "#653",
      "size": [
        315,
        112
      ],
      "pos": [
        2168.942138671875,
        2613.01953125
      ],
      "id": 154,
      "properties": {
        "Node name for S&R": "SaveAudio"
      },
      "order": 20
    },
    {
      "mode": 0,
      "outputs": [
        {
          "name": "output",
          "label": "output",
          "type": "*",
          "localized_name": "output"
        }
      ],
      "size": [
        210,
        88
      ],
      "pos": [
        1667.372314453125,
        3312.82861328125
      ],
      "widgets_values": [
        "17"
      ],
      "inputs": [
        {
          "shape": 7,
          "name": "anything",
          "link": 331,
          "label": "anything",
          "type": "*",
          "localized_name": "anything"
        }
      ],
      "flags": {},
      "id": 239,
      "type": "easy showAnything",
      "properties": {
        "Node name for S&R": "easy showAnything"
      },
      "order": 25
    },
    {
      "mode": 0,
      "outputs": [
        {
          "name": "INT",
          "links": [
            331,
            382
          ],
          "label": "INT",
          "type": "INT",
          "localized_name": "INT"
        },
        {
          "name": "show_help",
          "links": [],
          "label": "show_help",
          "type": "STRING",
          "localized_name": "show_help"
        }
      ],
      "size": [
        210,
        78
      ],
      "pos": [
        1657.372314453125,
        3182.82861328125
      ],
      "widgets_values": [
        0
      ],
      "inputs": [
        {
          "widget": {
            "name": "_float"
          },
          "name": "_float",
          "link": 330,
          "label": "_float",
          "type": "FLOAT"
        }
      ],
      "flags": {},
      "id": 238,
      "type": "CR Float To Integer",
      "properties": {
        "Node name for S&R": "CR Float To Integer"
      },
      "order": 24
    },
    {
      "mode": 0,
      "outputs": [
        {
          "name": "INT",
          "links": [
            383
          ],
          "label": "INT",
          "type": "INT",
          "localized_name": "INT"
        }
      ],
      "size": [
        210,
        109.54656219482422
      ],
      "pos": [
        1890.20068359375,
        3164.59423828125
      ],
      "widgets_values": [
        0,
        1,
        "add"
      ],
      "inputs": [
        {
          "widget": {
            "name": "a"
          },
          "name": "a",
          "link": 382,
          "label": "a",
          "type": "INT",
          "localized_name": "a"
        }
      ],
      "flags": {},
      "id": 272,
      "type": "easy mathInt",
      "properties": {
        "Node name for S&R": "easy mathInt"
      },
      "order": 26
    },
    {
      "mode": 0,
      "outputs": [
        {
          "name": "FLOAT",
          "links": [
            329,
            343
          ],
          "label": "FLOAT",
          "type": "FLOAT",
          "localized_name": "FLOAT"
        }
      ],
      "size": [
        210,
        58
      ],
      "pos": [
        2209.15478515625,
        3144.399658203125
      ],
      "widgets_values": [
        0
      ],
      "inputs": [
        {
          "widget": {
            "name": "a"
          },
          "name": "a",
          "link": 383,
          "label": "a",
          "type": "INT"
        }
      ],
      "flags": {},
      "id": 236,
      "type": "CM_IntToFloat",
      "properties": {
        "Node name for S&R": "CM_IntToFloat"
      },
      "order": 27
    },
    {
      "mode": 0,
      "outputs": [
        {
          "name": "output",
          "label": "output",
          "type": "*",
          "localized_name": "output"
        }
      ],
      "size": [
        210,
        88
      ],
      "pos": [
        2205.956787109375,
        3248.11083984375
      ],
      "widgets_values": [
        "18.0"
      ],
      "inputs": [
        {
          "shape": 7,
          "name": "anything",
          "link": 329,
          "label": "anything",
          "type": "*",
          "localized_name": "anything"
        }
      ],
      "flags": {},
      "id": 237,
      "type": "easy showAnything",
      "properties": {
        "Node name for S&R": "easy showAnything"
      },
      "order": 28
    },
    {
      "mode": 0,
      "outputs": [
        {
          "name": "image",
          "links": [
            160
          ],
          "label": "image",
          "type": "IMAGE",
          "localized_name": "image"
        },
        {
          "name": "fps",
          "links": [
            196
          ],
          "label": "fps",
          "type": "FLOAT",
          "localized_name": "fps"
        }
      ],
      "size": [
        315,
        174
      ],
      "pos": [
        1843.9920654296875,
        3746.26806640625
      ],
      "widgets_values": [
        256438863,
        "randomize",
        25,
        0.9,
        25
      ],
      "inputs": [
        {
          "name": "model",
          "label": "model",
          "type": "MODEL_SONIC",
          "localized_name": "model"
        },
        {
          "name": "data_dict",
          "link": 159,
          "label": "data_dict",
          "type": "SONIC_PREDATA",
          "localized_name": "data_dict"
        }
      ],
      "flags": {},
      "id": 91,
      "type": "SONICSampler",
      "properties": {
        "Node name for S&R": "SONICSampler"
      },
      "order": 30
    },
    {
      "outputs": [
        {
          "name": "text",
          "links": [
            225
          ],
          "label": "text",
          "type": "STRING",
          "localized_name": "text"
        }
      ],
      "color": "#232",
      "widgets_values": [
        "减肥其实根本不需要挣扎的，有肘子冒的油 可乐打的嗝 薯片响的脆，还有蛋糕淋的酱 奶茶浮的奶盖 ，还有宵夜下的套 食欲设的局，咬着油亮的肘子，胖得防不胜防！"
      ],
      "inputs": [],
      "flags": {},
      "type": "JjkText",
      "title": "输入文本",
      "mode": 0,
      "bgcolor": "#353",
      "size": [
        753.567626953125,
        285.9334411621094
      ],
      "pos": [
        2299.1689453125,
        2069.455810546875
      ],
      "id": 152,
      "properties": {
        "Node name for S&R": "JjkText"
      },
      "order": 10
    },
    {
      "mode": 0,
      "outputs": [
        {
          "name": "AUDIO",
          "links": [
            394
          ],
          "label": "AUDIO",
          "type": "AUDIO",
          "localized_name": "selected_value"
        },
        {
          "name": "selected_label",
          "label": "selected_label",
          "type": "STRING",
          "localized_name": "selected_label"
        },
        {
          "name": "selected_index",
          "label": "selected_index",
          "type": "INT",
          "localized_name": "selected_index"
        }
      ],
      "size": [
        315,
        282
      ],
      "pos": [
        1412.172607421875,
        2623.651123046875
      ],
      "widgets_values": [
        1,
        false
      ],
      "inputs": [
        {
          "shape": 7,
          "name": "input1",
          "link": 384,
          "label": "input1",
          "type": "AUDIO",
          "localized_name": "input1"
        },
        {
          "name": "input2",
          "link": 385,
          "label": "input2",
          "type": "AUDIO"
        },
        {
          "name": "input3",
          "link": 386,
          "label": "input3",
          "type": "AUDIO"
        },
        {
          "name": "input4",
          "link": 387,
          "label": "input4",
          "type": "AUDIO"
        },
        {
          "name": "input5",
          "link": 388,
          "label": "input5",
          "type": "AUDIO"
        },
        {
          "name": "input6",
          "link": 389,
          "label": "input6",
          "type": "AUDIO"
        },
        {
          "name": "input7",
          "link": 390,
          "label": "input7",
          "type": "AUDIO"
        },
        {
          "name": "input8",
          "link": 391,
          "label": "input8",
          "type": "AUDIO"
        },
        {
          "name": "input9",
          "link": 392,
          "label": "input9",
          "type": "AUDIO"
        },
        {
          "name": "input10",
          "link": 393,
          "label": "input10",
          "type": "AUDIO"
        },
        {
          "name": "input11",
          "label": "input11",
          "type": "AUDIO"
        }
      ],
      "flags": {},
      "id": 273,
      "type": "ImpactSwitch",
      "properties": {
        "Node name for S&R": "ImpactSwitch"
      },
      "order": 18
    },
    {
      "outputs": [
        {
          "name": "AUDIO",
          "links": [
            251,
            384
          ],
          "label": "AUDIO",
          "type": "AUDIO",
          "localized_name": "AUDIO"
        }
      ],
      "color": "#233",
      "widgets_values": [
        "fe6bf6fcd1b0c0eaf6fa086fa7772a9744bab5f2b40e33c96409550f846b8e19.WAV",
        "",
        ""
      ],
      "inputs": [],
      "flags": {},
      "type": "LoadAudio",
      "mode": 0,
      "bgcolor": "#355",
      "size": [
        810.6552734375,
        142.2200927734375
      ],
      "pos": [
        405.4761047363281,
        2096.7431640625
      ],
      "id": 151,
      "properties": {
        "Node name for S&R": "LoadAudio"
      },
      "order": 11
    },
    {
      "outputs": [
        {
          "name": "AUDIO",
          "links": [
            252,
            385
          ],
          "label": "AUDIO",
          "type": "AUDIO",
          "localized_name": "AUDIO"
        }
      ],
      "color": "#233",
      "widgets_values": [
        "7aea29d47aa0c7d2cb010e01e2d46556d76399ca37b81ad84524b679662b59af.WAV",
        "",
        ""
      ],
      "inputs": [],
      "flags": {},
      "type": "LoadAudio",
      "mode": 0,
      "bgcolor": "#355",
      "size": [
        810.6552734375,
        142.2200927734375
      ],
      "pos": [
        405.4761047363281,
        2326.7431640625
      ],
      "id": 171,
      "properties": {
        "Node name for S&R": "LoadAudio"
      },
      "order": 12
    },
    {
      "outputs": [
        {
          "name": "AUDIO",
          "links": [
            253,
            386
          ],
          "label": "AUDIO",
          "type": "AUDIO",
          "localized_name": "AUDIO"
        }
      ],
      "color": "#233",
      "widgets_values": [
        "5f39159806e02a98bf27ac1e39c9bfdfd552c1ab19001809963ada505d8edd45.WAV",
        "",
        ""
      ],
      "inputs": [],
      "flags": {},
      "type": "LoadAudio",
      "mode": 0,
      "bgcolor": "#355",
      "size": [
        810.6552734375,
        142.2200927734375
      ],
      "pos": [
        405.4761047363281,
        2566.7431640625
      ],
      "id": 176,
      "properties": {
        "Node name for S&R": "LoadAudio"
      },
      "order": 13
    }
  ],
  "extra": {
    "VHS_KeepIntermediate": true,
    "ue_links": [
      {
        "controller": 242,
        "upstream": "241",
        "downstream_slot": 0,
        "downstream": 246,
        "upstream_slot": 0,
        "type": "MODEL"
      },
      {
        "controller": 242,
        "upstream": "241",
        "downstream_slot": 3,
        "downstream": 125,
        "upstream_slot": 2,
        "type": "VAE"
      },
      {
        "controller": 242,
        "upstream": "241",
        "downstream_slot": 0,
        "downstream": 87,
        "upstream_slot": 3,
        "type": "CLIP_VISION"
      },
      {
        "controller": 242,
        "upstream": "241",
        "downstream_slot": 1,
        "downstream": 87,
        "upstream_slot": 2,
        "type": "VAE"
      },
      {
        "controller": 247,
        "upstream": "246",
        "downstream_slot": 4,
        "downstream": 87,
        "upstream_slot": 1,
        "type": "DTYPE"
      },
      {
        "controller": 245,
        "upstream": "246",
        "downstream_slot": 0,
        "downstream": 91,
        "upstream_slot": 0,
        "type": "MODEL_SONIC"
      }
    ],
    "VHS_MetadataImage": true,
    "0246.VERSION": [
      0,
      0,
      4
    ],
    "VHS_latentpreviewrate": 0,
    "VHS_latentpreview": false,
    "groupNodes": {
      "1": {
        "external": [
          [
            2,
            0,
            "AUDIO"
          ]
        ],
        "nodes": [
          {
            "mode": 0,
            "outputs": [
              {
                "name": "AUDIO",
                "links": [],
                "label": "AUDIO",
                "type": "AUDIO",
                "localized_name": "音频"
              }
            ],
            "size": [
              315,
              78
            ],
            "pos": [
              1492.9168701171875,
              301.1106872558594
            ],
            "widgets_values": [
              "add"
            ],
            "inputs": [
              {
                "name": "audio_1",
                "label": "audio_1",
                "type": "AUDIO",
                "localized_name": "audio_1"
              },
              {
                "name": "audio_2",
                "label": "audio_2",
                "type": "AUDIO",
                "localized_name": "audio_2"
              }
            ],
            "flags": {},
            "index": 0,
            "id": -1,
            "type": "AudioCombine",
            "properties": {
              "Node name for S&R": "AudioCombine"
            },
            "order": 18
          },
          {
            "mode": 0,
            "outputs": [
              {
                "name": "AUDIO",
                "links": [],
                "label": "AUDIO",
                "type": "AUDIO",
                "localized_name": "音频"
              }
            ],
            "size": [
              315,
              78
            ],
            "pos": [
              1845.9190673828125,
              304.80780029296875
            ],
            "widgets_values": [
              "add"
            ],
            "inputs": [
              {
                "name": "audio_1",
                "label": "audio_1",
                "type": "AUDIO",
                "localized_name": "audio_1"
              },
              {
                "name": "audio_2",
                "label": "audio_2",
                "type": "AUDIO",
                "localized_name": "audio_2"
              }
            ],
            "flags": {},
            "index": 1,
            "id": -1,
            "type": "AudioCombine",
            "properties": {
              "Node name for S&R": "AudioCombine"
            },
            "order": 21
          },
          {
            "mode": 0,
            "outputs": [
              {
                "name": "AUDIO",
                "links": [],
                "label": "AUDIO",
                "type": "AUDIO",
                "localized_name": "音频"
              }
            ],
            "size": [
              315,
              78
            ],
            "pos": [
              2188.586669921875,
              304.0500793457031
            ],
            "widgets_values": [
              "add"
            ],
            "inputs": [
              {
                "name": "audio_1",
                "label": "audio_1",
                "type": "AUDIO",
                "localized_name": "audio_1"
              },
              {
                "name": "audio_2",
                "label": "audio_2",
                "type": "AUDIO",
                "localized_name": "audio_2"
              }
            ],
            "flags": {},
            "index": 2,
            "id": -1,
            "type": "AudioCombine",
            "properties": {
              "Node name for S&R": "AudioCombine"
            },
            "order": 23
          }
        ],
        "links": [
          [
            null,
            0,
            0,
            0,
            48,
            "AUDIO"
          ],
          [
            null,
            1,
            0,
            1,
            48,
            "AUDIO"
          ],
          [
            0,
            0,
            1,
            0,
            46,
            "AUDIO"
          ],
          [
            null,
            2,
            1,
            1,
            48,
            "AUDIO"
          ],
          [
            1,
            0,
            2,
            0,
            59,
            "AUDIO"
          ],
          [
            null,
            3,
            2,
            1,
            48,
            "AUDIO"
          ]
        ]
      },
      "合并": {
        "external": [
          [
            2,
            0,
            "AUDIO"
          ]
        ],
        "nodes": [
          {
            "mode": 0,
            "outputs": [
              {
                "name": "AUDIO",
                "links": [],
                "label": "AUDIO",
                "type": "AUDIO",
                "localized_name": "音频"
              }
            ],
            "size": [
              315,
              78
            ],
            "pos": [
              1492.9168701171875,
              301.1106872558594
            ],
            "widgets_values": [
              "add"
            ],
            "inputs": [
              {
                "name": "audio_1",
                "label": "audio_1",
                "type": "AUDIO",
                "localized_name": "audio_1"
              },
              {
                "name": "audio_2",
                "label": "audio_2",
                "type": "AUDIO",
                "localized_name": "audio_2"
              }
            ],
            "flags": {},
            "index": 0,
            "id": -1,
            "type": "AudioCombine",
            "properties": {
              "Node name for S&R": "AudioCombine"
            },
            "order": 18
          },
          {
            "mode": 0,
            "outputs": [
              {
                "name": "AUDIO",
                "links": [],
                "label": "AUDIO",
                "type": "AUDIO",
                "localized_name": "音频"
              }
            ],
            "size": [
              315,
              78
            ],
            "pos": [
              1845.9190673828125,
              304.80780029296875
            ],
            "widgets_values": [
              "add"
            ],
            "inputs": [
              {
                "name": "audio_1",
                "label": "audio_1",
                "type": "AUDIO",
                "localized_name": "audio_1"
              },
              {
                "name": "audio_2",
                "label": "audio_2",
                "type": "AUDIO",
                "localized_name": "audio_2"
              }
            ],
            "flags": {},
            "index": 1,
            "id": -1,
            "type": "AudioCombine",
            "properties": {
              "Node name for S&R": "AudioCombine"
            },
            "order": 21
          },
          {
            "mode": 0,
            "outputs": [
              {
                "name": "AUDIO",
                "links": [],
                "label": "AUDIO",
                "type": "AUDIO",
                "localized_name": "音频"
              }
            ],
            "size": [
              315,
              78
            ],
            "pos": [
              2188.586669921875,
              304.0500793457031
            ],
            "widgets_values": [
              "add"
            ],
            "inputs": [
              {
                "name": "audio_1",
                "label": "audio_1",
                "type": "AUDIO",
                "localized_name": "audio_1"
              },
              {
                "name": "audio_2",
                "label": "audio_2",
                "type": "AUDIO",
                "localized_name": "audio_2"
              }
            ],
            "flags": {},
            "index": 2,
            "id": -1,
            "type": "AudioCombine",
            "properties": {
              "Node name for S&R": "AudioCombine"
            },
            "order": 23
          }
        ],
        "links": [
          [
            null,
            0,
            0,
            0,
            48,
            "AUDIO"
          ],
          [
            null,
            1,
            0,
            1,
            48,
            "AUDIO"
          ],
          [
            0,
            0,
            1,
            0,
            46,
            "AUDIO"
          ],
          [
            null,
            2,
            1,
            1,
            48,
            "AUDIO"
          ],
          [
            1,
            0,
            2,
            0,
            59,
            "AUDIO"
          ],
          [
            null,
            3,
            2,
            1,
            48,
            "AUDIO"
          ]
        ]
      }
    },
    "ds": {
      "offset": [
        874.4834575845406,
        -973.2439427295292
      ],
      "scale": 0.25401326852420086
    }
  },
  "groups": [
    {
      "color": "#8A8",
      "font_size": 100,
      "flags": {},
      "id": 13,
      "title": "上传图像",
      "bounding": [
        2546.1455078125,
        2419.780029296875,
        548.79150390625,
        1041.3880615234375
      ]
    },
    {
      "color": "#3f789e",
      "font_size": 100,
      "flags": {},
      "id": 16,
      "title": "生成说话数字人",
      "bounding": [
        1410.8111572265625,
        3484.46826171875,
        1679.2620849609375,
        959.244384765625
      ]
    },
    {
      "color": "#3f789e",
      "font_size": 24,
      "flags": {},
      "id": 17,
      "title": "0-语音助手",
      "bounding": [
        395.4761047363281,
        2026.7431640625,
        830.6552734375,
        225.82022094726562
      ]
    },
    {
      "color": "#3f789e",
      "font_size": 24,
      "flags": {},
      "id": 18,
      "title": "1-黛玉",
      "bounding": [
        395.4761047363281,
        2256.7431640625,
        830.6552734375,
        225.82022094726562
      ]
    },
    {
      "color": "#3f789e",
      "font_size": 24,
      "flags": {},
      "id": 19,
      "title": "2-猴哥",
      "bounding": [
        395.4761047363281,
        2496.7431640625,
        830.6552734375,
        225.82022094726562
      ]
    },
    {
      "color": "#3f789e",
      "font_size": 24,
      "flags": {},
      "id": 20,
      "title": "3-狐狸姐姐",
      "bounding": [
        395.4761047363281,
        2736.7431640625,
        830.6552734375,
        225.82022094726562
      ]
    },
    {
      "color": "#3f789e",
      "font_size": 24,
      "flags": {},
      "id": 21,
      "title": "4-解说男",
      "bounding": [
        395.4761047363281,
        2966.7431640625,
        830.6552734375,
        225.81997680664062
      ]
    },
    {
      "color": "#3f789e",
      "font_size": 24,
      "flags": {},
      "id": 22,
      "title": "5-甜美女",
      "bounding": [
        405.4761047363281,
        3206.7431640625,
        830.6552734375,
        225.82022094726562
      ]
    },
    {
      "color": "#3f789e",
      "font_size": 24,
      "flags": {},
      "id": 23,
      "title": "6-熊二",
      "bounding": [
        405.4761047363281,
        3446.7431640625,
        830.6552734375,
        225.82022094726562
      ]
    },
    {
      "color": "#3f789e",
      "font_size": 24,
      "flags": {},
      "id": 24,
      "title": "7-小孩",
      "bounding": [
        405.4761047363281,
        3676.7431640625,
        830.6552734375,
        225.82022094726562
      ]
    },
    {
      "color": "#3f789e",
      "font_size": 24,
      "flags": {},
      "id": 25,
      "title": "8-霸总",
      "bounding": [
        415.47607421875,
        3916.7431640625,
        830.6552734375,
        225.82022094726562
      ]
    },
    {
      "color": "#3f789e",
      "font_size": 24,
      "flags": {},
      "id": 26,
      "title": "9-蜡笔小新",
      "bounding": [
        415.47607421875,
        4156.7431640625,
        830.6552734375,
        225.82022094726562
      ]
    },
    {
      "color": "#3f789e",
      "font_size": 100,
      "flags": {},
      "id": 30,
      "title": "全局设置",
      "bounding": [
        1405.942138671875,
        1884.1053466796875,
        867.2726440429688,
        520.177978515625
      ]
    },
    {
      "color": "#b06634",
      "font_size": 100,
      "flags": {},
      "id": 31,
      "title": "克隆声音",
      "bounding": [
        306.42706298828125,
        1880.9998779296875,
        1055.75048828125,
        2557.076416015625
      ]
    },
    {
      "color": "#3f789e",
      "font_size": 100,
      "flags": {},
      "id": 32,
      "title": "输入文本",
      "bounding": [
        2289.1689453125,
        1889.455078125,
        793.9996337890625,
        503.97857666015625
      ]
    },
    {
      "color": "#3f789e",
      "font_size": 100,
      "flags": {},
      "id": 33,
      "title": "自动时长（秒）",
      "bounding": [
        1406.0103759765625,
        2976.809326171875,
        1092.4105224609375,
        467.52825927734375
      ]
    },
    {
      "color": "#3f789e",
      "font_size": 100,
      "flags": {},
      "id": 35,
      "title": "选择对应数字音频克隆",
      "bounding": [
        1408.94189453125,
        2423.01953125,
        1085,
        539.883544921875
      ]
    },
    {
      "color": "#b06634",
      "font_size": 100,
      "flags": {
        "pinned": true
      },
      "id": 36,
      "title": "Hedra平替·开口即人设-说话数字人",
      "bounding": [
        316.096923828125,
        1715.2010498046875,
        1584.7506103515625,
        142.33126831054688
      ]
    }
  ],
  "links": [
    [
      137,
      7,
      0,
      89,
      0,
      "IMAGE"
    ],
    [
      138,
      89,
      0,
      87,
      3,
      "IMAGE"
    ],
    [
      159,
      87,
      0,
      91,
      1,
      "SONIC_PREDATA"
    ],
    [
      160,
      91,
      0,
      103,
      0,
      "IMAGE"
    ],
    [
      194,
      103,
      0,
      125,
      0,
      "IMAGE"
    ],
    [
      196,
      91,
      1,
      125,
      4,
      "FLOAT,INT"
    ],
    [
      225,
      152,
      0,
      153,
      1,
      "STRING"
    ],
    [
      226,
      153,
      0,
      154,
      0,
      "AUDIO"
    ],
    [
      228,
      153,
      0,
      87,
      2,
      "AUDIO"
    ],
    [
      241,
      153,
      0,
      168,
      0,
      "*"
    ],
    [
      242,
      168,
      0,
      125,
      1,
      "AUDIO"
    ],
    [
      323,
      153,
      0,
      233,
      0,
      "AUDIO"
    ],
    [
      325,
      233,
      0,
      234,
      0,
      "*"
    ],
    [
      329,
      236,
      0,
      237,
      0,
      "*"
    ],
    [
      330,
      233,
      0,
      238,
      0,
      "FLOAT"
    ],
    [
      331,
      238,
      0,
      239,
      0,
      "*"
    ],
    [
      335,
      241,
      0,
      242,
      0,
      "MODEL"
    ],
    [
      336,
      241,
      2,
      242,
      1,
      "VAE"
    ],
    [
      337,
      241,
      3,
      242,
      2,
      "CLIP_VISION"
    ],
    [
      340,
      246,
      0,
      245,
      0,
      "MODEL_SONIC"
    ],
    [
      341,
      246,
      1,
      247,
      0,
      "DTYPE"
    ],
    [
      343,
      236,
      0,
      87,
      5,
      "FLOAT"
    ],
    [
      382,
      238,
      0,
      272,
      0,
      "INT"
    ],
    [
      383,
      272,
      0,
      236,
      0,
      "INT"
    ],
    [
      384,
      151,
      0,
      273,
      0,
      "*"
    ],
    [
      385,
      171,
      0,
      273,
      1,
      "AUDIO"
    ],
    [
      386,
      176,
      0,
      273,
      2,
      "AUDIO"
    ],
    [
      387,
      177,
      0,
      273,
      3,
      "AUDIO"
    ],
    [
      388,
      178,
      0,
      273,
      4,
      "AUDIO"
    ],
    [
      389,
      179,
      0,
      273,
      5,
      "AUDIO"
    ],
    [
      390,
      181,
      0,
      273,
      6,
      "AUDIO"
    ],
    [
      391,
      180,
      0,
      273,
      7,
      "AUDIO"
    ],
    [
      392,
      182,
      0,
      273,
      8,
      "AUDIO"
    ],
    [
      393,
      183,
      0,
      273,
      9,
      "AUDIO"
    ],
    [
      394,
      273,
      0,
      153,
      0,
      "AUDIO"
    ]
  ],
  "id": "db41f64b-3b3e-4d59-9c68-e7c6696fa962",
  "config": {},
  "version": 0.4,
  "last_node_id": 273,
  "revision": 0
}