{
  "last_link_id": 209,
  "nodes": [
    {
      "mode": 0,
      "outputs": [
        {
          "name": "*",
          "label": "*",
          "type": "*"
        }
      ],
      "size": [
        210,
        60
      ],
      "pos": [
        -1850,
        1690
      ],
      "widgets_values": [
        "audio"
      ],
      "inputs": [
        {
          "name": "AUDIO",
          "link": 112,
          "label": "AUDIO",
          "type": "AUDIO"
        }
      ],
      "flags": {
        "collapsed": true
      },
      "id": 140,
      "type": "SetNode",
      "title": "Set_audio",
      "properties": {
        "previousName": "audio"
      },
      "order": 50
    },
    {
      "mode": 0,
      "outputs": [
        {
          "name": "IMAGE",
          "links": [
            118
          ],
          "label": "IMAGE",
          "type": "IMAGE",
          "localized_name": "IMAGE"
        },
        {
          "name": "width",
          "links": [
            115,
            120
          ],
          "label": "width",
          "type": "INT",
          "localized_name": "width"
        },
        {
          "name": "height",
          "links": [
            116,
            121
          ],
          "label": "height",
          "type": "INT",
          "localized_name": "height"
        }
      ],
      "size": [
        315,
        242
      ],
      "pos": [
        -1910,
        3070
      ],
      "widgets_values": [
        512,
        512,
        "lanczos",
        "pad",
        "0, 0, 0",
        "center",
        16
      ],
      "inputs": [
        {
          "name": "image",
          "link": 197,
          "label": "image",
          "type": "IMAGE",
          "localized_name": "image"
        }
      ],
      "flags": {},
      "id": 143,
      "type": "ImageResizeKJv2",
      "properties": {
        "cnr_id": "comfyui-kjnodes",
        "ver": "b7e5b6f1e2b7c79b3f1e4b4bfe5e1687715803ab",
        "Node name for S&R": "ImageResizeKJv2"
      },
      "order": 46
    },
    {
      "mode": 0,
      "outputs": [
        {
          "name": "images",
          "links": [
            128
          ],
          "label": "images",
          "type": "IMAGE",
          "localized_name": "images"
        },
        {
          "name": "masks",
          "links": [
            156
          ],
          "label": "masks",
          "type": "MASK",
          "localized_name": "masks"
        }
      ],
      "size": [
        403.1999816894531,
        142
      ],
      "pos": [
        -1270,
        3630
      ],
      "widgets_values": [
        81,
        0.5
      ],
      "inputs": [
        {
          "shape": 7,
          "name": "start_image",
          "link": 126,
          "label": "start_image",
          "type": "IMAGE",
          "localized_name": "start_image"
        },
        {
          "shape": 7,
          "name": "end_image",
          "label": "end_image",
          "type": "IMAGE",
          "localized_name": "end_image"
        },
        {
          "shape": 7,
          "name": "control_images",
          "link": 124,
          "label": "control_images",
          "type": "IMAGE",
          "localized_name": "control_images"
        },
        {
          "shape": 7,
          "name": "inpaint_mask",
          "label": "inpaint_mask",
          "type": "MASK",
          "localized_name": "inpaint_mask"
        },
        {
          "widget": {
            "name": "num_frames"
          },
          "name": "num_frames",
          "link": 198,
          "label": "num_frames",
          "type": "INT"
        }
      ],
      "flags": {},
      "id": 145,
      "type": "WanVideoVACEStartToEndFrame",
      "properties": {
        "cnr_id": "ComfyUI-WanVideoWrapper",
        "ver": "fe7a3d5b46008f40cd8b864adf835210d55a525c",
        "Node name for S&R": "WanVideoVACEStartToEndFrame"
      },
      "order": 58
    },
    {
      "mode": 0,
      "outputs": [
        {
          "name": "IMAGE",
          "links": [
            155
          ],
          "label": "IMAGE",
          "type": "IMAGE",
          "localized_name": "IMAGE"
        },
        {
          "name": "width",
          "label": "width",
          "type": "INT",
          "localized_name": "width"
        },
        {
          "name": "height",
          "label": "height",
          "type": "INT",
          "localized_name": "height"
        }
      ],
      "size": [
        315,
        242
      ],
      "pos": [
        -1970,
        3430
      ],
      "widgets_values": [
        512,
        512,
        "lanczos",
        "pad",
        "255, 255, 255",
        "center",
        16
      ],
      "inputs": [
        {
          "name": "image",
          "link": 194,
          "label": "image",
          "type": "IMAGE",
          "localized_name": "image"
        },
        {
          "widget": {
            "name": "width"
          },
          "name": "width",
          "link": 115,
          "label": "width",
          "type": "INT"
        },
        {
          "widget": {
            "name": "height"
          },
          "name": "height",
          "link": 116,
          "label": "height",
          "type": "INT"
        }
      ],
      "flags": {},
      "id": 146,
      "type": "ImageResizeKJv2",
      "properties": {
        "cnr_id": "comfyui-kjnodes",
        "ver": "b7e5b6f1e2b7c79b3f1e4b4bfe5e1687715803ab",
        "Node name for S&R": "ImageResizeKJv2"
      },
      "order": 55
    },
    {
      "outputs": [
        {
          "name": "IMAGE",
          "links": [
            124
          ],
          "label": "IMAGE",
          "type": "IMAGE"
        }
      ],
      "color": "#2a363b",
      "widgets_values": [
        "control_video"
      ],
      "inputs": [
        {
          "name": "IMAGE",
          "link": 118,
          "label": "IMAGE",
          "type": "IMAGE"
        }
      ],
      "flags": {},
      "type": "SetNode",
      "title": "Set_control_video",
      "mode": 0,
      "bgcolor": "#3f5159",
      "size": [
        210,
        60
      ],
      "pos": [
        -1420,
        3140
      ],
      "id": 148,
      "properties": {
        "previousName": "control_video"
      },
      "order": 54
    },
    {
      "mode": 0,
      "outputs": [
        {
          "name": "IMAGE",
          "links": [
            126
          ],
          "label": "IMAGE",
          "type": "IMAGE",
          "localized_name": "IMAGE"
        },
        {
          "name": "width",
          "label": "width",
          "type": "INT",
          "localized_name": "width"
        },
        {
          "name": "height",
          "label": "height",
          "type": "INT",
          "localized_name": "height"
        }
      ],
      "size": [
        315,
        242
      ],
      "pos": [
        -1770,
        4140
      ],
      "widgets_values": [
        512,
        512,
        "lanczos",
        "pad",
        "255, 255, 255",
        "center",
        16
      ],
      "inputs": [
        {
          "name": "image",
          "link": 195,
          "label": "image",
          "type": "IMAGE",
          "localized_name": "image"
        },
        {
          "widget": {
            "name": "width"
          },
          "name": "width",
          "link": 120,
          "label": "width",
          "type": "INT"
        },
        {
          "widget": {
            "name": "height"
          },
          "name": "height",
          "link": 121,
          "label": "height",
          "type": "INT"
        }
      ],
      "flags": {},
      "id": 151,
      "type": "ImageResizeKJv2",
      "properties": {
        "cnr_id": "comfyui-kjnodes",
        "ver": "b7e5b6f1e2b7c79b3f1e4b4bfe5e1687715803ab",
        "Node name for S&R": "ImageResizeKJv2"
      },
      "order": 56
    },
    {
      "mode": 0,
      "outputs": [
        {
          "name": "image",
          "links": [
            160
          ],
          "label": "image",
          "type": "IMAGE",
          "localized_name": "image"
        },
        {
          "name": "width",
          "links": [
            157
          ],
          "label": "width",
          "type": "INT",
          "localized_name": "width"
        },
        {
          "name": "height",
          "links": [
            158
          ],
          "label": "height",
          "type": "INT",
          "localized_name": "height"
        },
        {
          "name": "count",
          "links": [
            159
          ],
          "label": "count",
          "type": "INT",
          "localized_name": "count"
        }
      ],
      "size": [
        277.20001220703125,
        86
      ],
      "pos": [
        -320,
        3390
      ],
      "widgets_values": [],
      "inputs": [
        {
          "name": "image",
          "link": 128,
          "label": "image",
          "type": "IMAGE",
          "localized_name": "image"
        }
      ],
      "flags": {},
      "id": 154,
      "type": "GetImageSizeAndCount",
      "properties": {
        "cnr_id": "comfyui-kjnodes",
        "ver": "b7e5b6f1e2b7c79b3f1e4b4bfe5e1687715803ab",
        "Node name for S&R": "GetImageSizeAndCount"
      },
      "order": 59
    },
    {
      "mode": 0,
      "outputs": [
        {
          "name": "lora",
          "links": [
            134
          ],
          "label": "lora",
          "type": "WANVIDLORA",
          "localized_name": "lora"
        }
      ],
      "size": [
        315,
        126
      ],
      "pos": [
        -3920,
        2920
      ],
      "widgets_values": [
        "Wan21_CausVid_14B_T2V_lora_rank32.safetensors",
        0.30000000000000004,
        true
      ],
      "inputs": [
        {
          "shape": 7,
          "name": "prev_lora",
          "label": "prev_lora",
          "type": "WANVIDLORA",
          "localized_name": "prev_lora"
        },
        {
          "shape": 7,
          "name": "blocks",
          "label": "blocks",
          "type": "SELECTEDBLOCKS",
          "localized_name": "blocks"
        }
      ],
      "flags": {},
      "id": 159,
      "type": "WanVideoLoraSelect",
      "properties": {
        "cnr_id": "ComfyUI-WanVideoWrapper",
        "ver": "fe7a3d5b46008f40cd8b864adf835210d55a525c",
        "Node name for S&R": "WanVideoLoraSelect"
      },
      "order": 0
    },
    {
      "mode": 0,
      "outputs": [
        {
          "name": "torch_compile_args",
          "links": [
            133
          ],
          "label": "torch_compile_args",
          "type": "WANCOMPILEARGS",
          "localized_name": "torch_compile_args"
        }
      ],
      "size": [
        390.5999755859375,
        202
      ],
      "pos": [
        -3390,
        2670
      ],
      "widgets_values": [
        "inductor",
        false,
        "default",
        false,
        64,
        true,
        128
      ],
      "inputs": [],
      "flags": {},
      "id": 160,
      "type": "WanVideoTorchCompileSettings",
      "properties": {
        "cnr_id": "ComfyUI-WanVideoWrapper",
        "ver": "fe7a3d5b46008f40cd8b864adf835210d55a525c",
        "Node name for S&R": "WanVideoTorchCompileSettings"
      },
      "order": 1
    },
    {
      "mode": 0,
      "outputs": [
        {
          "name": "model",
          "links": [
            137
          ],
          "label": "model",
          "type": "WANVIDEOMODEL",
          "localized_name": "model"
        }
      ],
      "size": [
        455.6585998535156,
        254
      ],
      "pos": [
        -3400,
        3000
      ],
      "widgets_values": [
        "Wan2_1-T2V-14B_fp8_e4m3fn.safetensors",
        "fp16",
        "fp8_e4m3fn",
        "offload_device",
        "sageattn"
      ],
      "inputs": [
        {
          "shape": 7,
          "name": "compile_args",
          "link": 133,
          "label": "compile_args",
          "type": "WANCOMPILEARGS",
          "localized_name": "compile_args"
        },
        {
          "shape": 7,
          "name": "block_swap_args",
          "link": 135,
          "label": "block_swap_args",
          "type": "BLOCKSWAPARGS",
          "localized_name": "block_swap_args"
        },
        {
          "shape": 7,
          "name": "lora",
          "link": 134,
          "label": "lora",
          "type": "WANVIDLORA",
          "localized_name": "lora"
        },
        {
          "shape": 7,
          "name": "vram_management_args",
          "label": "vram_management_args",
          "type": "VRAM_MANAGEMENTARGS",
          "localized_name": "vram_management_args"
        },
        {
          "shape": 7,
          "name": "vace_model",
          "link": 136,
          "label": "vace_model",
          "type": "VACEPATH",
          "localized_name": "vace_model"
        },
        {
          "shape": 7,
          "name": "fantasytalking_model",
          "label": "fantasytalking_model",
          "type": "FANTASYTALKINGMODEL",
          "localized_name": "fantasytalking_model"
        }
      ],
      "flags": {},
      "id": 161,
      "type": "WanVideoModelLoader",
      "properties": {
        "cnr_id": "ComfyUI-WanVideoWrapper",
        "ver": "fe7a3d5b46008f40cd8b864adf835210d55a525c",
        "Node name for S&R": "WanVideoModelLoader"
      },
      "order": 40
    },
    {
      "mode": 0,
      "outputs": [
        {
          "name": "block_swap_args",
          "links": [
            135
          ],
          "label": "block_swap_args",
          "type": "BLOCKSWAPARGS",
          "localized_name": "block_swap_args"
        }
      ],
      "size": [
        315,
        154
      ],
      "pos": [
        -3900,
        3180
      ],
      "widgets_values": [
        20,
        true,
        true,
        true,
        5
      ],
      "inputs": [],
      "flags": {},
      "id": 162,
      "type": "WanVideoBlockSwap",
      "properties": {
        "cnr_id": "ComfyUI-WanVideoWrapper",
        "ver": "fe7a3d5b46008f40cd8b864adf835210d55a525c",
        "Node name for S&R": "WanVideoBlockSwap"
      },
      "order": 2
    },
    {
      "mode": 0,
      "outputs": [
        {
          "name": "vace_model",
          "links": [
            136
          ],
          "label": "vace_model",
          "type": "VACEPATH",
          "localized_name": "vace_model"
        }
      ],
      "size": [
        492.7215576171875,
        66.82723999023438
      ],
      "pos": [
        -4100,
        3440
      ],
      "widgets_values": [
        "Wan2_1-VACE_module_14B_fp8_e4m3fn.safetensors"
      ],
      "inputs": [],
      "flags": {},
      "id": 163,
      "type": "WanVideoVACEModelSelect",
      "properties": {
        "cnr_id": "ComfyUI-WanVideoWrapper",
        "ver": "fe7a3d5b46008f40cd8b864adf835210d55a525c",
        "Node name for S&R": "WanVideoVACEModelSelect"
      },
      "order": 3
    },
    {
      "mode": 0,
      "outputs": [
        {
          "name": "vae",
          "links": [
            138
          ],
          "label": "vae",
          "type": "WANVAE",
          "localized_name": "vae"
        }
      ],
      "size": [
        411.06121826171875,
        86.1540298461914
      ],
      "pos": [
        -3340,
        3440
      ],
      "widgets_values": [
        "Wan2_1_VAE_bf16.safetensors",
        "bf16"
      ],
      "inputs": [],
      "flags": {},
      "id": 164,
      "type": "WanVideoVAELoader",
      "properties": {
        "cnr_id": "ComfyUI-WanVideoWrapper",
        "ver": "fe7a3d5b46008f40cd8b864adf835210d55a525c",
        "Node name for S&R": "WanVideoVAELoader"
      },
      "order": 4
    },
    {
      "mode": 0,
      "outputs": [
        {
          "name": "wan_t5_model",
          "links": [
            139
          ],
          "label": "wan_t5_model",
          "type": "WANTEXTENCODER",
          "localized_name": "wan_t5_model"
        }
      ],
      "size": [
        465.9964599609375,
        130
      ],
      "pos": [
        -3350,
        3640
      ],
      "widgets_values": [
        "umt5-xxl-enc-bf16.safetensors",
        "bf16",
        "offload_device",
        "disabled"
      ],
      "inputs": [],
      "flags": {},
      "id": 165,
      "type": "LoadWanVideoT5TextEncoder",
      "properties": {
        "cnr_id": "ComfyUI-WanVideoWrapper",
        "ver": "fe7a3d5b46008f40cd8b864adf835210d55a525c",
        "Node name for S&R": "LoadWanVideoT5TextEncoder"
      },
      "order": 5
    },
    {
      "mode": 0,
      "outputs": [
        {
          "name": "*",
          "label": "*",
          "type": "*"
        }
      ],
      "size": [
        210,
        60
      ],
      "pos": [
        -2890,
        3010
      ],
      "widgets_values": [
        "wanmodel"
      ],
      "inputs": [
        {
          "name": "WANVIDEOMODEL",
          "link": 137,
          "label": "WANVIDEOMODEL",
          "type": "WANVIDEOMODEL"
        }
      ],
      "flags": {},
      "id": 166,
      "type": "SetNode",
      "title": "Set_wanmodel",
      "properties": {
        "previousName": "wanmodel"
      },
      "order": 52
    },
    {
      "mode": 0,
      "outputs": [
        {
          "name": "*",
          "label": "*",
          "type": "*"
        }
      ],
      "size": [
        210,
        60
      ],
      "pos": [
        -2900,
        3440
      ],
      "widgets_values": [
        "wanvae"
      ],
      "inputs": [
        {
          "name": "WANVAE",
          "link": 138,
          "label": "WANVAE",
          "type": "WANVAE"
        }
      ],
      "flags": {},
      "id": 167,
      "type": "SetNode",
      "title": "Set_wanvae",
      "properties": {
        "previousName": "wanvae"
      },
      "order": 41
    },
    {
      "mode": 0,
      "outputs": [
        {
          "name": "*",
          "label": "*",
          "type": "*"
        }
      ],
      "size": [
        210,
        60
      ],
      "pos": [
        -2850,
        3640
      ],
      "widgets_values": [
        "wantextencoder"
      ],
      "inputs": [
        {
          "name": "WANTEXTENCODER",
          "link": 139,
          "label": "WANTEXTENCODER",
          "type": "WANTEXTENCODER"
        }
      ],
      "flags": {},
      "id": 168,
      "type": "SetNode",
      "title": "Set_wantextencoder",
      "properties": {
        "previousName": "wantextencoder"
      },
      "order": 42
    },
    {
      "mode": 0,
      "outputs": [
        {
          "name": "text_embeds",
          "links": [
            166
          ],
          "label": "text_embeds",
          "type": "WANVIDEOTEXTEMBEDS",
          "localized_name": "text_embeds"
        }
      ],
      "size": [
        460.12762451171875,
        280.1701354980469
      ],
      "pos": [
        -390,
        2860
      ],
      "widgets_values": [
        "A girl, white background, dancing",
        "bad quality, blurry, messy, chaotic",
        true
      ],
      "inputs": [
        {
          "name": "t5",
          "link": 140,
          "label": "t5",
          "type": "WANTEXTENCODER",
          "localized_name": "t5"
        },
        {
          "shape": 7,
          "name": "model_to_offload",
          "link": 141,
          "label": "model_to_offload",
          "type": "WANVIDEOMODEL",
          "localized_name": "model_to_offload"
        }
      ],
      "flags": {},
      "id": 169,
      "type": "WanVideoTextEncode",
      "properties": {
        "cnr_id": "ComfyUI-WanVideoWrapper",
        "ver": "fe7a3d5b46008f40cd8b864adf835210d55a525c",
        "Node name for S&R": "WanVideoTextEncode"
      },
      "order": 43
    },
    {
      "mode": 0,
      "outputs": [
        {
          "name": "WANTEXTENCODER",
          "links": [
            140
          ],
          "label": "WANTEXTENCODER",
          "type": "WANTEXTENCODER"
        }
      ],
      "size": [
        210,
        60
      ],
      "pos": [
        -770,
        2770
      ],
      "widgets_values": [
        "wantextencoder"
      ],
      "inputs": [],
      "flags": {},
      "id": 170,
      "type": "GetNode",
      "title": "Get_wantextencoder",
      "properties": {},
      "order": 6
    },
    {
      "mode": 0,
      "outputs": [
        {
          "name": "WANVIDEOMODEL",
          "links": [
            141
          ],
          "label": "WANVIDEOMODEL",
          "type": "WANVIDEOMODEL"
        }
      ],
      "size": [
        210,
        58
      ],
      "pos": [
        -780,
        2900
      ],
      "widgets_values": [
        "wanmodel"
      ],
      "inputs": [],
      "flags": {},
      "id": 171,
      "type": "GetNode",
      "title": "Get_wanmodel",
      "properties": {},
      "order": 7
    },
    {
      "outputs": [
        {
          "name": "vace_embeds",
          "links": [
            165
          ],
          "label": "vace_embeds",
          "type": "WANVIDIMAGE_EMBEDS",
          "localized_name": "vace_embeds"
        }
      ],
      "color": "#322",
      "widgets_values": [
        480,
        832,
        29,
        1.0000000000000002,
        0,
        1,
        false
      ],
      "inputs": [
        {
          "name": "vae",
          "link": 162,
          "label": "vae",
          "type": "WANVAE",
          "localized_name": "vae"
        },
        {
          "shape": 7,
          "name": "input_frames",
          "link": 160,
          "label": "input_frames",
          "type": "IMAGE",
          "localized_name": "input_frames"
        },
        {
          "shape": 7,
          "name": "ref_images",
          "link": 161,
          "label": "ref_images",
          "type": "IMAGE",
          "localized_name": "ref_images"
        },
        {
          "shape": 7,
          "name": "input_masks",
          "link": 156,
          "label": "input_masks",
          "type": "MASK",
          "localized_name": "input_masks"
        },
        {
          "shape": 7,
          "name": "prev_vace_embeds",
          "label": "prev_vace_embeds",
          "type": "WANVIDIMAGE_EMBEDS",
          "localized_name": "prev_vace_embeds"
        },
        {
          "widget": {
            "name": "width"
          },
          "name": "width",
          "link": 157,
          "label": "width",
          "type": "INT"
        },
        {
          "widget": {
            "name": "height"
          },
          "name": "height",
          "link": 158,
          "label": "height",
          "type": "INT"
        },
        {
          "widget": {
            "name": "num_frames"
          },
          "name": "num_frames",
          "link": 159,
          "label": "num_frames",
          "type": "INT"
        }
      ],
      "flags": {},
      "type": "WanVideoVACEEncode",
      "mode": 0,
      "bgcolor": "#533",
      "size": [
        343.59088134765625,
        342
      ],
      "pos": [
        150,
        3260
      ],
      "id": 172,
      "properties": {
        "cnr_id": "ComfyUI-WanVideoWrapper",
        "ver": "3869b0482b615b6a8fd6f346467c5ef6627eed72",
        "Node name for S&R": "WanVideoVACEEncode"
      },
      "order": 60
    },
    {
      "mode": 0,
      "outputs": [
        {
          "name": "slg_args",
          "links": [
            167
          ],
          "label": "slg_args",
          "type": "SLGARGS",
          "localized_name": "slg_args"
        }
      ],
      "size": [
        315,
        106
      ],
      "pos": [
        140,
        3710
      ],
      "widgets_values": [
        "8",
        0.30000000000000004,
        0.7100000000000002
      ],
      "inputs": [],
      "flags": {},
      "id": 173,
      "type": "WanVideoSLG",
      "properties": {
        "cnr_id": "ComfyUI-WanVideoWrapper",
        "ver": "4cebb550326361286ed0a5430cc668241d65b832",
        "Node name for S&R": "WanVideoSLG"
      },
      "order": 8
    },
    {
      "mode": 0,
      "outputs": [
        {
          "name": "exp_args",
          "links": [
            168
          ],
          "label": "exp_args",
          "type": "EXPERIMENTALARGS",
          "localized_name": "exp_args"
        }
      ],
      "size": [
        327.5999755859375,
        226
      ],
      "pos": [
        130,
        3910
      ],
      "widgets_values": [
        "",
        true,
        false,
        0,
        false,
        1,
        1.25,
        20
      ],
      "inputs": [],
      "flags": {},
      "id": 174,
      "type": "WanVideoExperimentalArgs",
      "properties": {
        "cnr_id": "ComfyUI-WanVideoWrapper",
        "ver": "2d2a184723dae88388e130659f51c36fcadeaba8",
        "Node name for S&R": "WanVideoExperimentalArgs"
      },
      "order": 9
    },
    {
      "mode": 0,
      "outputs": [
        {
          "name": "samples",
          "links": [
            170
          ],
          "label": "samples",
          "type": "LATENT",
          "localized_name": "samples"
        }
      ],
      "size": [
        312.8956298828125,
        804.8956298828125
      ],
      "pos": [
        580,
        3130
      ],
      "widgets_values": [
        10,
        1.5000000000000002,
        8.000000000000002,
        660690290398506,
        "randomize",
        true,
        "unipc",
        0,
        1,
        false,
        "comfy"
      ],
      "inputs": [
        {
          "name": "model",
          "link": 163,
          "label": "model",
          "type": "WANVIDEOMODEL",
          "localized_name": "model"
        },
        {
          "name": "text_embeds",
          "link": 166,
          "label": "text_embeds",
          "type": "WANVIDEOTEXTEMBEDS",
          "localized_name": "text_embeds"
        },
        {
          "name": "image_embeds",
          "link": 165,
          "label": "image_embeds",
          "type": "WANVIDIMAGE_EMBEDS",
          "localized_name": "image_embeds"
        },
        {
          "shape": 7,
          "name": "samples",
          "label": "samples",
          "type": "LATENT",
          "localized_name": "samples"
        },
        {
          "shape": 7,
          "name": "feta_args",
          "label": "feta_args",
          "type": "FETAARGS",
          "localized_name": "feta_args"
        },
        {
          "shape": 7,
          "name": "context_options",
          "label": "context_options",
          "type": "WANVIDCONTEXT",
          "localized_name": "context_options"
        },
        {
          "shape": 7,
          "name": "teacache_args",
          "link": 164,
          "label": "teacache_args",
          "type": "TEACACHEARGS",
          "localized_name": "teacache_args"
        },
        {
          "shape": 7,
          "name": "flowedit_args",
          "label": "flowedit_args",
          "type": "FLOWEDITARGS",
          "localized_name": "flowedit_args"
        },
        {
          "shape": 7,
          "name": "slg_args",
          "link": 167,
          "label": "slg_args",
          "type": "SLGARGS",
          "localized_name": "slg_args"
        },
        {
          "shape": 7,
          "name": "loop_args",
          "label": "loop_args",
          "type": "LOOPARGS",
          "localized_name": "loop_args"
        },
        {
          "shape": 7,
          "name": "experimental_args",
          "link": 168,
          "label": "experimental_args",
          "type": "EXPERIMENTALARGS",
          "localized_name": "experimental_args"
        },
        {
          "shape": 7,
          "name": "sigmas",
          "label": "sigmas",
          "type": "SIGMAS",
          "localized_name": "sigmas"
        },
        {
          "shape": 7,
          "name": "unianimate_poses",
          "label": "unianimate_poses",
          "type": "UNIANIMATE_POSE",
          "localized_name": "unianimate_poses"
        },
        {
          "shape": 7,
          "name": "fantasytalking_embeds",
          "label": "fantasytalking_embeds",
          "type": "FANTASYTALKING_EMBEDS",
          "localized_name": "fantasytalking_embeds"
        },
        {
          "shape": 7,
          "name": "uni3c_embeds",
          "label": "uni3c_embeds",
          "type": "UNI3C_EMBEDS",
          "localized_name": "uni3c_embeds"
        }
      ],
      "flags": {},
      "id": 175,
      "type": "WanVideoSampler",
      "properties": {
        "cnr_id": "ComfyUI-WanVideoWrapper",
        "ver": "2d2a184723dae88388e130659f51c36fcadeaba8",
        "Node name for S&R": "WanVideoSampler"
      },
      "order": 61
    },
    {
      "mode": 0,
      "outputs": [
        {
          "name": "teacache_args",
          "links": [
            164
          ],
          "label": "teacache_args",
          "type": "TEACACHEARGS",
          "localized_name": "teacache_args"
        }
      ],
      "size": [
        315,
        178
      ],
      "pos": [
        220,
        2780
      ],
      "widgets_values": [
        0.10000000000000002,
        0,
        -1,
        "offload_device",
        "true",
        "e"
      ],
      "inputs": [],
      "flags": {},
      "id": 176,
      "type": "WanVideoTeaCache",
      "properties": {
        "cnr_id": "ComfyUI-WanVideoWrapper",
        "ver": "3869b0482b615b6a8fd6f346467c5ef6627eed72",
        "Node name for S&R": "WanVideoTeaCache"
      },
      "order": 10
    },
    {
      "outputs": [
        {
          "name": "images",
          "slot_index": 0,
          "links": [
            177
          ],
          "label": "images",
          "type": "IMAGE",
          "localized_name": "images"
        }
      ],
      "color": "#322",
      "widgets_values": [
        false,
        272,
        272,
        144,
        128
      ],
      "inputs": [
        {
          "name": "vae",
          "link": 169,
          "label": "vae",
          "type": "WANVAE",
          "localized_name": "vae"
        },
        {
          "name": "samples",
          "link": 170,
          "label": "samples",
          "type": "LATENT",
          "localized_name": "samples"
        }
      ],
      "flags": {},
      "type": "WanVideoDecode",
      "mode": 0,
      "bgcolor": "#533",
      "size": [
        315,
        198
      ],
      "pos": [
        980,
        3130
      ],
      "id": 177,
      "properties": {
        "cnr_id": "ComfyUI-WanVideoWrapper",
        "ver": "d9b1f4d1a5aea91d101ae97a54714a5861af3f50",
        "Node name for S&R": "WanVideoDecode"
      },
      "order": 62
    },
    {
      "mode": 0,
      "outputs": [
        {
          "name": "image",
          "links": [
            178
          ],
          "label": "image",
          "type": "IMAGE",
          "localized_name": "image"
        },
        {
          "name": "width",
          "label": "width",
          "type": "INT",
          "localized_name": "width"
        },
        {
          "name": "height",
          "links": [
            179
          ],
          "label": "height",
          "type": "INT",
          "localized_name": "height"
        },
        {
          "name": "count",
          "label": "count",
          "type": "INT",
          "localized_name": "count"
        }
      ],
      "size": [
        277.20001220703125,
        86
      ],
      "pos": [
        1020,
        3410
      ],
      "widgets_values": [],
      "inputs": [
        {
          "name": "image",
          "link": 177,
          "label": "image",
          "type": "IMAGE",
          "localized_name": "image"
        }
      ],
      "flags": {},
      "id": 178,
      "type": "GetImageSizeAndCount",
      "properties": {
        "cnr_id": "comfyui-kjnodes",
        "ver": "52c2e31a903fec2dd654fb614ea82ba2757d5028",
        "Node name for S&R": "GetImageSizeAndCount"
      },
      "order": 63
    },
    {
      "mode": 0,
      "outputs": [
        {
          "name": "images",
          "links": [
            176
          ],
          "label": "images",
          "type": "IMAGE",
          "localized_name": "images"
        }
      ],
      "size": [
        315,
        150
      ],
      "pos": [
        980,
        2870
      ],
      "widgets_values": [
        2,
        "down",
        true,
        null
      ],
      "inputs": [
        {
          "name": "image_1",
          "link": 175,
          "label": "image_1",
          "type": "IMAGE",
          "localized_name": "image_1"
        },
        {
          "name": "image_2",
          "link": 172,
          "label": "image_2",
          "type": "IMAGE",
          "localized_name": "image_2"
        }
      ],
      "flags": {},
      "id": 179,
      "type": "ImageConcatMulti",
      "properties": {
        "cnr_id": "comfyui-kjnodes",
        "ver": "52c2e31a903fec2dd654fb614ea82ba2757d5028"
      },
      "order": 53
    },
    {
      "mode": 0,
      "outputs": [
        {
          "name": "images",
          "slot_index": 0,
          "links": [
            199
          ],
          "label": "images",
          "type": "IMAGE",
          "localized_name": "images"
        }
      ],
      "size": [
        315,
        170
      ],
      "pos": [
        1480,
        2850
      ],
      "widgets_values": [
        3,
        "left",
        true,
        null
      ],
      "inputs": [
        {
          "name": "image_1",
          "link": 178,
          "label": "image_1",
          "type": "IMAGE",
          "localized_name": "image_1"
        },
        {
          "name": "image_2",
          "link": 180,
          "label": "image_2",
          "type": "IMAGE",
          "localized_name": "image_2"
        },
        {
          "name": "image_3",
          "link": 176,
          "label": "image_3",
          "type": "IMAGE"
        }
      ],
      "flags": {},
      "id": 180,
      "type": "ImageConcatMulti",
      "properties": {
        "cnr_id": "comfyui-kjnodes",
        "ver": "52c2e31a903fec2dd654fb614ea82ba2757d5028"
      },
      "order": 65
    },
    {
      "mode": 0,
      "outputs": [
        {
          "name": "IMAGE",
          "links": [
            180
          ],
          "label": "IMAGE",
          "type": "IMAGE",
          "localized_name": "IMAGE"
        }
      ],
      "size": [
        315,
        130
      ],
      "pos": [
        1490,
        2810
      ],
      "widgets_values": [
        8,
        512,
        1,
        0
      ],
      "inputs": [
        {
          "widget": {
            "name": "height"
          },
          "name": "height",
          "link": 179,
          "label": "height",
          "type": "INT"
        }
      ],
      "flags": {
        "collapsed": true
      },
      "id": 181,
      "type": "EmptyImage",
      "properties": {
        "cnr_id": "comfy-core",
        "ver": "0.3.26",
        "Node name for S&R": "EmptyImage"
      },
      "order": 64
    },
    {
      "outputs": [
        {
          "name": "IMAGE",
          "links": [
            161
          ],
          "label": "IMAGE",
          "type": "IMAGE"
        }
      ],
      "color": "#2a363b",
      "widgets_values": [
        "reference_image"
      ],
      "inputs": [
        {
          "name": "IMAGE",
          "link": 155,
          "label": "IMAGE",
          "type": "IMAGE"
        }
      ],
      "flags": {},
      "type": "SetNode",
      "title": "Set_reference_image",
      "mode": 0,
      "bgcolor": "#3f5159",
      "size": [
        210,
        58
      ],
      "pos": [
        -290,
        3570
      ],
      "id": 182,
      "properties": {
        "previousName": "reference_image"
      },
      "order": 57
    },
    {
      "mode": 0,
      "outputs": [
        {
          "name": "WANVAE",
          "links": [
            162
          ],
          "label": "WANVAE",
          "type": "WANVAE"
        }
      ],
      "size": [
        210,
        60
      ],
      "pos": [
        -270,
        3230
      ],
      "widgets_values": [
        "wanvae"
      ],
      "inputs": [],
      "flags": {},
      "id": 183,
      "type": "GetNode",
      "title": "Get_wanvae",
      "properties": {},
      "order": 11
    },
    {
      "mode": 0,
      "outputs": [
        {
          "name": "WANVIDEOMODEL",
          "links": [
            163
          ],
          "label": "WANVIDEOMODEL",
          "type": "WANVIDEOMODEL"
        }
      ],
      "size": [
        210,
        60
      ],
      "pos": [
        260,
        3030
      ],
      "widgets_values": [
        "wanmodel"
      ],
      "inputs": [],
      "flags": {},
      "id": 184,
      "type": "GetNode",
      "title": "Get_wanmodel",
      "properties": {},
      "order": 12
    },
    {
      "mode": 0,
      "outputs": [
        {
          "name": "WANVAE",
          "links": [
            169
          ],
          "label": "WANVAE",
          "type": "WANVAE"
        }
      ],
      "size": [
        210,
        58
      ],
      "pos": [
        660,
        2980
      ],
      "widgets_values": [
        "wanvae"
      ],
      "inputs": [],
      "flags": {},
      "id": 185,
      "type": "GetNode",
      "title": "Get_wanvae",
      "properties": {},
      "order": 13
    },
    {
      "mode": 0,
      "outputs": [
        {
          "name": "IMAGE",
          "links": [
            171,
            172
          ],
          "label": "IMAGE",
          "type": "IMAGE",
          "localized_name": "IMAGE"
        }
      ],
      "size": [
        315,
        294
      ],
      "pos": [
        1120,
        2770
      ],
      "widgets_values": [
        10,
        2,
        48,
        32,
        "white",
        "black",
        "FreeMono.ttf",
        "Text",
        "up",
        ""
      ],
      "inputs": [
        {
          "name": "image",
          "link": 173,
          "label": "image",
          "type": "IMAGE",
          "localized_name": "image"
        },
        {
          "shape": 7,
          "name": "caption",
          "label": "caption",
          "type": "STRING"
        }
      ],
      "flags": {
        "collapsed": true
      },
      "id": 186,
      "type": "AddLabel",
      "properties": {
        "cnr_id": "comfyui-kjnodes",
        "ver": "b7e5b6f1e2b7c79b3f1e4b4bfe5e1687715803ab",
        "Node name for S&R": "AddLabel"
      },
      "order": 44
    },
    {
      "outputs": [
        {
          "name": "IMAGE",
          "links": [
            173
          ],
          "label": "IMAGE",
          "type": "IMAGE"
        }
      ],
      "color": "#2a363b",
      "widgets_values": [
        "control_video"
      ],
      "inputs": [],
      "flags": {
        "collapsed": true
      },
      "type": "GetNode",
      "title": "Get_control_video",
      "mode": 0,
      "bgcolor": "#3f5159",
      "size": [
        210,
        60
      ],
      "pos": [
        890,
        2780
      ],
      "id": 187,
      "properties": {},
      "order": 14
    },
    {
      "mode": 0,
      "outputs": [
        {
          "name": "IMAGE",
          "links": [
            175
          ],
          "label": "IMAGE",
          "type": "IMAGE",
          "localized_name": "IMAGE"
        }
      ],
      "size": [
        315,
        294
      ],
      "pos": [
        1120,
        2720
      ],
      "widgets_values": [
        10,
        2,
        48,
        32,
        "white",
        "black",
        "FreeMono.ttf",
        "Text",
        "up",
        ""
      ],
      "inputs": [
        {
          "name": "image",
          "link": 174,
          "label": "image",
          "type": "IMAGE",
          "localized_name": "image"
        },
        {
          "shape": 7,
          "name": "caption",
          "label": "caption",
          "type": "STRING"
        }
      ],
      "flags": {
        "collapsed": true
      },
      "id": 188,
      "type": "AddLabel",
      "properties": {
        "cnr_id": "comfyui-kjnodes",
        "ver": "b7e5b6f1e2b7c79b3f1e4b4bfe5e1687715803ab",
        "Node name for S&R": "AddLabel"
      },
      "order": 45
    },
    {
      "outputs": [
        {
          "name": "IMAGE",
          "links": [
            174
          ],
          "label": "IMAGE",
          "type": "IMAGE"
        }
      ],
      "color": "#2a363b",
      "widgets_values": [
        "reference_image"
      ],
      "inputs": [],
      "flags": {
        "collapsed": true
      },
      "type": "GetNode",
      "title": "Get_reference_image",
      "mode": 0,
      "bgcolor": "#3f5159",
      "size": [
        210,
        58
      ],
      "pos": [
        880,
        2720
      ],
      "id": 189,
      "properties": {},
      "order": 15
    },
    {
      "mode": 0,
      "outputs": [
        {
          "name": "AUDIO",
          "links": [
            182
          ],
          "label": "AUDIO",
          "type": "AUDIO"
        }
      ],
      "size": [
        210,
        60
      ],
      "pos": [
        -810,
        1680
      ],
      "widgets_values": [
        "audio"
      ],
      "inputs": [],
      "flags": {
        "collapsed": true
      },
      "id": 191,
      "type": "GetNode",
      "title": "Get_audio",
      "properties": {},
      "order": 16
    },
    {
      "outputs": [
        {
          "name": "*",
          "label": "*",
          "type": "*"
        }
      ],
      "color": "#2a363b",
      "widgets_values": [
        "img01"
      ],
      "inputs": [
        {
          "name": "IMAGE",
          "link": 192,
          "label": "IMAGE",
          "type": "IMAGE"
        }
      ],
      "flags": {
        "collapsed": true
      },
      "type": "SetNode",
      "title": "Set_img01",
      "mode": 0,
      "bgcolor": "#3f5159",
      "size": [
        210,
        60
      ],
      "pos": [
        -1330,
        1670
      ],
      "id": 196,
      "properties": {
        "previousName": "img01"
      },
      "order": 51
    },
    {
      "outputs": [
        {
          "name": "*",
          "label": "*",
          "type": "*"
        }
      ],
      "color": "#2a363b",
      "widgets_values": [
        "img02"
      ],
      "inputs": [
        {
          "name": "IMAGE",
          "link": 193,
          "label": "IMAGE",
          "type": "IMAGE"
        }
      ],
      "flags": {
        "collapsed": true
      },
      "type": "SetNode",
      "title": "Set_img02",
      "mode": 0,
      "bgcolor": "#3f5159",
      "size": [
        210,
        60
      ],
      "pos": [
        -1820,
        1700
      ],
      "id": 197,
      "properties": {
        "previousName": "img02"
      },
      "order": 48
    },
    {
      "outputs": [
        {
          "name": "IMAGE",
          "links": [
            194,
            195
          ],
          "label": "IMAGE",
          "type": "IMAGE"
        }
      ],
      "color": "#2a363b",
      "widgets_values": [
        "img01"
      ],
      "inputs": [],
      "flags": {},
      "type": "GetNode",
      "title": "Get_img01",
      "mode": 0,
      "bgcolor": "#3f5159",
      "size": [
        210,
        60
      ],
      "pos": [
        -2380,
        3780
      ],
      "id": 198,
      "properties": {},
      "order": 17
    },
    {
      "outputs": [
        {
          "name": "*",
          "label": "*",
          "type": "*"
        }
      ],
      "color": "#1b4669",
      "widgets_values": [
        "frame"
      ],
      "inputs": [
        {
          "name": "INT",
          "link": 196,
          "label": "INT",
          "type": "INT"
        }
      ],
      "flags": {
        "collapsed": true
      },
      "type": "SetNode",
      "title": "Set_frame",
      "mode": 0,
      "bgcolor": "#29699c",
      "size": [
        210,
        60
      ],
      "pos": [
        -1830,
        1680
      ],
      "id": 199,
      "properties": {
        "previousName": "frame"
      },
      "order": 49
    },
    {
      "outputs": [
        {
          "name": "IMAGE",
          "links": [
            197
          ],
          "label": "IMAGE",
          "type": "IMAGE"
        }
      ],
      "color": "#2a363b",
      "widgets_values": [
        "img02"
      ],
      "inputs": [],
      "flags": {},
      "type": "GetNode",
      "title": "Get_img02",
      "mode": 0,
      "bgcolor": "#3f5159",
      "size": [
        210,
        60
      ],
      "pos": [
        -2230,
        2960
      ],
      "id": 200,
      "properties": {},
      "order": 18
    },
    {
      "outputs": [
        {
          "name": "INT",
          "links": [
            198
          ],
          "label": "INT",
          "type": "INT"
        }
      ],
      "color": "#1b4669",
      "widgets_values": [
        "frame"
      ],
      "inputs": [],
      "flags": {},
      "type": "GetNode",
      "title": "Get_frame",
      "mode": 0,
      "bgcolor": "#29699c",
      "size": [
        210,
        60
      ],
      "pos": [
        -1590,
        3710
      ],
      "id": 201,
      "properties": {},
      "order": 19
    },
    {
      "outputs": [
        {
          "name": "*",
          "label": "*",
          "type": "*"
        }
      ],
      "color": "#2a363b",
      "widgets_values": [
        "finimg"
      ],
      "inputs": [
        {
          "name": "IMAGE",
          "link": 199,
          "label": "IMAGE",
          "type": "IMAGE"
        }
      ],
      "flags": {
        "collapsed": false
      },
      "type": "SetNode",
      "title": "Set_finimg",
      "mode": 0,
      "bgcolor": "#3f5159",
      "size": [
        210,
        60
      ],
      "pos": [
        1825,
        2850
      ],
      "id": 202,
      "properties": {
        "previousName": "finimg"
      },
      "order": 66
    },
    {
      "outputs": [
        {
          "name": "IMAGE",
          "links": [
            200
          ],
          "label": "IMAGE",
          "type": "IMAGE"
        }
      ],
      "color": "#2a363b",
      "widgets_values": [
        "finimg"
      ],
      "inputs": [],
      "flags": {
        "collapsed": true
      },
      "type": "GetNode",
      "title": "Get_finimg",
      "mode": 0,
      "bgcolor": "#3f5159",
      "size": [
        210,
        60
      ],
      "pos": [
        -840,
        1670
      ],
      "id": 204,
      "properties": {},
      "order": 20
    },
    {
      "outputs": [],
      "color": "#fff0",
      "shape": 1,
      "inputs": [],
      "flags": {
        "allow_interaction": true
      },
      "type": "Label (rgthree)",
      "title": "⬇",
      "mode": 0,
      "bgcolor": "#fff0",
      "size": [
        27.3193359375,
        50
      ],
      "pos": [
        -1810,
        1560
      ],
      "id": 205,
      "properties": {
        "padding": 0,
        "backgroundColor": "transparent",
        "fontFamily": "Arial",
        "borderRadius": 0,
        "textAlign": "left",
        "fontSize": 50,
        "fontColor": "#ffffff"
      },
      "order": 21
    },
    {
      "outputs": [],
      "color": "#fff0",
      "shape": 1,
      "inputs": [],
      "flags": {
        "allow_interaction": true
      },
      "type": "Label (rgthree)",
      "title": "⬇",
      "mode": 0,
      "bgcolor": "#fff0",
      "size": [
        27.3193359375,
        50
      ],
      "pos": [
        -1250,
        1560
      ],
      "id": 206,
      "properties": {
        "padding": 0,
        "backgroundColor": "transparent",
        "fontFamily": "Arial",
        "borderRadius": 0,
        "textAlign": "left",
        "fontSize": 50,
        "fontColor": "#ffffff"
      },
      "order": 22
    },
    {
      "outputs": [],
      "color": "#fff0",
      "shape": 1,
      "inputs": [],
      "flags": {
        "allow_interaction": true
      },
      "type": "Label (rgthree)",
      "title": "⬇",
      "mode": 0,
      "bgcolor": "#fff0",
      "size": [
        27.3193359375,
        50
      ],
      "pos": [
        -770,
        1560
      ],
      "id": 207,
      "properties": {
        "padding": 0,
        "backgroundColor": "transparent",
        "fontFamily": "Arial",
        "borderRadius": 0,
        "textAlign": "left",
        "fontSize": 50,
        "fontColor": "#ffffff"
      },
      "order": 23
    },
    {
      "outputs": [],
      "color": "#fff0",
      "shape": 1,
      "inputs": [],
      "flags": {
        "allow_interaction": true
      },
      "type": "Label (rgthree)",
      "title": "载入视频",
      "mode": 0,
      "bgcolor": "#fff0",
      "size": [
        200,
        50
      ],
      "pos": [
        -1900,
        1500
      ],
      "id": 208,
      "properties": {
        "padding": 0,
        "backgroundColor": "transparent",
        "fontFamily": "Arial",
        "borderRadius": 0,
        "textAlign": "left",
        "fontSize": 50,
        "fontColor": "#ffffff"
      },
      "order": 24
    },
    {
      "outputs": [],
      "color": "#fff0",
      "shape": 1,
      "inputs": [],
      "flags": {
        "allow_interaction": true
      },
      "type": "Label (rgthree)",
      "title": "组合结果",
      "mode": 0,
      "bgcolor": "#fff0",
      "size": [
        200,
        50
      ],
      "pos": [
        -860,
        1500
      ],
      "id": 209,
      "properties": {
        "padding": 0,
        "backgroundColor": "transparent",
        "fontFamily": "Arial",
        "borderRadius": 0,
        "textAlign": "left",
        "fontSize": 50,
        "fontColor": "#ffffff"
      },
      "order": 25
    },
    {
      "outputs": [],
      "color": "#fff0",
      "shape": 1,
      "inputs": [],
      "flags": {
        "allow_interaction": true
      },
      "type": "Label (rgthree)",
      "title": "载入参考风格",
      "mode": 0,
      "bgcolor": "#fff0",
      "size": [
        300,
        50
      ],
      "pos": [
        -1380,
        1500
      ],
      "id": 210,
      "properties": {
        "padding": 0,
        "backgroundColor": "transparent",
        "fontFamily": "Arial",
        "borderRadius": 0,
        "textAlign": "left",
        "fontSize": 50,
        "fontColor": "#ffffff"
      },
      "order": 26
    },
    {
      "outputs": [
        {
          "name": "",
          "label": "",
          "type": "*"
        }
      ],
      "color": "#60965e",
      "shape": 1,
      "inputs": [
        {
          "name": "",
          "label": "",
          "type": "*"
        }
      ],
      "flags": {},
      "type": "Reroute",
      "mode": 0,
      "bgcolor": "#4c824a",
      "size": [
        75,
        26
      ],
      "pos": [
        -2480,
        1790
      ],
      "id": 211,
      "properties": {
        "horizontal": false,
        "showOutputText": false
      },
      "order": 27
    },
    {
      "outputs": [
        {
          "name": "",
          "label": "",
          "type": "*"
        }
      ],
      "color": "#563756",
      "shape": 1,
      "inputs": [
        {
          "name": "",
          "label": "",
          "type": "*"
        }
      ],
      "flags": {},
      "type": "Reroute",
      "mode": 0,
      "bgcolor": "#422342",
      "size": [
        75,
        26
      ],
      "pos": [
        -2480,
        1750
      ],
      "id": 212,
      "properties": {
        "horizontal": false,
        "showOutputText": false
      },
      "order": 28
    },
    {
      "outputs": [],
      "color": "#fff0",
      "shape": 1,
      "inputs": [],
      "flags": {
        "allow_interaction": true
      },
      "type": "Label (rgthree)",
      "title": "载入模型",
      "mode": 0,
      "bgcolor": "#fff0",
      "size": [
        68,
        17
      ],
      "pos": [
        -2390,
        1760
      ],
      "id": 213,
      "properties": {
        "padding": 0,
        "backgroundColor": "transparent",
        "fontFamily": "Arial",
        "borderRadius": 0,
        "textAlign": "left",
        "fontSize": 17,
        "fontColor": "#ffffff"
      },
      "order": 29
    },
    {
      "outputs": [],
      "color": "#fff0",
      "shape": 1,
      "inputs": [],
      "flags": {
        "allow_interaction": true
      },
      "type": "Label (rgthree)",
      "title": "by 阿硕讲ai",
      "mode": 0,
      "bgcolor": "#fff0",
      "size": [
        86.9091796875,
        17
      ],
      "pos": [
        -2480,
        1660
      ],
      "id": 214,
      "properties": {
        "padding": 0,
        "backgroundColor": "transparent",
        "fontFamily": "Arial",
        "borderRadius": 0,
        "textAlign": "left",
        "fontSize": 17,
        "fontColor": "#ffa900"
      },
      "order": 30
    },
    {
      "outputs": [
        {
          "name": "",
          "label": "",
          "type": "*"
        }
      ],
      "color": "#ffc04b",
      "shape": 1,
      "inputs": [
        {
          "name": "",
          "label": "",
          "type": "*"
        }
      ],
      "flags": {},
      "type": "Reroute",
      "mode": 0,
      "bgcolor": "#f1ac37",
      "size": [
        75,
        26
      ],
      "pos": [
        -2480,
        1710
      ],
      "id": 215,
      "properties": {
        "horizontal": false,
        "showOutputText": false
      },
      "order": 31
    },
    {
      "outputs": [
        {
          "name": "",
          "label": "",
          "type": "*"
        }
      ],
      "color": "#147aa5",
      "shape": 1,
      "inputs": [
        {
          "name": "",
          "label": "",
          "type": "*"
        }
      ],
      "flags": {},
      "type": "Reroute",
      "mode": 0,
      "bgcolor": "#006691",
      "size": [
        75,
        26
      ],
      "pos": [
        -2480,
        1830
      ],
      "id": 216,
      "properties": {
        "horizontal": false,
        "showOutputText": false
      },
      "order": 32
    },
    {
      "outputs": [],
      "color": "#fff0",
      "shape": 1,
      "inputs": [],
      "flags": {
        "allow_interaction": true
      },
      "type": "Label (rgthree)",
      "title": "提示词/条件控制",
      "mode": 0,
      "bgcolor": "#fff0",
      "size": [
        123.72314453125,
        17
      ],
      "pos": [
        -2390,
        1800
      ],
      "id": 217,
      "properties": {
        "padding": 0,
        "backgroundColor": "transparent",
        "fontFamily": "Arial",
        "borderRadius": 0,
        "textAlign": "left",
        "fontSize": 17,
        "fontColor": "#ffffff"
      },
      "order": 33
    },
    {
      "outputs": [],
      "color": "#fff0",
      "shape": 1,
      "inputs": [],
      "flags": {
        "allow_interaction": true
      },
      "type": "Label (rgthree)",
      "title": "参数设置",
      "mode": 0,
      "bgcolor": "#fff0",
      "size": [
        68,
        17
      ],
      "pos": [
        -2390,
        1840
      ],
      "id": 218,
      "properties": {
        "padding": 0,
        "backgroundColor": "transparent",
        "fontFamily": "Arial",
        "borderRadius": 0,
        "textAlign": "left",
        "fontSize": 17,
        "fontColor": "#ffffff"
      },
      "order": 34
    },
    {
      "outputs": [],
      "color": "#fff0",
      "shape": 1,
      "inputs": [],
      "flags": {
        "allow_interaction": true
      },
      "type": "Label (rgthree)",
      "title": "开启功能",
      "mode": 0,
      "bgcolor": "#fff0",
      "size": [
        68,
        17
      ],
      "pos": [
        -2390,
        1720
      ],
      "id": 219,
      "properties": {
        "padding": 0,
        "backgroundColor": "transparent",
        "fontFamily": "Arial",
        "borderRadius": 0,
        "textAlign": "left",
        "fontSize": 17,
        "fontColor": "#ffffff"
      },
      "order": 35
    },
    {
      "mode": 0,
      "outputs": [],
      "size": [
        210,
        62
      ],
      "pos": [
        -2490,
        1550
      ],
      "widgets_values": [
        "1",
        0.9
      ],
      "inputs": [],
      "flags": {
        "collapsed": true
      },
      "id": 220,
      "type": "Bookmark (rgthree)",
      "properties": {},
      "order": 36
    },
    {
      "outputs": [],
      "color": "#fff0",
      "shape": 1,
      "inputs": [],
      "flags": {
        "allow_interaction": true
      },
      "type": "Label (rgthree)",
      "title": "动漫小人跳舞工作流",
      "mode": 0,
      "bgcolor": "#fff0",
      "size": [
        450,
        50
      ],
      "pos": [
        -2490,
        1590
      ],
      "id": 221,
      "properties": {
        "padding": 0,
        "backgroundColor": "transparent",
        "fontFamily": "Arial",
        "borderRadius": 0,
        "textAlign": "left",
        "fontSize": 50,
        "fontColor": "#ffffff"
      },
      "order": 37
    },
    {
      "outputs": [
        {
          "name": "IMAGE",
          "slot_index": 0,
          "links": [
            193
          ],
          "label": "IMAGE",
          "type": "IMAGE",
          "localized_name": "IMAGE"
        },
        {
          "name": "frame_count",
          "slot_index": 1,
          "links": [
            196
          ],
          "label": "frame_count",
          "type": "INT",
          "localized_name": "frame_count"
        },
        {
          "name": "audio",
          "links": [
            112
          ],
          "label": "audio",
          "type": "AUDIO",
          "localized_name": "audio"
        },
        {
          "name": "video_info",
          "links": [],
          "label": "video_info",
          "type": "VHS_VIDEOINFO",
          "localized_name": "video_info"
        }
      ],
      "color": "#422342",
      "widgets_values": {
        "custom_height": 0,
        "force_rate": 16,
        "custom_width": 0,
        "select_every_nth": 1,
        "frame_load_cap": 81,
        "videopreview": {
          "paused": false,
          "hidden": false,
          "params": {
            "custom_height": 0,
            "filename": "274e0a1a1c47a7501e26a705b2733d81d6c2b8ee31285dade32ed075da03c750.mp4",
            "force_rate": 16,
            "custom_width": 0,
            "select_every_nth": 1,
            "frame_load_cap": 81,
            "format": "video/mp4",
            "skip_first_frames": 1,
            "type": "input"
          }
        },
        "format": "Wan",
        "video": "274e0a1a1c47a7501e26a705b2733d81d6c2b8ee31285dade32ed075da03c750.mp4",
        "skip_first_frames": 1,
        "force_size": "Disabled",
        "choose video to upload": "image"
      },
      "inputs": [
        {
          "shape": 7,
          "name": "meta_batch",
          "label": "meta_batch",
          "type": "VHS_BatchManager",
          "localized_name": "meta_batch"
        },
        {
          "shape": 7,
          "name": "vae",
          "label": "vae",
          "type": "VAE",
          "localized_name": "vae"
        }
      ],
      "flags": {},
      "type": "VHS_LoadVideo",
      "title": "加载姿势骨架",
      "mode": 0,
      "bgcolor": "rgba(24,24,27,.9)",
      "size": [
        390,
        718
      ],
      "pos": [
        -2000,
        1660
      ],
      "id": 139,
      "properties": {
        "cnr_id": "comfyui-videohelpersuite",
        "ver": "0a75c7958fe320efcb052f1d9f8451fd20c730a8",
        "Node name for S&R": "VHS_LoadVideo"
      },
      "order": 38
    },
    {
      "mode": 0,
      "outputs": [
        {
          "name": "IMAGE",
          "links": [
            192
          ],
          "label": "IMAGE",
          "type": "IMAGE",
          "localized_name": "IMAGE"
        },
        {
          "name": "MASK",
          "label": "MASK",
          "type": "MASK",
          "localized_name": "MASK"
        }
      ],
      "size": [
        315,
        314
      ],
      "pos": [
        -1410,
        1660
      ],
      "widgets_values": [
        "1585c2c48dbd4386fabaeddf389f222400dcb5a070b41f9f521d044f3e106ad9.png",
        "image",
        ""
      ],
      "inputs": [],
      "flags": {},
      "id": 149,
      "type": "LoadImage",
      "properties": {
        "cnr_id": "comfy-core",
        "ver": "0.3.34",
        "Node name for S&R": "LoadImage"
      },
      "order": 39
    },
    {
      "mode": 0,
      "outputs": [
        {
          "name": "Filenames",
          "label": "Filenames",
          "type": "VHS_FILENAMES",
          "localized_name": "Filenames"
        }
      ],
      "size": [
        342.21112060546875,
        566.7958984375
      ],
      "pos": [
        -920,
        1660
      ],
      "widgets_values": {
        "save_output": true,
        "filename_prefix": "Wanvideo",
        "loop_count": 0,
        "pix_fmt": "yuv420p",
        "save_metadata": true,
        "crf": 19,
        "trim_to_audio": false,
        "videopreview": {
          "paused": false,
          "hidden": false,
          "params": {
            "filename": "Wanvideo_00001-audio_tgblj_1749102976.mp4",
            "workflow": "Wanvideo_00001.png",
            "fullpath": "/data/ComfyUI/personal/71ea1a54c47729a6246e83fcdff2f139/output/Wanvideo_00001-audio.mp4",
            "format": "video/h264-mp4",
            "subfolder": "",
            "type": "output",
            "frame_rate": 8
          }
        },
        "format": "video/h264-mp4",
        "frame_rate": 16,
        "pingpong": false
      },
      "inputs": [
        {
          "name": "images",
          "link": 200,
          "label": "images",
          "type": "IMAGE",
          "localized_name": "images"
        },
        {
          "shape": 7,
          "name": "audio",
          "link": 182,
          "label": "audio",
          "type": "AUDIO",
          "localized_name": "audio"
        },
        {
          "shape": 7,
          "name": "meta_batch",
          "label": "meta_batch",
          "type": "VHS_BatchManager",
          "localized_name": "meta_batch"
        },
        {
          "shape": 7,
          "name": "vae",
          "label": "vae",
          "type": "VAE",
          "localized_name": "vae"
        },
        {
          "widget": {
            "name": "frame_rate"
          },
          "name": "frame_rate",
          "label": "frame_rate",
          "type": "FLOAT"
        }
      ],
      "flags": {},
      "id": 190,
      "type": "VHS_VideoCombine",
      "title": "视频将会保存到“output/” 文件夹里面",
      "properties": {
        "cnr_id": "comfyui-videohelpersuite",
        "ver": "598e181e97d50174cc18677dfcdaa7b9b6ec0cb2",
        "Node name for S&R": "VHS_VideoCombine"
      },
      "order": 47
    }
  ],
  "extra": {
    "VHS_KeepIntermediate": true,
    "ue_links": [],
    "VHS_MetadataImage": true,
    "0246.VERSION": [
      0,
      0,
      4
    ],
    "VHS_latentpreviewrate": 0,
    "VHS_latentpreview": false,
    "frontendVersion": "1.19.9",
    "ds": {
      "offset": [
        4187.964946503115,
        -2968.6692670395696
      ],
      "scale": 1.4122927695244514
    }
  },
  "groups": [
    {
      "color": "#3f789e",
      "font_size": 24,
      "flags": {},
      "id": 11,
      "title": "Group",
      "bounding": [
        -2530,
        2590,
        4803.18408203125,
        1830.9188232421875
      ]
    },
    {
      "color": "#3f789e",
      "font_size": 24,
      "flags": {},
      "id": 10,
      "title": "模型加载",
      "bounding": [
        -4100,
        2590,
        1473.71728515625,
        1180.962646484375
      ]
    },
    {
      "color": "#b58b2a",
      "font_size": 200,
      "flags": {},
      "id": 12,
      "title": "动漫小人跳舞工作流 （基础版）按1 跳转工作区",
      "bounding": [
        -2490,
        1130,
        4250,
        270
      ]
    },
    {
      "color": "#3f789e",
      "font_size": 24,
      "flags": {},
      "id": 13,
      "title": "工作区",
      "bounding": [
        -2010,
        1580,
        1730,
        980
      ]
    }
  ],
  "links": [
    [
      112,
      139,
      2,
      140,
      0,
      "*"
    ],
    [
      115,
      143,
      1,
      146,
      1,
      "INT"
    ],
    [
      116,
      143,
      2,
      146,
      2,
      "INT"
    ],
    [
      118,
      143,
      0,
      148,
      0,
      "*"
    ],
    [
      120,
      143,
      1,
      151,
      1,
      "INT"
    ],
    [
      121,
      143,
      2,
      151,
      2,
      "INT"
    ],
    [
      124,
      148,
      0,
      145,
      2,
      "IMAGE"
    ],
    [
      126,
      151,
      0,
      145,
      0,
      "IMAGE"
    ],
    [
      128,
      145,
      0,
      154,
      0,
      "IMAGE"
    ],
    [
      133,
      160,
      0,
      161,
      0,
      "WANCOMPILEARGS"
    ],
    [
      134,
      159,
      0,
      161,
      2,
      "WANVIDLORA"
    ],
    [
      135,
      162,
      0,
      161,
      1,
      "BLOCKSWAPARGS"
    ],
    [
      136,
      163,
      0,
      161,
      4,
      "VACEPATH"
    ],
    [
      137,
      161,
      0,
      166,
      0,
      "*"
    ],
    [
      138,
      164,
      0,
      167,
      0,
      "*"
    ],
    [
      139,
      165,
      0,
      168,
      0,
      "*"
    ],
    [
      140,
      170,
      0,
      169,
      0,
      "WANTEXTENCODER"
    ],
    [
      141,
      171,
      0,
      169,
      1,
      "WANVIDEOMODEL"
    ],
    [
      155,
      146,
      0,
      182,
      0,
      "*"
    ],
    [
      156,
      145,
      1,
      172,
      3,
      "MASK"
    ],
    [
      157,
      154,
      1,
      172,
      5,
      "INT"
    ],
    [
      158,
      154,
      2,
      172,
      6,
      "INT"
    ],
    [
      159,
      154,
      3,
      172,
      7,
      "INT"
    ],
    [
      160,
      154,
      0,
      172,
      1,
      "IMAGE"
    ],
    [
      161,
      182,
      0,
      172,
      2,
      "IMAGE"
    ],
    [
      162,
      183,
      0,
      172,
      0,
      "WANVAE"
    ],
    [
      163,
      184,
      0,
      175,
      0,
      "WANVIDEOMODEL"
    ],
    [
      164,
      176,
      0,
      175,
      6,
      "TEACACHEARGS"
    ],
    [
      165,
      172,
      0,
      175,
      2,
      "WANVIDIMAGE_EMBEDS"
    ],
    [
      166,
      169,
      0,
      175,
      1,
      "WANVIDEOTEXTEMBEDS"
    ],
    [
      167,
      173,
      0,
      175,
      8,
      "SLGARGS"
    ],
    [
      168,
      174,
      0,
      175,
      10,
      "EXPERIMENTALARGS"
    ],
    [
      169,
      185,
      0,
      177,
      0,
      "WANVAE"
    ],
    [
      170,
      175,
      0,
      177,
      1,
      "LATENT"
    ],
    [
      172,
      186,
      0,
      179,
      1,
      "IMAGE"
    ],
    [
      173,
      187,
      0,
      186,
      0,
      "IMAGE"
    ],
    [
      174,
      189,
      0,
      188,
      0,
      "IMAGE"
    ],
    [
      175,
      188,
      0,
      179,
      0,
      "IMAGE"
    ],
    [
      176,
      179,
      0,
      180,
      2,
      "IMAGE"
    ],
    [
      177,
      177,
      0,
      178,
      0,
      "IMAGE"
    ],
    [
      178,
      178,
      0,
      180,
      0,
      "IMAGE"
    ],
    [
      179,
      178,
      2,
      181,
      0,
      "INT"
    ],
    [
      180,
      181,
      0,
      180,
      1,
      "IMAGE"
    ],
    [
      182,
      191,
      0,
      190,
      1,
      "AUDIO"
    ],
    [
      192,
      149,
      0,
      196,
      0,
      "*"
    ],
    [
      193,
      139,
      0,
      197,
      0,
      "*"
    ],
    [
      194,
      198,
      0,
      146,
      0,
      "IMAGE"
    ],
    [
      195,
      198,
      0,
      151,
      0,
      "IMAGE"
    ],
    [
      196,
      139,
      1,
      199,
      0,
      "*"
    ],
    [
      197,
      200,
      0,
      143,
      0,
      "IMAGE"
    ],
    [
      198,
      201,
      0,
      145,
      4,
      "INT"
    ],
    [
      199,
      180,
      0,
      202,
      0,
      "*"
    ],
    [
      200,
      204,
      0,
      190,
      0,
      "IMAGE"
    ]
  ],
  "id": "31aba43e-02d5-4085-87e8-ef5a5feace4a",
  "config": {},
  "version": 0.4,
  "last_node_id": 229,
  "revision": 0
}