{
  "last_link_id": 11,
  "nodes": [
    {
      "outputs": [
        {
          "name": "image",
          "links": [
            8,
            11
          ],
          "label": "image",
          "type": "IMAGE",
          "localized_name": "image"
        },
        {
          "name": "images_urls",
          "label": "images_urls",
          "type": "STRING",
          "localized_name": "images_urls"
        },
        {
          "name": "log_info",
          "label": "log_info",
          "type": "STRING",
          "localized_name": "log_info"
        }
      ],
      "color": "#223",
      "widgets_values": [
        "Restore this photo, fix the cracks, enhance the clarity, correct the color, restore the original photo, with extremely high definition.",
        "flux-kontext-pro",
        "",
        "match_input_image",
        1,
        501433454,
        "randomize",
        true,
        3.5,
        "ai.t8star.cn",
        "png",
        false,
        2
      ],
      "inputs": [
        {
          "shape": 7,
          "name": "input_image",
          "link": 10,
          "label": "input_image",
          "type": "IMAGE",
          "localized_name": "input_image"
        },
        {
          "widget": {
            "name": "prompt"
          },
          "name": "prompt",
          "link": 7,
          "label": "prompt",
          "type": "STRING"
        }
      ],
      "flags": {},
      "type": "RH_ComfyFluxKontext",
      "mode": 0,
      "bgcolor": "#335",
      "size": [
        424.88214111328125,
        386
      ],
      "pos": [
        1165.392822265625,
        310.37054443359375
      ],
      "id": 8,
      "properties": {
        "Node name for S&R": "RH_ComfyFluxKontext"
      },
      "order": 2
    },
    {
      "mode": 0,
      "outputs": [
        {
          "name": "",
          "links": [
            4
          ],
          "type": "IMAGE"
        }
      ],
      "size": [
        75,
        26
      ],
      "pos": [
        2000.864990234375,
        387.8240661621094
      ],
      "inputs": [
        {
          "name": "",
          "link": 8,
          "type": "*"
        }
      ],
      "flags": {},
      "id": 6,
      "type": "Reroute",
      "properties": {
        "horizontal": false,
        "showOutputText": false
      },
      "order": 3
    },
    {
      "mode": 0,
      "outputs": [
        {
          "name": "Metadata RAW",
          "label": "元数据",
          "type": "METADATA_RAW",
          "localized_name": "Metadata RAW"
        }
      ],
      "size": [
        351.51702880859375,
        380.31561279296875
      ],
      "pos": [
        1610.957763671875,
        315.6974182128906
      ],
      "inputs": [
        {
          "shape": 7,
          "name": "image",
          "link": 11,
          "label": "图像",
          "type": "IMAGE",
          "localized_name": "image"
        }
      ],
      "flags": {},
      "id": 5,
      "type": "Preview from image [Crystools]",
      "properties": {
        "Node name for S&R": "Preview from image [Crystools]"
      },
      "order": 4
    },
    {
      "mode": 0,
      "outputs": [],
      "size": [
        317.09600830078125,
        378.37835693359375
      ],
      "pos": [
        1981.0474853515625,
        315.720458984375
      ],
      "widgets_values": [
        "ComfyUI",
        ""
      ],
      "inputs": [
        {
          "name": "images",
          "link": 4,
          "label": "图像",
          "type": "IMAGE",
          "localized_name": "图片"
        }
      ],
      "flags": {},
      "id": 4,
      "type": "SaveImage",
      "properties": {
        "Node name for S&R": "SaveImage"
      },
      "order": 5
    },
    {
      "mode": 0,
      "outputs": [
        {
          "name": "IMAGE",
          "links": [
            10
          ],
          "label": "图像",
          "type": "IMAGE",
          "localized_name": "图像"
        },
        {
          "name": "MASK",
          "label": "遮罩",
          "type": "MASK",
          "localized_name": "遮罩"
        }
      ],
      "size": [
        352.26751708984375,
        433.9947814941406
      ],
      "pos": [
        289.68121337890625,
        281.2507019042969
      ],
      "widgets_values": [
        "196f00687bd64f738e86eb93999bee1201c3dcd79e4a9f6a6561a13e7e05bb55.png",
        "image",
        ""
      ],
      "inputs": [],
      "flags": {},
      "id": 3,
      "type": "LoadImage",
      "properties": {
        "Node name for S&R": "LoadImage"
      },
      "order": 0
    },
    {
      "mode": 0,
      "outputs": [
        {
          "name": "translation",
          "links": [
            7
          ],
          "label": "translation",
          "type": "STRING",
          "localized_name": "translation"
        }
      ],
      "size": [
        436.5694580078125,
        349.9750671386719
      ],
      "pos": [
        662.9945068359375,
        347.47955322265625
      ],
      "widgets_values": [
        "Repair this photo, remove cracks, enhance clarity, correct colors, and restore the original photo to ultra-high-definition quality.",
        1715,
        "randomize",
        "auto"
      ],
      "inputs": [],
      "flags": {},
      "id": 7,
      "type": "RH_Translator",
      "properties": {
        "Node name for S&R": "RH_Translator"
      },
      "order": 1
    }
  ],
  "extra": {
    "VHS_KeepIntermediate": true,
    "ue_links": [],
    "VHS_MetadataImage": true,
    "0246.VERSION": [
      0,
      0,
      4
    ],
    "VHS_latentpreviewrate": 0,
    "VHS_latentpreview": false,
    "ds": {
      "offset": [
        -112.74149267863078,
        56.025393159777565
      ],
      "scale": 1.2839025177495036
    }
  },
  "groups": [
    {
      "color": "#3f789e",
      "font_size": 24,
      "flags": {},
      "id": 1,
      "title": "填写提示词（可用中文）",
      "bounding": [
        652.9945068359375,
        273.8793029785156,
        479.3763427734375,
        432.05462646484375
      ]
    }
  ],
  "links": [
    [
      4,
      6,
      0,
      4,
      0,
      "IMAGE"
    ],
    [
      7,
      7,
      0,
      8,
      1,
      "STRING"
    ],
    [
      8,
      8,
      0,
      6,
      0,
      "*"
    ],
    [
      10,
      3,
      0,
      8,
      0,
      "IMAGE"
    ],
    [
      11,
      8,
      0,
      5,
      0,
      "IMAGE"
    ]
  ],
  "id": "b51773ce-53c6-4374-8a1c-69e10b966aef",
  "config": {},
  "version": 0.4,
  "last_node_id": 8,
  "revision": 0
}