{
  "last_link_id": 296,
  "nodes": [
    {
      "outputs": [
        {
          "name": "CONDITIONING",
          "slot_index": 0,
          "links": [
            98
          ],
          "label": "条件",
          "type": "CONDITIONING",
          "localized_name": "条件"
        }
      ],
      "color": "#322",
      "widgets_values": [
        "色调艳丽，过曝，静态，细节模糊不清，字幕，风格，作品，画作，画面，静止，整体发灰，最差质量，低质量，JPEG压缩残留，丑陋的，残缺的，多余的手指，画得不好的手部，画得不好的脸部，畸形的，毁容的，形态畸形的肢体，手指融合，静止不动的画面，杂乱的背景，三条腿，背景人很多，倒着走"
      ],
      "inputs": [
        {
          "name": "clip",
          "link": 75,
          "label": "CLIP",
          "type": "CLIP",
          "localized_name": "clip"
        }
      ],
      "flags": {},
      "type": "CLIPTextEncode",
      "mode": 0,
      "bgcolor": "#533",
      "size": [
        425.27801513671875,
        180.6060791015625
      ],
      "pos": [
        352.1525573730469,
        349.89678955078125
      ],
      "id": 7,
      "properties": {
        "Node name for S&R": "CLIPTextEncode"
      },
      "order": 22
    },
    {
      "mode": 0,
      "outputs": [
        {
          "name": "CLIP_VISION",
          "slot_index": 0,
          "links": [
            94
          ],
          "label": "CLIP视觉",
          "type": "CLIP_VISION",
          "localized_name": "CLIP视觉"
        }
      ],
      "size": [
        315,
        58
      ],
      "pos": [
        -900.5187377929688,
        320.13507080078125
      ],
      "widgets_values": [
        "clip_vision_h.safetensors"
      ],
      "inputs": [],
      "flags": {},
      "id": 49,
      "type": "CLIPVisionLoader",
      "properties": {
        "Node name for S&R": "CLIPVisionLoader"
      },
      "order": 0
    },
    {
      "mode": 0,
      "outputs": [
        {
          "name": "VAE",
          "slot_index": 0,
          "links": [
            76,
            99
          ],
          "label": "VAE",
          "type": "VAE",
          "localized_name": "VAE"
        }
      ],
      "size": [
        306.36004638671875,
        58
      ],
      "pos": [
        -882.0205688476562,
        458.04571533203125
      ],
      "widgets_values": [
        "wan_2.1_vae.safetensors"
      ],
      "inputs": [],
      "flags": {},
      "id": 39,
      "type": "VAELoader",
      "properties": {
        "Node name for S&R": "VAELoader"
      },
      "order": 1
    },
    {
      "mode": 0,
      "outputs": [
        {
          "name": "MODEL",
          "slot_index": 0,
          "links": [
            111
          ],
          "label": "模型",
          "type": "MODEL",
          "localized_name": "模型"
        }
      ],
      "size": [
        315,
        58
      ],
      "pos": [
        -502.287353515625,
        426.9102783203125
      ],
      "widgets_values": [
        5.000000000000001
      ],
      "inputs": [
        {
          "name": "model",
          "link": 128,
          "label": "模型",
          "type": "MODEL",
          "localized_name": "模型"
        }
      ],
      "flags": {},
      "id": 54,
      "type": "ModelSamplingSD3",
      "properties": {
        "Node name for S&R": "ModelSamplingSD3"
      },
      "order": 45
    },
    {
      "mode": 0,
      "outputs": [
        {
          "name": "MODEL",
          "slot_index": 0,
          "links": [
            144
          ],
          "label": "模型",
          "type": "MODEL",
          "localized_name": "模型"
        }
      ],
      "size": [
        380.9576110839844,
        88.84210968017578
      ],
      "pos": [
        -914.1553955078125,
        7.156412124633789
      ],
      "widgets_values": [
        "Wan2_1-I2V-14B-480P_fp8_e4m3fn.safetensors",
        "fp8_e4m3fn"
      ],
      "inputs": [],
      "flags": {},
      "id": 37,
      "type": "UNETLoader",
      "properties": {
        "Node name for S&R": "UNETLoader"
      },
      "order": 2
    },
    {
      "outputs": [
        {
          "name": "value",
          "links": [
            125
          ],
          "label": "值",
          "type": "INT",
          "localized_name": "value"
        }
      ],
      "color": "#1b4669",
      "widgets_values": [
        81
      ],
      "inputs": [],
      "flags": {},
      "type": "INTConstant",
      "mode": 0,
      "bgcolor": "#29699c",
      "size": [
        210,
        58
      ],
      "pos": [
        -1695.3875732421875,
        311.16766357421875
      ],
      "id": 66,
      "properties": {
        "Node name for S&R": "INTConstant"
      },
      "order": 3
    },
    {
      "mode": 0,
      "outputs": [
        {
          "name": "IMAGE",
          "slot_index": 0,
          "links": [
            147
          ],
          "label": "图像",
          "type": "IMAGE",
          "localized_name": "图像"
        }
      ],
      "size": [
        210,
        46
      ],
      "pos": [
        1132.15185546875,
        139.89686584472656
      ],
      "widgets_values": [],
      "inputs": [
        {
          "name": "samples",
          "link": 35,
          "label": "Latent",
          "type": "LATENT",
          "localized_name": "Latent"
        },
        {
          "name": "vae",
          "link": 76,
          "label": "VAE",
          "type": "VAE",
          "localized_name": "vae"
        }
      ],
      "flags": {},
      "id": 8,
      "type": "VAEDecode",
      "properties": {
        "Node name for S&R": "VAEDecode"
      },
      "order": 47
    },
    {
      "mode": 0,
      "outputs": [
        {
          "name": "model",
          "links": [
            128
          ],
          "label": "model",
          "type": "MODEL",
          "localized_name": "model"
        }
      ],
      "size": [
        340.20001220703125,
        154
      ],
      "pos": [
        -516.4255981445312,
        211.287841796875
      ],
      "widgets_values": [
        0.275,
        0.1,
        1,
        "offload_device",
        "i2v_480"
      ],
      "inputs": [
        {
          "name": "model",
          "link": 157,
          "label": "model",
          "type": "MODEL",
          "localized_name": "model"
        }
      ],
      "flags": {},
      "id": 68,
      "type": "WanVideoTeaCacheKJ",
      "properties": {
        "Node name for S&R": "WanVideoTeaCacheKJ"
      },
      "order": 43
    },
    {
      "mode": 0,
      "outputs": [
        {
          "name": "MODEL",
          "links": [
            148
          ],
          "label": "MODEL",
          "type": "MODEL",
          "localized_name": "模型"
        }
      ],
      "size": [
        315,
        58
      ],
      "pos": [
        -490.7978820800781,
        7.526453018188477
      ],
      "widgets_values": [
        "auto"
      ],
      "inputs": [
        {
          "name": "model",
          "link": 144,
          "label": "model",
          "type": "MODEL",
          "localized_name": "model"
        }
      ],
      "flags": {},
      "id": 74,
      "type": "PathchSageAttentionKJ",
      "properties": {
        "Node name for S&R": "PathchSageAttentionKJ"
      },
      "order": 21
    },
    {
      "mode": 0,
      "outputs": [
        {
          "name": "CLIP",
          "slot_index": 0,
          "links": [
            75,
            137
          ],
          "label": "CLIP",
          "type": "CLIP",
          "localized_name": "CLIP"
        }
      ],
      "size": [
        390,
        98
      ],
      "pos": [
        -930.2260131835938,
        163.32476806640625
      ],
      "widgets_values": [
        "umt5_xxl_fp8_e4m3fn_scaled.safetensors",
        "wan",
        "default"
      ],
      "inputs": [],
      "flags": {},
      "id": 38,
      "type": "CLIPLoader",
      "properties": {
        "Node name for S&R": "CLIPLoader"
      },
      "order": 4
    },
    {
      "mode": 4,
      "outputs": [
        {
          "name": "MODEL",
          "links": [
            150,
            211,
            218
          ],
          "label": "模型",
          "type": "MODEL",
          "localized_name": "模型"
        }
      ],
      "size": [
        432.71185302734375,
        82
      ],
      "pos": [
        -2099.845947265625,
        958.7859497070312
      ],
      "widgets_values": [
        "Arc_shot.safetensors",
        1
      ],
      "inputs": [
        {
          "name": "model",
          "link": 149,
          "label": "模型",
          "type": "MODEL",
          "localized_name": "模型"
        }
      ],
      "flags": {},
      "id": 55,
      "type": "LoraLoaderModelOnly",
      "properties": {
        "Node name for S&R": "LoraLoaderModelOnly"
      },
      "order": 31
    },
    {
      "mode": 0,
      "outputs": [
        {
          "name": "LATENT",
          "slot_index": 0,
          "links": [
            35
          ],
          "label": "Latent",
          "type": "LATENT",
          "localized_name": "Latent"
        }
      ],
      "size": [
        315,
        262
      ],
      "pos": [
        802.152587890625,
        129.89686584472656
      ],
      "widgets_values": [
        43660489166155,
        "randomize",
        20,
        6,
        "uni_pc",
        "simple",
        1
      ],
      "inputs": [
        {
          "name": "model",
          "link": 111,
          "label": "模型",
          "type": "MODEL",
          "localized_name": "模型"
        },
        {
          "name": "positive",
          "link": 101,
          "label": "正面条件",
          "type": "CONDITIONING",
          "localized_name": "正面条件"
        },
        {
          "name": "negative",
          "link": 102,
          "label": "负面条件",
          "type": "CONDITIONING",
          "localized_name": "负面条件"
        },
        {
          "name": "latent_image",
          "link": 103,
          "label": "Latent",
          "type": "LATENT",
          "localized_name": "Latent图像"
        }
      ],
      "flags": {},
      "id": 3,
      "type": "KSampler",
      "properties": {
        "Node name for S&R": "KSampler"
      },
      "order": 46
    },
    {
      "mode": 0,
      "outputs": [
        {
          "name": "positive",
          "slot_index": 0,
          "links": [
            101
          ],
          "label": "positive",
          "type": "CONDITIONING",
          "localized_name": "正面"
        },
        {
          "name": "negative",
          "slot_index": 1,
          "links": [
            102
          ],
          "label": "negative",
          "type": "CONDITIONING",
          "localized_name": "负面"
        },
        {
          "name": "latent",
          "slot_index": 2,
          "links": [
            103
          ],
          "label": "latent",
          "type": "LATENT",
          "localized_name": "潜在"
        }
      ],
      "size": [
        342.5999755859375,
        210
      ],
      "pos": [
        -33.34762191772461,
        152.14601135253906
      ],
      "widgets_values": [
        480,
        832,
        33,
        1
      ],
      "inputs": [
        {
          "name": "positive",
          "link": 97,
          "label": "positive",
          "type": "CONDITIONING",
          "localized_name": "正面"
        },
        {
          "name": "negative",
          "link": 98,
          "label": "negative",
          "type": "CONDITIONING",
          "localized_name": "负面"
        },
        {
          "name": "vae",
          "link": 99,
          "label": "vae",
          "type": "VAE",
          "localized_name": "vae"
        },
        {
          "shape": 7,
          "name": "clip_vision_output",
          "link": 107,
          "label": "clip_vision_output",
          "type": "CLIP_VISION_OUTPUT",
          "localized_name": "clip视觉输出"
        },
        {
          "shape": 7,
          "name": "start_image",
          "link": 106,
          "label": "start_image",
          "type": "IMAGE",
          "localized_name": "开始图像"
        },
        {
          "widget": {
            "name": "width"
          },
          "name": "width",
          "link": 122,
          "label": "width",
          "type": "INT"
        },
        {
          "widget": {
            "name": "height"
          },
          "name": "height",
          "link": 123,
          "label": "height",
          "type": "INT"
        },
        {
          "widget": {
            "name": "length"
          },
          "name": "length",
          "link": 125,
          "label": "length",
          "type": "INT"
        }
      ],
      "flags": {},
      "id": 50,
      "type": "WanImageToVideo",
      "properties": {
        "Node name for S&R": "WanImageToVideo"
      },
      "order": 44
    },
    {
      "mode": 0,
      "outputs": [
        {
          "name": "CLIP_VISION_OUTPUT",
          "slot_index": 0,
          "links": [
            107
          ],
          "label": "CLIP视觉输出",
          "type": "CLIP_VISION_OUTPUT",
          "localized_name": "CLIP视觉输出"
        }
      ],
      "size": [
        253.60000610351562,
        78
      ],
      "pos": [
        -9.118793487548828,
        402.4299621582031
      ],
      "widgets_values": [
        "none"
      ],
      "inputs": [
        {
          "name": "clip_vision",
          "link": 94,
          "label": "CLIP视觉",
          "type": "CLIP_VISION",
          "localized_name": "clip视觉"
        },
        {
          "name": "image",
          "link": 109,
          "label": "图像",
          "type": "IMAGE",
          "localized_name": "图像"
        }
      ],
      "flags": {},
      "id": 51,
      "type": "CLIPVisionEncode",
      "properties": {
        "Node name for S&R": "CLIPVisionEncode"
      },
      "order": 25
    },
    {
      "mode": 0,
      "outputs": [
        {
          "name": "STRING",
          "links": [
            276
          ],
          "label": "字符串",
          "type": "*",
          "localized_name": "STRING"
        },
        {
          "name": "show_help",
          "label": "显示帮助",
          "type": "STRING",
          "localized_name": "show_help"
        }
      ],
      "size": [
        315,
        126
      ],
      "pos": [
        -111.9796142578125,
        607.3087768554688
      ],
      "widgets_values": [
        "",
        "",
        ""
      ],
      "inputs": [
        {
          "widget": {
            "name": "text1"
          },
          "shape": 7,
          "name": "text1",
          "link": 279,
          "label": "文本1",
          "type": "STRING"
        },
        {
          "widget": {
            "name": "text2"
          },
          "shape": 7,
          "name": "text2",
          "link": 280,
          "label": "文本2",
          "type": "STRING"
        }
      ],
      "flags": {
        "collapsed": true
      },
      "id": 146,
      "type": "CR Text Concatenate",
      "properties": {
        "Node name for S&R": "CR Text Concatenate"
      },
      "order": 23
    },
    {
      "mode": 0,
      "outputs": [
        {
          "name": "STRING",
          "links": [
            281
          ],
          "label": "字符串",
          "type": "*",
          "localized_name": "STRING"
        },
        {
          "name": "show_help",
          "label": "显示帮助",
          "type": "STRING",
          "localized_name": "show_help"
        }
      ],
      "size": [
        315,
        126
      ],
      "pos": [
        34.84480285644531,
        552.872802734375
      ],
      "widgets_values": [
        "",
        "",
        ""
      ],
      "inputs": [
        {
          "widget": {
            "name": "text1"
          },
          "shape": 7,
          "name": "text1",
          "link": 275,
          "label": "文本1",
          "type": "STRING"
        },
        {
          "widget": {
            "name": "text2"
          },
          "shape": 7,
          "name": "text2",
          "link": 276,
          "label": "文本2",
          "type": "STRING"
        }
      ],
      "flags": {
        "collapsed": true
      },
      "id": 143,
      "type": "CR Text Concatenate",
      "properties": {
        "Node name for S&R": "CR Text Concatenate"
      },
      "order": 29
    },
    {
      "mode": 0,
      "outputs": [
        {
          "name": "STRING",
          "links": [
            287
          ],
          "label": "字符串",
          "type": "*",
          "localized_name": "STRING"
        },
        {
          "name": "show_help",
          "label": "显示帮助",
          "type": "STRING",
          "localized_name": "show_help"
        }
      ],
      "size": [
        315,
        126
      ],
      "pos": [
        40.705291748046875,
        607.308837890625
      ],
      "widgets_values": [
        "",
        "",
        ""
      ],
      "inputs": [
        {
          "widget": {
            "name": "text1"
          },
          "shape": 7,
          "name": "text1",
          "link": 281,
          "label": "文本1",
          "type": "STRING"
        },
        {
          "widget": {
            "name": "text2"
          },
          "shape": 7,
          "name": "text2",
          "link": 282,
          "label": "文本2",
          "type": "STRING"
        }
      ],
      "flags": {
        "collapsed": true
      },
      "id": 153,
      "type": "CR Text Concatenate",
      "properties": {
        "Node name for S&R": "CR Text Concatenate"
      },
      "order": 32
    },
    {
      "mode": 0,
      "outputs": [
        {
          "name": "STRING",
          "links": [
            286,
            289
          ],
          "label": "字符串",
          "type": "*",
          "localized_name": "STRING"
        },
        {
          "name": "show_help",
          "label": "显示帮助",
          "type": "STRING",
          "localized_name": "show_help"
        }
      ],
      "size": [
        237.72979736328125,
        126
      ],
      "pos": [
        167.8709716796875,
        548.7332763671875
      ],
      "widgets_values": [
        "",
        "",
        ""
      ],
      "inputs": [
        {
          "widget": {
            "name": "text1"
          },
          "shape": 7,
          "name": "text1",
          "link": 287,
          "label": "文本1",
          "type": "STRING"
        },
        {
          "widget": {
            "name": "text2"
          },
          "shape": 7,
          "name": "text2",
          "link": 288,
          "label": "文本2",
          "type": "STRING"
        }
      ],
      "flags": {
        "collapsed": true
      },
      "id": 154,
      "type": "CR Text Concatenate",
      "properties": {
        "Node name for S&R": "CR Text Concatenate"
      },
      "order": 34
    },
    {
      "mode": 0,
      "outputs": [
        {
          "name": "STRING",
          "links": [
            275
          ],
          "label": "字符串",
          "type": "*",
          "localized_name": "STRING"
        },
        {
          "name": "show_help",
          "label": "显示帮助",
          "type": "STRING",
          "localized_name": "show_help"
        }
      ],
      "size": [
        315,
        126
      ],
      "pos": [
        -120.25859069824219,
        545.9736328125
      ],
      "widgets_values": [
        "",
        "",
        ""
      ],
      "inputs": [
        {
          "widget": {
            "name": "text1"
          },
          "shape": 7,
          "name": "text1",
          "link": 277,
          "label": "文本1",
          "type": "STRING"
        },
        {
          "widget": {
            "name": "text2"
          },
          "shape": 7,
          "name": "text2",
          "link": 278,
          "label": "文本2",
          "type": "STRING"
        }
      ],
      "flags": {
        "collapsed": true
      },
      "id": 142,
      "type": "CR Text Concatenate",
      "properties": {
        "Node name for S&R": "CR Text Concatenate"
      },
      "order": 24
    },
    {
      "mode": 4,
      "outputs": [
        {
          "name": "MODEL",
          "links": [
            152,
            219
          ],
          "label": "模型",
          "type": "MODEL",
          "localized_name": "模型"
        }
      ],
      "size": [
        432.71185302734375,
        82
      ],
      "pos": [
        -1569.572998046875,
        668.0817260742188
      ],
      "widgets_values": [
        "crash_zoom_in.safetensors",
        1
      ],
      "inputs": [
        {
          "name": "model",
          "link": 150,
          "label": "模型",
          "type": "MODEL",
          "localized_name": "模型"
        }
      ],
      "flags": {},
      "id": 77,
      "type": "LoraLoaderModelOnly",
      "properties": {
        "Node name for S&R": "LoraLoaderModelOnly"
      },
      "order": 33
    },
    {
      "mode": 4,
      "outputs": [
        {
          "name": "STRING",
          "links": [
            279
          ],
          "label": "STRING",
          "type": "STRING",
          "localized_name": "字符串"
        }
      ],
      "size": [
        315,
        58
      ],
      "pos": [
        -1504.9869384765625,
        790.5957641601562
      ],
      "widgets_values": [
        "cr34sh crash zoom in effect"
      ],
      "inputs": [],
      "flags": {},
      "id": 149,
      "type": "PrimitiveString",
      "properties": {
        "Node name for S&R": "PrimitiveString"
      },
      "order": 5
    },
    {
      "mode": 4,
      "outputs": [
        {
          "name": "MODEL",
          "links": [
            154,
            220
          ],
          "label": "模型",
          "type": "MODEL",
          "localized_name": "模型"
        }
      ],
      "size": [
        432.71185302734375,
        82
      ],
      "pos": [
        -1553.6077880859375,
        975.6017456054688
      ],
      "widgets_values": [
        "crane_down.safetensors",
        1
      ],
      "inputs": [
        {
          "name": "model",
          "link": 152,
          "label": "模型",
          "type": "MODEL",
          "localized_name": "模型"
        }
      ],
      "flags": {},
      "id": 78,
      "type": "LoraLoaderModelOnly",
      "properties": {
        "Node name for S&R": "LoraLoaderModelOnly"
      },
      "order": 35
    },
    {
      "mode": 4,
      "outputs": [
        {
          "name": "STRING",
          "links": [
            280
          ],
          "label": "STRING",
          "type": "STRING",
          "localized_name": "字符串"
        }
      ],
      "size": [
        315,
        58
      ],
      "pos": [
        -1498.319580078125,
        1100.3138427734375
      ],
      "widgets_values": [
        "cr4n3 crane down camera motion"
      ],
      "inputs": [],
      "flags": {},
      "id": 150,
      "type": "PrimitiveString",
      "properties": {
        "Node name for S&R": "PrimitiveString"
      },
      "order": 6
    },
    {
      "mode": 4,
      "outputs": [
        {
          "name": "STRING",
          "links": [
            278
          ],
          "label": "STRING",
          "type": "STRING",
          "localized_name": "字符串"
        }
      ],
      "size": [
        315,
        58
      ],
      "pos": [
        -2029.848388671875,
        1078.7857666015625
      ],
      "widgets_values": [
        "34Ar2c arc the camera moves in a smooth curve around"
      ],
      "inputs": [],
      "flags": {},
      "id": 148,
      "type": "PrimitiveString",
      "properties": {
        "Node name for S&R": "PrimitiveString"
      },
      "order": 7
    },
    {
      "mode": 4,
      "outputs": [
        {
          "name": "MODEL",
          "links": [
            157,
            222
          ],
          "label": "模型",
          "type": "MODEL",
          "localized_name": "模型"
        }
      ],
      "size": [
        432.71185302734375,
        82
      ],
      "pos": [
        -1016.2601928710938,
        997.0299072265625
      ],
      "widgets_values": [
        "crash_zoom_out.safetensors",
        1
      ],
      "inputs": [
        {
          "name": "model",
          "link": 156,
          "label": "模型",
          "type": "MODEL",
          "localized_name": "模型"
        }
      ],
      "flags": {},
      "id": 80,
      "type": "LoraLoaderModelOnly",
      "properties": {
        "Node name for S&R": "LoraLoaderModelOnly"
      },
      "order": 40
    },
    {
      "mode": 4,
      "outputs": [
        {
          "name": "STRING",
          "links": [
            288
          ],
          "label": "STRING",
          "type": "STRING",
          "localized_name": "字符串"
        }
      ],
      "size": [
        315,
        58
      ],
      "pos": [
        -957.6761474609375,
        1118.44677734375
      ],
      "widgets_values": [
        "cr34sh crash zoom out effect"
      ],
      "inputs": [],
      "flags": {},
      "id": 152,
      "type": "PrimitiveString",
      "properties": {
        "Node name for S&R": "PrimitiveString"
      },
      "order": 8
    },
    {
      "mode": 4,
      "outputs": [
        {
          "name": "MODEL",
          "links": [
            149
          ],
          "label": "模型",
          "type": "MODEL",
          "localized_name": "模型"
        }
      ],
      "size": [
        432.71185302734375,
        82
      ],
      "pos": [
        -2097.40283203125,
        654.1193237304688
      ],
      "widgets_values": [
        "crane_up.safetensors",
        1
      ],
      "inputs": [
        {
          "name": "model",
          "link": 148,
          "label": "模型",
          "type": "MODEL",
          "localized_name": "模型"
        }
      ],
      "flags": {},
      "id": 76,
      "type": "LoraLoaderModelOnly",
      "properties": {
        "Node name for S&R": "LoraLoaderModelOnly"
      },
      "order": 28
    },
    {
      "mode": 4,
      "outputs": [
        {
          "name": "STRING",
          "links": [
            277
          ],
          "label": "STRING",
          "type": "STRING",
          "localized_name": "字符串"
        }
      ],
      "size": [
        344.7388610839844,
        58
      ],
      "pos": [
        -2037.404296875,
        774.1193237304688
      ],
      "widgets_values": [
        "cr4n3 crane up effect"
      ],
      "inputs": [],
      "flags": {},
      "id": 147,
      "type": "PrimitiveString",
      "properties": {
        "Node name for S&R": "PrimitiveString"
      },
      "order": 9
    },
    {
      "mode": 0,
      "outputs": [
        {
          "name": "IMAGE",
          "label": "图像",
          "type": "IMAGE",
          "localized_name": "图像"
        },
        {
          "name": "frame_count",
          "label": "帧计数",
          "type": "INT",
          "localized_name": "frame_count"
        },
        {
          "name": "audio",
          "label": "音频",
          "type": "AUDIO",
          "localized_name": "audio"
        },
        {
          "name": "video_info",
          "label": "视频信息",
          "type": "VHS_VIDEOINFO",
          "localized_name": "video_info"
        }
      ],
      "size": [
        210,
        538
      ],
      "pos": [
        -429.736328125,
        694.027099609375
      ],
      "widgets_values": {
        "custom_height": 512,
        "force_rate": 0,
        "custom_width": 512,
        "select_every_nth": 1,
        "frame_load_cap": 0,
        "videopreview": {
          "paused": false,
          "hidden": false,
          "params": {
            "custom_height": 512,
            "filename": "4d6051ca32bfebc706f0dabc3dc7812d31441ac7d852b3b1e8e6a015d79f9943.mp4",
            "force_rate": 0,
            "custom_width": 512,
            "select_every_nth": 1,
            "frame_load_cap": 0,
            "format": "video/mp4",
            "skip_first_frames": 0,
            "type": "input"
          }
        },
        "format": "AnimateDiff",
        "video": "4d6051ca32bfebc706f0dabc3dc7812d31441ac7d852b3b1e8e6a015d79f9943.mp4",
        "skip_first_frames": 0,
        "force_size": "Disabled",
        "choose video to upload": "image"
      },
      "inputs": [
        {
          "shape": 7,
          "name": "meta_batch",
          "label": "批次管理",
          "type": "VHS_BatchManager",
          "localized_name": "meta_batch"
        },
        {
          "shape": 7,
          "name": "vae",
          "type": "VAE",
          "localized_name": "vae"
        },
        {
          "widget": {
            "name": "force_rate"
          },
          "name": "force_rate",
          "label": "强制帧率",
          "type": "INT",
          "localized_name": "强制帧率"
        },
        {
          "widget": {
            "name": "skip_first_frames"
          },
          "name": "skip_first_frames",
          "label": "跳过前X帧",
          "type": "INT",
          "localized_name": "跳过前X帧"
        },
        {
          "widget": {
            "name": "video"
          },
          "name": "video",
          "label": "视频",
          "type": "COMBO",
          "localized_name": "视频"
        },
        {
          "widget": {
            "name": "force_size"
          },
          "name": "force_size",
          "label": "强制尺寸",
          "type": "COMBO",
          "localized_name": "强制尺寸"
        },
        {
          "widget": {
            "name": "custom_width"
          },
          "name": "custom_width",
          "type": "INT"
        },
        {
          "widget": {
            "name": "custom_height"
          },
          "name": "custom_height",
          "type": "INT"
        },
        {
          "widget": {
            "name": "select_every_nth"
          },
          "name": "select_every_nth",
          "label": "模选",
          "type": "INT",
          "localized_name": "模选"
        },
        {
          "widget": {
            "name": "frame_load_cap"
          },
          "name": "frame_load_cap",
          "label": "帧数读取上限",
          "type": "INT",
          "localized_name": "帧数读取上限"
        },
        {
          "widget": {
            "name": "format"
          },
          "shape": 7,
          "name": "format",
          "type": "COMBO"
        }
      ],
      "flags": {
        "collapsed": false
      },
      "id": 161,
      "type": "VHS_LoadVideo",
      "properties": {
        "Node name for S&R": "VHS_LoadVideo"
      },
      "order": 10
    },
    {
      "outputs": [
        {
          "name": "CONDITIONING",
          "slot_index": 0,
          "links": [
            97
          ],
          "label": "条件",
          "type": "CONDITIONING",
          "localized_name": "条件"
        }
      ],
      "color": "#232",
      "widgets_values": [
        "cr4n3 crane over the head movement,"
      ],
      "inputs": [
        {
          "name": "clip",
          "link": 137,
          "label": "CLIP",
          "type": "CLIP",
          "localized_name": "clip"
        },
        {
          "widget": {
            "name": "text"
          },
          "name": "text",
          "link": 293,
          "label": "text",
          "type": "STRING",
          "localized_name": "文本"
        }
      ],
      "flags": {},
      "type": "CLIPTextEncode",
      "mode": 0,
      "bgcolor": "#353",
      "size": [
        422.84503173828125,
        164.31304931640625
      ],
      "pos": [
        354.5927429199219,
        123.37374877929688
      ],
      "id": 6,
      "properties": {
        "Node name for S&R": "CLIPTextEncode"
      },
      "order": 41
    },
    {
      "mode": 0,
      "outputs": [
        {
          "name": "IMAGE",
          "links": [
            124
          ],
          "label": "IMAGE",
          "type": "IMAGE",
          "localized_name": "图像"
        },
        {
          "name": "width",
          "label": "width",
          "type": "INT",
          "localized_name": "width"
        },
        {
          "name": "height",
          "label": "height",
          "type": "INT",
          "localized_name": "height"
        }
      ],
      "size": [
        315,
        242
      ],
      "pos": [
        -2053.43212890625,
        -64.30060577392578
      ],
      "widgets_values": [
        512,
        512,
        "nearest-exact",
        "crop",
        "0, 0, 0",
        "center",
        2
      ],
      "inputs": [
        {
          "name": "image",
          "link": 119,
          "label": "image",
          "type": "IMAGE",
          "localized_name": "image"
        },
        {
          "widget": {
            "name": "width"
          },
          "name": "width",
          "link": 120,
          "label": "width",
          "type": "INT"
        },
        {
          "widget": {
            "name": "height"
          },
          "name": "height",
          "link": 121,
          "label": "height",
          "type": "INT"
        }
      ],
      "flags": {},
      "id": 62,
      "type": "ImageResizeKJv2",
      "properties": {
        "Node name for S&R": "ImageResizeKJv2"
      },
      "order": 27
    },
    {
      "mode": 4,
      "outputs": [
        {
          "name": "image",
          "label": "图像",
          "type": "IMAGE",
          "localized_name": "image"
        },
        {
          "name": "mask",
          "label": "遮罩",
          "type": "MASK",
          "localized_name": "mask"
        },
        {
          "name": "caption",
          "links": [
            132,
            134
          ],
          "label": "caption",
          "type": "STRING",
          "localized_name": "caption"
        },
        {
          "name": "data",
          "label": "json数据",
          "type": "JSON",
          "localized_name": "data"
        }
      ],
      "size": [
        327.3999938964844,
        364
      ],
      "pos": [
        -1374.8092041015625,
        -85.47429656982422
      ],
      "widgets_values": [
        "",
        "more_detailed_caption",
        true,
        false,
        128,
        3,
        true,
        "",
        1,
        "fixed"
      ],
      "inputs": [
        {
          "name": "image",
          "link": 116,
          "label": "图像",
          "type": "IMAGE",
          "localized_name": "image"
        },
        {
          "name": "florence2_model",
          "link": 117,
          "label": "Florence2",
          "type": "FL2MODEL",
          "localized_name": "florence2_model"
        }
      ],
      "flags": {},
      "id": 59,
      "type": "Florence2Run",
      "properties": {
        "Node name for S&R": "Florence2Run"
      },
      "order": 26
    },
    {
      "mode": 4,
      "outputs": [
        {
          "name": "florence2_model",
          "links": [
            117
          ],
          "label": "Florence2",
          "type": "FL2MODEL",
          "localized_name": "florence2_model"
        }
      ],
      "size": [
        315,
        106
      ],
      "pos": [
        -1355.263427734375,
        339.6333923339844
      ],
      "widgets_values": [
        "Florence-2-base-PromptGen-v1.5",
        "fp16",
        "sdpa"
      ],
      "inputs": [
        {
          "shape": 7,
          "name": "lora",
          "label": "LoRA",
          "type": "PEFTLORA",
          "localized_name": "lora"
        }
      ],
      "flags": {},
      "id": 60,
      "type": "Florence2ModelLoader",
      "properties": {
        "Node name for S&R": "Florence2ModelLoader"
      },
      "order": 11
    },
    {
      "mode": 0,
      "outputs": [
        {
          "name": "OPT_CONNECTION",
          "label": "可选连接",
          "type": "*"
        }
      ],
      "size": [
        353.07940673828125,
        226
      ],
      "pos": [
        -3013.826416015625,
        -228.09776306152344
      ],
      "inputs": [],
      "flags": {},
      "id": 106,
      "type": "Fast Groups Bypasser (rgthree)",
      "properties": {
        "customSortAlphabet": "",
        "matchColors": "",
        "sort": "position",
        "matchTitle": "编号",
        "showNav": true,
        "toggleRestriction": "max one"
      },
      "order": 12
    },
    {
      "mode": 0,
      "outputs": [
        {
          "name": "OPT_CONNECTION",
          "label": "可选连接",
          "type": "*"
        }
      ],
      "size": [
        429.28656005859375,
        106
      ],
      "pos": [
        -3060.211669921875,
        184.4124755859375
      ],
      "inputs": [],
      "flags": {},
      "id": 166,
      "type": "Fast Groups Bypasser (rgthree)",
      "properties": {
        "customSortAlphabet": "",
        "matchColors": "",
        "sort": "position",
        "matchTitle": "提示词",
        "showNav": true,
        "toggleRestriction": "max one"
      },
      "order": 13
    },
    {
      "mode": 0,
      "outputs": [
        {
          "shape": 6,
          "name": "STRING",
          "label": "字符串",
          "type": "STRING",
          "localized_name": "字符串"
        }
      ],
      "size": [
        357.1365661621094,
        296.9326477050781
      ],
      "pos": [
        -105.4069595336914,
        752.1829223632812
      ],
      "widgets_values": [
        "",
        "b4ll3t t1m3 bullet time shot"
      ],
      "inputs": [
        {
          "widget": {
            "name": "text"
          },
          "name": "text",
          "link": 286,
          "label": "文本",
          "type": "STRING",
          "localized_name": "文本"
        }
      ],
      "flags": {},
      "id": 157,
      "type": "ShowText|pysssss",
      "properties": {
        "Node name for S&R": "ShowText|pysssss"
      },
      "order": 36
    },
    {
      "mode": 0,
      "outputs": [
        {
          "name": "STRING",
          "links": [
            291
          ],
          "label": "字符串",
          "type": "*",
          "localized_name": "STRING"
        },
        {
          "name": "show_help",
          "label": "显示帮助",
          "type": "STRING",
          "localized_name": "show_help"
        }
      ],
      "size": [
        316.93109130859375,
        126
      ],
      "pos": [
        -88.46814727783203,
        -169.66041564941406
      ],
      "widgets_values": [
        "The lens rotates 360° in a circle",
        "",
        ""
      ],
      "inputs": [
        {
          "widget": {
            "name": "text1"
          },
          "shape": 7,
          "name": "text1",
          "link": 289,
          "label": "文本1",
          "type": "STRING"
        },
        {
          "widget": {
            "name": "text2"
          },
          "shape": 7,
          "name": "text2",
          "link": 134,
          "label": "文本2",
          "type": "STRING"
        }
      ],
      "flags": {},
      "id": 70,
      "type": "CR Text Concatenate",
      "properties": {
        "Node name for S&R": "CR Text Concatenate"
      },
      "order": 37
    },
    {
      "mode": 0,
      "outputs": [
        {
          "name": "STRING",
          "links": [
            293,
            296
          ],
          "label": "字符串",
          "type": "*",
          "localized_name": "STRING"
        },
        {
          "name": "show_help",
          "label": "显示帮助",
          "type": "STRING",
          "localized_name": "show_help"
        }
      ],
      "size": [
        316.93109130859375,
        126
      ],
      "pos": [
        286.1801452636719,
        -101.43123626708984
      ],
      "widgets_values": [
        "The lens rotates 360° in a circle",
        "",
        ""
      ],
      "inputs": [
        {
          "widget": {
            "name": "text1"
          },
          "shape": 7,
          "name": "text1",
          "link": 291,
          "label": "文本1",
          "type": "STRING"
        },
        {
          "widget": {
            "name": "text2"
          },
          "shape": 7,
          "name": "text2",
          "link": 295,
          "label": "文本2",
          "type": "STRING"
        }
      ],
      "flags": {},
      "id": 164,
      "type": "CR Text Concatenate",
      "properties": {
        "Node name for S&R": "CR Text Concatenate"
      },
      "order": 39
    },
    {
      "mode": 0,
      "outputs": [
        {
          "name": "output",
          "label": "output",
          "type": "*",
          "localized_name": "output"
        }
      ],
      "size": [
        449.9381408691406,
        159.68934631347656
      ],
      "pos": [
        677.664306640625,
        -172.71829223632812
      ],
      "widgets_values": [
        "b4ll3t t1m3 bullet time shotA medieval knight, fully armored and brandishing a sword overhead, is captured mid-leap over a battlefield, arrows suspended in mid-flight around him. The scene utilizes a b4ll3t t1m3 bullet time shot effect, where the action is dramatically slowed down, freezing the knight in his dynamic pose, and the arrows in mid-air. The background reveals a chaotic battle with soldiers, flags, and shields, all slightly blurred by the effect. The camera smoothly rotates around the knight, offering varying views of the frozen moment, showcasing the knight's actions, the incoming arrows, and the surrounding battle from all angles."
      ],
      "inputs": [
        {
          "shape": 7,
          "name": "anything",
          "link": 296,
          "label": "输入任何",
          "type": "*",
          "localized_name": "anything"
        }
      ],
      "flags": {},
      "id": 72,
      "type": "easy showAnything",
      "properties": {
        "Node name for S&R": "easy showAnything"
      },
      "order": 42
    },
    {
      "mode": 0,
      "outputs": [
        {
          "name": "IMAGE",
          "slot_index": 0,
          "links": [
            106,
            109,
            116,
            119
          ],
          "label": "图像",
          "type": "IMAGE",
          "localized_name": "图像"
        },
        {
          "name": "MASK",
          "slot_index": 1,
          "label": "遮罩",
          "type": "MASK",
          "localized_name": "遮罩"
        }
      ],
      "size": [
        315,
        314
      ],
      "pos": [
        -2406.869873046875,
        -19.805253982543945
      ],
      "widgets_values": [
        "0544e054803fe02e098a73347594ea3eb9616f784db78c815641eb30d0ebc59b.png",
        "image",
        ""
      ],
      "inputs": [],
      "flags": {},
      "id": 52,
      "type": "LoadImage",
      "properties": {
        "Node name for S&R": "LoadImage"
      },
      "order": 14
    },
    {
      "mode": 0,
      "outputs": [
        {
          "name": "MODEL",
          "links": [
            156,
            221
          ],
          "label": "模型",
          "type": "MODEL",
          "localized_name": "模型"
        }
      ],
      "size": [
        432.71185302734375,
        82
      ],
      "pos": [
        -1012.63623046875,
        673.4500122070312
      ],
      "widgets_values": [
        "matrix_shot.safetensors",
        1
      ],
      "inputs": [
        {
          "name": "model",
          "link": 154,
          "label": "模型",
          "type": "MODEL",
          "localized_name": "模型"
        }
      ],
      "flags": {},
      "id": 79,
      "type": "LoraLoaderModelOnly",
      "properties": {
        "Node name for S&R": "LoraLoaderModelOnly"
      },
      "order": 38
    },
    {
      "mode": 0,
      "outputs": [
        {
          "name": "STRING",
          "links": [
            282
          ],
          "label": "STRING",
          "type": "STRING",
          "localized_name": "字符串"
        }
      ],
      "size": [
        327.3749084472656,
        58
      ],
      "pos": [
        -954.7470703125,
        806.2362670898438
      ],
      "widgets_values": [
        "b4ll3t t1m3 bullet time shot"
      ],
      "inputs": [],
      "flags": {},
      "id": 151,
      "type": "PrimitiveString",
      "properties": {
        "Node name for S&R": "PrimitiveString"
      },
      "order": 15
    },
    {
      "outputs": [
        {
          "name": "value",
          "links": [
            120,
            122
          ],
          "label": "值",
          "type": "INT",
          "localized_name": "value"
        }
      ],
      "color": "#1b4669",
      "widgets_values": [
        969
      ],
      "inputs": [],
      "flags": {},
      "type": "INTConstant",
      "mode": 0,
      "bgcolor": "#29699c",
      "size": [
        210,
        58
      ],
      "pos": [
        -1697.1011962890625,
        -0.5073958039283752
      ],
      "id": 63,
      "properties": {
        "Node name for S&R": "INTConstant"
      },
      "order": 17
    },
    {
      "outputs": [
        {
          "name": "value",
          "links": [
            121,
            123
          ],
          "label": "值",
          "type": "INT",
          "localized_name": "value"
        }
      ],
      "color": "#1b4669",
      "widgets_values": [
        563
      ],
      "inputs": [],
      "flags": {},
      "type": "INTConstant",
      "mode": 0,
      "bgcolor": "#29699c",
      "size": [
        210,
        58
      ],
      "pos": [
        -1697.6683349609375,
        151.76731872558594
      ],
      "id": 64,
      "properties": {
        "Node name for S&R": "INTConstant"
      },
      "order": 18
    },
    {
      "mode": 0,
      "outputs": [],
      "size": [
        210,
        258
      ],
      "pos": [
        -1952.5579833984375,
        232.53614807128906
      ],
      "widgets_values": [
        ""
      ],
      "inputs": [
        {
          "name": "images",
          "link": 124,
          "label": "图像",
          "type": "IMAGE",
          "localized_name": "图像"
        }
      ],
      "flags": {},
      "id": 65,
      "type": "PreviewImage",
      "properties": {
        "Node name for S&R": "PreviewImage"
      },
      "order": 30
    },
    {
      "outputs": [],
      "color": "#432",
      "widgets_values": [
        "镜头360° 环绕旋转  (编号4)\n\n参考官方提示词示例：\n\nb4ll3t t1m3 bullet time shot A medieval knight, fully armored and brandishing a sword overhead, is captured mid-leap over a battlefield, arrows suspended in mid-flight around him. The scene utilizes a b4ll3t t1m3 bullet time shot effect, where the action is dramatically slowed down, freezing the knight in his dynamic pose, and the arrows in mid-air. The background reveals a chaotic battle with soldiers, flags, and shields, all slightly blurred by the effect. The camera smoothly rotates around the knight, offering varying views of the frozen moment, showcasing the knight's actions, the incoming arrows, and the surrounding battle from all angles."
      ],
      "inputs": [],
      "flags": {},
      "type": "Note",
      "mode": 0,
      "bgcolor": "#653",
      "size": [
        210,
        296.1667785644531
      ],
      "pos": [
        -416.6630554199219,
        1282.8770751953125
      ],
      "id": 163,
      "properties": {},
      "order": 19
    },
    {
      "outputs": [],
      "color": "#432",
      "widgets_values": [
        "更多演示效果：\n官方：https://huggingface.co/collections/Remade-AI/wan21-14b-480p-i2v-loras-67d0e26f08092436b585919b"
      ],
      "inputs": [],
      "flags": {},
      "type": "Note",
      "mode": 0,
      "bgcolor": "#653",
      "size": [
        210,
        125.85037231445312
      ],
      "pos": [
        -710.5283813476562,
        1311.564697265625
      ],
      "id": 177,
      "properties": {},
      "order": 20
    },
    {
      "mode": 0,
      "outputs": [
        {
          "name": "text",
          "links": [
            295
          ],
          "label": "文本",
          "type": "*",
          "localized_name": "text"
        },
        {
          "name": "show_help",
          "label": "显示帮助",
          "type": "STRING",
          "localized_name": "show_help"
        }
      ],
      "size": [
        400,
        200
      ],
      "pos": [
        -3032.364501953125,
        461.6986389160156
      ],
      "widgets_values": [
        "A medieval knight, fully armored and brandishing a sword overhead, is captured mid-leap over a battlefield, arrows suspended in mid-flight around him. The scene utilizes a b4ll3t t1m3 bullet time shot effect, where the action is dramatically slowed down, freezing the knight in his dynamic pose, and the arrows in mid-air. The background reveals a chaotic battle with soldiers, flags, and shields, all slightly blurred by the effect. The camera smoothly rotates around the knight, offering varying views of the frozen moment, showcasing the knight's actions, the incoming arrows, and the surrounding battle from all angles."
      ],
      "inputs": [],
      "flags": {},
      "id": 168,
      "type": "CR Text",
      "properties": {
        "Node name for S&R": "CR Text"
      },
      "order": 16
    },
    {
      "mode": 0,
      "outputs": [
        {
          "name": "Filenames",
          "label": "文件名",
          "type": "VHS_FILENAMES",
          "localized_name": "Filenames"
        }
      ],
      "size": [
        579.8028564453125,
        1025.348388671875
      ],
      "pos": [
        299.36444091796875,
        572.5537109375
      ],
      "widgets_values": {
        "save_output": true,
        "filename_prefix": "AnimateDiff",
        "loop_count": 0,
        "pix_fmt": "yuv420p",
        "save_metadata": true,
        "crf": 19,
        "trim_to_audio": false,
        "videopreview": {
          "paused": false,
          "hidden": false,
          "params": {
            "filename": "AnimateDiff_00001_vdkmf_1748875519.mp4",
            "workflow": "AnimateDiff_00001.png",
            "fullpath": "/data/ComfyUI/personal/f1f960a78eba2ed438d45f78a19c9bd9/output/AnimateDiff_00001.mp4",
            "format": "video/h264-mp4",
            "subfolder": "",
            "type": "output",
            "frame_rate": 16
          }
        },
        "format": "video/h264-mp4",
        "frame_rate": 16,
        "pingpong": false
      },
      "inputs": [
        {
          "name": "images",
          "link": 147,
          "label": "图像",
          "type": "IMAGE",
          "localized_name": "images"
        },
        {
          "shape": 7,
          "name": "audio",
          "label": "音频",
          "type": "AUDIO",
          "localized_name": "audio"
        },
        {
          "shape": 7,
          "name": "meta_batch",
          "label": "批次管理",
          "type": "VHS_BatchManager",
          "localized_name": "meta_batch"
        },
        {
          "shape": 7,
          "name": "vae",
          "label": "vae",
          "type": "VAE",
          "localized_name": "vae"
        }
      ],
      "flags": {},
      "id": 67,
      "type": "VHS_VideoCombine",
      "properties": {
        "Node name for S&R": "VHS_VideoCombine"
      },
      "order": 48
    }
  ],
  "extra": {
    "ue_links": [],
    "0246.VERSION": [
      0,
      0,
      4
    ],
    "ds": {
      "offset": [
        5981.7801446881,
        2283.086056988257
      ],
      "scale": 0.17349448024330982
    }
  },
  "groups": [
    {
      "color": "#3f789e",
      "font_size": 240,
      "flags": {},
      "id": 12,
      "title": "图片生成带运镜视频专业版",
      "bounding": [
        -3148.105224609375,
        -738.1963500976562,
        4572.5341796875,
        2406.726806640625
      ]
    },
    {
      "color": "#3f789e",
      "font_size": 24,
      "flags": {},
      "id": 1,
      "title": "模型初始化",
      "bounding": [
        -940.2260131835938,
        -70.05401611328125,
        779.648681640625,
        596.0989990234375
      ]
    },
    {
      "color": "#3f789e",
      "font_size": 24,
      "flags": {},
      "id": 2,
      "title": "sefw",
      "bounding": [
        -2428.723876953125,
        -140.49130249023438,
        964.82763671875,
        646.5076904296875
      ]
    },
    {
      "color": "#3f789e",
      "font_size": 24,
      "flags": {},
      "id": 3,
      "title": "视频宽度图片一致",
      "bounding": [
        -1705.3875732421875,
        -78.21823120117188,
        225.0395050048828,
        145.17413330078125
      ]
    },
    {
      "color": "#3f789e",
      "font_size": 24,
      "flags": {},
      "id": 4,
      "title": "镜头慢慢升起（编号0）",
      "bounding": [
        -2117.40234375,
        584.1192626953125,
        461.4925537109375,
        269.7140808105469
      ]
    },
    {
      "color": "#3f789e",
      "font_size": 24,
      "flags": {},
      "id": 5,
      "title": "向左环绕运镜（编号1）",
      "bounding": [
        -2105.777099609375,
        888.79345703125,
        463.914306640625,
        265.8639221191406
      ]
    },
    {
      "color": "#3f789e",
      "font_size": 24,
      "flags": {},
      "id": 6,
      "title": "镜头突然拉近（编号2）",
      "bounding": [
        -1600.515380859375,
        586.563720703125,
        478.21014404296875,
        270.92291259765625
      ]
    },
    {
      "color": "#3f789e",
      "font_size": 24,
      "flags": {},
      "id": 7,
      "title": "镜头慢慢拉远（编号3）",
      "bounding": [
        -1573.97412109375,
        896.5442504882812,
        487.52581787109375,
        277.3072814941406
      ]
    },
    {
      "color": "#3f789e",
      "font_size": 24,
      "flags": {},
      "id": 8,
      "title": "镜头360° 环绕旋转（编号4）",
      "bounding": [
        -1049.3768310546875,
        588.1778564453125,
        502.3050231933594,
        291.1842956542969
      ]
    },
    {
      "color": "#3f789e",
      "font_size": 24,
      "flags": {},
      "id": 9,
      "title": "镜头快速往后拉（编号5）",
      "bounding": [
        -1029.8004150390625,
        917.0299072265625,
        486.5350341796875,
        283.90435791015625
      ]
    },
    {
      "color": "#3f789e",
      "font_size": 66,
      "flags": {},
      "id": 10,
      "title": "选择一个运镜方式",
      "bounding": [
        -3106.7734375,
        -375.4789733886719,
        551.38623046875,
        378.95977783203125
      ]
    },
    {
      "color": "#3f789e",
      "font_size": 24,
      "flags": {},
      "id": 11,
      "title": "上传需要运镜的图片",
      "bounding": [
        -2416.869873046875,
        -93.40521240234375,
        335,
        397.6000061035156
      ]
    },
    {
      "color": "#A88",
      "font_size": 24,
      "flags": {},
      "id": 14,
      "title": "镜头360° 环绕旋转",
      "bounding": [
        -466.1578063964844,
        605.1753540039062,
        290.7122802734375,
        998.2923583984375
      ]
    },
    {
      "color": "#3f789e",
      "font_size": 24,
      "flags": {},
      "id": 15,
      "title": "自动提示词",
      "bounding": [
        -1384.8092041015625,
        -159.0742645263672,
        354.5457763671875,
        614.707763671875
      ]
    },
    {
      "color": "#3f789e",
      "font_size": 24,
      "flags": {},
      "id": 16,
      "title": "手动提示词",
      "bounding": [
        -3088.711181640625,
        365.7756652832031,
        510.1900634765625,
        328.9360046386719
      ]
    },
    {
      "color": "#3f789e",
      "font_size": 46,
      "flags": {},
      "id": 18,
      "title": "选择一个文本提示方式",
      "bounding": [
        -3091.6689453125,
        61.37339782714844,
        490.1493835449219,
        262.7579650878906
      ]
    },
    {
      "color": "#3f789e",
      "font_size": 24,
      "flags": {},
      "id": 19,
      "title": "视频高度图片一致",
      "bounding": [
        -1704.7518310546875,
        78.51918029785156,
        225.0395050048828,
        145.17413330078125
      ]
    },
    {
      "color": "#3f789e",
      "font_size": 24,
      "flags": {},
      "id": 20,
      "title": "帧数设置",
      "bounding": [
        -1703.00048828125,
        238.3954315185547,
        220.20050048828125,
        151.11749267578125
      ]
    }
  ],
  "links": [
    [
      35,
      3,
      0,
      8,
      0,
      "LATENT"
    ],
    [
      75,
      38,
      0,
      7,
      0,
      "CLIP"
    ],
    [
      76,
      39,
      0,
      8,
      1,
      "VAE"
    ],
    [
      94,
      49,
      0,
      51,
      0,
      "CLIP_VISION"
    ],
    [
      97,
      6,
      0,
      50,
      0,
      "CONDITIONING"
    ],
    [
      98,
      7,
      0,
      50,
      1,
      "CONDITIONING"
    ],
    [
      99,
      39,
      0,
      50,
      2,
      "VAE"
    ],
    [
      101,
      50,
      0,
      3,
      1,
      "CONDITIONING"
    ],
    [
      102,
      50,
      1,
      3,
      2,
      "CONDITIONING"
    ],
    [
      103,
      50,
      2,
      3,
      3,
      "LATENT"
    ],
    [
      106,
      52,
      0,
      50,
      4,
      "IMAGE"
    ],
    [
      107,
      51,
      0,
      50,
      3,
      "CLIP_VISION_OUTPUT"
    ],
    [
      109,
      52,
      0,
      51,
      1,
      "IMAGE"
    ],
    [
      111,
      54,
      0,
      3,
      0,
      "MODEL"
    ],
    [
      116,
      52,
      0,
      59,
      0,
      "IMAGE"
    ],
    [
      117,
      60,
      0,
      59,
      1,
      "FL2MODEL"
    ],
    [
      119,
      52,
      0,
      62,
      0,
      "IMAGE"
    ],
    [
      120,
      63,
      0,
      62,
      1,
      "INT"
    ],
    [
      121,
      64,
      0,
      62,
      2,
      "INT"
    ],
    [
      122,
      63,
      0,
      50,
      5,
      "INT"
    ],
    [
      123,
      64,
      0,
      50,
      6,
      "INT"
    ],
    [
      124,
      62,
      0,
      65,
      0,
      "IMAGE"
    ],
    [
      125,
      66,
      0,
      50,
      7,
      "INT"
    ],
    [
      128,
      68,
      0,
      54,
      0,
      "MODEL"
    ],
    [
      134,
      59,
      2,
      70,
      1,
      "STRING"
    ],
    [
      137,
      38,
      0,
      6,
      0,
      "CLIP"
    ],
    [
      144,
      37,
      0,
      74,
      0,
      "MODEL"
    ],
    [
      147,
      8,
      0,
      67,
      0,
      "IMAGE"
    ],
    [
      148,
      74,
      0,
      76,
      0,
      "MODEL"
    ],
    [
      149,
      76,
      0,
      55,
      0,
      "MODEL"
    ],
    [
      150,
      55,
      0,
      77,
      0,
      "MODEL"
    ],
    [
      152,
      77,
      0,
      78,
      0,
      "MODEL"
    ],
    [
      154,
      78,
      0,
      79,
      0,
      "MODEL"
    ],
    [
      156,
      79,
      0,
      80,
      0,
      "MODEL"
    ],
    [
      157,
      80,
      0,
      68,
      0,
      "MODEL"
    ],
    [
      211,
      55,
      0,
      117,
      1,
      "MODEL"
    ],
    [
      218,
      55,
      0,
      117,
      1,
      "MODEL"
    ],
    [
      219,
      77,
      0,
      117,
      2,
      "MODEL"
    ],
    [
      220,
      78,
      0,
      117,
      3,
      "MODEL"
    ],
    [
      221,
      79,
      0,
      117,
      4,
      "MODEL"
    ],
    [
      222,
      80,
      0,
      117,
      5,
      "MODEL"
    ],
    [
      275,
      142,
      0,
      143,
      0,
      "STRING"
    ],
    [
      276,
      146,
      0,
      143,
      1,
      "STRING"
    ],
    [
      277,
      147,
      0,
      142,
      0,
      "STRING"
    ],
    [
      278,
      148,
      0,
      142,
      1,
      "STRING"
    ],
    [
      279,
      149,
      0,
      146,
      0,
      "STRING"
    ],
    [
      280,
      150,
      0,
      146,
      1,
      "STRING"
    ],
    [
      281,
      143,
      0,
      153,
      0,
      "STRING"
    ],
    [
      282,
      151,
      0,
      153,
      1,
      "STRING"
    ],
    [
      286,
      154,
      0,
      157,
      0,
      "STRING"
    ],
    [
      287,
      153,
      0,
      154,
      0,
      "STRING"
    ],
    [
      288,
      152,
      0,
      154,
      1,
      "STRING"
    ],
    [
      289,
      154,
      0,
      70,
      0,
      "STRING"
    ],
    [
      291,
      70,
      0,
      164,
      0,
      "STRING"
    ],
    [
      293,
      164,
      0,
      6,
      1,
      "STRING"
    ],
    [
      295,
      168,
      0,
      164,
      1,
      "STRING"
    ],
    [
      296,
      164,
      0,
      72,
      0,
      "*"
    ]
  ],
  "id": "fdf6a18b-c713-4c43-9feb-91db111a143e",
  "config": {},
  "version": 0.4,
  "last_node_id": 177,
  "revision": 0
}