{
  "last_link_id": 201,
  "nodes": [
    {
      "mode": 0,
      "outputs": [
        {
          "name": "",
          "slot_index": 0,
          "links": [
            15,
            16
          ],
          "label": "",
          "type": "VAE"
        }
      ],
      "size": [
        75,
        26
      ],
      "pos": [
        1980,
        1050
      ],
      "inputs": [
        {
          "name": "",
          "link": 14,
          "label": "",
          "type": "*"
        }
      ],
      "flags": {},
      "id": 11,
      "type": "Reroute",
      "properties": {
        "horizontal": false,
        "showOutputText": false
      },
      "order": 17
    },
    {
      "mode": 0,
      "outputs": [
        {
          "shape": 3,
          "name": "VAE",
          "slot_index": 0,
          "links": [
            14
          ],
          "label": "VAE",
          "type": "VAE",
          "localized_name": "VAE"
        }
      ],
      "size": [
        406.4881286621094,
        58
      ],
      "pos": [
        1480,
        1050
      ],
      "widgets_values": [
        "wan_2.1_vae_Comfy-Org.safetensors"
      ],
      "inputs": [],
      "flags": {},
      "id": 8,
      "type": "VAELoader",
      "properties": {
        "Node name for S&R": "VAELoader"
      },
      "order": 0
    },
    {
      "mode": 0,
      "outputs": [
        {
          "name": "",
          "slot_index": 0,
          "links": [
            72
          ],
          "label": "",
          "type": "MODEL"
        }
      ],
      "size": [
        75,
        26
      ],
      "pos": [
        2139.27880859375,
        517.242919921875
      ],
      "inputs": [
        {
          "name": "",
          "link": 109,
          "label": "",
          "type": "*"
        }
      ],
      "flags": {},
      "id": 13,
      "type": "Reroute",
      "properties": {
        "horizontal": false,
        "showOutputText": false
      },
      "order": 46
    },
    {
      "mode": 0,
      "outputs": [
        {
          "name": "",
          "slot_index": 0,
          "links": [
            73
          ],
          "label": "",
          "type": "MODEL"
        }
      ],
      "size": [
        75,
        26
      ],
      "pos": [
        3951.27880859375,
        525.242919921875
      ],
      "inputs": [
        {
          "name": "",
          "link": 72,
          "label": "",
          "type": "*"
        }
      ],
      "flags": {},
      "id": 51,
      "type": "Reroute",
      "properties": {
        "horizontal": false,
        "showOutputText": false
      },
      "order": 48
    },
    {
      "mode": 0,
      "outputs": [
        {
          "shape": 3,
          "name": "output",
          "slot_index": 0,
          "links": [
            85
          ],
          "label": "output",
          "type": "*",
          "localized_name": "output"
        }
      ],
      "size": [
        210,
        26
      ],
      "pos": [
        4514.27880859375,
        1242.2432861328125
      ],
      "widgets_values": [],
      "inputs": [
        {
          "name": "anything",
          "link": 84,
          "label": "输入任何",
          "type": "*",
          "localized_name": "anything"
        }
      ],
      "flags": {},
      "id": 60,
      "type": "easy cleanGpuUsed",
      "properties": {
        "Node name for S&R": "easy cleanGpuUsed"
      },
      "order": 52
    },
    {
      "mode": 0,
      "outputs": [
        {
          "shape": 3,
          "name": "model",
          "slot_index": 0,
          "links": [
            64,
            193
          ],
          "label": "model",
          "type": "MODEL",
          "localized_name": "model"
        }
      ],
      "size": [
        315,
        154
      ],
      "pos": [
        1270,
        550
      ],
      "widgets_values": [
        0.25000000000000006,
        0.10000000000000002,
        1,
        "offload_device",
        "i2v_480"
      ],
      "inputs": [
        {
          "name": "model",
          "link": 127,
          "label": "model",
          "type": "MODEL",
          "localized_name": "model"
        }
      ],
      "flags": {},
      "id": 37,
      "type": "WanVideoTeaCacheKJ",
      "properties": {
        "Node name for S&R": "WanVideoTeaCacheKJ"
      },
      "order": 40
    },
    {
      "mode": 0,
      "outputs": [
        {
          "name": "output",
          "links": [
            121
          ],
          "label": "output",
          "type": "BOOLEAN",
          "localized_name": "output"
        }
      ],
      "size": [
        378,
        78
      ],
      "color": "rgba(38, 73, 116, 0.7)",
      "pos": [
        -444.79638671875,
        534.7514038085938
      ],
      "widgets_values": [
        "<"
      ],
      "inputs": [
        {
          "name": "a",
          "link": 197,
          "label": "a",
          "type": "*",
          "localized_name": "a"
        },
        {
          "name": "b",
          "link": 114,
          "label": "b",
          "type": "*",
          "localized_name": "b"
        }
      ],
      "flags": {},
      "id": 77,
      "type": "LayerUtility: BooleanOperator",
      "properties": {
        "Node name for S&R": "LayerUtility: BooleanOperator"
      },
      "order": 28
    },
    {
      "mode": 0,
      "outputs": [
        {
          "name": "output",
          "links": [
            118
          ],
          "label": "output",
          "type": "BOOLEAN",
          "localized_name": "output"
        }
      ],
      "size": [
        378,
        78
      ],
      "color": "rgba(38, 73, 116, 0.7)",
      "pos": [
        1.279905915260315,
        541.2310791015625
      ],
      "widgets_values": [
        ">"
      ],
      "inputs": [
        {
          "name": "a",
          "link": 198,
          "label": "a",
          "type": "*",
          "localized_name": "a"
        },
        {
          "name": "b",
          "link": 120,
          "label": "b",
          "type": "*",
          "localized_name": "b"
        }
      ],
      "flags": {},
      "id": 79,
      "type": "LayerUtility: BooleanOperator",
      "properties": {
        "Node name for S&R": "LayerUtility: BooleanOperator"
      },
      "order": 29
    },
    {
      "mode": 0,
      "outputs": [
        {
          "name": "*",
          "links": [
            119
          ],
          "label": "*",
          "type": "*",
          "localized_name": "*"
        }
      ],
      "size": [
        315,
        78
      ],
      "pos": [
        -409.2355651855469,
        693.841796875
      ],
      "widgets_values": [
        false
      ],
      "inputs": [
        {
          "name": "on_true",
          "link": 117,
          "label": "on_true",
          "type": "*",
          "localized_name": "on_true"
        },
        {
          "name": "on_false",
          "link": 199,
          "label": "on_false",
          "type": "*",
          "localized_name": "on_false"
        },
        {
          "widget": {
            "name": "boolean"
          },
          "name": "boolean",
          "link": 121,
          "label": "boolean",
          "type": "BOOLEAN"
        }
      ],
      "flags": {},
      "id": 80,
      "type": "easy ifElse",
      "properties": {
        "Node name for S&R": "easy ifElse"
      },
      "order": 30
    },
    {
      "mode": 0,
      "outputs": [
        {
          "shape": 3,
          "name": "INT",
          "slot_index": 0,
          "links": [
            114
          ],
          "label": "整数",
          "type": "INT",
          "localized_name": "整数"
        }
      ],
      "size": [
        423.4755554199219,
        66.93476104736328
      ],
      "pos": [
        -913.8557739257812,
        711.989013671875
      ],
      "widgets_values": [
        1
      ],
      "inputs": [],
      "flags": {},
      "id": 78,
      "type": "Int",
      "properties": {
        "Node name for S&R": "Int"
      },
      "order": 1
    },
    {
      "mode": 0,
      "outputs": [
        {
          "name": "*",
          "links": [
            124
          ],
          "label": "*",
          "type": "*",
          "localized_name": "*"
        }
      ],
      "size": [
        315,
        78
      ],
      "pos": [
        17.88250732421875,
        679.2368774414062
      ],
      "widgets_values": [
        false
      ],
      "inputs": [
        {
          "name": "on_true",
          "link": 119,
          "label": "on_true",
          "type": "*",
          "localized_name": "on_true"
        },
        {
          "name": "on_false",
          "link": 200,
          "label": "on_false",
          "type": "*",
          "localized_name": "on_false"
        },
        {
          "widget": {
            "name": "boolean"
          },
          "name": "boolean",
          "link": 118,
          "label": "boolean",
          "type": "BOOLEAN"
        }
      ],
      "flags": {},
      "id": 81,
      "type": "easy ifElse",
      "properties": {
        "Node name for S&R": "easy ifElse"
      },
      "order": 31
    },
    {
      "mode": 0,
      "outputs": [
        {
          "shape": 3,
          "name": "MODEL",
          "slot_index": 0,
          "links": [
            127,
            128,
            194
          ],
          "label": "模型",
          "type": "MODEL",
          "localized_name": "模型"
        }
      ],
      "size": [
        417.77294921875,
        82
      ],
      "pos": [
        800,
        800
      ],
      "widgets_values": [
        "flying.safetensors",
        1
      ],
      "inputs": [
        {
          "name": "model",
          "link": 129,
          "label": "模型",
          "type": "MODEL",
          "localized_name": "模型"
        },
        {
          "widget": {
            "name": "lora_name"
          },
          "name": "lora_name",
          "link": 130,
          "label": "lora_name",
          "type": "COMBO",
          "localized_name": "LoRA名称"
        }
      ],
      "flags": {},
      "id": 83,
      "type": "LoraLoaderModelOnly",
      "properties": {
        "Node name for S&R": "LoraLoaderModelOnly"
      },
      "order": 37
    },
    {
      "mode": 0,
      "outputs": [
        {
          "name": "MODEL",
          "links": [
            129
          ],
          "label": "MODEL",
          "type": "MODEL",
          "localized_name": "模型"
        }
      ],
      "size": [
        429.0351867675781,
        58
      ],
      "pos": [
        800,
        690
      ],
      "widgets_values": [
        "auto"
      ],
      "inputs": [
        {
          "name": "model",
          "link": 104,
          "label": "model",
          "type": "MODEL",
          "localized_name": "model"
        }
      ],
      "flags": {},
      "id": 69,
      "type": "PathchSageAttentionKJ",
      "properties": {
        "Node name for S&R": "PathchSageAttentionKJ"
      },
      "order": 19
    },
    {
      "outputs": [
        {
          "name": "UPSCALE_MODEL",
          "links": [
            74
          ],
          "label": "放大模型",
          "type": "UPSCALE_MODEL",
          "localized_name": "放大模型"
        }
      ],
      "color": "#223",
      "widgets_values": [
        "RealESRGAN_x2plus.pth"
      ],
      "inputs": [],
      "flags": {},
      "type": "UpscaleModelLoader",
      "mode": 0,
      "bgcolor": "#335",
      "size": [
        315,
        58
      ],
      "pos": [
        4524.0146484375,
        1338.203369140625
      ],
      "id": 53,
      "properties": {
        "Node name for S&R": "UpscaleModelLoader"
      },
      "order": 2
    },
    {
      "mode": 0,
      "outputs": [
        {
          "shape": 3,
          "name": "positive",
          "slot_index": 0,
          "links": [
            9
          ],
          "label": "positive",
          "type": "CONDITIONING",
          "localized_name": "正面"
        },
        {
          "shape": 3,
          "name": "negative",
          "slot_index": 1,
          "links": [
            10
          ],
          "label": "negative",
          "type": "CONDITIONING",
          "localized_name": "负面"
        },
        {
          "shape": 3,
          "name": "latent",
          "slot_index": 2,
          "links": [
            11
          ],
          "label": "latent",
          "type": "LATENT",
          "localized_name": "潜在"
        }
      ],
      "size": [
        340.3371276855469,
        292.5021057128906
      ],
      "pos": [
        3891.27880859375,
        894.242919921875
      ],
      "widgets_values": [
        1280,
        720,
        81,
        1
      ],
      "inputs": [
        {
          "name": "positive",
          "link": 50,
          "label": "positive",
          "type": "CONDITIONING",
          "localized_name": "正面"
        },
        {
          "name": "negative",
          "link": 5,
          "label": "negative",
          "type": "CONDITIONING",
          "localized_name": "负面"
        },
        {
          "name": "vae",
          "link": 16,
          "label": "vae",
          "type": "VAE",
          "localized_name": "vae"
        },
        {
          "shape": 7,
          "name": "clip_vision_output",
          "link": 28,
          "label": "clip_vision_output",
          "type": "CLIP_VISION_OUTPUT",
          "localized_name": "clip视觉输出"
        },
        {
          "shape": 7,
          "name": "start_image",
          "link": 48,
          "label": "start_image",
          "type": "IMAGE",
          "localized_name": "开始图像"
        },
        {
          "widget": {
            "name": "width"
          },
          "name": "width",
          "link": 154,
          "label": "width",
          "type": "INT"
        },
        {
          "widget": {
            "name": "height"
          },
          "name": "height",
          "link": 155,
          "label": "height",
          "type": "INT"
        },
        {
          "widget": {
            "name": "length"
          },
          "name": "length",
          "link": 176,
          "label": "length",
          "type": "INT"
        }
      ],
      "flags": {},
      "id": 6,
      "type": "WanImageToVideo",
      "properties": {
        "Node name for S&R": "WanImageToVideo"
      },
      "order": 49
    },
    {
      "mode": 0,
      "outputs": [
        {
          "shape": 3,
          "name": "IMAGE",
          "slot_index": 0,
          "links": [
            84,
            88,
            157
          ],
          "label": "图像",
          "type": "IMAGE",
          "localized_name": "图像"
        }
      ],
      "size": [
        210,
        46
      ],
      "pos": [
        4598.27880859375,
        919.242919921875
      ],
      "widgets_values": [],
      "inputs": [
        {
          "name": "samples",
          "link": 12,
          "label": "Latent",
          "type": "LATENT",
          "localized_name": "Latent"
        },
        {
          "name": "vae",
          "link": 15,
          "label": "VAE",
          "type": "VAE",
          "localized_name": "vae"
        }
      ],
      "flags": {},
      "id": 10,
      "type": "VAEDecode",
      "properties": {
        "Node name for S&R": "VAEDecode"
      },
      "order": 51
    },
    {
      "mode": 0,
      "outputs": [
        {
          "name": "OPT_CONNECTION",
          "label": "可选连接",
          "type": "*"
        }
      ],
      "size": [
        226.8000030517578,
        202
      ],
      "pos": [
        -54.650726318359375,
        -155.408935546875
      ],
      "inputs": [],
      "flags": {},
      "id": 109,
      "type": "Fast Groups Muter (rgthree)",
      "properties": {
        "customSortAlphabet": "",
        "matchColors": "",
        "sort": "position",
        "matchTitle": "",
        "showNav": true,
        "toggleRestriction": "default"
      },
      "order": 3
    },
    {
      "mode": 0,
      "outputs": [
        {
          "shape": 3,
          "name": "LATENT",
          "slot_index": 0,
          "links": [
            12
          ],
          "label": "Latent",
          "type": "LATENT",
          "localized_name": "Latent"
        }
      ],
      "size": [
        315.5249938964844,
        295.0697937011719
      ],
      "pos": [
        4258.11669921875,
        872.5347900390625
      ],
      "widgets_values": [
        656146093795831,
        "randomize",
        30,
        6,
        "uni_pc",
        "simple",
        1
      ],
      "inputs": [
        {
          "name": "model",
          "link": 73,
          "label": "模型",
          "type": "MODEL",
          "localized_name": "模型"
        },
        {
          "name": "positive",
          "link": 9,
          "label": "正面条件",
          "type": "CONDITIONING",
          "localized_name": "正面条件"
        },
        {
          "name": "negative",
          "link": 10,
          "label": "负面条件",
          "type": "CONDITIONING",
          "localized_name": "负面条件"
        },
        {
          "name": "latent_image",
          "link": 11,
          "label": "Latent",
          "type": "LATENT",
          "localized_name": "Latent图像"
        }
      ],
      "flags": {},
      "id": 9,
      "type": "KSampler",
      "properties": {
        "Node name for S&R": "KSampler"
      },
      "order": 50
    },
    {
      "mode": 0,
      "outputs": [
        {
          "shape": 3,
          "name": "CLIP",
          "slot_index": 0,
          "links": [
            17
          ],
          "label": "CLIP",
          "type": "CLIP",
          "localized_name": "CLIP"
        }
      ],
      "size": [
        421.6280517578125,
        106
      ],
      "pos": [
        1470,
        900
      ],
      "widgets_values": [
        "umt5_xxl_fp8_e4m3fn_scaled.safetensors",
        "wan",
        "default"
      ],
      "inputs": [],
      "flags": {},
      "id": 2,
      "type": "CLIPLoader",
      "properties": {
        "Node name for S&R": "CLIPLoader"
      },
      "order": 4
    },
    {
      "mode": 0,
      "outputs": [
        {
          "name": "INT",
          "links": [
            159
          ],
          "label": "整数",
          "type": "INT",
          "localized_name": "整数"
        },
        {
          "name": "FLOAT",
          "label": "浮点",
          "type": "FLOAT",
          "localized_name": "浮点"
        }
      ],
      "size": [
        400,
        200
      ],
      "pos": [
        -319.2214050292969,
        848.9711303710938
      ],
      "widgets_values": [
        "a-1"
      ],
      "inputs": [
        {
          "shape": 7,
          "name": "a",
          "link": 124,
          "label": "a",
          "type": "INT,FLOAT,IMAGE,LATENT",
          "localized_name": "a"
        },
        {
          "shape": 7,
          "name": "b",
          "label": "b",
          "type": "INT,FLOAT,IMAGE,LATENT",
          "localized_name": "b"
        },
        {
          "shape": 7,
          "name": "c",
          "label": "c",
          "type": "INT,FLOAT,IMAGE,LATENT",
          "localized_name": "c"
        }
      ],
      "flags": {
        "collapsed": true
      },
      "id": 75,
      "type": "MathExpression|pysssss",
      "properties": {
        "Node name for S&R": "MathExpression|pysssss"
      },
      "order": 32
    },
    {
      "mode": 0,
      "outputs": [
        {
          "name": "STRING",
          "links": [
            134
          ],
          "label": "STRING",
          "type": "STRING",
          "localized_name": "字符串"
        },
        {
          "name": "STRING",
          "links": [
            139
          ],
          "label": "STRING",
          "type": "STRING",
          "localized_name": "字符串"
        }
      ],
      "size": [
        315,
        102
      ],
      "pos": [
        18.2495174407959,
        1029.54150390625
      ],
      "widgets_values": [
        "文本|内容",
        "-"
      ],
      "inputs": [
        {
          "widget": {
            "name": "input_string"
          },
          "name": "input_string",
          "link": 133,
          "label": "input_string",
          "type": "STRING"
        }
      ],
      "flags": {},
      "id": 86,
      "type": "SplitStringByDelimiter",
      "properties": {
        "Node name for S&R": "SplitStringByDelimiter"
      },
      "order": 34
    },
    {
      "mode": 0,
      "outputs": [
        {
          "name": "result_text",
          "links": [
            138
          ],
          "label": "文本",
          "type": "STRING",
          "localized_name": "result_text"
        },
        {
          "name": "replacement_count_number",
          "label": "替换数量(数字)",
          "type": "NUMBER",
          "localized_name": "replacement_count_number"
        },
        {
          "name": "replacement_count_float",
          "label": "替换数量(浮点)",
          "type": "FLOAT",
          "localized_name": "replacement_count_float"
        },
        {
          "name": "replacement_count_int",
          "label": "替换数量(整数)",
          "type": "INT",
          "localized_name": "replacement_count_int"
        }
      ],
      "size": [
        317.4000244140625,
        166
      ],
      "pos": [
        2467.6259765625,
        1364.792724609375
      ],
      "widgets_values": [
        "",
        "AAA",
        ""
      ],
      "inputs": [
        {
          "widget": {
            "name": "text"
          },
          "name": "text",
          "link": 136,
          "label": "文本",
          "type": "STRING"
        },
        {
          "widget": {
            "name": "replace"
          },
          "name": "replace",
          "link": 137,
          "label": "replace",
          "type": "STRING",
          "localized_name": "替换"
        }
      ],
      "flags": {
        "pinned": true,
        "collapsed": true
      },
      "id": 90,
      "type": "Text Find and Replace",
      "properties": {
        "Node name for S&R": "Text Find and Replace"
      },
      "order": 25
    },
    {
      "mode": 0,
      "outputs": [
        {
          "name": "describe",
          "links": [
            137
          ],
          "label": "describe",
          "type": "STRING",
          "localized_name": "describe"
        }
      ],
      "size": [
        400,
        200
      ],
      "pos": [
        2227.625,
        1364.792724609375
      ],
      "widgets_values": [
        "Please provide a detailed description of this image. If any characters in the image are familiar to you, such as celebrities, movie characters, or animated figures, please directly use their names. The description should be as detailed as possible, but should not exceed 150 words."
      ],
      "inputs": [
        {
          "name": "ref_image",
          "link": 135,
          "label": "ref_image",
          "type": "IMAGE",
          "localized_name": "ref_image"
        }
      ],
      "flags": {
        "pinned": true,
        "collapsed": true
      },
      "id": 93,
      "type": "RH_Captioner",
      "properties": {
        "Node name for S&R": "RH_Captioner"
      },
      "order": 20
    },
    {
      "mode": 0,
      "outputs": [
        {
          "name": "text",
          "links": [
            136
          ],
          "label": "text",
          "type": "STRING",
          "localized_name": "text"
        }
      ],
      "size": [
        422.82208251953125,
        154.35589599609375
      ],
      "pos": [
        2237.625,
        1424.792724609375
      ],
      "widgets_values": [
        "原图信息：AAA\n\nlora触发词：BBB"
      ],
      "inputs": [],
      "flags": {
        "pinned": true,
        "collapsed": true
      },
      "id": 91,
      "type": "TextBox",
      "properties": {
        "Node name for S&R": "TextBox"
      },
      "order": 5
    },
    {
      "mode": 0,
      "outputs": [
        {
          "name": "",
          "slot_index": 0,
          "links": [
            18,
            19,
            165
          ],
          "label": "",
          "type": "CLIP"
        }
      ],
      "size": [
        75,
        26
      ],
      "pos": [
        1940,
        890
      ],
      "inputs": [
        {
          "name": "",
          "link": 17,
          "label": "",
          "type": "*"
        }
      ],
      "flags": {},
      "id": 12,
      "type": "Reroute",
      "properties": {
        "horizontal": false,
        "showOutputText": false
      },
      "order": 18
    },
    {
      "mode": 0,
      "outputs": [
        {
          "shape": 3,
          "name": "image",
          "slot_index": 0,
          "links": [
            48,
            49
          ],
          "label": "图像",
          "type": "IMAGE",
          "localized_name": "image"
        },
        {
          "shape": 3,
          "name": "mask",
          "label": "遮罩",
          "type": "MASK",
          "localized_name": "mask"
        },
        {
          "shape": 3,
          "name": "original_size",
          "label": "原始大小",
          "type": "BOX",
          "localized_name": "original_size"
        },
        {
          "shape": 3,
          "name": "width",
          "links": [
            154
          ],
          "label": "width",
          "type": "INT",
          "localized_name": "width"
        },
        {
          "shape": 3,
          "name": "height",
          "links": [
            155
          ],
          "label": "height",
          "type": "INT",
          "localized_name": "height"
        }
      ],
      "size": [
        336,
        330
      ],
      "color": "rgba(38, 73, 116, 0.7)",
      "pos": [
        2752.971923828125,
        1415.7012939453125
      ],
      "widgets_values": [
        "original",
        1,
        1,
        "fill",
        "lanczos",
        "8",
        "shortest",
        480,
        "#000000"
      ],
      "inputs": [
        {
          "shape": 7,
          "name": "image",
          "link": 162,
          "label": "图像",
          "type": "IMAGE",
          "localized_name": "image"
        },
        {
          "shape": 7,
          "name": "mask",
          "label": "遮罩",
          "type": "MASK",
          "localized_name": "mask"
        }
      ],
      "flags": {},
      "id": 34,
      "type": "LayerUtility: ImageScaleByAspectRatio V2",
      "properties": {
        "Node name for S&R": "LayerUtility: ImageScaleByAspectRatio V2"
      },
      "order": 21
    },
    {
      "outputs": [
        {
          "shape": 3,
          "name": "CONDITIONING",
          "slot_index": 0,
          "links": [
            5
          ],
          "label": "条件",
          "type": "CONDITIONING",
          "localized_name": "条件"
        }
      ],
      "color": "#322",
      "widgets_values": [
        "过曝失焦，静态画面，动态缺失，细节模糊，色调刺眼，整体发灰，色块断层，动作卡顿，最差质量，低分辨率，JPEG压缩伪影，动态模糊不足，视频噪点，帧率不稳，画面撕裂，肢体扭曲，多指怪手，面部畸形，五官错位，肢体数量异常（三条腿/多手臂），手指粘连，关节反折，违反重力的动作，机械式重复，背景混乱，人群堆砌，倒置行走，运动轨迹异常，皮肤纹理失真，材质塑料感，水渍污迹，文字水印，字幕残留，画面闪烁，跳帧卡顿，伪影拖尾，马赛克区块，色温突变，光影错乱，毛发粘连，衣物穿模，运动僵硬，不自然眨眼，嘴型不同步，比例失调（大头/长颈），肢体融合，背景穿帮，元素悬浮，透视错误，色相分离，摩尔纹干扰，锐化过度，HDR光晕"
      ],
      "inputs": [
        {
          "name": "clip",
          "link": 19,
          "label": "CLIP",
          "type": "CLIP",
          "localized_name": "clip"
        }
      ],
      "flags": {},
      "type": "CLIPTextEncode",
      "mode": 0,
      "bgcolor": "#533",
      "size": [
        407.2005310058594,
        172.4803009033203
      ],
      "pos": [
        3080.947265625,
        1118.931884765625
      ],
      "id": 7,
      "properties": {
        "Node name for S&R": "CLIPTextEncode"
      },
      "order": 24
    },
    {
      "mode": 0,
      "outputs": [
        {
          "shape": 3,
          "name": "CLIP_VISION_OUTPUT",
          "links": [
            28
          ],
          "label": "CLIP视觉输出",
          "type": "CLIP_VISION_OUTPUT",
          "localized_name": "CLIP视觉输出"
        }
      ],
      "size": [
        266.322265625,
        81.14698028564453
      ],
      "pos": [
        3578.217041015625,
        1380.3792724609375
      ],
      "widgets_values": [
        "none"
      ],
      "inputs": [
        {
          "name": "clip_vision",
          "link": 29,
          "label": "CLIP视觉",
          "type": "CLIP_VISION",
          "localized_name": "clip视觉"
        },
        {
          "name": "image",
          "link": 49,
          "label": "图像",
          "type": "IMAGE",
          "localized_name": "图像"
        }
      ],
      "flags": {},
      "id": 16,
      "type": "CLIPVisionEncode",
      "properties": {
        "Node name for S&R": "CLIPVisionEncode"
      },
      "order": 26
    },
    {
      "mode": 0,
      "outputs": [
        {
          "name": "CONDITIONING",
          "links": [
            167
          ],
          "label": "条件",
          "type": "CONDITIONING",
          "localized_name": "条件"
        }
      ],
      "size": [
        210,
        58
      ],
      "pos": [
        3105.538330078125,
        1006.4004516601562
      ],
      "widgets_values": [
        ""
      ],
      "inputs": [
        {
          "name": "clip",
          "link": 165,
          "label": "CLIP",
          "type": "CLIP",
          "localized_name": "clip"
        },
        {
          "widget": {
            "name": "text"
          },
          "name": "text",
          "link": 175,
          "label": "text",
          "type": "STRING",
          "localized_name": "文本"
        }
      ],
      "flags": {},
      "id": 113,
      "type": "CLIPTextEncode",
      "properties": {
        "Node name for S&R": "CLIPTextEncode"
      },
      "order": 45
    },
    {
      "mode": 0,
      "outputs": [
        {
          "shape": 3,
          "name": "CONDITIONING",
          "slot_index": 0,
          "links": [
            50
          ],
          "label": "条件",
          "type": "CONDITIONING",
          "localized_name": "条件"
        }
      ],
      "size": [
        220.09762573242188,
        58.521236419677734
      ],
      "pos": [
        3473.598388671875,
        1006.1388549804688
      ],
      "widgets_values": [
        6
      ],
      "inputs": [
        {
          "name": "conditioning",
          "link": 167,
          "label": "条件",
          "type": "CONDITIONING",
          "localized_name": "条件"
        }
      ],
      "flags": {},
      "id": 36,
      "type": "FluxGuidance",
      "properties": {
        "Node name for S&R": "FluxGuidance"
      },
      "order": 47
    },
    {
      "mode": 0,
      "outputs": [
        {
          "shape": 3,
          "name": "CLIP_VISION",
          "links": [
            29
          ],
          "label": "CLIP视觉",
          "type": "CLIP_VISION",
          "localized_name": "CLIP视觉"
        }
      ],
      "size": [
        373.3697814941406,
        58
      ],
      "pos": [
        3147.671630859375,
        1348.293212890625
      ],
      "widgets_values": [
        "clip_vision_h_Comfy-Org.safetensors"
      ],
      "inputs": [],
      "flags": {},
      "id": 17,
      "type": "CLIPVisionLoader",
      "properties": {
        "Node name for S&R": "CLIPVisionLoader"
      },
      "order": 6
    },
    {
      "mode": 0,
      "outputs": [],
      "size": [
        315,
        82
      ],
      "color": "rgba(38, 73, 116, 0.7)",
      "pos": [
        4846.388671875,
        897.248046875
      ],
      "widgets_values": [
        true,
        true
      ],
      "inputs": [
        {
          "name": "anything",
          "link": 88,
          "label": "anything",
          "type": "*",
          "localized_name": "anything"
        }
      ],
      "flags": {},
      "id": 62,
      "type": "LayerUtility: PurgeVRAM",
      "properties": {
        "Node name for S&R": "LayerUtility: PurgeVRAM"
      },
      "order": 53
    },
    {
      "mode": 0,
      "outputs": [
        {
          "name": "",
          "slot_index": 0,
          "links": [
            87
          ],
          "label": "",
          "type": "*"
        }
      ],
      "size": [
        75,
        26
      ],
      "pos": [
        4757.5244140625,
        1234.6949462890625
      ],
      "inputs": [
        {
          "name": "",
          "link": 85,
          "label": "",
          "type": "*"
        }
      ],
      "flags": {},
      "id": 61,
      "type": "Reroute",
      "properties": {
        "horizontal": false,
        "showOutputText": false
      },
      "order": 55
    },
    {
      "outputs": [
        {
          "name": "IMAGE",
          "slot_index": 0,
          "links": [
            89,
            90
          ],
          "label": "图像",
          "type": "IMAGE",
          "localized_name": "图像"
        }
      ],
      "color": "#223",
      "widgets_values": [],
      "inputs": [
        {
          "name": "upscale_model",
          "link": 74,
          "label": "放大模型",
          "type": "UPSCALE_MODEL",
          "localized_name": "放大模型"
        },
        {
          "name": "image",
          "link": 87,
          "label": "图像",
          "type": "IMAGE",
          "localized_name": "图像"
        }
      ],
      "flags": {},
      "type": "ImageUpscaleWithModel",
      "mode": 0,
      "bgcolor": "#335",
      "size": [
        226.8000030517578,
        46
      ],
      "pos": [
        4875.70068359375,
        1218.3013916015625
      ],
      "id": 52,
      "properties": {
        "Node name for S&R": "ImageUpscaleWithModel"
      },
      "order": 56
    },
    {
      "mode": 0,
      "outputs": [
        {
          "shape": 3,
          "name": "Filenames",
          "label": "文件名",
          "type": "VHS_FILENAMES",
          "localized_name": "Filenames"
        }
      ],
      "size": [
        214.7587890625,
        334
      ],
      "pos": [
        4880.00537109375,
        1423.2833251953125
      ],
      "widgets_values": {
        "save_output": true,
        "filename_prefix": "WanVideo2_1",
        "loop_count": 0,
        "pix_fmt": "yuv420p",
        "save_metadata": true,
        "crf": 19,
        "trim_to_audio": false,
        "videopreview": {
          "paused": false,
          "hidden": false,
          "params": {
            "filename": "WanVideo2_1_00079_tcbgj_1741850632_gnnpa_1741850635.mp4",
            "format": "video/h264-mp4",
            "subfolder": "",
            "type": "output",
            "frame_rate": 16
          },
          "muted": false
        },
        "format": "video/h264-mp4",
        "frame_rate": 16,
        "pingpong": false
      },
      "inputs": [
        {
          "name": "images",
          "link": 157,
          "label": "图像",
          "type": "IMAGE",
          "localized_name": "images"
        },
        {
          "shape": 7,
          "name": "audio",
          "label": "音频",
          "type": "AUDIO",
          "localized_name": "audio"
        },
        {
          "shape": 7,
          "name": "meta_batch",
          "label": "批次管理",
          "type": "VHS_BatchManager",
          "localized_name": "meta_batch"
        },
        {
          "shape": 7,
          "name": "vae",
          "label": "vae",
          "type": "VAE",
          "localized_name": "vae"
        }
      ],
      "flags": {},
      "id": 110,
      "type": "VHS_VideoCombine",
      "properties": {
        "Node name for S&R": "VHS_VideoCombine"
      },
      "order": 54
    },
    {
      "mode": 0,
      "outputs": [
        {
          "name": "any",
          "links": [
            130
          ],
          "label": "any",
          "type": "*",
          "localized_name": "any"
        },
        {
          "name": "show_help",
          "label": "show_help",
          "type": "STRING",
          "localized_name": "show_help"
        }
      ],
      "size": [
        315,
        78
      ],
      "pos": [
        420,
        700
      ],
      "widgets_values": [
        ""
      ],
      "inputs": [
        {
          "widget": {
            "name": "text"
          },
          "name": "text",
          "link": 134,
          "label": "text",
          "type": "STRING",
          "localized_name": "文本"
        }
      ],
      "flags": {},
      "id": 84,
      "type": "CR String To Combo",
      "properties": {
        "Node name for S&R": "CR String To Combo"
      },
      "order": 35
    },
    {
      "mode": 0,
      "outputs": [
        {
          "name": "MODEL",
          "links": [
            109
          ],
          "label": "模型",
          "type": "MODEL",
          "localized_name": "模型"
        }
      ],
      "size": [
        315,
        58
      ],
      "pos": [
        1630,
        620
      ],
      "widgets_values": [
        5.000000000000001
      ],
      "inputs": [
        {
          "name": "model",
          "link": 195,
          "label": "模型",
          "type": "MODEL",
          "localized_name": "模型"
        }
      ],
      "flags": {},
      "id": 70,
      "type": "ModelSamplingSD3",
      "properties": {
        "Node name for S&R": "ModelSamplingSD3"
      },
      "order": 44
    },
    {
      "mode": 0,
      "outputs": [
        {
          "shape": 3,
          "name": "MODEL",
          "slot_index": 0,
          "links": [
            104
          ],
          "label": "模型",
          "type": "MODEL",
          "localized_name": "模型"
        }
      ],
      "size": [
        436.2354431152344,
        88.54998016357422
      ],
      "pos": [
        800,
        540
      ],
      "widgets_values": [
        "Wan2_1-I2V-14B-480P_fp8_e4m3fn.safetensors",
        "fp8_e4m3fn"
      ],
      "inputs": [],
      "flags": {},
      "id": 1,
      "type": "UNETLoader",
      "properties": {
        "Node name for S&R": "UNETLoader"
      },
      "order": 7
    },
    {
      "mode": 0,
      "outputs": [],
      "size": [
        315,
        82
      ],
      "color": "rgba(38, 73, 116, 0.7)",
      "pos": [
        5532.24560546875,
        897.9534912109375
      ],
      "widgets_values": [
        true,
        true
      ],
      "inputs": [
        {
          "name": "anything",
          "link": 89,
          "label": "anything",
          "type": "*",
          "localized_name": "anything"
        }
      ],
      "flags": {},
      "id": 59,
      "type": "LayerUtility: PurgeVRAM",
      "properties": {
        "Node name for S&R": "LayerUtility: PurgeVRAM"
      },
      "order": 57
    },
    {
      "mode": 0,
      "outputs": [
        {
          "shape": 3,
          "name": "output",
          "slot_index": 0,
          "links": [
            168
          ],
          "label": "output",
          "type": "*",
          "localized_name": "output"
        }
      ],
      "size": [
        210,
        26
      ],
      "pos": [
        5187.45556640625,
        1209.385986328125
      ],
      "widgets_values": [],
      "inputs": [
        {
          "name": "anything",
          "link": 90,
          "label": "输入任何",
          "type": "*",
          "localized_name": "anything"
        }
      ],
      "flags": {},
      "id": 58,
      "type": "easy cleanGpuUsed",
      "properties": {
        "Node name for S&R": "easy cleanGpuUsed"
      },
      "order": 58
    },
    {
      "mode": 0,
      "outputs": [
        {
          "shape": 3,
          "name": "Filenames",
          "label": "文件名",
          "type": "VHS_FILENAMES",
          "localized_name": "Filenames"
        }
      ],
      "size": [
        214.7587890625,
        334
      ],
      "pos": [
        5480.91064453125,
        1230.09228515625
      ],
      "widgets_values": {
        "save_output": true,
        "filename_prefix": "WanVideo2_1",
        "loop_count": 0,
        "pix_fmt": "yuv420p",
        "save_metadata": true,
        "crf": 19,
        "trim_to_audio": false,
        "videopreview": {
          "paused": false,
          "hidden": false,
          "params": {
            "filename": "WanVideo2_1_00079_tcbgj_1741850632_gnnpa_1741850635.mp4",
            "format": "video/h264-mp4",
            "subfolder": "",
            "type": "output",
            "frame_rate": 16
          },
          "muted": false
        },
        "format": "video/h264-mp4",
        "frame_rate": 16,
        "pingpong": false
      },
      "inputs": [
        {
          "name": "images",
          "link": 168,
          "label": "图像",
          "type": "IMAGE",
          "localized_name": "images"
        },
        {
          "shape": 7,
          "name": "audio",
          "label": "音频",
          "type": "AUDIO",
          "localized_name": "audio"
        },
        {
          "shape": 7,
          "name": "meta_batch",
          "label": "批次管理",
          "type": "VHS_BatchManager",
          "localized_name": "meta_batch"
        },
        {
          "shape": 7,
          "name": "vae",
          "label": "vae",
          "type": "VAE",
          "localized_name": "vae"
        }
      ],
      "flags": {},
      "id": 66,
      "type": "VHS_VideoCombine",
      "properties": {
        "Node name for S&R": "VHS_VideoCombine"
      },
      "order": 59
    },
    {
      "mode": 0,
      "outputs": [
        {
          "shape": 3,
          "name": "IMAGE",
          "slot_index": 0,
          "links": [
            135,
            162
          ],
          "label": "图像",
          "type": "IMAGE",
          "localized_name": "图像"
        },
        {
          "shape": 3,
          "name": "MASK",
          "label": "遮罩",
          "type": "MASK",
          "localized_name": "遮罩"
        }
      ],
      "size": [
        407.06365966796875,
        481.3513488769531
      ],
      "pos": [
        1653.3060302734375,
        1335.26025390625
      ],
      "widgets_values": [
        "a39a8813622b4001fb3db1a201111d8da93c6bfe84d28372339a60cb72979f55.png",
        "image",
        ""
      ],
      "inputs": [],
      "flags": {},
      "id": 92,
      "type": "LoadImage",
      "properties": {
        "Node name for S&R": "LoadImage"
      },
      "order": 8
    },
    {
      "mode": 0,
      "outputs": [
        {
          "name": "INT",
          "links": [
            117
          ],
          "label": "INT",
          "type": "INT",
          "localized_name": "整数"
        },
        {
          "name": "STRING",
          "label": "STRING",
          "type": "STRING",
          "localized_name": "字符串"
        }
      ],
      "size": [
        404.53173828125,
        92.13660430908203
      ],
      "pos": [
        -920.29736328125,
        562.2703857421875
      ],
      "widgets_values": [
        "1-10"
      ],
      "inputs": [],
      "flags": {},
      "id": 76,
      "type": "GetRandomIntegerInRange",
      "properties": {
        "Node name for S&R": "GetRandomIntegerInRange"
      },
      "order": 9
    },
    {
      "mode": 0,
      "outputs": [
        {
          "shape": 3,
          "name": "INT",
          "slot_index": 0,
          "links": [
            120
          ],
          "label": "整数",
          "type": "INT",
          "localized_name": "整数"
        }
      ],
      "size": [
        423.4755554199219,
        66.93476104736328
      ],
      "pos": [
        -899.7567749023438,
        821.53125
      ],
      "widgets_values": [
        10
      ],
      "inputs": [],
      "flags": {},
      "id": 82,
      "type": "Int",
      "properties": {
        "Node name for S&R": "Int"
      },
      "order": 10
    },
    {
      "mode": 0,
      "outputs": [
        {
          "name": "text",
          "links": [],
          "label": "text",
          "type": "STRING",
          "localized_name": "text"
        }
      ],
      "size": [
        302.3369445800781,
        398.6846618652344
      ],
      "pos": [
        440,
        1350
      ],
      "widgets_values": [
        "0、随机一种运镜\n1、快速推近\n2、快速拉远\n3、升降镜头上升\n4、升降镜头下降\n5、高空俯拍\n6、环绕轨道拍摄\n7、弧线移动\n8、子弹时间\n9、追逐车辆\n10、推轨变焦（希区柯克变焦）"
      ],
      "inputs": [],
      "flags": {},
      "id": 115,
      "type": "TextBox",
      "properties": {
        "Node name for S&R": "TextBox"
      },
      "order": 11
    },
    {
      "mode": 0,
      "outputs": [
        {
          "name": "STRING",
          "links": [
            133
          ],
          "label": "字符串",
          "type": "STRING",
          "localized_name": "字符串"
        }
      ],
      "size": [
        292.4167175292969,
        136
      ],
      "pos": [
        27.3497257232666,
        832.6937255859375
      ],
      "widgets_values": [
        "crash_zoom_in.safetensors-cr34sh crash zoom in effect\ncrash_zoom_out.safetensors-cr34sh crash zoom out effect\ncrane_up.safetensors-cr4n3 crane up effect\ncrane_down.safetensors-cr4n3 crane down camera motion\ncrane_overhead.safetensors-cr4n3 crane over the head movement\n360_Orbit.safetensors-0rb4it 360 degree orbit\nArc_shot.safetensors-34Ar2c arc the camera moves in a smooth curve around\nmatrix_shot.safetensors-b4ll3t t1m3 bullet time shot\ncar_chase.safetensors-c4r ch4s3 car chase\ndolly_25_epochs.safetensors-d011Ye33ect dolly effect",
        false,
        0
      ],
      "inputs": [
        {
          "widget": {
            "name": "select"
          },
          "name": "select",
          "link": 159,
          "label": "select",
          "type": "INT",
          "localized_name": "选择"
        }
      ],
      "flags": {},
      "id": 85,
      "type": "ImpactStringSelector",
      "properties": {
        "Node name for S&R": "ImpactStringSelector"
      },
      "order": 33
    },
    {
      "mode": 0,
      "outputs": [
        {
          "name": "result_text",
          "links": [
            140,
            171
          ],
          "label": "文本",
          "type": "STRING",
          "localized_name": "result_text"
        },
        {
          "name": "replacement_count_number",
          "label": "替换数量(数字)",
          "type": "NUMBER",
          "localized_name": "replacement_count_number"
        },
        {
          "name": "replacement_count_float",
          "label": "替换数量(浮点)",
          "type": "FLOAT",
          "localized_name": "replacement_count_float"
        },
        {
          "name": "replacement_count_int",
          "label": "替换数量(整数)",
          "type": "INT",
          "localized_name": "replacement_count_int"
        }
      ],
      "size": [
        317.4000244140625,
        166
      ],
      "pos": [
        2607.6259765625,
        1354.792724609375
      ],
      "widgets_values": [
        "",
        "BBB",
        ""
      ],
      "inputs": [
        {
          "widget": {
            "name": "text"
          },
          "name": "text",
          "link": 138,
          "label": "文本",
          "type": "STRING"
        },
        {
          "widget": {
            "name": "replace"
          },
          "name": "replace",
          "link": 139,
          "label": "replace",
          "type": "STRING",
          "localized_name": "替换"
        }
      ],
      "flags": {
        "pinned": true,
        "collapsed": true
      },
      "id": 94,
      "type": "Text Find and Replace",
      "properties": {
        "Node name for S&R": "Text Find and Replace"
      },
      "order": 36
    },
    {
      "mode": 0,
      "outputs": [
        {
          "name": "result_text",
          "links": [
            172
          ],
          "label": "文本",
          "type": "STRING",
          "localized_name": "result_text"
        },
        {
          "name": "replacement_count_number",
          "label": "替换数量(数字)",
          "type": "NUMBER",
          "localized_name": "replacement_count_number"
        },
        {
          "name": "replacement_count_float",
          "label": "替换数量(浮点)",
          "type": "FLOAT",
          "localized_name": "replacement_count_float"
        },
        {
          "name": "replacement_count_int",
          "label": "替换数量(整数)",
          "type": "INT",
          "localized_name": "replacement_count_int"
        }
      ],
      "size": [
        317.4000244140625,
        166
      ],
      "pos": [
        2386.21435546875,
        1455.8310546875
      ],
      "widgets_values": [
        "",
        "ABCD",
        ""
      ],
      "inputs": [
        {
          "widget": {
            "name": "text"
          },
          "name": "text",
          "link": 170,
          "label": "文本",
          "type": "STRING"
        },
        {
          "widget": {
            "name": "replace"
          },
          "name": "replace",
          "link": 171,
          "label": "replace",
          "type": "STRING",
          "localized_name": "替换"
        }
      ],
      "flags": {
        "pinned": true,
        "collapsed": true
      },
      "id": 118,
      "type": "Text Find and Replace",
      "properties": {
        "Node name for S&R": "Text Find and Replace"
      },
      "order": 39
    },
    {
      "mode": 0,
      "outputs": [
        {
          "name": "prompt opt",
          "links": [
            173
          ],
          "label": "prompt opt",
          "type": "STRING",
          "localized_name": "prompt opt"
        }
      ],
      "size": [
        400,
        200
      ],
      "pos": [
        2529.104248046875,
        1449.0614013671875
      ],
      "widgets_values": [
        "沙滩上的女孩",
        584,
        "randomize"
      ],
      "inputs": [
        {
          "widget": {
            "name": "prompt"
          },
          "name": "prompt",
          "link": 172,
          "label": "prompt",
          "type": "STRING"
        }
      ],
      "flags": {
        "pinned": true,
        "collapsed": true
      },
      "id": 117,
      "type": "RH_Prompter",
      "properties": {
        "Node name for S&R": "RH_Prompter"
      },
      "order": 41
    },
    {
      "mode": 0,
      "outputs": [
        {
          "name": "text",
          "links": [
            158,
            170
          ],
          "label": "text",
          "type": "STRING",
          "localized_name": "text"
        }
      ],
      "size": [
        526.3089599609375,
        376.50775146484375
      ],
      "pos": [
        2231.127685546875,
        1458.197509765625
      ],
      "widgets_values": [
        "请你根据用户输入内容，结合下面的参考帮我写一段提示词。最后直接用英文输出结果，无需其他任何无关的内容。\n参考模板：\n用户输入是“原图信息：The image features a young girl with red hair, styled in two playful ponytails, seated in a vintage wooden rocking chair. She's dressed casually in a gray shirt and denim shorts, with sneakers adorning her feet. Surrounding her is an overwhelming array of old television sets, turned on and displaying various clips of people engaging in activities, from playful antics to group gatherings. The room has a dim atmosphere, with shadows creating a nostalgic and somewhat haunting effect. The screens flash vibrant images of joyful moments, possibly evoking memories or emotions in the girl as she gazes at them. The numerous televisions create a sense of being overwhelmed by media, capturing a theme of nostalgia and reflection in a modern digital age. The setting feels like a mix of childhood innocence and the weight of consuming images, leading to a poignant moment of contemplation.\n\nlora触发词：cr34sh crash zoom in effect”\n输出结果是：A young woman with red hair in a ponytail, wearing a t-shirt and jeans, sits in a wooden chair, facing away from the camera, in a room filled with dozens of old CRT televisions, each displaying different images. The camera performs a cr34sh crash zoom in effect, rapidly zooming closer to the woman's face as she turns her head, looking directly at the viewer with a mixture of curiosity and confusion. The image on the central TV begins to change, reflecting the scene.\n\n用户输入：ABCD"
      ],
      "inputs": [],
      "flags": {
        "pinned": true,
        "collapsed": true
      },
      "id": 105,
      "type": "TextBox",
      "properties": {
        "Node name for S&R": "TextBox"
      },
      "order": 12
    },
    {
      "mode": 4,
      "outputs": [
        {
          "name": "describe",
          "links": [
            148
          ],
          "label": "describe",
          "type": "STRING",
          "localized_name": "describe"
        }
      ],
      "size": [
        400,
        316
      ],
      "pos": [
        2518.455078125,
        1402.1824951171875
      ],
      "widgets_values": [
        "",
        "",
        "",
        "",
        "Hello",
        0.1,
        244,
        "randomize"
      ],
      "inputs": [
        {
          "shape": 7,
          "name": "ref_image",
          "label": "ref_image",
          "type": "IMAGE",
          "localized_name": "ref_image"
        },
        {
          "widget": {
            "name": "prompt"
          },
          "name": "prompt",
          "link": 140,
          "label": "prompt",
          "type": "STRING"
        },
        {
          "widget": {
            "name": "role"
          },
          "name": "role",
          "link": 158,
          "label": "role",
          "type": "STRING"
        }
      ],
      "flags": {
        "pinned": true,
        "collapsed": true
      },
      "id": 95,
      "type": "RH_LLMAPI_NODE",
      "properties": {
        "Node name for S&R": "RH_LLMAPI_NODE"
      },
      "order": 38
    },
    {
      "mode": 0,
      "outputs": [
        {
          "name": "output",
          "links": [
            175
          ],
          "label": "output",
          "type": "*",
          "localized_name": "output"
        }
      ],
      "size": [
        707.9086303710938,
        256.0479431152344
      ],
      "pos": [
        2206.1318359375,
        1086.510498046875
      ],
      "widgets_values": [
        "A person dressed in a bright orange-yellow cold-weather jacket stands amidst a breathtaking Arctic landscape, surrounded by vast ice fields and towering turquoise-blue glaciers. The camera performs a cr34sh crash zoom in effect, rapidly focusing on the individual's face as they turn slightly, their expression reflecting awe and determination. The icy formations in the background shimmer with a faint blue glow, emphasizing the stark beauty of the scene."
      ],
      "inputs": [
        {
          "shape": 7,
          "name": "anything",
          "link": 173,
          "label": "输入任何",
          "type": "*",
          "localized_name": "anything"
        }
      ],
      "flags": {},
      "id": 111,
      "type": "easy showAnything",
      "properties": {
        "Node name for S&R": "easy showAnything"
      },
      "order": 43
    },
    {
      "mode": 0,
      "outputs": [
        {
          "shape": 3,
          "name": "INT",
          "slot_index": 0,
          "links": [
            176
          ],
          "label": "整数",
          "type": "INT",
          "localized_name": "整数"
        },
        {
          "shape": 3,
          "name": "FLOAT",
          "label": "浮点",
          "type": "FLOAT",
          "localized_name": "浮点"
        }
      ],
      "size": [
        400,
        200
      ],
      "pos": [
        3242.9052734375,
        1566.255615234375
      ],
      "widgets_values": [
        "a*16+1"
      ],
      "inputs": [
        {
          "shape": 7,
          "name": "a",
          "link": 169,
          "label": "a",
          "type": "INT,FLOAT,IMAGE,LATENT",
          "localized_name": "a"
        },
        {
          "shape": 7,
          "name": "b",
          "label": "b",
          "type": "INT,FLOAT,IMAGE,LATENT",
          "localized_name": "b"
        },
        {
          "shape": 7,
          "name": "c",
          "label": "c",
          "type": "INT,FLOAT,IMAGE,LATENT",
          "localized_name": "c"
        }
      ],
      "flags": {
        "collapsed": true
      },
      "id": 41,
      "type": "MathExpression|pysssss",
      "properties": {
        "Node name for S&R": "MathExpression|pysssss"
      },
      "order": 22
    },
    {
      "mode": 0,
      "outputs": [
        {
          "name": "int",
          "links": [
            169
          ],
          "label": "整数",
          "type": "INT",
          "localized_name": "int"
        }
      ],
      "size": [
        315,
        58
      ],
      "pos": [
        2136.14111328125,
        1934.541259765625
      ],
      "widgets_values": [
        5
      ],
      "inputs": [],
      "flags": {},
      "id": 116,
      "type": "easy int",
      "properties": {
        "Node name for S&R": "easy int"
      },
      "order": 13
    },
    {
      "outputs": [],
      "color": "#432",
      "widgets_values": [
        "| 序号 | 拍摄运镜       | lora模型                      | 触发词                              | 说明                                       |\n|------|----------------|-------------------------------|------------------------------------|--------------------------------------------|\n| 1    | 快速推近        | crash_zoom_in.safetensors     | cr34sh crash zoom in effect        | 模拟镜头突然快速推进的视觉效果              |\n| 2    | 快速拉远        | crash_zoom_out.safetensors    | cr34sh crash zoom out effect       | 模拟镜头突然快速拉远的视觉效果              |\n| 3    | 升降镜头上升     | crane_up.safetensors          | cr4n3 crane up effect              | 模拟起重机或升降镜头向上的拍摄运动          |\n| 4    | 升降镜头下降     | crane_down.safetensors        | cr4n3 crane down camera motion     | 模拟起重机或升降镜头向下的拍摄运动          |\n| 5    | 高空俯拍        | crane_overhead.safetensors    | cr4n3 crane over the head movement | 模拟镜头越过头顶的拍摄角度或运动轨迹        |\n| 6    | 环绕轨道拍摄     | 360_Orbit.safetensors         | 0rb4it 360 degree orbit            | 实现围绕主体360度旋转的环绕拍摄效果         |\n| 7    | 弧线移动        | Arc_shot.safetensors          | 34Ar2c arc the camera moves in a smooth curve around | 镜头沿平滑曲线绕过主体，营造动态视角变化     |\n| 8    | 子弹时间        | matrix_shot.safetensors       | b4ll3t t1m3 bullet time shot       | 模拟子弹时间（慢动作+视角旋转）的特效场景   |\n| 9    | 追逐车辆        | car_chase.safetensors         | c4r ch4s3 car chase                | 表现追逐场景中的高速移动和动态镜头切换      |\n| 10   | 推轨变焦（希区柯克变焦）        | dolly_effect.safetensors      | d011Ye33ect dolly effect           | 模拟摄像机沿轨道向前或向后平稳移动同时变焦的运镜效果 |"
      ],
      "inputs": [],
      "flags": {},
      "type": "MarkdownNote",
      "mode": 0,
      "bgcolor": "#653",
      "size": [
        867.1441040039062,
        306.8120422363281
      ],
      "pos": [
        744.536865234375,
        1731.4925537109375
      ],
      "id": 114,
      "properties": {},
      "order": 14
    },
    {
      "mode": 0,
      "outputs": [
        {
          "name": "STRING",
          "links": [
            178,
            179,
            180,
            181,
            182,
            183,
            184,
            185,
            186,
            187,
            188
          ],
          "label": "STRING",
          "type": "STRING",
          "localized_name": "字符串"
        }
      ],
      "size": [
        315,
        58
      ],
      "pos": [
        945.7689208984375,
        1402.6719970703125
      ],
      "widgets_values": [
        ""
      ],
      "inputs": [],
      "flags": {},
      "id": 121,
      "type": "PrimitiveString",
      "properties": {
        "Node name for S&R": "PrimitiveString"
      },
      "order": 15
    },
    {
      "mode": 0,
      "outputs": [
        {
          "name": "BOOLEAN",
          "links": [
            196
          ],
          "label": "BOOLEAN",
          "type": "BOOLEAN",
          "localized_name": "布尔"
        }
      ],
      "size": [
        315,
        58
      ],
      "pos": [
        877.6080322265625,
        1002.4506225585938
      ],
      "widgets_values": [
        true
      ],
      "inputs": [],
      "flags": {},
      "id": 123,
      "type": "PrimitiveBoolean",
      "properties": {
        "Node name for S&R": "PrimitiveBoolean"
      },
      "order": 16
    },
    {
      "mode": 0,
      "outputs": [
        {
          "name": "MODEL",
          "links": [
            195
          ],
          "label": "模型",
          "type": "MODEL",
          "localized_name": "模型"
        }
      ],
      "size": [
        315,
        78
      ],
      "pos": [
        1480.2919921875,
        762.5792846679688
      ],
      "widgets_values": [
        false
      ],
      "inputs": [
        {
          "name": "model_a",
          "link": 193,
          "label": "模型_A",
          "type": "MODEL",
          "localized_name": "model_a"
        },
        {
          "name": "model_b",
          "link": 194,
          "label": "模型_B",
          "type": "MODEL",
          "localized_name": "model_b"
        },
        {
          "widget": {
            "name": "boolean"
          },
          "name": "boolean",
          "link": 196,
          "type": "BOOLEAN"
        }
      ],
      "flags": {},
      "id": 122,
      "type": "Model Input Switch",
      "properties": {
        "Node name for S&R": "Model Input Switch"
      },
      "order": 42
    },
    {
      "outputs": [
        {
          "name": "STRING",
          "label": "STRING",
          "type": "STRING",
          "localized_name": "selected_value"
        },
        {
          "name": "selected_label",
          "label": "标签",
          "type": "STRING",
          "localized_name": "selected_label"
        },
        {
          "name": "selected_index",
          "links": [
            201
          ],
          "type": "INT",
          "localized_name": "selected_index"
        }
      ],
      "color": "#233",
      "widgets_values": [
        1,
        false
      ],
      "inputs": [
        {
          "shape": 7,
          "name": "input1",
          "link": 178,
          "label": "输入1",
          "type": "STRING",
          "localized_name": "input1"
        },
        {
          "name": "input2",
          "link": 179,
          "label": "输入2",
          "type": "STRING"
        },
        {
          "name": "input3",
          "link": 180,
          "label": "输入3",
          "type": "STRING"
        },
        {
          "name": "input4",
          "link": 181,
          "label": "输入4",
          "type": "STRING"
        },
        {
          "name": "input5",
          "link": 182,
          "type": "STRING"
        },
        {
          "name": "input6",
          "link": 183,
          "type": "STRING"
        },
        {
          "name": "input7",
          "link": 184,
          "type": "STRING"
        },
        {
          "name": "input8",
          "link": 185,
          "type": "STRING"
        },
        {
          "name": "input9",
          "link": 186,
          "type": "STRING"
        },
        {
          "name": "input10",
          "link": 187,
          "type": "STRING"
        },
        {
          "name": "input11",
          "link": 188,
          "type": "STRING"
        },
        {
          "name": "input12",
          "type": "STRING"
        }
      ],
      "flags": {},
      "type": "ImpactSwitch",
      "mode": 0,
      "bgcolor": "#355",
      "size": [
        765.7888793945312,
        377.890380859375
      ],
      "pos": [
        801.9639892578125,
        1293.130126953125
      ],
      "id": 119,
      "properties": {
        "Node name for S&R": "ImpactSwitch"
      },
      "order": 23
    },
    {
      "mode": 0,
      "outputs": [
        {
          "name": "INT",
          "links": [
            197,
            198,
            199,
            200
          ],
          "label": "整数",
          "type": "INT",
          "localized_name": "整数"
        },
        {
          "name": "FLOAT",
          "label": "浮点",
          "type": "FLOAT",
          "localized_name": "浮点"
        }
      ],
      "size": [
        400,
        200
      ],
      "pos": [
        -462.0584411621094,
        962.423583984375
      ],
      "widgets_values": [
        "a-1"
      ],
      "inputs": [
        {
          "shape": 7,
          "name": "a",
          "link": 201,
          "label": "a",
          "type": "INT,FLOAT,IMAGE,LATENT",
          "localized_name": "a"
        },
        {
          "shape": 7,
          "name": "b",
          "label": "b",
          "type": "INT,FLOAT,IMAGE,LATENT",
          "localized_name": "b"
        },
        {
          "shape": 7,
          "name": "c",
          "label": "c",
          "type": "INT,FLOAT,IMAGE,LATENT",
          "localized_name": "c"
        }
      ],
      "flags": {
        "collapsed": true
      },
      "id": 124,
      "type": "MathExpression|pysssss",
      "properties": {
        "Node name for S&R": "MathExpression|pysssss"
      },
      "order": 27
    }
  ],
  "extra": {
    "ue_links": [],
    "0246.VERSION": [
      0,
      0,
      4
    ],
    "ds": {
      "offset": [
        -73.7560000646381,
        -941.2921153049772
      ],
      "scale": 1.061076460950002
    }
  },
  "groups": [
    {
      "color": "#3f789e",
      "font_size": 24,
      "flags": {},
      "id": 2,
      "title": "wan2.1 I2V",
      "bounding": [
        2098.27880859375,
        469.2428894042969,
        4074,
        1363
      ]
    },
    {
      "color": "#8A8",
      "font_size": 24,
      "flags": {},
      "id": 1,
      "title": "RH_C帮你写提示词",
      "bounding": [
        2171.27880859375,
        1005.2431030273438,
        797,
        363
      ]
    },
    {
      "color": "#3f789e",
      "font_size": 24,
      "flags": {},
      "id": 3,
      "title": "选择",
      "bounding": [
        -930.29736328125,
        461.1513366699219,
        1316.23779296875,
        687.7532348632812
      ]
    },
    {
      "color": "#3f789e",
      "font_size": 24,
      "flags": {},
      "id": 4,
      "title": "model",
      "bounding": [
        410,
        466.3999938964844,
        1655,
        651.5999755859375
      ]
    },
    {
      "color": "#3f789e",
      "font_size": 24,
      "flags": {},
      "id": 5,
      "title": "input",
      "bounding": [
        420.00335693359375,
        1190.074951171875,
        1647.0794677734375,
        814.2390747070312
      ]
    },
    {
      "color": "#3f789e",
      "font_size": 24,
      "flags": {},
      "id": 6,
      "title": "时长",
      "bounding": [
        2126.14111328125,
        1860.9412841796875,
        335,
        141.60000610351562
      ]
    }
  ],
  "links": [
    [
      5,
      7,
      0,
      6,
      1,
      "CONDITIONING"
    ],
    [
      9,
      6,
      0,
      9,
      1,
      "CONDITIONING"
    ],
    [
      10,
      6,
      1,
      9,
      2,
      "CONDITIONING"
    ],
    [
      11,
      6,
      2,
      9,
      3,
      "LATENT"
    ],
    [
      12,
      9,
      0,
      10,
      0,
      "LATENT"
    ],
    [
      14,
      8,
      0,
      11,
      0,
      "*"
    ],
    [
      15,
      11,
      0,
      10,
      1,
      "VAE"
    ],
    [
      16,
      11,
      0,
      6,
      2,
      "VAE"
    ],
    [
      17,
      2,
      0,
      12,
      0,
      "*"
    ],
    [
      19,
      12,
      0,
      7,
      0,
      "CLIP"
    ],
    [
      28,
      16,
      0,
      6,
      3,
      "CLIP_VISION_OUTPUT"
    ],
    [
      29,
      17,
      0,
      16,
      0,
      "CLIP_VISION"
    ],
    [
      48,
      34,
      0,
      6,
      4,
      "IMAGE"
    ],
    [
      49,
      34,
      0,
      16,
      1,
      "IMAGE"
    ],
    [
      50,
      36,
      0,
      6,
      0,
      "CONDITIONING"
    ],
    [
      72,
      13,
      0,
      51,
      0,
      "*"
    ],
    [
      73,
      51,
      0,
      9,
      0,
      "MODEL"
    ],
    [
      74,
      53,
      0,
      52,
      0,
      "UPSCALE_MODEL"
    ],
    [
      84,
      10,
      0,
      60,
      0,
      "*"
    ],
    [
      85,
      60,
      0,
      61,
      0,
      "*"
    ],
    [
      87,
      61,
      0,
      52,
      1,
      "IMAGE"
    ],
    [
      88,
      10,
      0,
      62,
      0,
      "*"
    ],
    [
      89,
      52,
      0,
      59,
      0,
      "*"
    ],
    [
      90,
      52,
      0,
      58,
      0,
      "*"
    ],
    [
      104,
      1,
      0,
      69,
      0,
      "MODEL"
    ],
    [
      109,
      70,
      0,
      13,
      0,
      "*"
    ],
    [
      114,
      78,
      0,
      77,
      1,
      "*"
    ],
    [
      117,
      76,
      0,
      80,
      0,
      "*"
    ],
    [
      118,
      79,
      0,
      81,
      2,
      "BOOLEAN"
    ],
    [
      119,
      80,
      0,
      81,
      0,
      "*"
    ],
    [
      120,
      82,
      0,
      79,
      1,
      "*"
    ],
    [
      121,
      77,
      0,
      80,
      2,
      "BOOLEAN"
    ],
    [
      124,
      81,
      0,
      75,
      0,
      "INT,FLOAT,IMAGE,LATENT"
    ],
    [
      127,
      83,
      0,
      37,
      0,
      "MODEL"
    ],
    [
      129,
      69,
      0,
      83,
      0,
      "MODEL"
    ],
    [
      130,
      84,
      0,
      83,
      1,
      "COMBO"
    ],
    [
      133,
      85,
      0,
      86,
      0,
      "STRING"
    ],
    [
      134,
      86,
      0,
      84,
      0,
      "STRING"
    ],
    [
      135,
      92,
      0,
      93,
      0,
      "IMAGE"
    ],
    [
      136,
      91,
      0,
      90,
      0,
      "STRING"
    ],
    [
      137,
      93,
      0,
      90,
      1,
      "STRING"
    ],
    [
      138,
      90,
      0,
      94,
      0,
      "STRING"
    ],
    [
      139,
      86,
      1,
      94,
      1,
      "STRING"
    ],
    [
      140,
      94,
      0,
      95,
      1,
      "STRING"
    ],
    [
      154,
      34,
      3,
      6,
      5,
      "INT"
    ],
    [
      155,
      34,
      4,
      6,
      6,
      "INT"
    ],
    [
      157,
      10,
      0,
      110,
      0,
      "IMAGE"
    ],
    [
      158,
      105,
      0,
      95,
      2,
      "STRING"
    ],
    [
      159,
      75,
      0,
      85,
      0,
      "INT"
    ],
    [
      162,
      92,
      0,
      34,
      0,
      "IMAGE"
    ],
    [
      165,
      12,
      0,
      113,
      0,
      "CLIP"
    ],
    [
      167,
      113,
      0,
      36,
      0,
      "CONDITIONING"
    ],
    [
      168,
      58,
      0,
      66,
      0,
      "IMAGE"
    ],
    [
      169,
      116,
      0,
      41,
      0,
      "INT,FLOAT,IMAGE,LATENT"
    ],
    [
      170,
      105,
      0,
      118,
      0,
      "STRING"
    ],
    [
      171,
      94,
      0,
      118,
      1,
      "STRING"
    ],
    [
      172,
      118,
      0,
      117,
      0,
      "STRING"
    ],
    [
      173,
      117,
      0,
      111,
      0,
      "*"
    ],
    [
      175,
      111,
      0,
      113,
      1,
      "STRING"
    ],
    [
      176,
      41,
      0,
      6,
      7,
      "INT"
    ],
    [
      178,
      121,
      0,
      119,
      0,
      "*"
    ],
    [
      179,
      121,
      0,
      119,
      1,
      "STRING"
    ],
    [
      180,
      121,
      0,
      119,
      2,
      "STRING"
    ],
    [
      181,
      121,
      0,
      119,
      3,
      "STRING"
    ],
    [
      182,
      121,
      0,
      119,
      4,
      "STRING"
    ],
    [
      183,
      121,
      0,
      119,
      5,
      "STRING"
    ],
    [
      184,
      121,
      0,
      119,
      6,
      "STRING"
    ],
    [
      185,
      121,
      0,
      119,
      7,
      "STRING"
    ],
    [
      186,
      121,
      0,
      119,
      8,
      "STRING"
    ],
    [
      187,
      121,
      0,
      119,
      9,
      "STRING"
    ],
    [
      188,
      121,
      0,
      119,
      10,
      "STRING"
    ],
    [
      193,
      37,
      0,
      122,
      0,
      "MODEL"
    ],
    [
      194,
      83,
      0,
      122,
      1,
      "MODEL"
    ],
    [
      195,
      122,
      0,
      70,
      0,
      "MODEL"
    ],
    [
      196,
      123,
      0,
      122,
      2,
      "BOOLEAN"
    ],
    [
      197,
      124,
      0,
      77,
      0,
      "*"
    ],
    [
      198,
      124,
      0,
      79,
      0,
      "*"
    ],
    [
      199,
      124,
      0,
      80,
      1,
      "*"
    ],
    [
      200,
      124,
      0,
      81,
      1,
      "*"
    ],
    [
      201,
      119,
      2,
      124,
      0,
      "INT,FLOAT,IMAGE,LATENT"
    ]
  ],
  "id": "e97a655e-1826-4dcb-a0dd-4f007471c10b",
  "config": {},
  "version": 0.4,
  "last_node_id": 124,
  "revision": 0
}