{
  "last_link_id": 108,
  "nodes": [
    {
      "outputs": [],
      "color": "#432",
      "shape": 4,
      "widgets_values": [
        "通义万相 Ai视频 本地部署：整合包+模型+插件+工作流=网盘链接：https://pan.quark.cn/s/4d446e8d0a24（手机端转存官方赠送1T网盘空间）\n\nB站：艾橘溪。https://space.bilibili.com/486814801\n\n如有疑问，可联系作者技术指导：由于程序插件环境搭建、效果调试等非常耗时间耗精力，因此如需远程技术指导，需微信付费技术指导。加微信：abinsz，备注：Ai指导\n\n本程序支持云端4090高速运行，可与我联系获得云端程序。加微信：abinsz，备注：云端"
      ],
      "inputs": [],
      "flags": {
        "pinned": true
      },
      "type": "Note",
      "title": "视频教程",
      "mode": 0,
      "bgcolor": "#653",
      "size": [
        1339.369873046875,
        142.05580139160156
      ],
      "pos": [
        280,
        -630
      ],
      "id": 46,
      "properties": {
        "widget_ue_connectable": {},
        "text": ""
      },
      "order": 0
    },
    {
      "mode": 0,
      "outputs": [
        {
          "name": "vae",
          "slot_index": 0,
          "links": [
            34,
            100
          ],
          "label": "vae",
          "type": "WANVAE",
          "localized_name": "vae"
        }
      ],
      "size": [
        340.7123107910156,
        82
      ],
      "pos": [
        1274.29052734375,
        -362.849853515625
      ],
      "widgets_values": [
        "Wan2_1_VAE_bf16.safetensors",
        "bf16"
      ],
      "inputs": [
        {
          "shape": 7,
          "name": "compile_args",
          "label": "compile_args",
          "type": "WANCOMPILEARGS",
          "localized_name": "compile_args"
        },
        {
          "widget": {
            "name": "model_name"
          },
          "name": "model_name",
          "label": "model_name",
          "type": "COMBO",
          "localized_name": "model_name"
        },
        {
          "widget": {
            "name": "precision"
          },
          "shape": 7,
          "name": "precision",
          "label": "precision",
          "type": "COMBO",
          "localized_name": "precision"
        }
      ],
      "flags": {},
      "id": 21,
      "type": "WanVideoVAELoader",
      "title": "WanVideo VAE Loader aijuxi",
      "properties": {
        "widget_ue_connectable": {},
        "Node name for S&R": "WanVideoVAELoader"
      },
      "order": 1
    },
    {
      "mode": 0,
      "outputs": [
        {
          "name": "images",
          "slot_index": 0,
          "links": [
            60
          ],
          "label": "images",
          "type": "IMAGE",
          "localized_name": "images"
        }
      ],
      "size": [
        315,
        198
      ],
      "pos": [
        1653.159912109375,
        -378.36456298828125
      ],
      "widgets_values": [
        true,
        272,
        272,
        144,
        128,
        "default"
      ],
      "inputs": [
        {
          "name": "vae",
          "link": 34,
          "label": "vae",
          "type": "WANVAE",
          "localized_name": "vae"
        },
        {
          "name": "samples",
          "link": 55,
          "label": "samples",
          "type": "LATENT",
          "localized_name": "samples"
        },
        {
          "widget": {
            "name": "enable_vae_tiling"
          },
          "name": "enable_vae_tiling",
          "label": "enable_vae_tiling",
          "type": "BOOLEAN",
          "localized_name": "enable_vae_tiling"
        },
        {
          "widget": {
            "name": "tile_x"
          },
          "name": "tile_x",
          "label": "tile_x",
          "type": "INT",
          "localized_name": "tile_x"
        },
        {
          "widget": {
            "name": "tile_y"
          },
          "name": "tile_y",
          "label": "tile_y",
          "type": "INT",
          "localized_name": "tile_y"
        },
        {
          "widget": {
            "name": "tile_stride_x"
          },
          "name": "tile_stride_x",
          "label": "tile_stride_x",
          "type": "INT",
          "localized_name": "tile_stride_x"
        },
        {
          "widget": {
            "name": "tile_stride_y"
          },
          "name": "tile_stride_y",
          "label": "tile_stride_y",
          "type": "INT",
          "localized_name": "tile_stride_y"
        },
        {
          "widget": {
            "name": "normalization"
          },
          "shape": 7,
          "name": "normalization",
          "label": "normalization",
          "type": "COMBO",
          "localized_name": "normalization"
        }
      ],
      "flags": {},
      "id": 28,
      "type": "WanVideoDecode",
      "title": "WanVideo Decode aijuxi",
      "properties": {
        "widget_ue_connectable": {},
        "Node name for S&R": "WanVideoDecode"
      },
      "order": 24
    },
    {
      "mode": 0,
      "outputs": [
        {
          "name": "output",
          "links": [
            61
          ],
          "label": "output",
          "type": "*",
          "localized_name": "output"
        }
      ],
      "size": [
        210,
        26
      ],
      "pos": [
        1689.364501953125,
        319.8336181640625
      ],
      "widgets_values": [],
      "inputs": [
        {
          "name": "anything",
          "link": 60,
          "label": "anything",
          "type": "*",
          "localized_name": "anything"
        }
      ],
      "flags": {},
      "id": 55,
      "type": "easy cleanGpuUsed",
      "properties": {
        "widget_ue_connectable": {},
        "Node name for S&R": "easy cleanGpuUsed"
      },
      "order": 26
    },
    {
      "mode": 0,
      "outputs": [],
      "size": [
        315,
        82
      ],
      "color": "rgba(38, 73, 116, 0.7)",
      "pos": [
        2007.765869140625,
        309.14215087890625
      ],
      "widgets_values": [
        true,
        true
      ],
      "inputs": [
        {
          "name": "anything",
          "link": 77,
          "label": "anything",
          "type": "*",
          "localized_name": "anything"
        },
        {
          "widget": {
            "name": "purge_cache"
          },
          "name": "purge_cache",
          "label": "purge_cache",
          "type": "BOOLEAN",
          "localized_name": "purge_cache"
        },
        {
          "widget": {
            "name": "purge_models"
          },
          "name": "purge_models",
          "label": "purge_models",
          "type": "BOOLEAN",
          "localized_name": "purge_models"
        }
      ],
      "flags": {},
      "id": 69,
      "type": "LayerUtility: PurgeVRAM",
      "properties": {
        "widget_ue_connectable": {},
        "Node name for S&R": "LayerUtility: PurgeVRAM"
      },
      "order": 25
    },
    {
      "mode": 0,
      "outputs": [],
      "size": [
        315,
        82
      ],
      "color": "rgba(38, 73, 116, 0.7)",
      "pos": [
        1705.572998046875,
        264.6684265136719
      ],
      "widgets_values": [
        true,
        true
      ],
      "inputs": [
        {
          "name": "anything",
          "link": 79,
          "label": "anything",
          "type": "*",
          "localized_name": "anything"
        },
        {
          "widget": {
            "name": "purge_cache"
          },
          "name": "purge_cache",
          "label": "purge_cache",
          "type": "BOOLEAN",
          "localized_name": "purge_cache"
        },
        {
          "widget": {
            "name": "purge_models"
          },
          "name": "purge_models",
          "label": "purge_models",
          "type": "BOOLEAN",
          "localized_name": "purge_models"
        }
      ],
      "flags": {
        "collapsed": true
      },
      "id": 71,
      "type": "LayerUtility: PurgeVRAM",
      "properties": {
        "widget_ue_connectable": {},
        "Node name for S&R": "LayerUtility: PurgeVRAM"
      },
      "order": 20
    },
    {
      "mode": 0,
      "outputs": [],
      "size": [
        315,
        82
      ],
      "color": "rgba(38, 73, 116, 0.7)",
      "pos": [
        2014.607177734375,
        156.33506774902344
      ],
      "widgets_values": [
        true,
        true
      ],
      "inputs": [
        {
          "name": "anything",
          "link": 76,
          "label": "anything",
          "type": "*",
          "localized_name": "anything"
        },
        {
          "widget": {
            "name": "purge_cache"
          },
          "name": "purge_cache",
          "label": "purge_cache",
          "type": "BOOLEAN",
          "localized_name": "purge_cache"
        },
        {
          "widget": {
            "name": "purge_models"
          },
          "name": "purge_models",
          "label": "purge_models",
          "type": "BOOLEAN",
          "localized_name": "purge_models"
        }
      ],
      "flags": {},
      "id": 68,
      "type": "LayerUtility: PurgeVRAM",
      "properties": {
        "widget_ue_connectable": {},
        "Node name for S&R": "LayerUtility: PurgeVRAM"
      },
      "order": 18
    },
    {
      "outputs": [],
      "color": "#432",
      "widgets_values": [
        "免费会员不超过: 912\n\n普通会员不超过: 1280\n\nplus会员不超过: 1920"
      ],
      "inputs": [],
      "flags": {},
      "type": "Note",
      "title": "关于分辨率",
      "mode": 0,
      "bgcolor": "#653",
      "size": [
        236.7430877685547,
        150.7129364013672
      ],
      "pos": [
        1092.3458251953125,
        897.8974609375
      ],
      "id": 67,
      "properties": {
        "widget_ue_connectable": {}
      },
      "order": 2
    },
    {
      "mode": 0,
      "outputs": [
        {
          "name": "image",
          "links": [
            76,
            103,
            104
          ],
          "label": "image",
          "type": "IMAGE",
          "localized_name": "image"
        },
        {
          "name": "mask",
          "links": [],
          "label": "mask",
          "type": "MASK",
          "localized_name": "mask"
        },
        {
          "name": "original_size",
          "label": "original_size",
          "type": "BOX",
          "localized_name": "original_size"
        },
        {
          "name": "width",
          "links": [
            105
          ],
          "label": "width",
          "type": "INT",
          "localized_name": "width"
        },
        {
          "name": "height",
          "links": [
            106
          ],
          "label": "height",
          "type": "INT",
          "localized_name": "height"
        }
      ],
      "size": [
        336,
        330
      ],
      "color": "rgba(38, 73, 116, 0.7)",
      "pos": [
        1639.71044921875,
        -120.79229736328125
      ],
      "widgets_values": [
        "original",
        1,
        1,
        "letterbox",
        "lanczos",
        "16",
        "longest",
        912,
        "#000000"
      ],
      "inputs": [
        {
          "shape": 7,
          "name": "image",
          "link": 69,
          "label": "image",
          "type": "IMAGE",
          "localized_name": "image"
        },
        {
          "shape": 7,
          "name": "mask",
          "label": "mask",
          "type": "MASK",
          "localized_name": "mask"
        },
        {
          "widget": {
            "name": "aspect_ratio"
          },
          "name": "aspect_ratio",
          "label": "aspect_ratio",
          "type": "COMBO",
          "localized_name": "aspect_ratio"
        },
        {
          "widget": {
            "name": "proportional_width"
          },
          "name": "proportional_width",
          "label": "proportional_width",
          "type": "INT",
          "localized_name": "proportional_width"
        },
        {
          "widget": {
            "name": "proportional_height"
          },
          "name": "proportional_height",
          "label": "proportional_height",
          "type": "INT",
          "localized_name": "proportional_height"
        },
        {
          "widget": {
            "name": "fit"
          },
          "name": "fit",
          "label": "fit",
          "type": "COMBO",
          "localized_name": "fit"
        },
        {
          "widget": {
            "name": "method"
          },
          "name": "method",
          "label": "method",
          "type": "COMBO",
          "localized_name": "method"
        },
        {
          "widget": {
            "name": "round_to_multiple"
          },
          "name": "round_to_multiple",
          "label": "round_to_multiple",
          "type": "COMBO",
          "localized_name": "round_to_multiple"
        },
        {
          "widget": {
            "name": "scale_to_side"
          },
          "name": "scale_to_side",
          "label": "scale_to_side",
          "type": "COMBO",
          "localized_name": "scale_to_side"
        },
        {
          "widget": {
            "name": "scale_to_length"
          },
          "name": "scale_to_length",
          "link": 72,
          "label": "scale_to_length",
          "type": "INT",
          "localized_name": "scale_to_length"
        },
        {
          "widget": {
            "name": "background_color"
          },
          "name": "background_color",
          "label": "background_color",
          "type": "STRING",
          "localized_name": "background_color"
        }
      ],
      "flags": {},
      "id": 63,
      "type": "LayerUtility: ImageScaleByAspectRatio V2",
      "properties": {
        "widget_ue_connectable": {
          "scale_to_length": true
        },
        "Node name for S&R": "LayerUtility: ImageScaleByAspectRatio V2"
      },
      "order": 15
    },
    {
      "mode": 0,
      "outputs": [],
      "size": [
        315,
        82
      ],
      "color": "rgba(38, 73, 116, 0.7)",
      "pos": [
        2079.183837890625,
        93.80740356445312
      ],
      "widgets_values": [
        true,
        true
      ],
      "inputs": [
        {
          "name": "anything",
          "link": 108,
          "label": "anything",
          "type": "*",
          "localized_name": "anything"
        },
        {
          "widget": {
            "name": "purge_cache"
          },
          "name": "purge_cache",
          "label": "purge_cache",
          "type": "BOOLEAN",
          "localized_name": "purge_cache"
        },
        {
          "widget": {
            "name": "purge_models"
          },
          "name": "purge_models",
          "label": "purge_models",
          "type": "BOOLEAN",
          "localized_name": "purge_models"
        }
      ],
      "flags": {
        "collapsed": true
      },
      "id": 73,
      "type": "LayerUtility: PurgeVRAM",
      "properties": {
        "widget_ue_connectable": {},
        "Node name for S&R": "LayerUtility: PurgeVRAM"
      },
      "order": 23
    },
    {
      "outputs": [],
      "color": "#432",
      "widgets_values": [
        "对准视频 右击选择：Save preview，下载保存！\n\nB站艾橘溪"
      ],
      "inputs": [],
      "flags": {},
      "type": "Note",
      "title": "视频保存方法",
      "mode": 0,
      "bgcolor": "#653",
      "size": [
        283.8085021972656,
        113.70335388183594
      ],
      "pos": [
        1681.435546875,
        1068.1427001953125
      ],
      "id": 52,
      "properties": {
        "widget_ue_connectable": {}
      },
      "order": 3
    },
    {
      "mode": 0,
      "outputs": [
        {
          "name": "image_embeds",
          "links": [
            99,
            108
          ],
          "label": "image_embeds",
          "type": "WANVIDIMAGE_EMBEDS",
          "localized_name": "image_embeds"
        }
      ],
      "size": [
        292.2520446777344,
        390
      ],
      "pos": [
        2036.68701171875,
        -361.9656066894531
      ],
      "widgets_values": [
        832,
        480,
        81,
        0,
        1,
        1,
        true,
        true,
        false
      ],
      "inputs": [
        {
          "shape": 7,
          "name": "vae",
          "link": 100,
          "label": "vae",
          "type": "WANVAE",
          "localized_name": "vae"
        },
        {
          "shape": 7,
          "name": "clip_embeds",
          "link": 101,
          "label": "clip_embeds",
          "type": "WANVIDIMAGE_CLIPEMBEDS",
          "localized_name": "clip_embeds"
        },
        {
          "shape": 7,
          "name": "start_image",
          "link": 104,
          "label": "start_image",
          "type": "IMAGE",
          "localized_name": "start_image"
        },
        {
          "shape": 7,
          "name": "end_image",
          "label": "end_image",
          "type": "IMAGE",
          "localized_name": "end_image"
        },
        {
          "shape": 7,
          "name": "control_embeds",
          "label": "control_embeds",
          "type": "WANVIDIMAGE_EMBEDS",
          "localized_name": "control_embeds"
        },
        {
          "shape": 7,
          "name": "temporal_mask",
          "label": "temporal_mask",
          "type": "MASK",
          "localized_name": "temporal_mask"
        },
        {
          "shape": 7,
          "name": "extra_latents",
          "label": "extra_latents",
          "type": "LATENT",
          "localized_name": "extra_latents"
        },
        {
          "shape": 7,
          "name": "add_cond_latents",
          "label": "add_cond_latents",
          "type": "ADD_COND_LATENTS",
          "localized_name": "add_cond_latents"
        },
        {
          "widget": {
            "name": "width"
          },
          "name": "width",
          "link": 105,
          "label": "width",
          "type": "INT",
          "localized_name": "width"
        },
        {
          "widget": {
            "name": "height"
          },
          "name": "height",
          "link": 106,
          "label": "height",
          "type": "INT",
          "localized_name": "height"
        },
        {
          "widget": {
            "name": "num_frames"
          },
          "name": "num_frames",
          "link": 107,
          "label": "num_frames",
          "type": "INT",
          "localized_name": "num_frames"
        },
        {
          "widget": {
            "name": "noise_aug_strength"
          },
          "name": "noise_aug_strength",
          "label": "noise_aug_strength",
          "type": "FLOAT",
          "localized_name": "noise_aug_strength"
        },
        {
          "widget": {
            "name": "start_latent_strength"
          },
          "name": "start_latent_strength",
          "label": "start_latent_strength",
          "type": "FLOAT",
          "localized_name": "start_latent_strength"
        },
        {
          "widget": {
            "name": "end_latent_strength"
          },
          "name": "end_latent_strength",
          "label": "end_latent_strength",
          "type": "FLOAT",
          "localized_name": "end_latent_strength"
        },
        {
          "widget": {
            "name": "force_offload"
          },
          "name": "force_offload",
          "label": "force_offload",
          "type": "BOOLEAN",
          "localized_name": "force_offload"
        },
        {
          "widget": {
            "name": "fun_or_fl2v_model"
          },
          "shape": 7,
          "name": "fun_or_fl2v_model",
          "label": "fun_or_fl2v_model",
          "type": "BOOLEAN",
          "localized_name": "fun_or_fl2v_model"
        },
        {
          "widget": {
            "name": "tiled_vae"
          },
          "shape": 7,
          "name": "tiled_vae",
          "label": "tiled_vae",
          "type": "BOOLEAN",
          "localized_name": "tiled_vae"
        }
      ],
      "flags": {},
      "id": 81,
      "type": "WanVideoImageToVideoEncode",
      "properties": {
        "widget_ue_connectable": {},
        "Node name for S&R": "WanVideoImageToVideoEncode"
      },
      "order": 21
    },
    {
      "mode": 0,
      "outputs": [
        {
          "name": "block_swap_args",
          "slot_index": 0,
          "links": [
            50
          ],
          "label": "block_swap_args",
          "type": "BLOCKSWAPARGS",
          "localized_name": "block_swap_args"
        }
      ],
      "size": [
        315,
        202
      ],
      "pos": [
        365.86053466796875,
        -376.5578918457031
      ],
      "widgets_values": [
        30,
        false,
        false,
        true,
        0,
        0,
        false
      ],
      "inputs": [
        {
          "widget": {
            "name": "blocks_to_swap"
          },
          "name": "blocks_to_swap",
          "label": "blocks_to_swap",
          "type": "INT",
          "localized_name": "blocks_to_swap"
        },
        {
          "widget": {
            "name": "offload_img_emb"
          },
          "name": "offload_img_emb",
          "label": "offload_img_emb",
          "type": "BOOLEAN",
          "localized_name": "offload_img_emb"
        },
        {
          "widget": {
            "name": "offload_txt_emb"
          },
          "name": "offload_txt_emb",
          "label": "offload_txt_emb",
          "type": "BOOLEAN",
          "localized_name": "offload_txt_emb"
        },
        {
          "widget": {
            "name": "use_non_blocking"
          },
          "shape": 7,
          "name": "use_non_blocking",
          "label": "use_non_blocking",
          "type": "BOOLEAN",
          "localized_name": "use_non_blocking"
        },
        {
          "widget": {
            "name": "vace_blocks_to_swap"
          },
          "shape": 7,
          "name": "vace_blocks_to_swap",
          "label": "vace_blocks_to_swap",
          "type": "INT",
          "localized_name": "vace_blocks_to_swap"
        },
        {
          "widget": {
            "name": "prefetch_blocks"
          },
          "shape": 7,
          "name": "prefetch_blocks",
          "label": "prefetch_blocks",
          "type": "INT",
          "localized_name": "prefetch_blocks"
        },
        {
          "widget": {
            "name": "block_swap_debug"
          },
          "shape": 7,
          "name": "block_swap_debug",
          "label": "block_swap_debug",
          "type": "BOOLEAN",
          "localized_name": "block_swap_debug"
        }
      ],
      "flags": {},
      "id": 49,
      "type": "WanVideoBlockSwap",
      "properties": {
        "widget_ue_connectable": {},
        "Node name for S&R": "WanVideoBlockSwap"
      },
      "order": 4
    },
    {
      "mode": 0,
      "outputs": [
        {
          "name": "image_embeds",
          "links": [
            101
          ],
          "label": "image_embeds",
          "type": "WANVIDIMAGE_CLIPEMBEDS",
          "localized_name": "image_embeds"
        }
      ],
      "size": [
        342.5999755859375,
        262
      ],
      "pos": [
        1342.534423828125,
        -238.89747619628906
      ],
      "widgets_values": [
        1,
        1,
        "center",
        "average",
        true,
        0,
        0.5
      ],
      "inputs": [
        {
          "name": "clip_vision",
          "link": 102,
          "label": "clip_vision",
          "type": "CLIP_VISION",
          "localized_name": "clip_vision"
        },
        {
          "name": "image_1",
          "link": 103,
          "label": "image_1",
          "type": "IMAGE",
          "localized_name": "image_1"
        },
        {
          "shape": 7,
          "name": "image_2",
          "label": "image_2",
          "type": "IMAGE",
          "localized_name": "image_2"
        },
        {
          "shape": 7,
          "name": "negative_image",
          "label": "negative_image",
          "type": "IMAGE",
          "localized_name": "negative_image"
        },
        {
          "widget": {
            "name": "strength_1"
          },
          "name": "strength_1",
          "label": "strength_1",
          "type": "FLOAT",
          "localized_name": "strength_1"
        },
        {
          "widget": {
            "name": "strength_2"
          },
          "name": "strength_2",
          "label": "strength_2",
          "type": "FLOAT",
          "localized_name": "strength_2"
        },
        {
          "widget": {
            "name": "crop"
          },
          "name": "crop",
          "label": "crop",
          "type": "COMBO",
          "localized_name": "crop"
        },
        {
          "widget": {
            "name": "combine_embeds"
          },
          "name": "combine_embeds",
          "label": "combine_embeds",
          "type": "COMBO",
          "localized_name": "combine_embeds"
        },
        {
          "widget": {
            "name": "force_offload"
          },
          "name": "force_offload",
          "label": "force_offload",
          "type": "BOOLEAN",
          "localized_name": "force_offload"
        },
        {
          "widget": {
            "name": "tiles"
          },
          "shape": 7,
          "name": "tiles",
          "label": "tiles",
          "type": "INT",
          "localized_name": "tiles"
        },
        {
          "widget": {
            "name": "ratio"
          },
          "shape": 7,
          "name": "ratio",
          "label": "ratio",
          "type": "FLOAT",
          "localized_name": "ratio"
        }
      ],
      "flags": {
        "collapsed": true
      },
      "id": 82,
      "type": "WanVideoClipVisionEncode",
      "properties": {
        "widget_ue_connectable": {},
        "Node name for S&R": "WanVideoClipVisionEncode"
      },
      "order": 19
    },
    {
      "mode": 0,
      "outputs": [
        {
          "name": "samples",
          "slot_index": 0,
          "links": [
            55,
            77
          ],
          "label": "samples",
          "type": "LATENT",
          "localized_name": "samples"
        },
        {
          "name": "denoised_samples",
          "label": "denoised_samples",
          "type": "LATENT",
          "localized_name": "denoised_samples"
        }
      ],
      "size": [
        315,
        690
      ],
      "pos": [
        1287.7178955078125,
        -184.0906219482422
      ],
      "widgets_values": [
        4,
        1.0000000000000002,
        1.0000000000000002,
        982238932714659,
        "randomize",
        true,
        "unipc",
        0,
        1,
        false,
        "default",
        0,
        -1,
        false
      ],
      "inputs": [
        {
          "name": "model",
          "link": 56,
          "label": "model",
          "type": "WANVIDEOMODEL",
          "localized_name": "model"
        },
        {
          "name": "text_embeds",
          "link": 57,
          "label": "text_embeds",
          "type": "WANVIDEOTEXTEMBEDS",
          "localized_name": "text_embeds"
        },
        {
          "name": "image_embeds",
          "link": 99,
          "label": "image_embeds",
          "type": "WANVIDIMAGE_EMBEDS",
          "localized_name": "image_embeds"
        },
        {
          "shape": 7,
          "name": "samples",
          "label": "samples",
          "type": "LATENT",
          "localized_name": "samples"
        },
        {
          "shape": 7,
          "name": "feta_args",
          "label": "feta_args",
          "type": "FETAARGS",
          "localized_name": "feta_args"
        },
        {
          "shape": 7,
          "name": "context_options",
          "label": "context_options",
          "type": "WANVIDCONTEXT",
          "localized_name": "context_options"
        },
        {
          "shape": 7,
          "name": "cache_args",
          "label": "cache_args",
          "type": "CACHEARGS",
          "localized_name": "cache_args"
        },
        {
          "shape": 7,
          "name": "flowedit_args",
          "label": "flowedit_args",
          "type": "FLOWEDITARGS",
          "localized_name": "flowedit_args"
        },
        {
          "shape": 7,
          "name": "slg_args",
          "label": "slg_args",
          "type": "SLGARGS",
          "localized_name": "slg_args"
        },
        {
          "shape": 7,
          "name": "loop_args",
          "label": "loop_args",
          "type": "LOOPARGS",
          "localized_name": "loop_args"
        },
        {
          "shape": 7,
          "name": "experimental_args",
          "label": "experimental_args",
          "type": "EXPERIMENTALARGS",
          "localized_name": "experimental_args"
        },
        {
          "shape": 7,
          "name": "sigmas",
          "label": "sigmas",
          "type": "SIGMAS",
          "localized_name": "sigmas"
        },
        {
          "shape": 7,
          "name": "unianimate_poses",
          "label": "unianimate_poses",
          "type": "UNIANIMATE_POSE",
          "localized_name": "unianimate_poses"
        },
        {
          "shape": 7,
          "name": "fantasytalking_embeds",
          "label": "fantasytalking_embeds",
          "type": "FANTASYTALKING_EMBEDS",
          "localized_name": "fantasytalking_embeds"
        },
        {
          "shape": 7,
          "name": "uni3c_embeds",
          "label": "uni3c_embeds",
          "type": "UNI3C_EMBEDS",
          "localized_name": "uni3c_embeds"
        },
        {
          "shape": 7,
          "name": "multitalk_embeds",
          "label": "multitalk_embeds",
          "type": "MULTITALK_EMBEDS",
          "localized_name": "multitalk_embeds"
        },
        {
          "shape": 7,
          "name": "freeinit_args",
          "label": "freeinit_args",
          "type": "FREEINITARGS",
          "localized_name": "freeinit_args"
        },
        {
          "widget": {
            "name": "steps"
          },
          "name": "steps",
          "label": "steps",
          "type": "INT",
          "localized_name": "steps"
        },
        {
          "widget": {
            "name": "cfg"
          },
          "name": "cfg",
          "label": "cfg",
          "type": "FLOAT",
          "localized_name": "cfg"
        },
        {
          "widget": {
            "name": "shift"
          },
          "name": "shift",
          "label": "shift",
          "type": "FLOAT",
          "localized_name": "shift"
        },
        {
          "widget": {
            "name": "seed"
          },
          "name": "seed",
          "label": "seed",
          "type": "INT",
          "localized_name": "seed"
        },
        {
          "widget": {
            "name": "force_offload"
          },
          "name": "force_offload",
          "label": "force_offload",
          "type": "BOOLEAN",
          "localized_name": "force_offload"
        },
        {
          "widget": {
            "name": "scheduler"
          },
          "name": "scheduler",
          "label": "scheduler",
          "type": "COMBO",
          "localized_name": "scheduler"
        },
        {
          "widget": {
            "name": "riflex_freq_index"
          },
          "name": "riflex_freq_index",
          "label": "riflex_freq_index",
          "type": "INT",
          "localized_name": "riflex_freq_index"
        },
        {
          "widget": {
            "name": "denoise_strength"
          },
          "shape": 7,
          "name": "denoise_strength",
          "label": "denoise_strength",
          "type": "FLOAT",
          "localized_name": "denoise_strength"
        },
        {
          "widget": {
            "name": "batched_cfg"
          },
          "shape": 7,
          "name": "batched_cfg",
          "label": "batched_cfg",
          "type": "BOOLEAN",
          "localized_name": "batched_cfg"
        },
        {
          "widget": {
            "name": "rope_function"
          },
          "shape": 7,
          "name": "rope_function",
          "label": "rope_function",
          "type": "COMBO",
          "localized_name": "rope_function"
        },
        {
          "widget": {
            "name": "start_step"
          },
          "shape": 7,
          "name": "start_step",
          "label": "start_step",
          "type": "INT",
          "localized_name": "start_step"
        },
        {
          "widget": {
            "name": "end_step"
          },
          "shape": 7,
          "name": "end_step",
          "label": "end_step",
          "type": "INT",
          "localized_name": "end_step"
        },
        {
          "widget": {
            "name": "add_noise_to_samples"
          },
          "shape": 7,
          "name": "add_noise_to_samples",
          "label": "add_noise_to_samples",
          "type": "BOOLEAN",
          "localized_name": "add_noise_to_samples"
        }
      ],
      "flags": {},
      "id": 53,
      "type": "WanVideoSampler",
      "properties": {
        "widget_ue_connectable": {},
        "Node name for S&R": "WanVideoSampler"
      },
      "order": 22
    },
    {
      "mode": 0,
      "outputs": [
        {
          "name": "wan_clip_vision",
          "slot_index": 0,
          "links": [
            102
          ],
          "label": "wan_clip_vision",
          "type": "CLIP_VISION",
          "localized_name": "wan_clip_vision"
        }
      ],
      "size": [
        390,
        120
      ],
      "pos": [
        300.1387023925781,
        67.68132019042969
      ],
      "widgets_values": [
        "open-clip-xlm-roberta-large-vit-huge-14_fp16.safetensors",
        "fp16",
        "offload_device"
      ],
      "inputs": [
        {
          "widget": {
            "name": "model_name"
          },
          "name": "model_name",
          "label": "model_name",
          "type": "COMBO",
          "localized_name": "model_name"
        },
        {
          "widget": {
            "name": "precision"
          },
          "name": "precision",
          "label": "precision",
          "type": "COMBO",
          "localized_name": "precision"
        },
        {
          "widget": {
            "name": "load_device"
          },
          "shape": 7,
          "name": "load_device",
          "label": "load_device",
          "type": "COMBO",
          "localized_name": "load_device"
        }
      ],
      "flags": {},
      "id": 13,
      "type": "LoadWanVideoClipTextEncoder",
      "properties": {
        "widget_ue_connectable": {},
        "Node name for S&R": "LoadWanVideoClipTextEncoder"
      },
      "order": 5
    },
    {
      "mode": 0,
      "outputs": [
        {
          "name": "wan_t5_model",
          "slot_index": 0,
          "links": [
            53,
            80
          ],
          "label": "wan_t5_model",
          "type": "WANTEXTENCODER",
          "localized_name": "wan_t5_model"
        }
      ],
      "size": [
        377.1661376953125,
        130
      ],
      "pos": [
        321.0026550292969,
        -132.68865966796875
      ],
      "widgets_values": [
        "umt5-xxl-enc-bf16.safetensors",
        "bf16",
        "offload_device",
        "fp8_e4m3fn"
      ],
      "inputs": [
        {
          "widget": {
            "name": "model_name"
          },
          "name": "model_name",
          "label": "model_name",
          "type": "COMBO",
          "localized_name": "model_name"
        },
        {
          "widget": {
            "name": "precision"
          },
          "name": "precision",
          "label": "precision",
          "type": "COMBO",
          "localized_name": "precision"
        },
        {
          "widget": {
            "name": "load_device"
          },
          "shape": 7,
          "name": "load_device",
          "label": "load_device",
          "type": "COMBO",
          "localized_name": "load_device"
        },
        {
          "widget": {
            "name": "quantization"
          },
          "shape": 7,
          "name": "quantization",
          "label": "quantization",
          "type": "COMBO",
          "localized_name": "quantization"
        }
      ],
      "flags": {},
      "id": 11,
      "type": "LoadWanVideoT5TextEncoder",
      "properties": {
        "widget_ue_connectable": {},
        "Node name for S&R": "LoadWanVideoT5TextEncoder"
      },
      "order": 6
    },
    {
      "mode": 0,
      "outputs": [
        {
          "name": "model",
          "slot_index": 0,
          "links": [
            56,
            79
          ],
          "label": "model",
          "type": "WANVIDEOMODEL",
          "localized_name": "model"
        }
      ],
      "size": [
        477.4410095214844,
        314
      ],
      "pos": [
        754.84814453125,
        -304.6245422363281
      ],
      "widgets_values": [
        "aniWan2114BFp8E4m3fn_i2v480pNew.safetensors",
        "fp16",
        "fp8_e4m3fn",
        "offload_device",
        "sageattn"
      ],
      "inputs": [
        {
          "shape": 7,
          "name": "compile_args",
          "label": "compile_args",
          "type": "WANCOMPILEARGS",
          "localized_name": "compile_args"
        },
        {
          "shape": 7,
          "name": "block_swap_args",
          "link": 50,
          "label": "block_swap_args",
          "type": "BLOCKSWAPARGS",
          "localized_name": "block_swap_args"
        },
        {
          "shape": 7,
          "name": "lora",
          "link": 73,
          "label": "lora",
          "type": "WANVIDLORA",
          "localized_name": "lora"
        },
        {
          "shape": 7,
          "name": "vram_management_args",
          "label": "vram_management_args",
          "type": "VRAM_MANAGEMENTARGS",
          "localized_name": "vram_management_args"
        },
        {
          "shape": 7,
          "name": "extra_model",
          "label": "extra_model",
          "type": "VACEPATH",
          "localized_name": "extra_model"
        },
        {
          "shape": 7,
          "name": "fantasytalking_model",
          "label": "fantasytalking_model",
          "type": "FANTASYTALKINGMODEL",
          "localized_name": "fantasytalking_model"
        },
        {
          "shape": 7,
          "name": "multitalk_model",
          "label": "multitalk_model",
          "type": "MULTITALKMODEL",
          "localized_name": "multitalk_model"
        },
        {
          "shape": 7,
          "name": "fantasyportrait_model",
          "label": "fantasyportrait_model",
          "type": "FANTASYPORTRAITMODEL",
          "localized_name": "fantasyportrait_model"
        },
        {
          "widget": {
            "name": "model"
          },
          "name": "model",
          "label": "model",
          "type": "COMBO",
          "localized_name": "model"
        },
        {
          "widget": {
            "name": "base_precision"
          },
          "name": "base_precision",
          "label": "base_precision",
          "type": "COMBO",
          "localized_name": "base_precision"
        },
        {
          "widget": {
            "name": "quantization"
          },
          "name": "quantization",
          "label": "quantization",
          "type": "COMBO",
          "localized_name": "quantization"
        },
        {
          "widget": {
            "name": "load_device"
          },
          "name": "load_device",
          "label": "load_device",
          "type": "COMBO",
          "localized_name": "load_device"
        },
        {
          "widget": {
            "name": "attention_mode"
          },
          "shape": 7,
          "name": "attention_mode",
          "label": "attention_mode",
          "type": "COMBO",
          "localized_name": "attention_mode"
        },
        {
          "shape": 7,
          "name": "vace_model",
          "label": "vace_model",
          "type": "VACEPATH",
          "localized_name": "vace_model"
        }
      ],
      "flags": {},
      "id": 48,
      "type": "WanVideoModelLoader",
      "properties": {
        "widget_ue_connectable": {},
        "Node name for S&R": "WanVideoModelLoader"
      },
      "order": 17
    },
    {
      "mode": 0,
      "outputs": [
        {
          "name": "INT",
          "links": [
            107
          ],
          "label": "INT",
          "type": "INT",
          "localized_name": "INT"
        },
        {
          "name": "FLOAT",
          "label": "FLOAT",
          "type": "FLOAT",
          "localized_name": "FLOAT"
        }
      ],
      "size": [
        233.8197021484375,
        128
      ],
      "pos": [
        978.798583984375,
        386.26739501953125
      ],
      "widgets_values": [
        "a*16+1"
      ],
      "inputs": [
        {
          "shape": 7,
          "name": "a",
          "link": 65,
          "label": "a",
          "type": "INT,FLOAT,IMAGE,LATENT",
          "localized_name": "a"
        },
        {
          "shape": 7,
          "name": "b",
          "label": "b",
          "type": "INT,FLOAT,IMAGE,LATENT",
          "localized_name": "b"
        },
        {
          "shape": 7,
          "name": "c",
          "label": "c",
          "type": "INT,FLOAT,IMAGE,LATENT",
          "localized_name": "c"
        },
        {
          "widget": {
            "name": "expression"
          },
          "name": "expression",
          "label": "expression",
          "type": "INT,FLOAT,IMAGE,LATENT",
          "localized_name": "expression"
        }
      ],
      "flags": {
        "collapsed": true
      },
      "id": 60,
      "type": "MathExpression|pysssss",
      "properties": {
        "widget_ue_connectable": {},
        "Node name for S&R": "MathExpression|pysssss"
      },
      "order": 14
    },
    {
      "mode": 0,
      "outputs": [
        {
          "name": "lora",
          "links": [
            74
          ],
          "label": "lora",
          "type": "WANVIDLORA",
          "localized_name": "lora"
        }
      ],
      "size": [
        350.35089111328125,
        126
      ],
      "pos": [
        953.5736083984375,
        285.07080078125
      ],
      "widgets_values": [
        "Wan2.1_I2V_14B_FusionX_LoRA.safetensors",
        1,
        false,
        true
      ],
      "inputs": [
        {
          "shape": 7,
          "name": "prev_lora",
          "label": "prev_lora",
          "type": "WANVIDLORA",
          "localized_name": "prev_lora"
        },
        {
          "shape": 7,
          "name": "blocks",
          "label": "blocks",
          "type": "SELECTEDBLOCKS",
          "localized_name": "blocks"
        },
        {
          "widget": {
            "name": "lora"
          },
          "name": "lora",
          "label": "lora",
          "type": "COMBO",
          "localized_name": "lora"
        },
        {
          "widget": {
            "name": "strength"
          },
          "name": "strength",
          "label": "strength",
          "type": "FLOAT",
          "localized_name": "strength"
        },
        {
          "widget": {
            "name": "low_mem_load"
          },
          "shape": 7,
          "name": "low_mem_load",
          "label": "low_mem_load",
          "type": "BOOLEAN",
          "localized_name": "low_mem_load"
        },
        {
          "widget": {
            "name": "merge_loras"
          },
          "shape": 7,
          "name": "merge_loras",
          "label": "merge_loras",
          "type": "BOOLEAN",
          "localized_name": "merge_loras"
        }
      ],
      "flags": {
        "collapsed": true
      },
      "id": 66,
      "type": "WanVideoLoraSelect",
      "properties": {
        "widget_ue_connectable": {},
        "Node name for S&R": "WanVideoLoraSelect"
      },
      "order": 7
    },
    {
      "mode": 0,
      "outputs": [
        {
          "name": "lora",
          "links": [
            73
          ],
          "label": "lora",
          "type": "WANVIDLORA",
          "localized_name": "lora"
        }
      ],
      "size": [
        315,
        150
      ],
      "pos": [
        337.63885498046875,
        297.92864990234375
      ],
      "widgets_values": [
        "lightx2v_I2V_14B_480p_cfg_step_distill_rank64_bf16.safetensors",
        1,
        false,
        true
      ],
      "inputs": [
        {
          "shape": 7,
          "name": "prev_lora",
          "link": 74,
          "label": "prev_lora",
          "type": "WANVIDLORA",
          "localized_name": "prev_lora"
        },
        {
          "shape": 7,
          "name": "blocks",
          "label": "blocks",
          "type": "SELECTEDBLOCKS",
          "localized_name": "blocks"
        },
        {
          "widget": {
            "name": "lora"
          },
          "name": "lora",
          "label": "lora",
          "type": "COMBO",
          "localized_name": "lora"
        },
        {
          "widget": {
            "name": "strength"
          },
          "name": "strength",
          "label": "strength",
          "type": "FLOAT",
          "localized_name": "strength"
        },
        {
          "widget": {
            "name": "low_mem_load"
          },
          "shape": 7,
          "name": "low_mem_load",
          "label": "low_mem_load",
          "type": "BOOLEAN",
          "localized_name": "low_mem_load"
        },
        {
          "widget": {
            "name": "merge_loras"
          },
          "shape": 7,
          "name": "merge_loras",
          "label": "merge_loras",
          "type": "BOOLEAN",
          "localized_name": "merge_loras"
        }
      ],
      "flags": {
        "collapsed": false
      },
      "id": 65,
      "type": "WanVideoLoraSelect",
      "properties": {
        "widget_ue_connectable": {},
        "Node name for S&R": "WanVideoLoraSelect"
      },
      "order": 13
    },
    {
      "mode": 0,
      "outputs": [],
      "size": [
        315,
        82
      ],
      "color": "rgba(38, 73, 116, 0.7)",
      "pos": [
        716.8880004882812,
        393.52813720703125
      ],
      "widgets_values": [
        true,
        true
      ],
      "inputs": [
        {
          "name": "anything",
          "link": 78,
          "label": "anything",
          "type": "*",
          "localized_name": "anything"
        },
        {
          "widget": {
            "name": "purge_cache"
          },
          "name": "purge_cache",
          "label": "purge_cache",
          "type": "BOOLEAN",
          "localized_name": "purge_cache"
        },
        {
          "widget": {
            "name": "purge_models"
          },
          "name": "purge_models",
          "label": "purge_models",
          "type": "BOOLEAN",
          "localized_name": "purge_models"
        }
      ],
      "flags": {
        "collapsed": true
      },
      "id": 70,
      "type": "LayerUtility: PurgeVRAM",
      "properties": {
        "widget_ue_connectable": {},
        "Node name for S&R": "LayerUtility: PurgeVRAM"
      },
      "order": 16
    },
    {
      "outputs": [
        {
          "name": "Filenames",
          "label": "Filenames",
          "type": "VHS_FILENAMES",
          "localized_name": "Filenames"
        }
      ],
      "color": "#232",
      "widgets_values": {
        "save_output": true,
        "filename_prefix": "wan/jr-aijuxi",
        "loop_count": 0,
        "pix_fmt": "yuv420p",
        "save_metadata": false,
        "crf": 19,
        "trim_to_audio": false,
        "videopreview": {
          "paused": false,
          "hidden": false,
          "params": {
            "filename": "jr-aijuxi_00001_p86_zkcov_1757773359.mp4",
            "workflow": "jr-aijuxi_00001_p86.png",
            "fullpath": "/data/ComfyUI/personal/c6dfe31db93b9cf020b1e2ad68cc7935/output/wan/jr-aijuxi_00001_p86.mp4",
            "format": "video/h264-mp4",
            "subfolder": "wan",
            "type": "output",
            "frame_rate": 16
          }
        },
        "format": "video/h264-mp4",
        "no_preview": false,
        "frame_rate": 16,
        "pingpong": false
      },
      "inputs": [
        {
          "name": "images",
          "link": 61,
          "label": "images",
          "type": "IMAGE",
          "localized_name": "images"
        },
        {
          "shape": 7,
          "name": "audio",
          "label": "audio",
          "type": "AUDIO",
          "localized_name": "audio"
        },
        {
          "shape": 7,
          "name": "meta_batch",
          "label": "meta_batch",
          "type": "VHS_BatchManager",
          "localized_name": "meta_batch"
        },
        {
          "shape": 7,
          "name": "vae",
          "label": "vae",
          "type": "VAE",
          "localized_name": "vae"
        },
        {
          "widget": {
            "name": "frame_rate"
          },
          "name": "frame_rate",
          "label": "frame_rate",
          "type": "FLOAT",
          "localized_name": "frame_rate"
        },
        {
          "widget": {
            "name": "loop_count"
          },
          "name": "loop_count",
          "label": "loop_count",
          "type": "INT",
          "localized_name": "loop_count"
        },
        {
          "widget": {
            "name": "filename_prefix"
          },
          "name": "filename_prefix",
          "label": "filename_prefix",
          "type": "STRING",
          "localized_name": "filename_prefix"
        },
        {
          "widget": {
            "name": "format"
          },
          "name": "format",
          "label": "format",
          "type": "COMBO",
          "localized_name": "format"
        },
        {
          "widget": {
            "name": "pingpong"
          },
          "name": "pingpong",
          "label": "pingpong",
          "type": "BOOLEAN",
          "localized_name": "pingpong"
        },
        {
          "widget": {
            "name": "save_output"
          },
          "name": "save_output",
          "label": "save_output",
          "type": "BOOLEAN",
          "localized_name": "save_output"
        },
        {
          "widget": {
            "name": "no_preview"
          },
          "shape": 7,
          "name": "no_preview",
          "label": "no_preview",
          "type": "BOOLEAN",
          "localized_name": "no_preview"
        }
      ],
      "flags": {},
      "type": "VHS_VideoCombine",
      "mode": 0,
      "bgcolor": "#353",
      "size": [
        221.96954345703125,
        720.8565063476562
      ],
      "pos": [
        1438.787841796875,
        665.4691162109375
      ],
      "id": 30,
      "properties": {
        "widget_ue_connectable": {},
        "Node name for S&R": "VHS_VideoCombine"
      },
      "order": 27
    },
    {
      "outputs": [
        {
          "name": "INT",
          "links": [
            65
          ],
          "label": "INT",
          "type": "INT",
          "localized_name": "INT"
        }
      ],
      "color": "#232",
      "widgets_values": [
        5
      ],
      "inputs": [
        {
          "widget": {
            "name": "value"
          },
          "name": "value",
          "label": "value",
          "type": "INT",
          "localized_name": "value"
        }
      ],
      "flags": {},
      "type": "Int",
      "title": "秒数",
      "mode": 0,
      "bgcolor": "#353",
      "size": [
        253.31735229492188,
        62.146732330322266
      ],
      "pos": [
        1090.1199951171875,
        674.1810913085938
      ],
      "id": 59,
      "properties": {
        "widget_ue_connectable": {},
        "Node name for S&R": "Int"
      },
      "order": 8
    },
    {
      "outputs": [
        {
          "name": "IMAGE",
          "links": [
            69
          ],
          "label": "IMAGE",
          "type": "IMAGE",
          "localized_name": "IMAGE"
        },
        {
          "name": "MASK",
          "label": "MASK",
          "type": "MASK",
          "localized_name": "MASK"
        }
      ],
      "color": "#232",
      "widgets_values": [
        "401ed8151620d91645ee085dae0ad3e878a2b3e898dc4d6f7214a566896ec5f6.png",
        "image"
      ],
      "inputs": [
        {
          "widget": {
            "name": "image"
          },
          "name": "image",
          "label": "image",
          "type": "COMBO",
          "localized_name": "image"
        },
        {
          "widget": {
            "name": "upload"
          },
          "name": "upload",
          "label": "upload",
          "type": "IMAGEUPLOAD",
          "localized_name": "choose file to upload"
        }
      ],
      "flags": {},
      "type": "LoadImage",
      "mode": 0,
      "bgcolor": "#353",
      "size": [
        325.2631530761719,
        528.3860473632812
      ],
      "pos": [
        744.9376220703125,
        674.5478515625
      ],
      "id": 18,
      "properties": {
        "widget_ue_connectable": {},
        "Node name for S&R": "LoadImage"
      },
      "order": 9
    },
    {
      "mode": 0,
      "outputs": [],
      "size": [
        315,
        82
      ],
      "color": "rgba(38, 73, 116, 0.7)",
      "pos": [
        834.3441162109375,
        126.6858901977539
      ],
      "widgets_values": [
        true,
        true
      ],
      "inputs": [
        {
          "name": "anything",
          "link": 80,
          "label": "anything",
          "type": "*",
          "localized_name": "anything"
        },
        {
          "widget": {
            "name": "purge_cache"
          },
          "name": "purge_cache",
          "label": "purge_cache",
          "type": "BOOLEAN",
          "localized_name": "purge_cache"
        },
        {
          "widget": {
            "name": "purge_models"
          },
          "name": "purge_models",
          "label": "purge_models",
          "type": "BOOLEAN",
          "localized_name": "purge_models"
        }
      ],
      "flags": {
        "collapsed": true
      },
      "id": 72,
      "type": "LayerUtility: PurgeVRAM",
      "properties": {
        "widget_ue_connectable": {},
        "Node name for S&R": "LayerUtility: PurgeVRAM"
      },
      "order": 12
    },
    {
      "outputs": [
        {
          "name": "text_embeds",
          "slot_index": 0,
          "links": [
            57,
            78
          ],
          "label": "text_embeds",
          "type": "WANVIDEOTEXTEMBEDS",
          "localized_name": "text_embeds"
        }
      ],
      "color": "#232",
      "widgets_values": [
        "大量大量透明的水从上面冲下来，水迅速冲掉女人身上衣服，(然后她露出浅白色连体泳衣:1.8)，显现出被水打湿的效果，人物闭上眼睛露出害羞的表情。",
        "色调艳丽，过曝，静态，细节模糊不清，字幕，风格，作品，画作，画面，静止，整体发灰，最差质量，低质量，JPEG压缩残留，丑陋的，残缺的，多余的手指，画得不好的手部，画得不好的脸部，畸形的，毁容的，形态畸形的肢体，手指融合，静止不动的画面，杂乱的背景，三条腿，背景人很多，倒着走，nsfw,裸体",
        true,
        false,
        "gpu"
      ],
      "inputs": [
        {
          "shape": 7,
          "name": "t5",
          "link": 53,
          "label": "t5",
          "type": "WANTEXTENCODER",
          "localized_name": "t5"
        },
        {
          "shape": 7,
          "name": "model_to_offload",
          "label": "model_to_offload",
          "type": "WANVIDEOMODEL",
          "localized_name": "model_to_offload"
        },
        {
          "widget": {
            "name": "positive_prompt"
          },
          "name": "positive_prompt",
          "label": "positive_prompt",
          "type": "STRING",
          "localized_name": "positive_prompt"
        },
        {
          "widget": {
            "name": "negative_prompt"
          },
          "name": "negative_prompt",
          "label": "negative_prompt",
          "type": "STRING",
          "localized_name": "negative_prompt"
        },
        {
          "widget": {
            "name": "force_offload"
          },
          "shape": 7,
          "name": "force_offload",
          "label": "force_offload",
          "type": "BOOLEAN",
          "localized_name": "force_offload"
        },
        {
          "widget": {
            "name": "use_disk_cache"
          },
          "shape": 7,
          "name": "use_disk_cache",
          "label": "use_disk_cache",
          "type": "BOOLEAN",
          "localized_name": "use_disk_cache"
        },
        {
          "widget": {
            "name": "device"
          },
          "shape": 7,
          "name": "device",
          "label": "device",
          "type": "COMBO",
          "localized_name": "device"
        }
      ],
      "flags": {
        "collapsed": true
      },
      "type": "WanVideoTextEncode",
      "title": "WanVideo TextEncode  aijuxi",
      "mode": 0,
      "bgcolor": "#353",
      "size": [
        500,
        390
      ],
      "pos": [
        845.9510498046875,
        201.8378143310547
      ],
      "id": 51,
      "properties": {
        "widget_ue_connectable": {},
        "Node name for S&R": "WanVideoTextEncode"
      },
      "order": 11
    },
    {
      "outputs": [
        {
          "name": "INT",
          "links": [
            72
          ],
          "label": "INT",
          "type": "INT",
          "localized_name": "INT"
        }
      ],
      "color": "#232",
      "widgets_values": [
        1024
      ],
      "inputs": [
        {
          "widget": {
            "name": "value"
          },
          "name": "value",
          "label": "value",
          "type": "INT",
          "localized_name": "value"
        }
      ],
      "flags": {},
      "type": "Int",
      "title": "最大边长值（分辨率最大1920）",
      "mode": 0,
      "bgcolor": "#353",
      "size": [
        250.20730590820312,
        58
      ],
      "pos": [
        1091.8260498046875,
        783.8142700195312
      ],
      "id": 64,
      "properties": {
        "widget_ue_connectable": {},
        "Node name for S&R": "Int"
      },
      "order": 10
    }
  ],
  "extra": {
    "VHS_KeepIntermediate": true,
    "links_added_by_ue": [],
    "VHS_MetadataImage": true,
    "ue_links": [],
    "0246.VERSION": [
      0,
      0,
      4
    ],
    "VHS_latentpreviewrate": 0,
    "VHS_latentpreview": false,
    "node_versions": {
      "ComfyUI-WanVideoWrapper": "c83f47e4d97b5891058555df16db5e33d16afab1",
      "ComfyUI-VideoHelperSuite": "2c25b8b53835aaeb63f831b3137c705cf9f85dce",
      "comfy-core": "0.3.14"
    },
    "ds": {
      "offset": [
        -466.6968917901453,
        -611.581323745426
      ],
      "scale": 0.8769226950000046
    }
  },
  "groups": [
    {
      "color": "#b58b2a",
      "font_size": 24,
      "flags": {},
      "id": 1,
      "title": "泼水变装+换装=通义万相=B站艾橘溪（生成6秒大概8分钟）",
      "bounding": [
        270,
        -470,
        2120.406494140625,
        1002.6441040039062
      ]
    },
    {
      "color": "#3f789e",
      "font_size": 24,
      "flags": {},
      "id": 2,
      "title": "输入",
      "bounding": [
        734.9376220703125,
        593.1111450195312,
        641.58056640625,
        829.8399658203125
      ]
    },
    {
      "color": "#A88",
      "font_size": 24,
      "flags": {},
      "id": 3,
      "title": "结果",
      "bounding": [
        1413.962890625,
        591.8690795898438,
        593.9577026367188,
        832.8755493164062
      ]
    }
  ],
  "links": [
    [
      34,
      21,
      0,
      28,
      0,
      "VAE"
    ],
    [
      50,
      49,
      0,
      48,
      1,
      "BLOCKSWAPARGS"
    ],
    [
      53,
      11,
      0,
      51,
      0,
      "WANTEXTENCODER"
    ],
    [
      55,
      53,
      0,
      28,
      1,
      "LATENT"
    ],
    [
      56,
      48,
      0,
      53,
      0,
      "WANVIDEOMODEL"
    ],
    [
      57,
      51,
      0,
      53,
      1,
      "WANVIDEOTEXTEMBEDS"
    ],
    [
      60,
      28,
      0,
      55,
      0,
      "*"
    ],
    [
      61,
      55,
      0,
      30,
      0,
      "IMAGE"
    ],
    [
      65,
      59,
      0,
      60,
      0,
      "INT,FLOAT,IMAGE,LATENT"
    ],
    [
      69,
      18,
      0,
      63,
      0,
      "IMAGE"
    ],
    [
      72,
      64,
      0,
      63,
      9,
      "INT"
    ],
    [
      73,
      65,
      0,
      48,
      2,
      "WANVIDLORA"
    ],
    [
      74,
      66,
      0,
      65,
      0,
      "WANVIDLORA"
    ],
    [
      76,
      63,
      0,
      68,
      0,
      "*"
    ],
    [
      77,
      53,
      0,
      69,
      0,
      "*"
    ],
    [
      78,
      51,
      0,
      70,
      0,
      "*"
    ],
    [
      79,
      48,
      0,
      71,
      0,
      "*"
    ],
    [
      80,
      11,
      0,
      72,
      0,
      "*"
    ],
    [
      99,
      81,
      0,
      53,
      2,
      "WANVIDIMAGE_EMBEDS"
    ],
    [
      100,
      21,
      0,
      81,
      0,
      "WANVAE"
    ],
    [
      101,
      82,
      0,
      81,
      1,
      "WANVIDIMAGE_CLIPEMBEDS"
    ],
    [
      102,
      13,
      0,
      82,
      0,
      "CLIP_VISION"
    ],
    [
      103,
      63,
      0,
      82,
      1,
      "IMAGE"
    ],
    [
      104,
      63,
      0,
      81,
      2,
      "IMAGE"
    ],
    [
      105,
      63,
      3,
      81,
      8,
      "INT"
    ],
    [
      106,
      63,
      4,
      81,
      9,
      "INT"
    ],
    [
      107,
      60,
      0,
      81,
      10,
      "INT"
    ],
    [
      108,
      81,
      0,
      73,
      0,
      "*"
    ]
  ],
  "id": "31ed290a-7401-41d2-b56b-0ae52b90ced1",
  "config": {},
  "version": 0.4,
  "last_node_id": 82,
  "revision": 0
}