{
  "last_link_id": 51,
  "nodes": [
    {
      "mode": 0,
      "outputs": [
        {
          "name": "model",
          "links": [
            11
          ],
          "label": "model",
          "type": "MODEL_SONIC",
          "localized_name": "model"
        },
        {
          "name": "dtype",
          "links": [
            17
          ],
          "label": "dtype",
          "type": "DTYPE",
          "localized_name": "dtype"
        }
      ],
      "size": [
        348.7929992675781,
        162.27059936523438
      ],
      "pos": [
        830.7203369140625,
        961.7745971679688
      ],
      "widgets_values": [
        "unet.pth",
        1,
        1,
        "fp16"
      ],
      "inputs": [
        {
          "name": "model",
          "link": 10,
          "label": "model",
          "type": "MODEL",
          "localized_name": "model"
        }
      ],
      "flags": {},
      "id": 13,
      "type": "SONICTLoader",
      "properties": {
        "Node name for S&R": "SONICTLoader"
      },
      "order": 6
    },
    {
      "mode": 0,
      "outputs": [
        {
          "name": "image",
          "slot_index": 0,
          "links": [
            8
          ],
          "label": "image",
          "type": "IMAGE",
          "localized_name": "image"
        },
        {
          "name": "fps",
          "slot_index": 1,
          "links": [
            9
          ],
          "label": "fps",
          "type": "FLOAT",
          "localized_name": "fps"
        }
      ],
      "size": [
        315,
        174
      ],
      "pos": [
        1086.106201171875,
        1203.7591552734375
      ],
      "widgets_values": [
        905510164,
        "randomize",
        25,
        1.8,
        25
      ],
      "inputs": [
        {
          "name": "model",
          "link": 11,
          "label": "model",
          "type": "MODEL_SONIC",
          "localized_name": "model"
        },
        {
          "name": "data_dict",
          "link": 12,
          "label": "data_dict",
          "type": "SONIC_PREDATA",
          "localized_name": "data_dict"
        }
      ],
      "flags": {},
      "id": 14,
      "type": "SONICSampler",
      "properties": {
        "Node name for S&R": "SONICSampler"
      },
      "order": 19
    },
    {
      "mode": 0,
      "outputs": [
        {
          "name": "data_dict",
          "links": [
            12
          ],
          "label": "data_dict",
          "type": "SONIC_PREDATA",
          "localized_name": "data_dict"
        }
      ],
      "size": [
        315,
        198
      ],
      "pos": [
        708.165283203125,
        1319.9866943359375
      ],
      "widgets_values": [
        512,
        8,
        0.5
      ],
      "inputs": [
        {
          "name": "clip_vision",
          "link": 13,
          "label": "clip_vision",
          "type": "CLIP_VISION",
          "localized_name": "clip_vision"
        },
        {
          "name": "vae",
          "link": 14,
          "label": "vae",
          "type": "VAE",
          "localized_name": "vae"
        },
        {
          "name": "audio",
          "link": 20,
          "label": "audio",
          "type": "AUDIO",
          "localized_name": "audio"
        },
        {
          "name": "image",
          "link": 15,
          "label": "image",
          "type": "IMAGE",
          "localized_name": "image"
        },
        {
          "widget": {
            "name": "duration"
          },
          "name": "duration",
          "link": 16,
          "label": "duration",
          "type": "FLOAT"
        },
        {
          "name": "weight_dtype",
          "link": 17,
          "label": "weight_dtype",
          "type": "DTYPE",
          "localized_name": "weight_dtype"
        }
      ],
      "flags": {},
      "id": 15,
      "type": "SONIC_PreData",
      "properties": {
        "Node name for S&R": "SONIC_PreData"
      },
      "order": 18
    },
    {
      "mode": 0,
      "outputs": [
        {
          "name": "IMAGE",
          "links": [
            15
          ],
          "label": "IMAGE",
          "type": "IMAGE",
          "localized_name": "图像"
        }
      ],
      "size": [
        210,
        85.34497833251953
      ],
      "pos": [
        626.1417846679688,
        1186.343994140625
      ],
      "widgets_values": [
        1024,
        true
      ],
      "inputs": [
        {
          "name": "images",
          "link": 18,
          "label": "images",
          "type": "IMAGE",
          "localized_name": "images"
        }
      ],
      "flags": {},
      "id": 16,
      "type": "ImageScaleDownToSize",
      "properties": {
        "Node name for S&R": "ImageScaleDownToSize"
      },
      "order": 8
    },
    {
      "mode": 0,
      "outputs": [
        {
          "name": "MODEL",
          "slot_index": 0,
          "links": [
            10
          ],
          "label": "模型",
          "type": "MODEL",
          "localized_name": "模型"
        },
        {
          "name": "CLIP_VISION",
          "slot_index": 1,
          "links": [
            13
          ],
          "label": "CLIP视觉",
          "type": "CLIP_VISION",
          "localized_name": "CLIP视觉"
        },
        {
          "name": "VAE",
          "slot_index": 2,
          "links": [
            14
          ],
          "label": "VAE",
          "type": "VAE",
          "localized_name": "VAE"
        }
      ],
      "size": [
        369.6000061035156,
        129.0594482421875
      ],
      "pos": [
        385.6327819824219,
        958.9110717773438
      ],
      "widgets_values": [
        "svd_xt_1_1.safetensors"
      ],
      "inputs": [],
      "flags": {},
      "id": 18,
      "type": "ImageOnlyCheckpointLoader",
      "properties": {
        "Node name for S&R": "ImageOnlyCheckpointLoader"
      },
      "order": 0
    },
    {
      "mode": 0,
      "outputs": [
        {
          "name": "output",
          "label": "output",
          "type": "*",
          "localized_name": "output"
        }
      ],
      "size": [
        210,
        88
      ],
      "pos": [
        1317.574951171875,
        620.090576171875
      ],
      "widgets_values": [
        "19.992"
      ],
      "inputs": [
        {
          "shape": 7,
          "name": "anything",
          "link": 7,
          "label": "输入任何",
          "type": "*",
          "localized_name": "anything"
        }
      ],
      "flags": {},
      "id": 11,
      "type": "easy showAnything",
      "properties": {
        "Node name for S&R": "easy showAnything"
      },
      "order": 17
    },
    {
      "mode": 0,
      "outputs": [
        {
          "name": "INT",
          "label": "整数",
          "type": "INT",
          "localized_name": "整数"
        },
        {
          "name": "FLOAT",
          "links": [
            7,
            16
          ],
          "label": "浮点",
          "type": "FLOAT",
          "localized_name": "浮点"
        }
      ],
      "size": [
        210,
        128
      ],
      "pos": [
        1020.8524780273438,
        615.4276733398438
      ],
      "widgets_values": [
        "a/1000"
      ],
      "inputs": [
        {
          "shape": 7,
          "name": "a",
          "link": 6,
          "label": "a",
          "type": "INT,FLOAT,IMAGE,LATENT",
          "localized_name": "a"
        },
        {
          "shape": 7,
          "name": "b",
          "label": "b",
          "type": "INT,FLOAT,IMAGE,LATENT",
          "localized_name": "b"
        },
        {
          "shape": 7,
          "name": "c",
          "label": "c",
          "type": "INT,FLOAT,IMAGE,LATENT",
          "localized_name": "c"
        }
      ],
      "flags": {},
      "id": 10,
      "type": "MathExpression|pysssss",
      "properties": {
        "Node name for S&R": "MathExpression|pysssss"
      },
      "order": 16
    },
    {
      "outputs": [],
      "color": "#432",
      "widgets_values": [
        "https://github.com/billwuhao/ComfyUI_Seed-VC/blob/main/README-CN.md"
      ],
      "inputs": [],
      "flags": {},
      "type": "MarkdownNote",
      "mode": 0,
      "bgcolor": "#653",
      "size": [
        436.71484375,
        107.96484375
      ],
      "pos": [
        923.015380859375,
        37.44235610961914
      ],
      "id": 7,
      "properties": {},
      "order": 1
    },
    {
      "mode": 0,
      "outputs": [
        {
          "name": "AUDIO",
          "links": [
            2
          ],
          "label": "音频",
          "type": "AUDIO",
          "localized_name": "音频"
        }
      ],
      "size": [
        315,
        136
      ],
      "pos": [
        317.64453125,
        518.046875
      ],
      "widgets_values": [
        "0f0c23bce1d13edf6594c75b2fe13144a75240567a95488ddd6c21a0564d8193.mp4",
        "",
        ""
      ],
      "inputs": [],
      "flags": {},
      "id": 3,
      "type": "LoadAudio",
      "properties": {
        "Node name for S&R": "LoadAudio"
      },
      "order": 2
    },
    {
      "mode": 0,
      "outputs": [
        {
          "name": "AUDIO",
          "links": [
            23,
            26
          ],
          "label": "AUDIO",
          "type": "AUDIO",
          "localized_name": "音频"
        }
      ],
      "size": [
        210,
        82
      ],
      "pos": [
        515.448486328125,
        282.53558349609375
      ],
      "widgets_values": [
        "0:00",
        "0:20"
      ],
      "inputs": [
        {
          "name": "audio",
          "link": 22,
          "label": "audio",
          "type": "AUDIO",
          "localized_name": "audio"
        },
        {
          "widget": {
            "name": "end_time"
          },
          "name": "end_time",
          "link": 25,
          "label": "end_time",
          "type": "STRING"
        }
      ],
      "flags": {},
      "id": 19,
      "type": "AudioCrop",
      "properties": {
        "Node name for S&R": "AudioCrop"
      },
      "order": 7
    },
    {
      "mode": 0,
      "outputs": [
        {
          "name": "AUDIO",
          "links": [
            31
          ],
          "label": "AUDIO",
          "type": "AUDIO",
          "localized_name": "音频"
        }
      ],
      "size": [
        315,
        78
      ],
      "pos": [
        1867.2413330078125,
        432.64093017578125
      ],
      "widgets_values": [
        "add"
      ],
      "inputs": [
        {
          "name": "audio_1",
          "link": 38,
          "label": "audio_1",
          "type": "AUDIO",
          "localized_name": "audio_1"
        },
        {
          "name": "audio_2",
          "link": 39,
          "label": "audio_2",
          "type": "AUDIO",
          "localized_name": "audio_2"
        }
      ],
      "flags": {},
      "id": 24,
      "type": "AudioCombine",
      "properties": {
        "Node name for S&R": "AudioCombine"
      },
      "order": 12
    },
    {
      "mode": 0,
      "outputs": [
        {
          "name": "Filenames",
          "label": "文件名",
          "type": "VHS_FILENAMES",
          "localized_name": "Filenames"
        }
      ],
      "size": [
        334.648681640625,
        859.3040771484375
      ],
      "pos": [
        1427.6328125,
        871.9109497070312
      ],
      "widgets_values": {
        "save_output": true,
        "filename_prefix": "pl",
        "loop_count": 0,
        "pix_fmt": "yuv420p",
        "save_metadata": false,
        "crf": 19,
        "trim_to_audio": false,
        "videopreview": {
          "paused": false,
          "hidden": false,
          "params": {
            "filename": "pl_00006-audio_tjije_1749741087.mp4",
            "workflow": "pl_00006.png",
            "fullpath": "/data/ComfyUI/personal/dc555219c23018b8fa8b4774a3e25d14/output/pl_00006-audio.mp4",
            "format": "video/h264-mp4",
            "subfolder": "",
            "type": "output",
            "frame_rate": 25
          },
          "muted": false
        },
        "format": "video/h264-mp4",
        "frame_rate": 16,
        "pingpong": false
      },
      "inputs": [
        {
          "name": "images",
          "link": 8,
          "label": "图像",
          "type": "IMAGE",
          "localized_name": "images"
        },
        {
          "shape": 7,
          "name": "audio",
          "link": 50,
          "label": "音频",
          "type": "AUDIO",
          "localized_name": "audio"
        },
        {
          "shape": 7,
          "name": "meta_batch",
          "label": "批次管理",
          "type": "VHS_BatchManager",
          "localized_name": "meta_batch"
        },
        {
          "shape": 7,
          "name": "vae",
          "label": "vae",
          "type": "VAE",
          "localized_name": "vae"
        },
        {
          "widget": {
            "name": "frame_rate"
          },
          "name": "frame_rate",
          "link": 9,
          "label": "frame_rate",
          "type": "FLOAT",
          "localized_name": "帧率"
        }
      ],
      "flags": {},
      "id": 12,
      "type": "VHS_VideoCombine",
      "properties": {
        "Node name for S&R": "VHS_VideoCombine"
      },
      "order": 20
    },
    {
      "mode": 0,
      "outputs": [
        {
          "name": "string",
          "links": [
            25
          ],
          "label": "字符串",
          "type": "STRING",
          "localized_name": "string"
        }
      ],
      "size": [
        315,
        58
      ],
      "pos": [
        376.3282470703125,
        42.218017578125
      ],
      "widgets_values": [
        "0:20"
      ],
      "inputs": [],
      "flags": {},
      "id": 21,
      "type": "Primitive string [Crystools]",
      "properties": {
        "Node name for S&R": "Primitive string [Crystools]"
      },
      "order": 3
    },
    {
      "mode": 0,
      "outputs": [
        {
          "name": "Bass",
          "links": [
            36
          ],
          "label": "Bass",
          "type": "AUDIO",
          "localized_name": "Bass"
        },
        {
          "name": "Drums",
          "links": [
            39
          ],
          "label": "Drums",
          "type": "AUDIO",
          "localized_name": "Drums"
        },
        {
          "name": "Other",
          "links": [
            40
          ],
          "label": "Other",
          "type": "AUDIO",
          "localized_name": "Other"
        },
        {
          "name": "Vocals",
          "links": [],
          "label": "Vocals",
          "type": "AUDIO",
          "localized_name": "Vocals"
        }
      ],
      "size": [
        241.2916259765625,
        166
      ],
      "pos": [
        1563.5562744140625,
        290.5958251953125
      ],
      "widgets_values": [
        "linear",
        20,
        0.1
      ],
      "inputs": [
        {
          "name": "audio",
          "link": 26,
          "label": "audio",
          "type": "AUDIO",
          "localized_name": "audio"
        }
      ],
      "flags": {},
      "id": 23,
      "type": "AudioSeparation",
      "properties": {
        "Node name for S&R": "AudioSeparation"
      },
      "order": 10
    },
    {
      "mode": 0,
      "outputs": [
        {
          "name": "audio",
          "links": [
            20,
            35
          ],
          "label": "audio",
          "type": "AUDIO",
          "localized_name": "audio"
        }
      ],
      "size": [
        315,
        222
      ],
      "pos": [
        755.54296875,
        321.3125
      ],
      "widgets_values": [
        30,
        1,
        0.7,
        true,
        true,
        0,
        true
      ],
      "inputs": [
        {
          "name": "source_audio",
          "link": 23,
          "label": "source_audio",
          "type": "AUDIO",
          "localized_name": "source_audio"
        },
        {
          "name": "ref_audio",
          "link": 2,
          "label": "ref_audio",
          "type": "AUDIO",
          "localized_name": "ref_audio"
        }
      ],
      "flags": {},
      "id": 1,
      "type": "SeedVCRun",
      "properties": {
        "Node name for S&R": "SeedVCRun"
      },
      "order": 9
    },
    {
      "mode": 0,
      "outputs": [
        {
          "name": "duration_ms",
          "links": [
            6
          ],
          "label": "duration_ms",
          "type": "INT",
          "localized_name": "duration_ms"
        }
      ],
      "size": [
        252,
        26
      ],
      "pos": [
        706.4276733398438,
        626.6190185546875
      ],
      "widgets_values": [],
      "inputs": [
        {
          "name": "audio",
          "link": 33,
          "label": "audio",
          "type": "AUDIO",
          "localized_name": "audio"
        }
      ],
      "flags": {},
      "id": 9,
      "type": "Audio Duration (mtb)",
      "properties": {
        "Node name for S&R": "Audio Duration (mtb)"
      },
      "order": 14
    },
    {
      "mode": 0,
      "outputs": [
        {
          "name": "AUDIO",
          "links": [
            33,
            34,
            50
          ],
          "label": "AUDIO",
          "type": "AUDIO",
          "localized_name": "音频"
        }
      ],
      "size": [
        315,
        78
      ],
      "pos": [
        1861.7864990234375,
        567.8319702148438
      ],
      "widgets_values": [
        "add"
      ],
      "inputs": [
        {
          "name": "audio_1",
          "link": 31,
          "label": "audio_1",
          "type": "AUDIO",
          "localized_name": "audio_1"
        },
        {
          "name": "audio_2",
          "link": 40,
          "label": "audio_2",
          "type": "AUDIO",
          "localized_name": "audio_2"
        }
      ],
      "flags": {},
      "id": 25,
      "type": "AudioCombine",
      "properties": {
        "Node name for S&R": "AudioCombine"
      },
      "order": 13
    },
    {
      "mode": 0,
      "outputs": [
        {
          "name": "AUDIO",
          "links": [
            38
          ],
          "label": "AUDIO",
          "type": "AUDIO",
          "localized_name": "音频"
        }
      ],
      "size": [
        315,
        78
      ],
      "pos": [
        1894.934814453125,
        289.5361633300781
      ],
      "widgets_values": [
        "add"
      ],
      "inputs": [
        {
          "name": "audio_1",
          "link": 35,
          "label": "audio_1",
          "type": "AUDIO",
          "localized_name": "audio_1"
        },
        {
          "name": "audio_2",
          "link": 36,
          "label": "audio_2",
          "type": "AUDIO",
          "localized_name": "audio_2"
        }
      ],
      "flags": {},
      "id": 22,
      "type": "AudioCombine",
      "properties": {
        "Node name for S&R": "AudioCombine"
      },
      "order": 11
    },
    {
      "mode": 0,
      "outputs": [],
      "size": [
        315,
        112
      ],
      "pos": [
        2331.84130859375,
        387.2889709472656
      ],
      "widgets_values": [
        "pl-SeedVoice",
        ""
      ],
      "inputs": [
        {
          "name": "audio",
          "link": 34,
          "label": "audio",
          "type": "AUDIO",
          "localized_name": "音频"
        }
      ],
      "flags": {},
      "id": 8,
      "type": "SaveAudio",
      "properties": {
        "Node name for S&R": "SaveAudio"
      },
      "order": 15
    },
    {
      "mode": 0,
      "outputs": [
        {
          "name": "AUDIO",
          "links": [
            22
          ],
          "label": "音频",
          "type": "AUDIO",
          "localized_name": "音频"
        }
      ],
      "size": [
        315,
        136
      ],
      "pos": [
        163.40786743164062,
        277.88287353515625
      ],
      "widgets_values": [
        "c144474182637417873c8940b8c99a343aea3c9e47229bc63b113a916132607b.flac",
        "",
        ""
      ],
      "inputs": [],
      "flags": {},
      "id": 2,
      "type": "LoadAudio",
      "properties": {
        "Node name for S&R": "LoadAudio"
      },
      "order": 4
    },
    {
      "mode": 0,
      "outputs": [
        {
          "name": "IMAGE",
          "slot_index": 0,
          "links": [
            18
          ],
          "label": "图像",
          "type": "IMAGE",
          "localized_name": "图像"
        },
        {
          "name": "MASK",
          "label": "遮罩",
          "type": "MASK",
          "localized_name": "遮罩"
        }
      ],
      "size": [
        349.832275390625,
        366.5203552246094
      ],
      "pos": [
        239.79034423828125,
        1172.5308837890625
      ],
      "widgets_values": [
        "92bbd08e552e342350e185ef373ecb46b4395191c8c4914471ee4853ac74a871.jpg",
        "image",
        ""
      ],
      "inputs": [],
      "flags": {},
      "id": 17,
      "type": "LoadImage",
      "properties": {
        "Node name for S&R": "LoadImage"
      },
      "order": 5
    }
  ],
  "extra": {
    "VHS_KeepIntermediate": true,
    "ue_links": [],
    "VHS_MetadataImage": true,
    "0246.VERSION": [
      0,
      0,
      4
    ],
    "VHS_latentpreviewrate": 0,
    "VHS_latentpreview": false,
    "ds": {
      "offset": [
        2093.441711425781,
        1390.8756052652989
      ],
      "scale": 0.45
    }
  },
  "groups": [
    {
      "color": "#3f789e",
      "font_size": 24,
      "flags": {},
      "id": 1,
      "title": "Sonic",
      "bounding": [
        229.79034423828125,
        798.3109741210938,
        1542.4910888671875,
        982.2351684570312
      ]
    },
    {
      "color": "#3f789e",
      "font_size": 24,
      "flags": {},
      "id": 2,
      "title": "音色克隆",
      "bounding": [
        307.64453125,
        203.09921264648438,
        1189.0133056640625,
        460.9476623535156
      ]
    },
    {
      "color": "#3f789e",
      "font_size": 24,
      "flags": {},
      "id": 3,
      "title": "音频合并-背景音乐",
      "bounding": [
        1553.5562744140625,
        205.81747436523438,
        703.9965209960938,
        484.0502014160156
      ]
    },
    {
      "color": "#8A8",
      "font_size": 240,
      "flags": {},
      "id": 4,
      "title": "欢迎关注【破狼】公众号",
      "bounding": [
        -7.515740394592285,
        -587.9125366210938,
        2973.7998046875,
        385.0824279785156
      ]
    }
  ],
  "links": [
    [
      2,
      3,
      0,
      1,
      1,
      "AUDIO"
    ],
    [
      6,
      9,
      0,
      10,
      0,
      "INT,FLOAT,IMAGE,LATENT"
    ],
    [
      7,
      10,
      1,
      11,
      0,
      "*"
    ],
    [
      8,
      14,
      0,
      12,
      0,
      "IMAGE"
    ],
    [
      9,
      14,
      1,
      12,
      4,
      "FLOAT"
    ],
    [
      10,
      18,
      0,
      13,
      0,
      "MODEL"
    ],
    [
      11,
      13,
      0,
      14,
      0,
      "MODEL_SONIC"
    ],
    [
      12,
      15,
      0,
      14,
      1,
      "SONIC_PREDATA"
    ],
    [
      13,
      18,
      1,
      15,
      0,
      "CLIP_VISION"
    ],
    [
      14,
      18,
      2,
      15,
      1,
      "VAE"
    ],
    [
      15,
      16,
      0,
      15,
      3,
      "IMAGE"
    ],
    [
      16,
      10,
      1,
      15,
      4,
      "FLOAT"
    ],
    [
      17,
      13,
      1,
      15,
      5,
      "DTYPE"
    ],
    [
      18,
      17,
      0,
      16,
      0,
      "IMAGE"
    ],
    [
      20,
      1,
      0,
      15,
      2,
      "AUDIO"
    ],
    [
      22,
      2,
      0,
      19,
      0,
      "AUDIO"
    ],
    [
      23,
      19,
      0,
      1,
      0,
      "AUDIO"
    ],
    [
      25,
      21,
      0,
      19,
      1,
      "STRING"
    ],
    [
      26,
      19,
      0,
      23,
      0,
      "AUDIO"
    ],
    [
      31,
      24,
      0,
      25,
      0,
      "AUDIO"
    ],
    [
      33,
      25,
      0,
      9,
      0,
      "AUDIO"
    ],
    [
      34,
      25,
      0,
      8,
      0,
      "AUDIO"
    ],
    [
      35,
      1,
      0,
      22,
      0,
      "AUDIO"
    ],
    [
      36,
      23,
      0,
      22,
      1,
      "AUDIO"
    ],
    [
      38,
      22,
      0,
      24,
      0,
      "AUDIO"
    ],
    [
      39,
      23,
      1,
      24,
      1,
      "AUDIO"
    ],
    [
      40,
      23,
      2,
      25,
      1,
      "AUDIO"
    ],
    [
      50,
      25,
      0,
      12,
      1,
      "AUDIO"
    ]
  ],
  "id": "e9804603-6cef-4cb1-a6db-44303f1e3534",
  "config": {},
  "version": 0.4,
  "last_node_id": 33,
  "revision": 0
}