{
  "last_link_id": 218,
  "nodes": [
    {
      "mode": 0,
      "outputs": [
        {
          "shape": 3,
          "name": "text",
          "slot_index": 0,
          "links": [
            67
          ],
          "label": "text",
          "type": "STRING",
          "localized_name": "text"
        }
      ],
      "size": [
        305.57562255859375,
        86.71221160888672
      ],
      "pos": [
        -1612.912841796875,
        -920.8065185546875
      ],
      "widgets_values": [
        "",
        ""
      ],
      "inputs": [
        {
          "widget": {
            "name": "text1"
          },
          "name": "text1",
          "link": 68,
          "label": "text1",
          "type": "STRING"
        },
        {
          "widget": {
            "name": "text2"
          },
          "name": "text2",
          "link": 69,
          "label": "text2",
          "type": "STRING"
        }
      ],
      "flags": {},
      "id": 57,
      "type": "TextCombinerTwo",
      "properties": {
        "Node name for S&R": "TextCombinerTwo"
      },
      "order": 44
    },
    {
      "mode": 0,
      "outputs": [
        {
          "shape": 3,
          "name": "text",
          "slot_index": 0,
          "links": [
            69
          ],
          "label": "text",
          "type": "STRING",
          "localized_name": "text"
        }
      ],
      "size": [
        383.12213134765625,
        88
      ],
      "pos": [
        -2042.9117431640625,
        -720.8063354492188
      ],
      "widgets_values": [
        "你是一个 stable diffusion prompt 专家，为我生成适用于 Stable Diffusion的视频prompt。根据我给你相关单词，你帮我扩写为适合文生视频的prompt。要求:除了 prompt 外，不要输出任何其它的信息，画面要动动起来，中文50字"
      ],
      "inputs": [],
      "flags": {},
      "id": 66,
      "type": "JjkText",
      "properties": {
        "Node name for S&R": "JjkText"
      },
      "order": 0
    },
    {
      "mode": 0,
      "outputs": [
        {
          "name": "output",
          "links": [
            71
          ],
          "label": "output",
          "type": "*",
          "localized_name": "output"
        }
      ],
      "size": [
        369.9493713378906,
        91.6702651977539
      ],
      "pos": [
        -2032.911865234375,
        -870.8067626953125
      ],
      "widgets_values": [
        "红白格纹帽子，卡通元素饰品，红色吊带服饰，苹果配饰，室内背景，复古氛围，甜美风格。"
      ],
      "inputs": [
        {
          "shape": 7,
          "name": "anything",
          "link": 78,
          "label": "输入任何",
          "type": "*",
          "localized_name": "anything"
        }
      ],
      "flags": {},
      "id": 67,
      "type": "easy showAnything",
      "properties": {
        "Node name for S&R": "easy showAnything"
      },
      "order": 35
    },
    {
      "mode": 0,
      "outputs": [
        {
          "shape": 3,
          "name": "text",
          "slot_index": 0,
          "links": [
            68
          ],
          "label": "text",
          "type": "STRING",
          "localized_name": "text"
        }
      ],
      "size": [
        305.57562255859375,
        86.71221160888672
      ],
      "pos": [
        -1622.9127197265625,
        -1060.8062744140625
      ],
      "widgets_values": [
        "",
        ""
      ],
      "inputs": [
        {
          "widget": {
            "name": "text1"
          },
          "name": "text1",
          "link": 70,
          "label": "text1",
          "type": "STRING"
        },
        {
          "widget": {
            "name": "text2"
          },
          "name": "text2",
          "link": 71,
          "label": "text2",
          "type": "STRING"
        }
      ],
      "flags": {},
      "id": 58,
      "type": "TextCombinerTwo",
      "properties": {
        "Node name for S&R": "TextCombinerTwo"
      },
      "order": 40
    },
    {
      "mode": 0,
      "outputs": [
        {
          "name": "describe",
          "links": [
            78
          ],
          "label": "describe",
          "type": "STRING",
          "localized_name": "describe"
        }
      ],
      "size": [
        373.8437805175781,
        101.72373962402344
      ],
      "pos": [
        -2039.239990234375,
        -1199.08447265625
      ],
      "widgets_values": [
        "描写图中的关键词，20个字中文表达。可选择：主体/性别/场景/透视/角度/年龄/景别/服饰/配饰/表情/背景/环境/动作/氛围/色调等"
      ],
      "inputs": [
        {
          "name": "ref_image",
          "link": 79,
          "label": "ref_image",
          "type": "IMAGE",
          "localized_name": "ref_image"
        }
      ],
      "flags": {
        "collapsed": false
      },
      "id": 64,
      "type": "RH_Captioner",
      "properties": {
        "Node name for S&R": "RH_Captioner"
      },
      "order": 27
    },
    {
      "outputs": [
        {
          "shape": 3,
          "name": "width",
          "slot_index": 0,
          "links": [
            63
          ],
          "label": "width",
          "type": "INT",
          "localized_name": "width"
        },
        {
          "shape": 3,
          "name": "height",
          "slot_index": 1,
          "links": [
            64
          ],
          "label": "height",
          "type": "INT",
          "localized_name": "height"
        },
        {
          "shape": 3,
          "name": "resolution",
          "label": "resolution",
          "type": "STRING",
          "localized_name": "resolution"
        }
      ],
      "color": "#232",
      "widgets_values": [
        "1.0",
        "3:4 (Golden Ratio)",
        false,
        "1:1"
      ],
      "inputs": [],
      "flags": {},
      "type": "FluxResolutionNode",
      "mode": 0,
      "bgcolor": "#353",
      "size": [
        547.2839965820312,
        192.0230255126953
      ],
      "pos": [
        -2648.817138671875,
        131.87710571289062
      ],
      "id": 53,
      "properties": {
        "Node name for S&R": "FluxResolutionNode"
      },
      "order": 1
    },
    {
      "outputs": [
        {
          "name": "mmaudio_featureutils",
          "links": [
            115
          ],
          "label": "mmaudio_featureutils",
          "type": "MMAUDIO_FEATUREUTILS",
          "localized_name": "mmaudio_featureutils"
        }
      ],
      "color": "#233",
      "widgets_values": [
        "mmaudio_vae_44k_fp16.safetensors",
        "mmaudio_synchformer_fp16.safetensors",
        "apple_DFN5B-CLIP-ViT-H-14-384_fp16.safetensors",
        "44k",
        "fp16"
      ],
      "inputs": [
        {
          "shape": 7,
          "name": "bigvgan_vocoder_model",
          "label": "bigvgan_vocoder_model",
          "type": "VOCODER_MODEL",
          "localized_name": "bigvgan_vocoder_model"
        }
      ],
      "flags": {},
      "type": "MMAudioFeatureUtilsLoader",
      "mode": 0,
      "bgcolor": "#355",
      "size": [
        487.2332763671875,
        154
      ],
      "pos": [
        -190.18446350097656,
        714.2772827148438
      ],
      "id": 83,
      "properties": {
        "Node name for S&R": "MMAudioFeatureUtilsLoader"
      },
      "order": 2
    },
    {
      "outputs": [
        {
          "name": "output",
          "links": [],
          "label": "output",
          "type": "*",
          "localized_name": "output"
        }
      ],
      "color": "#233",
      "widgets_values": [
        "Toy sounds, background music, cartoon interactions, cheerful chatter, camera shutter sounds, objects colliding."
      ],
      "inputs": [
        {
          "shape": 7,
          "name": "anything",
          "link": 103,
          "label": "输入任何",
          "type": "*",
          "localized_name": "anything"
        }
      ],
      "flags": {
        "collapsed": false
      },
      "type": "easy showAnything",
      "mode": 0,
      "bgcolor": "#355",
      "size": [
        396.2763977050781,
        256.7571105957031
      ],
      "pos": [
        369.8157653808594,
        1014.2774658203125
      ],
      "id": 87,
      "properties": {
        "Node name for S&R": "easy showAnything"
      },
      "order": 45
    },
    {
      "outputs": [
        {
          "name": "mmaudio_model",
          "slot_index": 0,
          "links": [
            114
          ],
          "label": "mmaudio_model",
          "type": "MMAUDIO_MODEL",
          "localized_name": "mmaudio_model"
        }
      ],
      "color": "#233",
      "widgets_values": [
        "mmaudio_large_44k_v2_fp16.safetensors",
        "fp16"
      ],
      "inputs": [],
      "flags": {},
      "type": "MMAudioModelLoader",
      "mode": 0,
      "bgcolor": "#355",
      "size": [
        438.219970703125,
        83.87998962402344
      ],
      "pos": [
        -180.18446350097656,
        564.2772827148438
      ],
      "id": 94,
      "properties": {
        "Node name for S&R": "MMAudioModelLoader"
      },
      "order": 3
    },
    {
      "outputs": [
        {
          "name": "describe",
          "links": [
            113
          ],
          "label": "describe",
          "type": "STRING",
          "localized_name": "describe"
        }
      ],
      "color": "#233",
      "widgets_values": [
        "请根据图像，提取画面可适配声音的环境音关键词，要求只写关键词，15个字，一句话表达"
      ],
      "inputs": [
        {
          "name": "ref_image",
          "link": 127,
          "label": "ref_image",
          "type": "IMAGE",
          "localized_name": "ref_image"
        }
      ],
      "flags": {},
      "type": "RH_Captioner",
      "mode": 0,
      "bgcolor": "#355",
      "size": [
        400,
        200
      ],
      "pos": [
        -650,
        740
      ],
      "id": 102,
      "properties": {
        "Node name for S&R": "RH_Captioner"
      },
      "order": 31
    },
    {
      "mode": 0,
      "outputs": [
        {
          "name": "translation",
          "links": [
            103,
            117
          ],
          "label": "translation",
          "type": "STRING",
          "localized_name": "translation"
        }
      ],
      "size": [
        400,
        200
      ],
      "pos": [
        -110.18450164794922,
        984.2771606445312
      ],
      "widgets_values": [
        "",
        973,
        "randomize",
        "force_english"
      ],
      "inputs": [
        {
          "widget": {
            "name": "prompt"
          },
          "name": "prompt",
          "link": 126,
          "label": "prompt",
          "type": "STRING"
        }
      ],
      "flags": {},
      "id": 105,
      "type": "RH_Translator",
      "properties": {
        "Node name for S&R": "RH_Translator"
      },
      "order": 41
    },
    {
      "mode": 0,
      "outputs": [
        {
          "name": "images",
          "links": [
            134
          ],
          "label": "images",
          "type": "IMAGE",
          "localized_name": "images"
        }
      ],
      "size": [
        315,
        198
      ],
      "pos": [
        847.9522705078125,
        -766.326904296875
      ],
      "widgets_values": [
        true,
        272,
        272,
        144,
        128,
        "default"
      ],
      "inputs": [
        {
          "name": "vae",
          "link": 85,
          "label": "vae",
          "type": "WANVAE",
          "localized_name": "vae"
        },
        {
          "name": "samples",
          "link": 17,
          "label": "samples",
          "type": "LATENT",
          "localized_name": "samples"
        }
      ],
      "flags": {},
      "id": 19,
      "type": "WanVideoDecode",
      "properties": {
        "cnr_id": "ComfyUI-WanVideoWrapper",
        "ver": "d9b1f4d1a5aea91d101ae97a54714a5861af3f50",
        "Node name for S&R": "WanVideoDecode"
      },
      "order": 63
    },
    {
      "mode": 0,
      "outputs": [
        {
          "shape": 3,
          "name": "text",
          "slot_index": 0,
          "links": [
            70
          ],
          "label": "text",
          "type": "STRING",
          "localized_name": "text"
        }
      ],
      "size": [
        373.0452880859375,
        88
      ],
      "pos": [
        -2039.239990234375,
        -1039.0841064453125
      ],
      "widgets_values": [
        " 相关的单词是："
      ],
      "inputs": [],
      "flags": {},
      "id": 65,
      "type": "JjkText",
      "title": "输入关键词",
      "properties": {
        "Node name for S&R": "JjkText"
      },
      "order": 4
    },
    {
      "mode": 0,
      "outputs": [
        {
          "name": "INT",
          "links": [
            93
          ],
          "label": "整数",
          "type": "INT",
          "localized_name": "整数"
        },
        {
          "name": "FLOAT",
          "label": "浮点",
          "type": "FLOAT",
          "localized_name": "浮点"
        }
      ],
      "size": [
        217.0221405029297,
        128
      ],
      "pos": [
        -1304.500732421875,
        -445.8768005371094
      ],
      "widgets_values": [
        "a*64"
      ],
      "inputs": [
        {
          "shape": 7,
          "name": "a",
          "link": 54,
          "label": "a",
          "type": "INT,FLOAT,IMAGE,LATENT",
          "localized_name": "a"
        },
        {
          "shape": 7,
          "name": "b",
          "label": "b",
          "type": "INT,FLOAT,IMAGE,LATENT",
          "localized_name": "b"
        },
        {
          "shape": 7,
          "name": "c",
          "label": "c",
          "type": "INT,FLOAT,IMAGE,LATENT",
          "localized_name": "c"
        }
      ],
      "flags": {
        "collapsed": false
      },
      "id": 46,
      "type": "MathExpression|pysssss",
      "properties": {
        "Node name for S&R": "MathExpression|pysssss"
      },
      "order": 42
    },
    {
      "mode": 0,
      "outputs": [
        {
          "name": "INT",
          "links": [
            53
          ],
          "label": "整数",
          "type": "INT",
          "localized_name": "整数"
        },
        {
          "name": "FLOAT",
          "label": "浮点",
          "type": "FLOAT",
          "localized_name": "浮点"
        }
      ],
      "size": [
        210,
        133
      ],
      "pos": [
        -1517.5892333984375,
        73.963134765625
      ],
      "widgets_values": [
        "a/64"
      ],
      "inputs": [
        {
          "shape": 7,
          "name": "a",
          "link": 59,
          "label": "a",
          "type": "INT,FLOAT,IMAGE,LATENT",
          "localized_name": "a"
        },
        {
          "shape": 7,
          "name": "b",
          "label": "b",
          "type": "INT,FLOAT,IMAGE,LATENT",
          "localized_name": "b"
        },
        {
          "shape": 7,
          "name": "c",
          "label": "c",
          "type": "INT,FLOAT,IMAGE,LATENT",
          "localized_name": "c"
        }
      ],
      "flags": {
        "collapsed": false
      },
      "id": 51,
      "type": "MathExpression|pysssss",
      "properties": {
        "Node name for S&R": "MathExpression|pysssss"
      },
      "order": 39
    },
    {
      "outputs": [
        {
          "name": "text_embeds",
          "links": [
            41
          ],
          "label": "text_embeds",
          "type": "WANVIDEOTEXTEMBEDS",
          "localized_name": "text_embeds"
        }
      ],
      "color": "#322",
      "widgets_values": [
        "色调艳丽，过曝，静态，细节模糊不清，字幕，风格，作品，画作，画面，静止，整体发灰，最差质量，低质量，JPEG压缩残留，丑陋的，残缺的，多余的手指，画得不好的手部，画得不好的脸部，畸形的，毁容的，形态畸形的肢体，手指融合，静止不动的画面，杂乱的背景，三条腿，背景人很多，倒着走",
        true
      ],
      "inputs": [
        {
          "name": "t5",
          "link": 82,
          "label": "t5",
          "type": "WANTEXTENCODER",
          "localized_name": "t5"
        },
        {
          "shape": 7,
          "name": "model_to_offload",
          "link": 80,
          "label": "model_to_offload",
          "type": "WANVIDEOMODEL",
          "localized_name": "model_to_offload"
        }
      ],
      "flags": {},
      "type": "WanVideoTextEncodeSingle",
      "mode": 0,
      "bgcolor": "#533",
      "size": [
        343.3370056152344,
        154.44737243652344
      ],
      "pos": [
        -312.0477294921875,
        -876.326904296875
      ],
      "id": 35,
      "properties": {
        "Node name for S&R": "WanVideoTextEncodeSingle"
      },
      "order": 30
    },
    {
      "outputs": [
        {
          "name": "text_embeds",
          "links": [
            40
          ],
          "label": "text_embeds",
          "type": "WANVIDEOTEXTEMBEDS",
          "localized_name": "text_embeds"
        }
      ],
      "color": "#232",
      "widgets_values": [
        "",
        true
      ],
      "inputs": [
        {
          "name": "t5",
          "link": 81,
          "label": "t5",
          "type": "WANTEXTENCODER",
          "localized_name": "t5"
        },
        {
          "shape": 7,
          "name": "model_to_offload",
          "link": 83,
          "label": "model_to_offload",
          "type": "WANVIDEOMODEL",
          "localized_name": "model_to_offload"
        },
        {
          "widget": {
            "name": "prompt"
          },
          "name": "prompt",
          "link": 145,
          "label": "prompt",
          "type": "STRING"
        }
      ],
      "flags": {},
      "type": "WanVideoTextEncodeSingle",
      "mode": 0,
      "bgcolor": "#353",
      "size": [
        336.8840637207031,
        142.4330596923828
      ],
      "pos": [
        -312.0477294921875,
        -1086.326904296875
      ],
      "id": 36,
      "properties": {
        "Node name for S&R": "WanVideoTextEncodeSingle"
      },
      "order": 60
    },
    {
      "outputs": [
        {
          "name": "wan_t5_model",
          "slot_index": 0,
          "links": [
            81,
            82
          ],
          "label": "wan_t5_model",
          "type": "WANTEXTENCODER",
          "localized_name": "wan_t5_model"
        }
      ],
      "color": "#232",
      "widgets_values": [
        "umt5-xxl-enc-bf16.safetensors",
        "bf16",
        "offload_device",
        "fp8_e4m3fn"
      ],
      "inputs": [],
      "flags": {},
      "type": "LoadWanVideoT5TextEncoder",
      "mode": 0,
      "bgcolor": "#353",
      "size": [
        377.1661376953125,
        130
      ],
      "pos": [
        -762.0477294921875,
        -896.326904296875
      ],
      "id": 71,
      "properties": {
        "cnr_id": "ComfyUI-WanVideoWrapper",
        "ver": "3869b0482b615b6a8fd6f346467c5ef6627eed72",
        "Node name for S&R": "LoadWanVideoT5TextEncoder"
      },
      "order": 5
    },
    {
      "outputs": [
        {
          "name": "vae",
          "slot_index": 0,
          "links": [
            84,
            85
          ],
          "label": "vae",
          "type": "WANVAE",
          "localized_name": "vae"
        }
      ],
      "color": "#332922",
      "widgets_values": [
        "Wan2_1_VAE_bf16.safetensors",
        "bf16"
      ],
      "inputs": [],
      "flags": {},
      "type": "WanVideoVAELoader",
      "mode": 0,
      "bgcolor": "#593930",
      "size": [
        407.8395080566406,
        95.00653076171875
      ],
      "pos": [
        -762.0477294921875,
        -686.326904296875
      ],
      "id": 72,
      "properties": {
        "cnr_id": "ComfyUI-WanVideoWrapper",
        "ver": "3869b0482b615b6a8fd6f346467c5ef6627eed72",
        "Node name for S&R": "WanVideoVAELoader"
      },
      "order": 6
    },
    {
      "outputs": [
        {
          "name": "exp_args",
          "links": [
            31
          ],
          "label": "exp_args",
          "type": "EXPERIMENTALARGS",
          "localized_name": "exp_args"
        }
      ],
      "color": "#233",
      "widgets_values": [
        "",
        true,
        false,
        0,
        false,
        1,
        1.25,
        20
      ],
      "inputs": [],
      "flags": {},
      "type": "WanVideoExperimentalArgs",
      "mode": 0,
      "bgcolor": "#355",
      "size": [
        327.5999755859375,
        226
      ],
      "pos": [
        67.95225524902344,
        -326.326904296875
      ],
      "id": 12,
      "properties": {
        "cnr_id": "ComfyUI-WanVideoWrapper",
        "ver": "2d2a184723dae88388e130659f51c36fcadeaba8",
        "Node name for S&R": "WanVideoExperimentalArgs"
      },
      "order": 7
    },
    {
      "outputs": [
        {
          "name": "INT",
          "links": [
            105
          ],
          "label": "整数",
          "type": "INT",
          "localized_name": "整数"
        }
      ],
      "color": "#233",
      "widgets_values": [
        1
      ],
      "inputs": [],
      "flags": {},
      "type": "Int",
      "mode": 0,
      "bgcolor": "#355",
      "size": [
        315,
        58
      ],
      "pos": [
        -772.2869873046875,
        444.85308837890625
      ],
      "id": 81,
      "properties": {
        "Node name for S&R": "Int"
      },
      "order": 8
    },
    {
      "outputs": [
        {
          "name": "output",
          "label": "output",
          "type": "*",
          "localized_name": "output"
        }
      ],
      "color": "#233",
      "widgets_values": [
        "6.0625"
      ],
      "inputs": [
        {
          "shape": 7,
          "name": "anything",
          "link": 121,
          "label": "输入任何",
          "type": "*",
          "localized_name": "anything"
        }
      ],
      "flags": {},
      "type": "easy showAnything",
      "mode": 0,
      "bgcolor": "#355",
      "size": [
        262.666259765625,
        176.42727661132812
      ],
      "pos": [
        -75.2880859375,
        309.8275451660156
      ],
      "id": 99,
      "properties": {
        "Node name for S&R": "easy showAnything"
      },
      "order": 36
    },
    {
      "outputs": [
        {
          "name": "INT",
          "label": "整数",
          "type": "INT",
          "localized_name": "整数"
        },
        {
          "name": "FLOAT",
          "links": [
            116,
            121
          ],
          "label": "浮点",
          "type": "FLOAT",
          "localized_name": "浮点"
        },
        {
          "name": "STRING",
          "links": [],
          "label": "字符串",
          "type": "STRING",
          "localized_name": "字符串"
        }
      ],
      "color": "#233",
      "shape": 1,
      "widgets_values": [
        "a / b+ c",
        "False",
        0,
        0,
        0
      ],
      "inputs": [
        {
          "widget": {
            "name": "a"
          },
          "shape": 7,
          "name": "a",
          "link": 142,
          "label": "a",
          "type": "INT"
        },
        {
          "widget": {
            "name": "b"
          },
          "shape": 7,
          "name": "b",
          "link": 104,
          "label": "b",
          "type": "INT"
        },
        {
          "widget": {
            "name": "c"
          },
          "shape": 7,
          "name": "c",
          "link": 105,
          "label": "c",
          "type": "INT"
        }
      ],
      "flags": {},
      "type": "Evaluate Integers",
      "mode": 0,
      "bgcolor": "#355",
      "size": [
        315,
        194
      ],
      "pos": [
        -431.404052734375,
        293.1260986328125
      ],
      "id": 88,
      "properties": {
        "Node name for S&R": "Evaluate Integers"
      },
      "order": 28
    },
    {
      "outputs": [
        {
          "name": "INT",
          "links": [
            23
          ],
          "label": "INT",
          "type": "INT",
          "localized_name": "整数"
        }
      ],
      "color": "#223",
      "widgets_values": [
        5
      ],
      "inputs": [],
      "flags": {},
      "type": "JWInteger",
      "title": "时长（秒）",
      "mode": 0,
      "bgcolor": "#335",
      "size": [
        210,
        96.59651184082031
      ],
      "pos": [
        -2886.10986328125,
        -1166.33447265625
      ],
      "id": 18,
      "properties": {
        "Node name for S&R": "JWInteger",
        "ttNbgOverride": {
          "bgcolor": "#335",
          "groupcolor": "#88A",
          "color": "#223"
        }
      },
      "order": 9
    },
    {
      "outputs": [
        {
          "name": "INT",
          "links": [
            48,
            142
          ],
          "label": "整数",
          "type": "INT",
          "localized_name": "整数"
        },
        {
          "name": "FLOAT",
          "label": "浮点",
          "type": "FLOAT",
          "localized_name": "浮点"
        }
      ],
      "color": "#223",
      "widgets_values": [
        "a*16+1"
      ],
      "inputs": [
        {
          "shape": 7,
          "name": "a",
          "link": 23,
          "label": "a",
          "type": "INT,FLOAT,IMAGE,LATENT",
          "localized_name": "a"
        },
        {
          "shape": 7,
          "name": "b",
          "label": "b",
          "type": "INT,FLOAT,IMAGE,LATENT",
          "localized_name": "b"
        },
        {
          "shape": 7,
          "name": "c",
          "label": "c",
          "type": "INT,FLOAT,IMAGE,LATENT",
          "localized_name": "c"
        }
      ],
      "flags": {},
      "type": "MathExpression|pysssss",
      "mode": 0,
      "bgcolor": "#335",
      "size": [
        286.8543395996094,
        128
      ],
      "pos": [
        -622.0477294921875,
        53.673095703125
      ],
      "id": 24,
      "properties": {
        "Node name for S&R": "MathExpression|pysssss"
      },
      "order": 22
    },
    {
      "outputs": [
        {
          "name": "INT",
          "links": [
            104
          ],
          "label": "整数",
          "type": "INT",
          "localized_name": "整数"
        }
      ],
      "color": "#233",
      "widgets_values": [
        16
      ],
      "inputs": [],
      "flags": {},
      "type": "Int",
      "mode": 0,
      "bgcolor": "#355",
      "size": [
        315,
        58
      ],
      "pos": [
        -766.9874877929688,
        321.76434326171875
      ],
      "id": 82,
      "properties": {
        "Node name for S&R": "Int"
      },
      "order": 10
    },
    {
      "outputs": [
        {
          "name": "output",
          "links": [
            126
          ],
          "label": "output",
          "type": "*",
          "localized_name": "output"
        }
      ],
      "color": "#233",
      "widgets_values": [
        "玩具音、背景音乐、卡通互动、欢快聊天、拍照声、物品碰撞声。"
      ],
      "inputs": [
        {
          "shape": 7,
          "name": "anything",
          "link": 113,
          "label": "输入任何",
          "type": "*",
          "localized_name": "anything"
        }
      ],
      "flags": {
        "collapsed": false
      },
      "type": "easy showAnything",
      "mode": 0,
      "bgcolor": "#355",
      "size": [
        396.2573547363281,
        89.26702880859375
      ],
      "pos": [
        -650,
        1010
      ],
      "id": 95,
      "properties": {
        "Node name for S&R": "easy showAnything"
      },
      "order": 37
    },
    {
      "mode": 0,
      "outputs": [
        {
          "name": "translation",
          "links": [
            145
          ],
          "label": "translation",
          "type": "STRING",
          "localized_name": "translation"
        }
      ],
      "size": [
        400,
        200
      ],
      "pos": [
        -1242.262939453125,
        -1035.202880859375
      ],
      "widgets_values": [
        "",
        383,
        "randomize",
        "force_english"
      ],
      "inputs": [
        {
          "widget": {
            "name": "prompt"
          },
          "name": "prompt",
          "link": 144,
          "label": "prompt",
          "type": "STRING"
        }
      ],
      "flags": {},
      "id": 113,
      "type": "RH_Translator",
      "properties": {
        "Node name for S&R": "RH_Translator"
      },
      "order": 59
    },
    {
      "mode": 0,
      "outputs": [
        {
          "name": "",
          "links": [
            173
          ],
          "label": "",
          "type": "*"
        }
      ],
      "size": [
        75,
        26
      ],
      "pos": [
        -2026.0325927734375,
        -593.92333984375
      ],
      "inputs": [
        {
          "widget": {
            "name": "value"
          },
          "name": "",
          "link": 188,
          "label": "",
          "type": "*"
        }
      ],
      "flags": {},
      "id": 127,
      "type": "Reroute",
      "properties": {
        "horizontal": false,
        "showOutputText": false
      },
      "order": 57
    },
    {
      "outputs": [
        {
          "name": "output",
          "links": [
            75,
            156,
            164,
            166
          ],
          "label": "output",
          "type": "*",
          "localized_name": "output"
        }
      ],
      "color": "#232",
      "widgets_values": [
        "一个甜美风格的女孩，戴着红白格纹帽子，身穿红色吊带服饰，搭配苹果形状的卡通饰品，在复古氛围的室内背景中轻轻转身，微笑着摆动身体，展现温馨可爱的动态画面。"
      ],
      "inputs": [
        {
          "shape": 7,
          "name": "anything",
          "link": 74,
          "label": "输入任何",
          "type": "*",
          "localized_name": "anything"
        }
      ],
      "flags": {},
      "type": "easy showAnything",
      "mode": 0,
      "bgcolor": "#353",
      "size": [
        277.86102294921875,
        100.46200561523438
      ],
      "pos": [
        -2960,
        -420
      ],
      "id": 60,
      "properties": {
        "Node name for S&R": "easy showAnything"
      },
      "order": 53
    },
    {
      "outputs": [
        {
          "name": "text",
          "links": [
            76,
            157,
            163,
            165,
            183
          ],
          "label": "text",
          "type": "STRING",
          "localized_name": "text"
        }
      ],
      "color": "#232",
      "widgets_values": [
        "女性，身穿蓝色毛衣，头戴彩色发卡，手轻触头部，然后对着镜头打招呼，轻松氛围，镜头缓慢移动，展现自然动态，画面温馨舒适，充满生机与活力。"
      ],
      "inputs": [],
      "flags": {},
      "type": "JjkText",
      "title": "手写提示词",
      "mode": 0,
      "bgcolor": "#353",
      "size": [
        283.0120849609375,
        88
      ],
      "pos": [
        -2960,
        -270
      ],
      "id": 61,
      "properties": {
        "Node name for S&R": "JjkText"
      },
      "order": 11
    },
    {
      "mode": 0,
      "outputs": [
        {
          "name": "",
          "links": [
            144
          ],
          "label": "",
          "type": "*"
        }
      ],
      "size": [
        75,
        26
      ],
      "pos": [
        -1591.125732421875,
        -605.5704345703125
      ],
      "inputs": [
        {
          "widget": {
            "name": "value"
          },
          "name": "",
          "link": 173,
          "label": "",
          "type": "*"
        }
      ],
      "flags": {},
      "id": 112,
      "type": "Reroute",
      "properties": {
        "horizontal": false,
        "showOutputText": false
      },
      "order": 58
    },
    {
      "mode": 0,
      "outputs": [],
      "size": [
        210,
        76
      ],
      "pos": [
        -1760.7967529296875,
        -79.82377624511719
      ],
      "widgets_values": [
        "1"
      ],
      "inputs": [
        {
          "name": "any",
          "link": 179,
          "label": "any",
          "type": "*",
          "localized_name": "any"
        }
      ],
      "flags": {},
      "id": 120,
      "type": "SDVN Any Show",
      "properties": {
        "Node name for S&R": "SDVN Any Show"
      },
      "order": 29
    },
    {
      "mode": 0,
      "outputs": [
        {
          "name": "STRING",
          "links": [
            187
          ],
          "label": "STRING",
          "type": "STRING",
          "localized_name": "selected_value"
        },
        {
          "name": "selected_label",
          "label": "标签",
          "type": "STRING",
          "localized_name": "selected_label"
        },
        {
          "name": "selected_index",
          "label": "selected_index",
          "type": "INT",
          "localized_name": "selected_index"
        }
      ],
      "size": [
        315,
        122
      ],
      "pos": [
        -2605.215087890625,
        -491.6239929199219
      ],
      "widgets_values": [
        1,
        false
      ],
      "inputs": [
        {
          "shape": 7,
          "name": "input1",
          "link": 182,
          "label": "输入1",
          "type": "STRING",
          "localized_name": "input1"
        },
        {
          "name": "input2",
          "link": 183,
          "label": "输入2",
          "type": "STRING"
        },
        {
          "name": "input3",
          "label": "输入3",
          "type": "STRING"
        }
      ],
      "flags": {},
      "id": 130,
      "type": "ImpactSwitch",
      "properties": {
        "Node name for S&R": "ImpactSwitch"
      },
      "order": 54
    },
    {
      "mode": 0,
      "outputs": [
        {
          "name": "output",
          "links": [
            188
          ],
          "label": "output",
          "type": "*",
          "localized_name": "output"
        }
      ],
      "size": [
        210,
        88
      ],
      "pos": [
        -2592.84912109375,
        -307.6682434082031
      ],
      "widgets_values": [
        "一个甜美风格的女孩，戴着红白格纹帽子，身穿红色吊带服饰，搭配苹果形状的卡通饰品，在复古氛围的室内背景中轻轻转身，微笑着摆动身体，展现温馨可爱的动态画面。"
      ],
      "inputs": [
        {
          "shape": 7,
          "name": "anything",
          "link": 187,
          "label": "输入任何",
          "type": "*",
          "localized_name": "anything"
        }
      ],
      "flags": {},
      "id": 132,
      "type": "easy showAnything",
      "properties": {
        "Node name for S&R": "easy showAnything"
      },
      "order": 56
    },
    {
      "outputs": [],
      "color": "#fff882",
      "widgets_values": [
        "1 自动反推文本\n2 手动输入文本"
      ],
      "inputs": [],
      "flags": {},
      "type": "Note",
      "mode": 0,
      "bgcolor": "#f7e46e",
      "size": [
        210,
        96.48194885253906
      ],
      "pos": [
        -2349.300537109375,
        -320.6193542480469
      ],
      "id": 111,
      "properties": {},
      "order": 12
    },
    {
      "outputs": [],
      "color": "#fff882",
      "widgets_values": [
        "0 上传图像的尺寸比例\n1 手动设置的尺寸比例"
      ],
      "inputs": [],
      "flags": {},
      "type": "Note",
      "mode": 0,
      "bgcolor": "#f7e46e",
      "size": [
        210,
        96.48194885253906
      ],
      "pos": [
        -2925.66357421875,
        162.94061279296875
      ],
      "id": 26,
      "properties": {},
      "order": 13
    },
    {
      "mode": 0,
      "outputs": [
        {
          "shape": 3,
          "name": "prompt opt",
          "slot_index": 0,
          "links": [
            74,
            182
          ],
          "label": "prompt opt",
          "type": "STRING",
          "localized_name": "prompt opt"
        }
      ],
      "size": [
        318.00787353515625,
        145.33853149414062
      ],
      "pos": [
        -2983.707763671875,
        -619.6025390625
      ],
      "widgets_values": [
        "",
        2024,
        "randomize"
      ],
      "inputs": [
        {
          "widget": {
            "name": "prompt"
          },
          "name": "prompt",
          "link": 67,
          "label": "prompt",
          "type": "STRING"
        }
      ],
      "flags": {},
      "id": 56,
      "type": "RH_Prompter",
      "properties": {
        "Node name for S&R": "RH_Prompter"
      },
      "order": 48
    },
    {
      "outputs": [
        {
          "name": "INT",
          "links": [
            147,
            149,
            177
          ],
          "label": "整数",
          "type": "INT",
          "localized_name": "整数"
        }
      ],
      "color": "#432",
      "widgets_values": [
        2
      ],
      "inputs": [],
      "flags": {},
      "type": "Int",
      "mode": 0,
      "bgcolor": "#653",
      "size": [
        210,
        58
      ],
      "pos": [
        -2940.366943359375,
        35.18341064453125
      ],
      "id": 118,
      "properties": {
        "Node name for S&R": "Int"
      },
      "order": 14
    },
    {
      "mode": 0,
      "outputs": [
        {
          "name": "INT",
          "links": [
            178,
            179
          ],
          "label": "INT",
          "type": "INT",
          "localized_name": "selected_value"
        },
        {
          "name": "selected_label",
          "label": "标签",
          "type": "STRING",
          "localized_name": "selected_label"
        },
        {
          "name": "selected_index",
          "label": "selected_index",
          "type": "INT",
          "localized_name": "selected_index"
        }
      ],
      "size": [
        315,
        122
      ],
      "pos": [
        -2579.94384765625,
        -48.00837326049805
      ],
      "widgets_values": [
        1,
        false
      ],
      "inputs": [
        {
          "shape": 7,
          "name": "input1",
          "link": 176,
          "label": "输入1",
          "type": "INT",
          "localized_name": "input1"
        },
        {
          "name": "input2",
          "link": 177,
          "label": "输入2",
          "type": "INT"
        },
        {
          "name": "input3",
          "label": "输入3",
          "type": "INT"
        }
      ],
      "flags": {},
      "id": 129,
      "type": "ImpactSwitch",
      "properties": {
        "Node name for S&R": "ImpactSwitch"
      },
      "order": 23
    },
    {
      "outputs": [
        {
          "name": "INT",
          "links": [
            148,
            176
          ],
          "label": "整数",
          "type": "INT",
          "localized_name": "整数"
        }
      ],
      "color": "#432",
      "widgets_values": [
        1
      ],
      "inputs": [],
      "flags": {},
      "type": "Int",
      "mode": 0,
      "bgcolor": "#653",
      "size": [
        210,
        69.7352066040039
      ],
      "pos": [
        -2945.93896484375,
        -84.77116394042969
      ],
      "id": 54,
      "properties": {
        "Node name for S&R": "Int"
      },
      "order": 15
    },
    {
      "outputs": [
        {
          "name": "text_embeds",
          "links": [
            42
          ],
          "label": "text_embeds",
          "type": "WANVIDEOTEXTEMBEDS",
          "localized_name": "text_embeds"
        }
      ],
      "color": "#233",
      "widgets_values": [
        11,
        2.5,
        0.7000000000000002
      ],
      "inputs": [
        {
          "name": "original_text_embeds",
          "link": 40,
          "label": "original_text_embeds",
          "type": "WANVIDEOTEXTEMBEDS",
          "localized_name": "original_text_embeds"
        },
        {
          "name": "nag_text_embeds",
          "link": 41,
          "label": "nag_text_embeds",
          "type": "WANVIDEOTEXTEMBEDS",
          "localized_name": "nag_text_embeds"
        }
      ],
      "flags": {},
      "type": "WanVideoApplyNAG",
      "mode": 0,
      "bgcolor": "#355",
      "size": [
        287.77734375,
        126
      ],
      "pos": [
        69.30338287353516,
        -1244.878173828125
      ],
      "id": 38,
      "properties": {
        "Node name for S&R": "WanVideoApplyNAG"
      },
      "order": 61
    },
    {
      "outputs": [
        {
          "name": "samples",
          "links": [
            17
          ],
          "label": "samples",
          "type": "LATENT",
          "localized_name": "samples"
        }
      ],
      "color": "#432",
      "widgets_values": [
        10,
        1.0000000000000002,
        5.000000000000001,
        114116984884231,
        "randomize",
        true,
        "unipc",
        0,
        1,
        false,
        "comfy"
      ],
      "inputs": [
        {
          "name": "model",
          "link": 86,
          "label": "model",
          "type": "WANVIDEOMODEL",
          "localized_name": "model"
        },
        {
          "name": "text_embeds",
          "link": 42,
          "label": "text_embeds",
          "type": "WANVIDEOTEXTEMBEDS",
          "localized_name": "text_embeds"
        },
        {
          "name": "image_embeds",
          "link": 49,
          "label": "image_embeds",
          "type": "WANVIDIMAGE_EMBEDS",
          "localized_name": "image_embeds"
        },
        {
          "shape": 7,
          "name": "samples",
          "label": "samples",
          "type": "LATENT",
          "localized_name": "samples"
        },
        {
          "shape": 7,
          "name": "feta_args",
          "link": 29,
          "label": "feta_args",
          "type": "FETAARGS",
          "localized_name": "feta_args"
        },
        {
          "shape": 7,
          "name": "context_options",
          "label": "context_options",
          "type": "WANVIDCONTEXT",
          "localized_name": "context_options"
        },
        {
          "shape": 7,
          "name": "cache_args",
          "label": "cache_args",
          "type": "CACHEARGS",
          "localized_name": "cache_args"
        },
        {
          "shape": 7,
          "name": "flowedit_args",
          "label": "flowedit_args",
          "type": "FLOWEDITARGS",
          "localized_name": "flowedit_args"
        },
        {
          "shape": 7,
          "name": "slg_args",
          "link": 30,
          "label": "slg_args",
          "type": "SLGARGS",
          "localized_name": "slg_args"
        },
        {
          "shape": 7,
          "name": "loop_args",
          "label": "loop_args",
          "type": "LOOPARGS",
          "localized_name": "loop_args"
        },
        {
          "shape": 7,
          "name": "experimental_args",
          "link": 31,
          "label": "experimental_args",
          "type": "EXPERIMENTALARGS",
          "localized_name": "experimental_args"
        },
        {
          "shape": 7,
          "name": "sigmas",
          "label": "sigmas",
          "type": "SIGMAS",
          "localized_name": "sigmas"
        },
        {
          "shape": 7,
          "name": "unianimate_poses",
          "label": "unianimate_poses",
          "type": "UNIANIMATE_POSE",
          "localized_name": "unianimate_poses"
        },
        {
          "shape": 7,
          "name": "fantasytalking_embeds",
          "label": "fantasytalking_embeds",
          "type": "FANTASYTALKING_EMBEDS",
          "localized_name": "fantasytalking_embeds"
        },
        {
          "shape": 7,
          "name": "uni3c_embeds",
          "label": "uni3c_embeds",
          "type": "UNI3C_EMBEDS",
          "localized_name": "uni3c_embeds"
        },
        {
          "shape": 7,
          "name": "multitalk_embeds",
          "label": "multitalk_embeds",
          "type": "MULTITALK_EMBEDS",
          "localized_name": "multitalk_embeds"
        }
      ],
      "flags": {},
      "type": "WanVideoSampler",
      "mode": 0,
      "bgcolor": "#653",
      "size": [
        312.8956298828125,
        804.8956298828125
      ],
      "pos": [
        457.9522705078125,
        -776.326904296875
      ],
      "id": 28,
      "properties": {
        "cnr_id": "ComfyUI-WanVideoWrapper",
        "ver": "2d2a184723dae88388e130659f51c36fcadeaba8",
        "Node name for S&R": "WanVideoSampler"
      },
      "order": 62
    },
    {
      "outputs": [
        {
          "name": "slg_args",
          "links": [
            30
          ],
          "label": "slg_args",
          "type": "SLGARGS",
          "localized_name": "slg_args"
        }
      ],
      "color": "#233",
      "widgets_values": [
        "9",
        0.20000000000000004,
        0.7000000000000002
      ],
      "inputs": [],
      "flags": {},
      "type": "WanVideoSLG",
      "mode": 0,
      "bgcolor": "#355",
      "size": [
        315,
        106
      ],
      "pos": [
        77.95225524902344,
        -516.326904296875
      ],
      "id": 11,
      "properties": {
        "cnr_id": "ComfyUI-WanVideoWrapper",
        "ver": "2d2a184723dae88388e130659f51c36fcadeaba8",
        "Node name for S&R": "WanVideoSLG"
      },
      "order": 16
    },
    {
      "outputs": [
        {
          "name": "feta_args",
          "links": [
            29
          ],
          "label": "feta_args",
          "type": "FETAARGS",
          "localized_name": "feta_args"
        }
      ],
      "color": "#233",
      "widgets_values": [
        2,
        0.20000000000000004,
        0.8000000000000002
      ],
      "inputs": [],
      "flags": {},
      "type": "WanVideoEnhanceAVideo",
      "mode": 0,
      "bgcolor": "#355",
      "size": [
        315,
        106
      ],
      "pos": [
        87.95226287841797,
        -696.326904296875
      ],
      "id": 5,
      "properties": {
        "Node name for S&R": "WanVideoEnhanceAVideo"
      },
      "order": 17
    },
    {
      "mode": 0,
      "outputs": [
        {
          "name": "block_swap_args",
          "slot_index": 0,
          "links": [
            197
          ],
          "label": "block_swap_args",
          "type": "BLOCKSWAPARGS",
          "localized_name": "block_swap_args"
        }
      ],
      "size": [
        398.56658935546875,
        154
      ],
      "pos": [
        -1193.4166259765625,
        -1301.145263671875
      ],
      "widgets_values": [
        40,
        false,
        false,
        false,
        0
      ],
      "inputs": [],
      "flags": {},
      "id": 133,
      "type": "WanVideoBlockSwap",
      "properties": {
        "Node name for S&R": "WanVideoBlockSwap"
      },
      "order": 18
    },
    {
      "outputs": [
        {
          "name": "model",
          "slot_index": 0,
          "links": [
            80,
            83,
            86
          ],
          "label": "model",
          "type": "WANVIDEOMODEL",
          "localized_name": "model"
        }
      ],
      "color": "#223",
      "widgets_values": [
        "wan2114BFusionx_fusionxImage2video.safetensors",
        "bf16",
        "fp8_e4m3fn",
        "offload_device",
        "sageattn"
      ],
      "inputs": [
        {
          "shape": 7,
          "name": "compile_args",
          "label": "compile_args",
          "type": "WANCOMPILEARGS",
          "localized_name": "compile_args"
        },
        {
          "shape": 7,
          "name": "block_swap_args",
          "link": 197,
          "label": "block_swap_args",
          "type": "BLOCKSWAPARGS",
          "localized_name": "block_swap_args"
        },
        {
          "shape": 7,
          "name": "lora",
          "label": "lora",
          "type": "WANVIDLORA",
          "localized_name": "lora"
        },
        {
          "shape": 7,
          "name": "vram_management_args",
          "label": "vram_management_args",
          "type": "VRAM_MANAGEMENTARGS",
          "localized_name": "vram_management_args"
        },
        {
          "shape": 7,
          "name": "vace_model",
          "label": "vace_model",
          "type": "VACEPATH",
          "localized_name": "vace_model"
        },
        {
          "shape": 7,
          "name": "fantasytalking_model",
          "label": "fantasytalking_model",
          "type": "FANTASYTALKINGMODEL",
          "localized_name": "fantasytalking_model"
        },
        {
          "shape": 7,
          "name": "multitalk_model",
          "label": "multitalk_model",
          "type": "MULTITALKMODEL",
          "localized_name": "multitalk_model"
        }
      ],
      "flags": {},
      "type": "WanVideoModelLoader",
      "mode": 0,
      "bgcolor": "#335",
      "size": [
        390.8883361816406,
        274
      ],
      "pos": [
        -782.1907958984375,
        -1321.8023681640625
      ],
      "id": 70,
      "properties": {
        "cnr_id": "ComfyUI-WanVideoWrapper",
        "ver": "3869b0482b615b6a8fd6f346467c5ef6627eed72",
        "Node name for S&R": "WanVideoModelLoader"
      },
      "order": 24
    },
    {
      "mode": 0,
      "outputs": [
        {
          "name": "IMAGE",
          "links": [
            61,
            62,
            79
          ],
          "label": "图像",
          "type": "IMAGE",
          "localized_name": "图像"
        },
        {
          "name": "MASK",
          "label": "遮罩",
          "type": "MASK",
          "localized_name": "遮罩"
        }
      ],
      "size": [
        448.53448486328125,
        578.2515869140625
      ],
      "pos": [
        -2608.9091796875,
        -1194.591064453125
      ],
      "widgets_values": [
        "16333a912d499dae80521582a2f9cbae4019d0441fae3bc0df21070eedb18e8a.jpg",
        "image",
        ""
      ],
      "inputs": [],
      "flags": {},
      "id": 29,
      "type": "LoadImage",
      "properties": {
        "cnr_id": "comfy-core",
        "ver": "0.3.27",
        "widget_ue_connectable": {},
        "Node name for S&R": "LoadImage"
      },
      "order": 19
    },
    {
      "outputs": [
        {
          "name": "image_embeds",
          "links": [
            49
          ],
          "label": "image_embeds",
          "type": "WANVIDIMAGE_EMBEDS",
          "localized_name": "image_embeds"
        }
      ],
      "color": "#2a363b",
      "widgets_values": [
        832,
        480,
        81,
        0.030000000000000006,
        1,
        1,
        true,
        false,
        false
      ],
      "inputs": [
        {
          "name": "vae",
          "link": 84,
          "label": "vae",
          "type": "WANVAE",
          "localized_name": "vae"
        },
        {
          "shape": 7,
          "name": "clip_embeds",
          "label": "clip_embeds",
          "type": "WANVIDIMAGE_CLIPEMBEDS",
          "localized_name": "clip_embeds"
        },
        {
          "shape": 7,
          "name": "start_image",
          "link": 202,
          "label": "start_image",
          "type": "IMAGE",
          "localized_name": "start_image"
        },
        {
          "shape": 7,
          "name": "end_image",
          "label": "end_image",
          "type": "IMAGE",
          "localized_name": "end_image"
        },
        {
          "shape": 7,
          "name": "control_embeds",
          "label": "control_embeds",
          "type": "WANVIDIMAGE_EMBEDS",
          "localized_name": "control_embeds"
        },
        {
          "shape": 7,
          "name": "temporal_mask",
          "label": "temporal_mask",
          "type": "MASK",
          "localized_name": "temporal_mask"
        },
        {
          "shape": 7,
          "name": "extra_latents",
          "label": "extra_latents",
          "type": "LATENT",
          "localized_name": "extra_latents"
        },
        {
          "shape": 7,
          "name": "add_cond_latents",
          "label": "add_cond_latents",
          "type": "ADD_COND_LATENTS",
          "localized_name": "add_cond_latents"
        },
        {
          "widget": {
            "name": "width"
          },
          "name": "width",
          "link": 96,
          "label": "width",
          "type": "INT"
        },
        {
          "widget": {
            "name": "height"
          },
          "name": "height",
          "link": 97,
          "label": "height",
          "type": "INT"
        },
        {
          "widget": {
            "name": "num_frames"
          },
          "name": "num_frames",
          "link": 48,
          "label": "num_frames",
          "type": "INT"
        }
      ],
      "flags": {},
      "type": "WanVideoImageToVideoEncode",
      "mode": 0,
      "bgcolor": "#3f5159",
      "size": [
        287.20001220703125,
        390
      ],
      "pos": [
        -227.21104431152344,
        -382.8848571777344
      ],
      "id": 39,
      "properties": {
        "cnr_id": "ComfyUI-WanVideoWrapper",
        "ver": "d9b1f4d1a5aea91d101ae97a54714a5861af3f50",
        "Node name for S&R": "WanVideoImageToVideoEncode"
      },
      "order": 52
    },
    {
      "mode": 0,
      "outputs": [
        {
          "name": "IMAGE",
          "links": [
            201,
            202
          ],
          "label": "图像",
          "type": "IMAGE",
          "localized_name": "图像"
        },
        {
          "name": "width",
          "links": [
            96
          ],
          "label": "宽度",
          "type": "INT",
          "localized_name": "width"
        },
        {
          "name": "height",
          "links": [
            97
          ],
          "label": "高度",
          "type": "INT",
          "localized_name": "height"
        }
      ],
      "size": [
        213.18206787109375,
        218
      ],
      "pos": [
        -1049.1434326171875,
        -244.45579528808594
      ],
      "widgets_values": [
        832,
        832,
        "nearest",
        "fill / crop",
        "always",
        0
      ],
      "inputs": [
        {
          "name": "image",
          "link": 95,
          "label": "图像",
          "type": "IMAGE",
          "localized_name": "image"
        },
        {
          "widget": {
            "name": "width"
          },
          "name": "width",
          "link": 93,
          "label": "width",
          "type": "INT",
          "localized_name": "宽度"
        },
        {
          "widget": {
            "name": "height"
          },
          "name": "height",
          "link": 94,
          "label": "height",
          "type": "INT",
          "localized_name": "高度"
        }
      ],
      "flags": {
        "collapsed": false
      },
      "id": 75,
      "type": "ImageResize+",
      "properties": {
        "Node name for S&R": "ImageResize+"
      },
      "order": 47
    },
    {
      "mode": 0,
      "outputs": [],
      "size": [
        315.3324890136719,
        429.1615295410156
      ],
      "pos": [
        -708.4095458984375,
        -458.84814453125
      ],
      "widgets_values": [
        ""
      ],
      "inputs": [
        {
          "name": "images",
          "link": 201,
          "label": "图像",
          "type": "IMAGE",
          "localized_name": "图像"
        }
      ],
      "flags": {},
      "id": 136,
      "type": "PreviewImage",
      "properties": {
        "widget_ue_connectable": {},
        "Node name for S&R": "PreviewImage"
      },
      "order": 51
    },
    {
      "mode": 0,
      "outputs": [
        {
          "name": "Filenames",
          "label": "文件名",
          "type": "VHS_FILENAMES",
          "localized_name": "Filenames"
        }
      ],
      "size": [
        935.442138671875,
        1446.530517578125
      ],
      "pos": [
        1590.6119384765625,
        -475.48583984375
      ],
      "widgets_values": {
        "save_output": true,
        "filename_prefix": "AnimateDiff",
        "loop_count": 0,
        "pix_fmt": "yuv420p",
        "save_metadata": true,
        "crf": 19,
        "trim_to_audio": false,
        "videopreview": {
          "paused": false,
          "hidden": false,
          "params": {
            "filename": "AnimateDiff_00024-audio_otbnr_1751712312.mp4",
            "workflow": "AnimateDiff_00024.png",
            "fullpath": "/data/ComfyUI/personal/8ec74153b07d45eb5c1df30f268c52ed/output/AnimateDiff_00024-audio.mp4",
            "format": "video/h264-mp4",
            "subfolder": "",
            "type": "output",
            "frame_rate": 16
          }
        },
        "format": "video/h264-mp4",
        "frame_rate": 16,
        "pingpong": false
      },
      "inputs": [
        {
          "name": "images",
          "link": 137,
          "label": "图像",
          "type": "IMAGE",
          "localized_name": "images"
        },
        {
          "shape": 7,
          "name": "audio",
          "link": 210,
          "label": "音频",
          "type": "AUDIO",
          "localized_name": "audio"
        },
        {
          "shape": 7,
          "name": "meta_batch",
          "label": "批次管理",
          "type": "VHS_BatchManager",
          "localized_name": "meta_batch"
        },
        {
          "shape": 7,
          "name": "vae",
          "label": "vae",
          "type": "VAE",
          "localized_name": "vae"
        }
      ],
      "flags": {},
      "id": 107,
      "type": "VHS_VideoCombine",
      "properties": {
        "Node name for S&R": "VHS_VideoCombine"
      },
      "order": 65
    },
    {
      "mode": 0,
      "outputs": [
        {
          "name": "*",
          "links": [
            59
          ],
          "label": "*",
          "type": "*",
          "localized_name": "*"
        }
      ],
      "size": [
        210,
        238
      ],
      "pos": [
        -1773.9815673828125,
        79.72100067138672
      ],
      "widgets_values": [
        0
      ],
      "inputs": [
        {
          "name": "value0",
          "link": 195,
          "label": "值_0",
          "type": "*",
          "localized_name": "value0"
        },
        {
          "shape": 7,
          "name": "value1",
          "link": 194,
          "label": "值_1",
          "type": "*",
          "localized_name": "value1"
        },
        {
          "shape": 7,
          "name": "value2",
          "link": 193,
          "label": "值_2",
          "type": "*",
          "localized_name": "value2"
        },
        {
          "shape": 7,
          "name": "value3",
          "label": "值_3",
          "type": "*",
          "localized_name": "value3"
        },
        {
          "shape": 7,
          "name": "value4",
          "label": "值_4",
          "type": "*",
          "localized_name": "value4"
        },
        {
          "shape": 7,
          "name": "value5",
          "label": "值_5",
          "type": "*",
          "localized_name": "value5"
        },
        {
          "shape": 7,
          "name": "value6",
          "label": "值_6",
          "type": "*",
          "localized_name": "value6"
        },
        {
          "shape": 7,
          "name": "value7",
          "label": "值_7",
          "type": "*",
          "localized_name": "value7"
        },
        {
          "shape": 7,
          "name": "value8",
          "label": "值_8",
          "type": "*",
          "localized_name": "value8"
        },
        {
          "shape": 7,
          "name": "value9",
          "label": "值_9",
          "type": "*",
          "localized_name": "value9"
        },
        {
          "widget": {
            "name": "index"
          },
          "name": "index",
          "link": 147,
          "label": "index",
          "type": "INT",
          "localized_name": "索引"
        }
      ],
      "flags": {},
      "id": 50,
      "type": "InversionDemoLazyIndexSwitch",
      "properties": {
        "Node name for S&R": "InversionDemoLazyIndexSwitch"
      },
      "order": 34
    },
    {
      "mode": 0,
      "outputs": [
        {
          "name": "IMAGE",
          "links": [
            195
          ],
          "label": "图像",
          "type": "IMAGE",
          "localized_name": "图像"
        },
        {
          "name": "width",
          "links": [
            56,
            191
          ],
          "label": "宽度",
          "type": "INT",
          "localized_name": "width"
        },
        {
          "name": "height",
          "links": [
            58,
            193
          ],
          "label": "高度",
          "type": "INT",
          "localized_name": "height"
        }
      ],
      "size": [
        213.18206787109375,
        218
      ],
      "pos": [
        -2045.6474609375,
        78.00235748291016
      ],
      "widgets_values": [
        832,
        832,
        "nearest",
        "stretch",
        "always",
        0
      ],
      "inputs": [
        {
          "name": "image",
          "link": 62,
          "label": "图像",
          "type": "IMAGE",
          "localized_name": "image"
        },
        {
          "widget": {
            "name": "width"
          },
          "name": "width",
          "link": 63,
          "label": "width",
          "type": "INT",
          "localized_name": "宽度"
        },
        {
          "widget": {
            "name": "height"
          },
          "name": "height",
          "link": 64,
          "label": "height",
          "type": "INT",
          "localized_name": "高度"
        }
      ],
      "flags": {
        "collapsed": false
      },
      "id": 48,
      "type": "ImageResize+",
      "properties": {
        "Node name for S&R": "ImageResize+"
      },
      "order": 26
    },
    {
      "mode": 0,
      "outputs": [
        {
          "name": "IMAGE",
          "links": [
            95,
            127,
            135,
            196,
            212
          ],
          "label": "图像",
          "type": "IMAGE",
          "localized_name": "图像"
        },
        {
          "name": "width",
          "links": [
            55,
            192
          ],
          "label": "宽度",
          "type": "INT",
          "localized_name": "width"
        },
        {
          "name": "height",
          "links": [
            57,
            194
          ],
          "label": "高度",
          "type": "INT",
          "localized_name": "height"
        }
      ],
      "size": [
        248.55435180664062,
        238.99403381347656
      ],
      "pos": [
        -2047.796142578125,
        -461.4604187011719
      ],
      "widgets_values": [
        1280,
        1280,
        "nearest",
        "keep proportion",
        "always",
        0
      ],
      "inputs": [
        {
          "name": "image",
          "link": 61,
          "label": "图像",
          "type": "IMAGE",
          "localized_name": "image"
        }
      ],
      "flags": {
        "collapsed": false
      },
      "id": 47,
      "type": "ImageResize+",
      "properties": {
        "Node name for S&R": "ImageResize+"
      },
      "order": 25
    },
    {
      "mode": 0,
      "outputs": [],
      "size": [
        210,
        246
      ],
      "pos": [
        -1419.379150390625,
        -224.9689178466797
      ],
      "widgets_values": [
        ""
      ],
      "inputs": [
        {
          "name": "images",
          "link": 212,
          "label": "图像",
          "type": "IMAGE",
          "localized_name": "图像"
        }
      ],
      "flags": {},
      "id": 139,
      "type": "PreviewImage",
      "properties": {
        "widget_ue_connectable": {},
        "Node name for S&R": "PreviewImage"
      },
      "order": 32
    },
    {
      "outputs": [],
      "color": "#233",
      "widgets_values": [
        ""
      ],
      "inputs": [
        {
          "name": "audio",
          "link": 123,
          "label": "音频",
          "type": "AUDIO",
          "localized_name": "音频"
        }
      ],
      "flags": {},
      "type": "PreviewAudio",
      "mode": 0,
      "bgcolor": "#355",
      "size": [
        244.41123962402344,
        181.41323852539062
      ],
      "pos": [
        852.988525390625,
        577.4053955078125
      ],
      "id": 101,
      "properties": {
        "Node name for S&R": "PreviewAudio"
      },
      "order": 49
    },
    {
      "outputs": [
        {
          "name": "audio",
          "slot_index": 0,
          "links": [
            123,
            199,
            216,
            217
          ],
          "label": "audio",
          "type": "AUDIO",
          "localized_name": "audio"
        }
      ],
      "color": "#233",
      "widgets_values": [
        3,
        40,
        4.5,
        658980783890338,
        "randomize",
        "",
        "",
        false,
        true
      ],
      "inputs": [
        {
          "name": "mmaudio_model",
          "link": 114,
          "label": "mmaudio_model",
          "type": "MMAUDIO_MODEL",
          "localized_name": "mmaudio_model"
        },
        {
          "name": "feature_utils",
          "link": 115,
          "label": "feature_utils",
          "type": "MMAUDIO_FEATUREUTILS",
          "localized_name": "feature_utils"
        },
        {
          "shape": 7,
          "name": "images",
          "label": "images",
          "type": "IMAGE",
          "localized_name": "images"
        },
        {
          "widget": {
            "name": "duration"
          },
          "name": "duration",
          "link": 116,
          "label": "duration",
          "type": "FLOAT"
        },
        {
          "widget": {
            "name": "prompt"
          },
          "name": "prompt",
          "link": 117,
          "label": "prompt",
          "type": "STRING"
        }
      ],
      "flags": {},
      "type": "MMAudioSampler",
      "mode": 0,
      "bgcolor": "#355",
      "size": [
        417.5873718261719,
        329.6109619140625
      ],
      "pos": [
        379.8157653808594,
        574.2772827148438
      ],
      "id": 96,
      "properties": {
        "Node name for S&R": "MMAudioSampler"
      },
      "order": 46
    },
    {
      "mode": 0,
      "outputs": [
        {
          "name": "*",
          "links": [
            210,
            211
          ],
          "label": "*",
          "type": "*",
          "localized_name": "*"
        }
      ],
      "size": [
        315,
        78
      ],
      "pos": [
        1230.13134765625,
        395.8729248046875
      ],
      "widgets_values": [
        false
      ],
      "inputs": [
        {
          "name": "on_false",
          "link": 218,
          "label": "否",
          "type": "*",
          "localized_name": "on_false"
        },
        {
          "name": "on_true",
          "link": 217,
          "label": "是",
          "type": "*",
          "localized_name": "on_true"
        },
        {
          "widget": {
            "name": "switch"
          },
          "name": "switch",
          "link": 204,
          "label": "switch",
          "type": "BOOLEAN",
          "localized_name": "切换"
        }
      ],
      "flags": {},
      "id": 137,
      "type": "InversionDemoLazySwitch",
      "properties": {
        "widget_ue_connectable": {},
        "Node name for S&R": "InversionDemoLazySwitch"
      },
      "order": 50
    },
    {
      "mode": 0,
      "outputs": [
        {
          "name": "*",
          "links": [
            60
          ],
          "label": "*",
          "type": "*",
          "localized_name": "*"
        }
      ],
      "size": [
        210,
        238
      ],
      "pos": [
        -1756.9429931640625,
        -454.7097473144531
      ],
      "widgets_values": [
        0
      ],
      "inputs": [
        {
          "name": "value0",
          "link": 196,
          "label": "值_0",
          "type": "*",
          "localized_name": "value0"
        },
        {
          "shape": 7,
          "name": "value1",
          "link": 192,
          "label": "值_1",
          "type": "*",
          "localized_name": "value1"
        },
        {
          "shape": 7,
          "name": "value2",
          "link": 191,
          "label": "值_2",
          "type": "*",
          "localized_name": "value2"
        },
        {
          "shape": 7,
          "name": "value3",
          "label": "值_3",
          "type": "*",
          "localized_name": "value3"
        },
        {
          "shape": 7,
          "name": "value4",
          "label": "值_4",
          "type": "*",
          "localized_name": "value4"
        },
        {
          "shape": 7,
          "name": "value5",
          "label": "值_5",
          "type": "*",
          "localized_name": "value5"
        },
        {
          "shape": 7,
          "name": "value6",
          "label": "值_6",
          "type": "*",
          "localized_name": "value6"
        },
        {
          "shape": 7,
          "name": "value7",
          "label": "值_7",
          "type": "*",
          "localized_name": "value7"
        },
        {
          "shape": 7,
          "name": "value8",
          "label": "值_8",
          "type": "*",
          "localized_name": "value8"
        },
        {
          "shape": 7,
          "name": "value9",
          "label": "值_9",
          "type": "*",
          "localized_name": "value9"
        },
        {
          "widget": {
            "name": "index"
          },
          "name": "index",
          "link": 178,
          "label": "index",
          "type": "INT",
          "localized_name": "索引"
        }
      ],
      "flags": {
        "collapsed": false
      },
      "id": 49,
      "type": "InversionDemoLazyIndexSwitch",
      "properties": {
        "Node name for S&R": "InversionDemoLazyIndexSwitch"
      },
      "order": 33
    },
    {
      "mode": 0,
      "outputs": [
        {
          "name": "INT",
          "links": [
            94
          ],
          "label": "整数",
          "type": "INT",
          "localized_name": "整数"
        },
        {
          "name": "FLOAT",
          "label": "浮点",
          "type": "FLOAT",
          "localized_name": "浮点"
        }
      ],
      "size": [
        216.43698120117188,
        128
      ],
      "pos": [
        -1290.154296875,
        72.97447967529297
      ],
      "widgets_values": [
        "a*64"
      ],
      "inputs": [
        {
          "shape": 7,
          "name": "a",
          "link": 53,
          "label": "a",
          "type": "INT,FLOAT,IMAGE,LATENT",
          "localized_name": "a"
        },
        {
          "shape": 7,
          "name": "b",
          "label": "b",
          "type": "INT,FLOAT,IMAGE,LATENT",
          "localized_name": "b"
        },
        {
          "shape": 7,
          "name": "c",
          "label": "c",
          "type": "INT,FLOAT,IMAGE,LATENT",
          "localized_name": "c"
        }
      ],
      "flags": {
        "collapsed": false
      },
      "id": 45,
      "type": "MathExpression|pysssss",
      "properties": {
        "Node name for S&R": "MathExpression|pysssss"
      },
      "order": 43
    },
    {
      "mode": 0,
      "outputs": [
        {
          "name": "AUDIO",
          "links": [
            218
          ],
          "label": "音频",
          "type": "AUDIO",
          "localized_name": "音频"
        }
      ],
      "size": [
        315,
        136
      ],
      "pos": [
        766.0713500976562,
        313.68817138671875
      ],
      "widgets_values": [
        "4d8b76b7eec3399ec83f6e7d8117ee245b7aeafdaf922b946d14a957a4ef37ee.MP3",
        "",
        ""
      ],
      "inputs": [],
      "flags": {},
      "id": 140,
      "type": "LoadAudio",
      "properties": {
        "widget_ue_connectable": {},
        "Node name for S&R": "LoadAudio"
      },
      "order": 20
    },
    {
      "mode": 0,
      "outputs": [
        {
          "name": "INT",
          "links": [
            54
          ],
          "label": "整数",
          "type": "INT",
          "localized_name": "整数"
        },
        {
          "name": "FLOAT",
          "label": "浮点",
          "type": "FLOAT",
          "localized_name": "浮点"
        }
      ],
      "size": [
        210,
        133
      ],
      "pos": [
        -1523.8896484375,
        -445.8765869140625
      ],
      "widgets_values": [
        "a/64"
      ],
      "inputs": [
        {
          "shape": 7,
          "name": "a",
          "link": 60,
          "label": "a",
          "type": "INT,FLOAT,IMAGE,LATENT",
          "localized_name": "a"
        },
        {
          "shape": 7,
          "name": "b",
          "label": "b",
          "type": "INT,FLOAT,IMAGE,LATENT",
          "localized_name": "b"
        },
        {
          "shape": 7,
          "name": "c",
          "label": "c",
          "type": "INT,FLOAT,IMAGE,LATENT",
          "localized_name": "c"
        }
      ],
      "flags": {
        "collapsed": false
      },
      "id": 52,
      "type": "MathExpression|pysssss",
      "properties": {
        "Node name for S&R": "MathExpression|pysssss"
      },
      "order": 38
    },
    {
      "mode": 0,
      "outputs": [
        {
          "name": "image",
          "links": [
            137
          ],
          "label": "图像",
          "type": "IMAGE",
          "localized_name": "image"
        }
      ],
      "size": [
        315,
        102
      ],
      "pos": [
        845.2075805664062,
        -487.0653076171875
      ],
      "widgets_values": [
        "mkl",
        0.9000000000000001
      ],
      "inputs": [
        {
          "name": "image_ref",
          "link": 135,
          "label": "参考图像",
          "type": "IMAGE",
          "localized_name": "image_ref"
        },
        {
          "name": "image_target",
          "link": 134,
          "label": "目标图像",
          "type": "IMAGE",
          "localized_name": "image_target"
        }
      ],
      "flags": {},
      "id": 110,
      "type": "ColorMatch",
      "properties": {
        "Node name for S&R": "ColorMatch"
      },
      "order": 64
    },
    {
      "mode": 0,
      "outputs": [
        {
          "name": "BOOLEAN",
          "links": [
            198,
            203,
            204,
            207
          ],
          "label": "BOOLEAN",
          "type": "BOOLEAN",
          "localized_name": "布尔"
        }
      ],
      "size": [
        315,
        58
      ],
      "pos": [
        398.7933349609375,
        438.8680419921875
      ],
      "widgets_values": [
        true
      ],
      "inputs": [],
      "flags": {},
      "id": 134,
      "type": "PrimitiveBoolean",
      "properties": {
        "widget_ue_connectable": {},
        "Node name for S&R": "PrimitiveBoolean"
      },
      "order": 21
    },
    {
      "outputs": [],
      "color": "#233",
      "widgets_values": [
        ""
      ],
      "inputs": [
        {
          "name": "audio",
          "link": 211,
          "label": "音频",
          "type": "AUDIO",
          "localized_name": "音频"
        }
      ],
      "flags": {},
      "type": "PreviewAudio",
      "mode": 0,
      "bgcolor": "#355",
      "size": [
        244.41123962402344,
        181.41323852539062
      ],
      "pos": [
        1277.335693359375,
        626.4990844726562
      ],
      "id": 138,
      "properties": {
        "widget_ue_connectable": {},
        "Node name for S&R": "PreviewAudio"
      },
      "order": 55
    }
  ],
  "extra": {
    "VHS_KeepIntermediate": true,
    "links_added_by_ue": [],
    "ue_links": [],
    "VHS_MetadataImage": true,
    "0246.VERSION": [
      0,
      0,
      4
    ],
    "VHS_latentpreviewrate": 0,
    "VHS_latentpreview": false,
    "ds": {
      "offset": [
        752.8643632680986,
        485.58926735209207
      ],
      "scale": 0.5445000000000029
    }
  },
  "groups": [
    {
      "color": "#3f789e",
      "font_size": 24,
      "flags": {},
      "id": 4,
      "title": "上传图像",
      "bounding": [
        -2621.267578125,
        -1268.95361328125,
        546.7992553710938,
        675.2710571289062
      ]
    },
    {
      "color": "#3f789e",
      "font_size": 24,
      "flags": {},
      "id": 6,
      "title": "设置时长（秒）",
      "bounding": [
        -2905.375,
        -1261.187744140625,
        257.6199035644531,
        212.16253662109375
      ]
    },
    {
      "color": "#3f789e",
      "font_size": 24,
      "flags": {},
      "id": 8,
      "title": "随机文本处理",
      "bounding": [
        -2052.911865234375,
        -1272.6846923828125,
        1252.4989013671875,
        716.0499877929688
      ]
    },
    {
      "color": "#3f789e",
      "font_size": 24,
      "flags": {},
      "id": 9,
      "title": "选择文本输入",
      "bounding": [
        -2633.10595703125,
        -578.9043579101562,
        559.469970703125,
        441.9520263671875
      ]
    },
    {
      "color": "#3f789e",
      "font_size": 24,
      "flags": {},
      "id": 10,
      "title": "分辨率运算",
      "bounding": [
        -2054.48779296875,
        -539.5032958984375,
        1253.7364501953125,
        892.9086303710938
      ]
    },
    {
      "color": "#3f789e",
      "font_size": 24,
      "flags": {},
      "id": 11,
      "title": "选择图像比例",
      "bounding": [
        -2658.817138671875,
        -112.82662200927734,
        567.283935546875,
        446.72723388671875
      ]
    },
    {
      "color": "#3f789e",
      "font_size": 24,
      "flags": {},
      "id": 12,
      "title": "视频处理",
      "bounding": [
        -782.0477294921875,
        -1279.9268798828125,
        1955.682373046875,
        1471.5999755859375
      ]
    },
    {
      "color": "#3f789e",
      "font_size": 24,
      "flags": {},
      "id": 13,
      "title": "音频处理",
      "bounding": [
        -780.1845703125,
        200.6772918701172,
        2005,
        1995.599853515625
      ]
    },
    {
      "color": "#b06634",
      "font_size": 70,
      "flags": {},
      "id": 14,
      "title": "FusionX图生视频",
      "bounding": [
        -2901.859619140625,
        -1392.952880859375,
        544.39208984375,
        93.70820617675781
      ]
    }
  ],
  "links": [
    [
      17,
      28,
      0,
      19,
      1,
      "LATENT"
    ],
    [
      23,
      18,
      0,
      24,
      0,
      "INT,FLOAT,IMAGE,LATENT"
    ],
    [
      29,
      5,
      0,
      28,
      4,
      "FETAARGS"
    ],
    [
      30,
      11,
      0,
      28,
      8,
      "SLGARGS"
    ],
    [
      31,
      12,
      0,
      28,
      10,
      "EXPERIMENTALARGS"
    ],
    [
      40,
      36,
      0,
      38,
      0,
      "WANVIDEOTEXTEMBEDS"
    ],
    [
      41,
      35,
      0,
      38,
      1,
      "WANVIDEOTEXTEMBEDS"
    ],
    [
      42,
      38,
      0,
      28,
      1,
      "WANVIDEOTEXTEMBEDS"
    ],
    [
      48,
      24,
      0,
      39,
      10,
      "INT"
    ],
    [
      49,
      39,
      0,
      28,
      2,
      "WANVIDIMAGE_EMBEDS"
    ],
    [
      53,
      51,
      0,
      45,
      0,
      "INT,FLOAT,IMAGE,LATENT"
    ],
    [
      54,
      52,
      0,
      46,
      0,
      "INT,FLOAT,IMAGE,LATENT"
    ],
    [
      59,
      50,
      0,
      51,
      0,
      "INT,FLOAT,IMAGE,LATENT"
    ],
    [
      60,
      49,
      0,
      52,
      0,
      "INT,FLOAT,IMAGE,LATENT"
    ],
    [
      61,
      29,
      0,
      47,
      0,
      "IMAGE"
    ],
    [
      62,
      29,
      0,
      48,
      0,
      "IMAGE"
    ],
    [
      63,
      53,
      0,
      48,
      1,
      "INT"
    ],
    [
      64,
      53,
      1,
      48,
      2,
      "INT"
    ],
    [
      67,
      57,
      0,
      56,
      0,
      "STRING"
    ],
    [
      68,
      58,
      0,
      57,
      0,
      "STRING"
    ],
    [
      69,
      66,
      0,
      57,
      1,
      "STRING"
    ],
    [
      70,
      65,
      0,
      58,
      0,
      "STRING"
    ],
    [
      71,
      67,
      0,
      58,
      1,
      "STRING"
    ],
    [
      74,
      56,
      0,
      60,
      0,
      "*"
    ],
    [
      78,
      64,
      0,
      67,
      0,
      "*"
    ],
    [
      79,
      29,
      0,
      64,
      0,
      "IMAGE"
    ],
    [
      80,
      70,
      0,
      35,
      1,
      "WANVIDEOMODEL"
    ],
    [
      81,
      71,
      0,
      36,
      0,
      "WANTEXTENCODER"
    ],
    [
      82,
      71,
      0,
      35,
      0,
      "WANTEXTENCODER"
    ],
    [
      83,
      70,
      0,
      36,
      1,
      "WANVIDEOMODEL"
    ],
    [
      84,
      72,
      0,
      39,
      0,
      "WANVAE"
    ],
    [
      85,
      72,
      0,
      19,
      0,
      "WANVAE"
    ],
    [
      86,
      70,
      0,
      28,
      0,
      "WANVIDEOMODEL"
    ],
    [
      93,
      46,
      0,
      75,
      1,
      "INT"
    ],
    [
      94,
      45,
      0,
      75,
      2,
      "INT"
    ],
    [
      95,
      47,
      0,
      75,
      0,
      "IMAGE"
    ],
    [
      96,
      75,
      1,
      39,
      8,
      "INT"
    ],
    [
      97,
      75,
      2,
      39,
      9,
      "INT"
    ],
    [
      103,
      105,
      0,
      87,
      0,
      "*"
    ],
    [
      104,
      82,
      0,
      88,
      1,
      "INT"
    ],
    [
      105,
      81,
      0,
      88,
      2,
      "INT"
    ],
    [
      113,
      102,
      0,
      95,
      0,
      "*"
    ],
    [
      114,
      94,
      0,
      96,
      0,
      "MMAUDIO_MODEL"
    ],
    [
      115,
      83,
      0,
      96,
      1,
      "MMAUDIO_FEATUREUTILS"
    ],
    [
      116,
      88,
      1,
      96,
      3,
      "FLOAT"
    ],
    [
      117,
      105,
      0,
      96,
      4,
      "STRING"
    ],
    [
      121,
      88,
      1,
      99,
      0,
      "*"
    ],
    [
      123,
      96,
      0,
      101,
      0,
      "AUDIO"
    ],
    [
      126,
      95,
      0,
      105,
      0,
      "STRING"
    ],
    [
      127,
      47,
      0,
      102,
      0,
      "IMAGE"
    ],
    [
      134,
      19,
      0,
      110,
      1,
      "IMAGE"
    ],
    [
      135,
      47,
      0,
      110,
      0,
      "IMAGE"
    ],
    [
      137,
      110,
      0,
      107,
      0,
      "IMAGE"
    ],
    [
      142,
      24,
      0,
      88,
      0,
      "INT"
    ],
    [
      144,
      112,
      0,
      113,
      0,
      "STRING"
    ],
    [
      145,
      113,
      0,
      36,
      2,
      "STRING"
    ],
    [
      147,
      118,
      0,
      50,
      10,
      "INT"
    ],
    [
      173,
      127,
      0,
      112,
      0,
      "*"
    ],
    [
      176,
      54,
      0,
      129,
      0,
      "*"
    ],
    [
      177,
      118,
      0,
      129,
      1,
      "INT"
    ],
    [
      178,
      129,
      0,
      49,
      10,
      "INT"
    ],
    [
      179,
      129,
      0,
      120,
      0,
      "*"
    ],
    [
      182,
      56,
      0,
      130,
      0,
      "*"
    ],
    [
      183,
      61,
      0,
      130,
      1,
      "STRING"
    ],
    [
      187,
      130,
      0,
      132,
      0,
      "*"
    ],
    [
      188,
      132,
      0,
      127,
      0,
      "*"
    ],
    [
      191,
      48,
      1,
      49,
      2,
      "*"
    ],
    [
      192,
      47,
      1,
      49,
      1,
      "*"
    ],
    [
      193,
      48,
      2,
      50,
      2,
      "*"
    ],
    [
      194,
      47,
      2,
      50,
      1,
      "*"
    ],
    [
      195,
      48,
      0,
      50,
      0,
      "*"
    ],
    [
      196,
      47,
      0,
      49,
      0,
      "*"
    ],
    [
      197,
      133,
      0,
      70,
      1,
      "BLOCKSWAPARGS"
    ],
    [
      201,
      75,
      0,
      136,
      0,
      "IMAGE"
    ],
    [
      202,
      75,
      0,
      39,
      2,
      "IMAGE"
    ],
    [
      204,
      134,
      0,
      137,
      2,
      "BOOLEAN"
    ],
    [
      210,
      137,
      0,
      107,
      1,
      "AUDIO"
    ],
    [
      211,
      137,
      0,
      138,
      0,
      "AUDIO"
    ],
    [
      212,
      47,
      0,
      139,
      0,
      "IMAGE"
    ],
    [
      217,
      96,
      0,
      137,
      1,
      "*"
    ],
    [
      218,
      140,
      0,
      137,
      0,
      "*"
    ]
  ],
  "id": "43764d5f-5097-400c-9317-7128333411fb",
  "config": {},
  "version": 0.4,
  "last_node_id": 140,
  "revision": 0
}