{
  "last_link_id": 147,
  "nodes": [
    {
      "mode": 0,
      "outputs": [
        {
          "name": "torch_compile_args",
          "slot_index": 0,
          "links": [
            70
          ],
          "label": "torch_compile_args",
          "type": "WANCOMPILEARGS",
          "localized_name": "torch_compile_args"
        }
      ],
      "size": [
        421.6000061035156,
        202
      ],
      "pos": [
        181.09495544433594,
        -660.4223022460938
      ],
      "widgets_values": [
        "inductor",
        false,
        "default",
        false,
        64,
        true,
        128
      ],
      "inputs": [],
      "flags": {},
      "id": 35,
      "type": "WanVideoTorchCompileSettings",
      "properties": {
        "cnr_id": "ComfyUI-WanVideoWrapper",
        "ver": "6099ad393b071728032fd481e96d77d2900eee2c",
        "Node name for S&R": "WanVideoTorchCompileSettings"
      },
      "order": 0
    },
    {
      "mode": 0,
      "outputs": [],
      "size": [
        513.2283325195312,
        246
      ],
      "pos": [
        1137.3345947265625,
        729.73779296875
      ],
      "widgets_values": [],
      "inputs": [
        {
          "name": "images",
          "link": 102,
          "label": "图像",
          "type": "IMAGE",
          "localized_name": "图像"
        }
      ],
      "flags": {},
      "id": 63,
      "type": "PreviewImage",
      "properties": {
        "cnr_id": "comfy-core",
        "ver": "0.3.29",
        "Node name for S&R": "PreviewImage"
      },
      "order": 20
    },
    {
      "mode": 0,
      "outputs": [
        {
          "name": "Filenames",
          "label": "文件名",
          "type": "VHS_FILENAMES",
          "localized_name": "Filenames"
        }
      ],
      "size": [
        443.4316101074219,
        771.431640625
      ],
      "pos": [
        2721.516357421875,
        -561.6492309570312
      ],
      "widgets_values": {
        "save_output": true,
        "filename_prefix": "pl_Phantom",
        "loop_count": 0,
        "pix_fmt": "yuv420p",
        "save_metadata": false,
        "crf": 19,
        "trim_to_audio": false,
        "videopreview": {
          "paused": false,
          "hidden": false,
          "params": {
            "filename": "pl_Phantom_00005_oqhhp_1749959282.mp4",
            "workflow": "pl_Phantom_00005.png",
            "fullpath": "/data/ComfyUI/personal/dc555219c23018b8fa8b4774a3e25d14/output/pl_Phantom_00005.mp4",
            "format": "video/h264-mp4",
            "subfolder": "",
            "type": "output",
            "frame_rate": 16
          }
        },
        "format": "video/h264-mp4",
        "frame_rate": 16,
        "pingpong": false
      },
      "inputs": [
        {
          "name": "images",
          "link": 122,
          "label": "图像",
          "type": "IMAGE",
          "localized_name": "images"
        },
        {
          "shape": 7,
          "name": "audio",
          "label": "音频",
          "type": "AUDIO",
          "localized_name": "audio"
        },
        {
          "shape": 7,
          "name": "meta_batch",
          "label": "批次管理",
          "type": "VHS_BatchManager",
          "localized_name": "meta_batch"
        },
        {
          "shape": 7,
          "name": "vae",
          "label": "vae",
          "type": "VAE",
          "localized_name": "vae"
        }
      ],
      "flags": {},
      "id": 76,
      "type": "VHS_VideoCombine",
      "properties": {
        "cnr_id": "comfyui-videohelpersuite",
        "ver": "0a75c7958fe320efcb052f1d9f8451fd20c730a8",
        "Node name for S&R": "VHS_VideoCombine"
      },
      "order": 26
    },
    {
      "mode": 0,
      "outputs": [
        {
          "name": "images",
          "links": [
            102,
            105,
            124
          ],
          "label": "images",
          "type": "IMAGE",
          "localized_name": "images"
        },
        {
          "name": "masks",
          "label": "masks",
          "type": "MASK",
          "localized_name": "masks"
        }
      ],
      "size": [
        315,
        310
      ],
      "pos": [
        241.51797485351562,
        614.47705078125
      ],
      "widgets_values": [
        0,
        0,
        0,
        0,
        0,
        "color",
        "255,255,255",
        512,
        512
      ],
      "inputs": [
        {
          "name": "image",
          "link": 91,
          "label": "image",
          "type": "IMAGE",
          "localized_name": "image"
        },
        {
          "shape": 7,
          "name": "mask",
          "label": "mask",
          "type": "MASK",
          "localized_name": "mask"
        },
        {
          "shape": 7,
          "name": "target_width",
          "link": 136,
          "label": "target_width",
          "type": "INT"
        },
        {
          "shape": 7,
          "name": "target_height",
          "link": 140,
          "label": "target_height",
          "type": "INT"
        }
      ],
      "flags": {},
      "id": 69,
      "type": "ImagePadKJ",
      "properties": {
        "cnr_id": "comfyui-kjnodes",
        "ver": "3e3a1a8aac61dc4515f6a7da74e026f05a80299f",
        "Node name for S&R": "ImagePadKJ"
      },
      "order": 16
    },
    {
      "mode": 0,
      "outputs": [
        {
          "name": "images",
          "links": [
            106,
            125
          ],
          "label": "images",
          "type": "IMAGE",
          "localized_name": "images"
        },
        {
          "name": "masks",
          "label": "masks",
          "type": "MASK",
          "localized_name": "masks"
        }
      ],
      "size": [
        315,
        310
      ],
      "pos": [
        246.26087951660156,
        256.8666076660156
      ],
      "widgets_values": [
        0,
        0,
        0,
        0,
        0,
        "color",
        "255,255,255",
        512,
        512
      ],
      "inputs": [
        {
          "name": "image",
          "link": 73,
          "label": "image",
          "type": "IMAGE",
          "localized_name": "image"
        },
        {
          "shape": 7,
          "name": "mask",
          "label": "mask",
          "type": "MASK",
          "localized_name": "mask"
        },
        {
          "shape": 7,
          "name": "target_width",
          "link": 133,
          "label": "target_width",
          "type": "INT"
        },
        {
          "shape": 7,
          "name": "target_height",
          "link": 137,
          "label": "target_height",
          "type": "INT"
        }
      ],
      "flags": {},
      "id": 60,
      "type": "ImagePadKJ",
      "properties": {
        "cnr_id": "comfyui-kjnodes",
        "ver": "3e3a1a8aac61dc4515f6a7da74e026f05a80299f",
        "Node name for S&R": "ImagePadKJ"
      },
      "order": 15
    },
    {
      "outputs": [
        {
          "name": "images",
          "slot_index": 0,
          "links": [
            122,
            127
          ],
          "label": "images",
          "type": "IMAGE",
          "localized_name": "images"
        }
      ],
      "color": "#322",
      "widgets_values": [
        false,
        272,
        272,
        144,
        128
      ],
      "inputs": [
        {
          "name": "vae",
          "link": 43,
          "label": "vae",
          "type": "WANVAE",
          "localized_name": "vae"
        },
        {
          "name": "samples",
          "link": 33,
          "label": "samples",
          "type": "LATENT",
          "localized_name": "samples"
        }
      ],
      "flags": {},
      "type": "WanVideoDecode",
      "mode": 0,
      "bgcolor": "#533",
      "size": [
        315,
        174
      ],
      "pos": [
        1692.973876953125,
        -404.8614501953125
      ],
      "id": 28,
      "properties": {
        "cnr_id": "ComfyUI-WanVideoWrapper",
        "ver": "6099ad393b071728032fd481e96d77d2900eee2c",
        "Node name for S&R": "WanVideoDecode"
      },
      "order": 25
    },
    {
      "mode": 0,
      "outputs": [
        {
          "name": "samples",
          "links": [
            119
          ],
          "label": "samples",
          "type": "LATENT",
          "localized_name": "samples"
        }
      ],
      "size": [
        330,
        242
      ],
      "pos": [
        683.5126342773438,
        549.380615234375
      ],
      "widgets_values": [
        false,
        272,
        272,
        144,
        128,
        0,
        1
      ],
      "inputs": [
        {
          "name": "vae",
          "link": 110,
          "label": "vae",
          "type": "WANVAE",
          "localized_name": "vae"
        },
        {
          "name": "image",
          "link": 105,
          "label": "image",
          "type": "IMAGE",
          "localized_name": "image"
        },
        {
          "shape": 7,
          "name": "mask",
          "label": "mask",
          "type": "MASK",
          "localized_name": "mask"
        }
      ],
      "flags": {},
      "id": 73,
      "type": "WanVideoEncode",
      "properties": {
        "cnr_id": "ComfyUI-WanVideoWrapper",
        "ver": "a623f87dcad9cff5a690559fe559566be4045a9a",
        "Node name for S&R": "WanVideoEncode"
      },
      "order": 21
    },
    {
      "mode": 0,
      "outputs": [
        {
          "name": "image_embeds",
          "links": [
            114
          ],
          "label": "image_embeds",
          "type": "WANVIDIMAGE_EMBEDS",
          "localized_name": "image_embeds"
        }
      ],
      "size": [
        380.4000244140625,
        210
      ],
      "pos": [
        1243.949462890625,
        424.87481689453125
      ],
      "widgets_values": [
        81,
        5,
        0,
        1
      ],
      "inputs": [
        {
          "name": "phantom_latent_1",
          "link": 119,
          "label": "phantom_latent_1",
          "type": "LATENT",
          "localized_name": "phantom_latent_1"
        },
        {
          "shape": 7,
          "name": "phantom_latent_2",
          "link": 120,
          "label": "phantom_latent_2",
          "type": "LATENT",
          "localized_name": "phantom_latent_2"
        },
        {
          "shape": 7,
          "name": "phantom_latent_3",
          "label": "phantom_latent_3",
          "type": "LATENT",
          "localized_name": "phantom_latent_3"
        },
        {
          "shape": 7,
          "name": "phantom_latent_4",
          "label": "phantom_latent_4",
          "type": "LATENT",
          "localized_name": "phantom_latent_4"
        },
        {
          "shape": 7,
          "name": "vace_embeds",
          "label": "vace_embeds",
          "type": "WANVIDIMAGE_EMBEDS",
          "localized_name": "vace_embeds"
        }
      ],
      "flags": {},
      "id": 74,
      "type": "WanVideoPhantomEmbeds",
      "properties": {
        "cnr_id": "ComfyUI-WanVideoWrapper",
        "ver": "1f535743870da83c530386874f10aabc70201919",
        "Node name for S&R": "WanVideoPhantomEmbeds"
      },
      "order": 23
    },
    {
      "mode": 0,
      "outputs": [
        {
          "name": "images",
          "links": [
            126
          ],
          "label": "图像",
          "type": "IMAGE",
          "localized_name": "images"
        }
      ],
      "size": [
        315,
        150
      ],
      "pos": [
        1747.0830078125,
        -151.8411407470703
      ],
      "widgets_values": [
        2,
        "down",
        true,
        null
      ],
      "inputs": [
        {
          "name": "image_1",
          "link": 124,
          "label": "图像_1",
          "type": "IMAGE",
          "localized_name": "image_1"
        },
        {
          "name": "image_2",
          "link": 125,
          "label": "图像_2",
          "type": "IMAGE",
          "localized_name": "image_2"
        }
      ],
      "flags": {},
      "id": 77,
      "type": "ImageConcatMulti",
      "properties": {
        "cnr_id": "comfyui-kjnodes",
        "ver": "3e3a1a8aac61dc4515f6a7da74e026f05a80299f"
      },
      "order": 22
    },
    {
      "mode": 0,
      "outputs": [
        {
          "name": "samples",
          "links": [
            120
          ],
          "label": "samples",
          "type": "LATENT",
          "localized_name": "samples"
        }
      ],
      "size": [
        330,
        242
      ],
      "pos": [
        670.2296752929688,
        167.68185424804688
      ],
      "widgets_values": [
        false,
        272,
        272,
        144,
        128,
        0,
        1
      ],
      "inputs": [
        {
          "name": "vae",
          "link": 59,
          "label": "vae",
          "type": "WANVAE",
          "localized_name": "vae"
        },
        {
          "name": "image",
          "link": 106,
          "label": "image",
          "type": "IMAGE",
          "localized_name": "image"
        },
        {
          "shape": 7,
          "name": "mask",
          "label": "mask",
          "type": "MASK",
          "localized_name": "mask"
        }
      ],
      "flags": {},
      "id": 56,
      "type": "WanVideoEncode",
      "properties": {
        "cnr_id": "ComfyUI-WanVideoWrapper",
        "ver": "a623f87dcad9cff5a690559fe559566be4045a9a",
        "Node name for S&R": "WanVideoEncode"
      },
      "order": 19
    },
    {
      "mode": 0,
      "outputs": [
        {
          "name": "Filenames",
          "label": "文件名",
          "type": "VHS_FILENAMES",
          "localized_name": "Filenames"
        }
      ],
      "size": [
        443.4316101074219,
        630.2877197265625
      ],
      "pos": [
        2202.927001953125,
        -570.5418701171875
      ],
      "widgets_values": {
        "save_output": true,
        "filename_prefix": "pl_Phantom",
        "loop_count": 0,
        "pix_fmt": "yuv420p",
        "save_metadata": false,
        "crf": 19,
        "trim_to_audio": false,
        "videopreview": {
          "paused": false,
          "hidden": false,
          "params": {
            "filename": "pl_Phantom_00006_befbu_1749959311.mp4",
            "workflow": "pl_Phantom_00006.png",
            "fullpath": "/data/ComfyUI/personal/dc555219c23018b8fa8b4774a3e25d14/output/pl_Phantom_00006.mp4",
            "format": "video/h264-mp4",
            "subfolder": "",
            "type": "output",
            "frame_rate": 16
          }
        },
        "format": "video/h264-mp4",
        "frame_rate": 16,
        "pingpong": false
      },
      "inputs": [
        {
          "name": "images",
          "link": 83,
          "label": "图像",
          "type": "IMAGE",
          "localized_name": "images"
        },
        {
          "shape": 7,
          "name": "audio",
          "label": "音频",
          "type": "AUDIO",
          "localized_name": "audio"
        },
        {
          "shape": 7,
          "name": "meta_batch",
          "label": "批次管理",
          "type": "VHS_BatchManager",
          "localized_name": "meta_batch"
        },
        {
          "shape": 7,
          "name": "vae",
          "label": "vae",
          "type": "VAE",
          "localized_name": "vae"
        }
      ],
      "flags": {},
      "id": 30,
      "type": "VHS_VideoCombine",
      "properties": {
        "cnr_id": "comfyui-videohelpersuite",
        "ver": "0a75c7958fe320efcb052f1d9f8451fd20c730a8",
        "Node name for S&R": "VHS_VideoCombine"
      },
      "order": 28
    },
    {
      "mode": 0,
      "outputs": [
        {
          "name": "images",
          "links": [
            83
          ],
          "label": "图像",
          "type": "IMAGE",
          "localized_name": "images"
        }
      ],
      "size": [
        315,
        150
      ],
      "pos": [
        1739.7347412109375,
        96.99764251708984
      ],
      "widgets_values": [
        2,
        "right",
        true,
        null
      ],
      "inputs": [
        {
          "name": "image_1",
          "link": 126,
          "label": "图像_1",
          "type": "IMAGE",
          "localized_name": "image_1"
        },
        {
          "name": "image_2",
          "link": 127,
          "label": "图像_2",
          "type": "IMAGE",
          "localized_name": "image_2"
        }
      ],
      "flags": {},
      "id": 66,
      "type": "ImageConcatMulti",
      "properties": {
        "cnr_id": "comfyui-kjnodes",
        "ver": "3e3a1a8aac61dc4515f6a7da74e026f05a80299f"
      },
      "order": 27
    },
    {
      "outputs": [],
      "color": "#432",
      "widgets_values": [
        "欢饮关注【破狼】公众号"
      ],
      "inputs": [],
      "flags": {},
      "type": "Note",
      "mode": 0,
      "bgcolor": "#653",
      "size": [
        374.3061828613281,
        171.9547576904297
      ],
      "pos": [
        723.7317504882812,
        -597.3093872070312
      ],
      "id": 36,
      "properties": {},
      "order": 1
    },
    {
      "outputs": [
        {
          "name": "vae",
          "slot_index": 0,
          "links": [
            43,
            59,
            110
          ],
          "label": "vae",
          "type": "WANVAE",
          "localized_name": "vae"
        }
      ],
      "color": "#322",
      "widgets_values": [
        "Wan2_1_VAE_bf16.safetensors",
        "bf16"
      ],
      "inputs": [],
      "flags": {},
      "type": "WanVideoVAELoader",
      "mode": 0,
      "bgcolor": "#533",
      "size": [
        315,
        82
      ],
      "pos": [
        171.62522888183594,
        79.48902893066406
      ],
      "id": 38,
      "properties": {
        "cnr_id": "ComfyUI-WanVideoWrapper",
        "ver": "6099ad393b071728032fd481e96d77d2900eee2c",
        "Node name for S&R": "WanVideoVAELoader"
      },
      "order": 2
    },
    {
      "mode": 0,
      "outputs": [
        {
          "name": "IMAGE",
          "links": [
            72
          ],
          "label": "图像",
          "type": "IMAGE",
          "localized_name": "图像"
        },
        {
          "name": "MASK",
          "label": "遮罩",
          "type": "MASK",
          "localized_name": "遮罩"
        }
      ],
      "size": [
        315,
        314
      ],
      "pos": [
        -549.6646728515625,
        251.52166748046875
      ],
      "widgets_values": [
        "ecaa062fddd77f949116c37c781e218a7fc4b98f43bac9f67649a601af5d775d.png",
        "image",
        ""
      ],
      "inputs": [],
      "flags": {},
      "id": 57,
      "type": "LoadImage",
      "properties": {
        "cnr_id": "comfy-core",
        "ver": "0.3.29",
        "Node name for S&R": "LoadImage"
      },
      "order": 3
    },
    {
      "mode": 0,
      "outputs": [
        {
          "name": "IMAGE",
          "links": [
            73
          ],
          "label": "图像",
          "type": "IMAGE",
          "localized_name": "图像"
        },
        {
          "name": "width",
          "links": [],
          "label": "宽度",
          "type": "INT",
          "localized_name": "width"
        },
        {
          "name": "height",
          "links": [],
          "label": "高度",
          "type": "INT",
          "localized_name": "height"
        }
      ],
      "size": [
        315,
        286
      ],
      "pos": [
        -138.123046875,
        268.34466552734375
      ],
      "widgets_values": [
        512,
        512,
        "lanczos",
        true,
        8,
        "center"
      ],
      "inputs": [
        {
          "name": "image",
          "link": 72,
          "label": "图像",
          "type": "IMAGE",
          "localized_name": "image"
        },
        {
          "shape": 7,
          "name": "get_image_size",
          "label": "参考图像",
          "type": "IMAGE",
          "localized_name": "get_image_size"
        },
        {
          "shape": 7,
          "name": "height_input",
          "label": "高度",
          "type": "INT"
        },
        {
          "shape": 7,
          "name": "get_image_size",
          "label": "参考图像",
          "type": "IMAGE"
        },
        {
          "widget": {
            "name": "width"
          },
          "name": "width",
          "link": 134,
          "label": "width",
          "type": "INT",
          "localized_name": "宽度"
        },
        {
          "widget": {
            "name": "height"
          },
          "name": "height",
          "link": 138,
          "label": "height",
          "type": "INT",
          "localized_name": "高度"
        }
      ],
      "flags": {},
      "id": 65,
      "type": "ImageResizeKJ",
      "properties": {
        "cnr_id": "comfyui-kjnodes",
        "ver": "3e3a1a8aac61dc4515f6a7da74e026f05a80299f",
        "Node name for S&R": "ImageResizeKJ"
      },
      "order": 11
    },
    {
      "mode": 0,
      "outputs": [
        {
          "name": "IMAGE",
          "links": [
            91
          ],
          "label": "图像",
          "type": "IMAGE",
          "localized_name": "图像"
        },
        {
          "name": "width",
          "links": [],
          "label": "宽度",
          "type": "INT",
          "localized_name": "width"
        },
        {
          "name": "height",
          "links": [],
          "label": "高度",
          "type": "INT",
          "localized_name": "height"
        }
      ],
      "size": [
        315,
        286
      ],
      "pos": [
        -134.57601928710938,
        636.505126953125
      ],
      "widgets_values": [
        512,
        512,
        "lanczos",
        true,
        8,
        "center"
      ],
      "inputs": [
        {
          "name": "image",
          "link": 87,
          "label": "图像",
          "type": "IMAGE",
          "localized_name": "image"
        },
        {
          "shape": 7,
          "name": "get_image_size",
          "label": "参考图像",
          "type": "IMAGE",
          "localized_name": "get_image_size"
        },
        {
          "shape": 7,
          "name": "height_input",
          "label": "高度",
          "type": "INT"
        },
        {
          "shape": 7,
          "name": "get_image_size",
          "label": "参考图像",
          "type": "IMAGE"
        },
        {
          "widget": {
            "name": "width"
          },
          "name": "width",
          "link": 135,
          "label": "width",
          "type": "INT",
          "localized_name": "宽度"
        },
        {
          "widget": {
            "name": "height"
          },
          "name": "height",
          "link": 139,
          "label": "height",
          "type": "INT",
          "localized_name": "高度"
        }
      ],
      "flags": {},
      "id": 68,
      "type": "ImageResizeKJ",
      "properties": {
        "cnr_id": "comfyui-kjnodes",
        "ver": "3e3a1a8aac61dc4515f6a7da74e026f05a80299f",
        "Node name for S&R": "ImageResizeKJ"
      },
      "order": 12
    },
    {
      "mode": 0,
      "outputs": [
        {
          "name": "samples",
          "slot_index": 0,
          "links": [
            33
          ],
          "label": "samples",
          "type": "LATENT",
          "localized_name": "samples"
        }
      ],
      "size": [
        315,
        729
      ],
      "pos": [
        1315.2401123046875,
        -401.48028564453125
      ],
      "widgets_values": [
        10,
        1.0000000000000002,
        5,
        44,
        "fixed",
        true,
        "unipc",
        0,
        1,
        false,
        "comfy"
      ],
      "inputs": [
        {
          "name": "model",
          "link": 144,
          "label": "model",
          "type": "WANVIDEOMODEL",
          "localized_name": "model"
        },
        {
          "name": "text_embeds",
          "link": 147,
          "label": "text_embeds",
          "type": "WANVIDEOTEXTEMBEDS",
          "localized_name": "text_embeds"
        },
        {
          "name": "image_embeds",
          "link": 114,
          "label": "image_embeds",
          "type": "WANVIDIMAGE_EMBEDS",
          "localized_name": "image_embeds"
        },
        {
          "shape": 7,
          "name": "samples",
          "label": "samples",
          "type": "LATENT",
          "localized_name": "samples"
        },
        {
          "shape": 7,
          "name": "feta_args",
          "label": "feta_args",
          "type": "FETAARGS",
          "localized_name": "feta_args"
        },
        {
          "shape": 7,
          "name": "context_options",
          "label": "context_options",
          "type": "WANVIDCONTEXT",
          "localized_name": "context_options"
        },
        {
          "shape": 7,
          "name": "cache_args",
          "label": "cache_args",
          "type": "CACHEARGS",
          "localized_name": "cache_args"
        },
        {
          "shape": 7,
          "name": "flowedit_args",
          "label": "flowedit_args",
          "type": "FLOWEDITARGS",
          "localized_name": "flowedit_args"
        },
        {
          "shape": 7,
          "name": "slg_args",
          "label": "slg_args",
          "type": "SLGARGS",
          "localized_name": "slg_args"
        },
        {
          "shape": 7,
          "name": "loop_args",
          "label": "loop_args",
          "type": "LOOPARGS",
          "localized_name": "loop_args"
        },
        {
          "shape": 7,
          "name": "experimental_args",
          "label": "experimental_args",
          "type": "EXPERIMENTALARGS",
          "localized_name": "experimental_args"
        },
        {
          "shape": 7,
          "name": "sigmas",
          "label": "sigmas",
          "type": "SIGMAS",
          "localized_name": "sigmas"
        },
        {
          "shape": 7,
          "name": "unianimate_poses",
          "label": "unianimate_poses",
          "type": "UNIANIMATE_POSE",
          "localized_name": "unianimate_poses"
        },
        {
          "shape": 7,
          "name": "fantasytalking_embeds",
          "label": "fantasytalking_embeds",
          "type": "FANTASYTALKING_EMBEDS",
          "localized_name": "fantasytalking_embeds"
        },
        {
          "shape": 7,
          "name": "uni3c_embeds",
          "label": "uni3c_embeds",
          "type": "UNI3C_EMBEDS",
          "localized_name": "uni3c_embeds"
        },
        {
          "widget": {
            "name": "steps"
          },
          "name": "steps",
          "link": 142,
          "label": "steps",
          "type": "INT"
        }
      ],
      "flags": {},
      "id": 27,
      "type": "WanVideoSampler",
      "properties": {
        "cnr_id": "ComfyUI-WanVideoWrapper",
        "ver": "6099ad393b071728032fd481e96d77d2900eee2c",
        "Node name for S&R": "WanVideoSampler"
      },
      "order": 24
    },
    {
      "mode": 0,
      "outputs": [
        {
          "name": "int",
          "links": [
            142
          ],
          "label": "整数",
          "type": "INT",
          "localized_name": "int"
        }
      ],
      "size": [
        220.8490753173828,
        58.00000762939453
      ],
      "pos": [
        -58.347747802734375,
        -189.9090576171875
      ],
      "widgets_values": [
        10
      ],
      "inputs": [],
      "flags": {},
      "id": 84,
      "type": "Primitive integer [Crystools]",
      "properties": {
        "Node name for S&R": "Primitive integer [Crystools]"
      },
      "order": 4
    },
    {
      "mode": 0,
      "outputs": [
        {
          "name": "IMAGE",
          "links": [
            87
          ],
          "label": "图像",
          "type": "IMAGE",
          "localized_name": "图像"
        },
        {
          "name": "MASK",
          "label": "遮罩",
          "type": "MASK",
          "localized_name": "遮罩"
        }
      ],
      "size": [
        315,
        314
      ],
      "pos": [
        -529.6270751953125,
        642.4041137695312
      ],
      "widgets_values": [
        "92bbd08e552e342350e185ef373ecb46b4395191c8c4914471ee4853ac74a871.jpg",
        "image",
        ""
      ],
      "inputs": [],
      "flags": {},
      "id": 67,
      "type": "LoadImage",
      "properties": {
        "cnr_id": "comfy-core",
        "ver": "0.3.29",
        "Node name for S&R": "LoadImage"
      },
      "order": 5
    },
    {
      "mode": 0,
      "outputs": [
        {
          "name": "STRING",
          "links": [
            128
          ],
          "label": "字符串",
          "type": "STRING",
          "localized_name": "字符串"
        }
      ],
      "size": [
        400,
        200
      ],
      "pos": [
        -413.262939453125,
        -428.082275390625
      ],
      "widgets_values": [
        "A women is holding a handbag and giving a product sales demonstration. Show the products while looking at the camera "
      ],
      "inputs": [],
      "flags": {},
      "id": 78,
      "type": "Text Multiline",
      "properties": {
        "Node name for S&R": "Text Multiline"
      },
      "order": 6
    },
    {
      "mode": 0,
      "outputs": [
        {
          "name": "int",
          "links": [
            133,
            134,
            135,
            136
          ],
          "label": "整数",
          "type": "INT",
          "localized_name": "int"
        }
      ],
      "size": [
        220.8490753173828,
        58.00000762939453
      ],
      "pos": [
        -294.3309326171875,
        -126.0274887084961
      ],
      "widgets_values": [
        512
      ],
      "inputs": [],
      "flags": {},
      "id": 81,
      "type": "Primitive integer [Crystools]",
      "properties": {
        "Node name for S&R": "Primitive integer [Crystools]"
      },
      "order": 7
    },
    {
      "mode": 0,
      "outputs": [
        {
          "name": "int",
          "links": [
            137,
            138,
            139,
            140
          ],
          "label": "整数",
          "type": "INT",
          "localized_name": "int"
        }
      ],
      "size": [
        220.8490753173828,
        58.00000762939453
      ],
      "pos": [
        -290.8594970703125,
        9.319563865661621
      ],
      "widgets_values": [
        512
      ],
      "inputs": [],
      "flags": {},
      "id": 82,
      "type": "Primitive integer [Crystools]",
      "properties": {
        "Node name for S&R": "Primitive integer [Crystools]"
      },
      "order": 8
    },
    {
      "mode": 0,
      "outputs": [
        {
          "name": "output",
          "links": [
            144
          ],
          "type": "*",
          "localized_name": "output"
        }
      ],
      "size": [
        140,
        26
      ],
      "pos": [
        1143.4637451171875,
        -422.0880126953125
      ],
      "widgets_values": [],
      "inputs": [
        {
          "name": "anything",
          "link": 143,
          "label": "输入任何",
          "type": "*",
          "localized_name": "anything"
        }
      ],
      "flags": {},
      "id": 85,
      "type": "easy clearCacheAll",
      "properties": {
        "Node name for S&R": "easy clearCacheAll"
      },
      "order": 18
    },
    {
      "outputs": [
        {
          "name": "wan_t5_model",
          "slot_index": 0,
          "links": [
            15
          ],
          "label": "wan_t5_model",
          "type": "WANTEXTENCODER",
          "localized_name": "wan_t5_model"
        }
      ],
      "color": "#332922",
      "widgets_values": [
        "umt5-xxl-enc-fp8_e4m3fn.safetensors",
        "bf16",
        "offload_device",
        "fp8_e4m3fn"
      ],
      "inputs": [],
      "flags": {},
      "type": "LoadWanVideoT5TextEncoder",
      "mode": 0,
      "bgcolor": "#593930",
      "size": [
        377.1661376953125,
        130
      ],
      "pos": [
        207.29885864257812,
        -105.81587219238281
      ],
      "id": 11,
      "properties": {
        "cnr_id": "ComfyUI-WanVideoWrapper",
        "ver": "6099ad393b071728032fd481e96d77d2900eee2c",
        "Node name for S&R": "LoadWanVideoT5TextEncoder"
      },
      "order": 9
    },
    {
      "mode": 0,
      "outputs": [
        {
          "name": "output",
          "links": [
            147
          ],
          "type": "*",
          "localized_name": "output"
        }
      ],
      "size": [
        140,
        26
      ],
      "pos": [
        1152.5859375,
        -184.89483642578125
      ],
      "widgets_values": [],
      "inputs": [
        {
          "name": "anything",
          "link": 146,
          "label": "输入任何",
          "type": "*",
          "localized_name": "anything"
        }
      ],
      "flags": {},
      "id": 86,
      "type": "easy clearCacheAll",
      "properties": {
        "Node name for S&R": "easy clearCacheAll"
      },
      "order": 17
    },
    {
      "outputs": [
        {
          "name": "text_embeds",
          "slot_index": 0,
          "links": [
            146
          ],
          "label": "text_embeds",
          "type": "WANVIDEOTEXTEMBEDS",
          "localized_name": "text_embeds"
        }
      ],
      "color": "#332922",
      "widgets_values": [
        "The woman was holding a bag and giving a sales presentation and showing it",
        "色调艳丽，过曝，静态，细节模糊不清，字幕，风格，作品，画作，画面，静止，整体发灰，最差质量，低质量，JPEG压缩残留，丑陋的，残缺的，多余的手指，画得不好的手部，画得不好的脸部，畸形的，毁容的，形态畸形的肢体，手指融合，静止不动的画面，杂乱的背景，三条腿，背景人很多，倒着走",
        true
      ],
      "inputs": [
        {
          "name": "t5",
          "link": 15,
          "label": "t5",
          "type": "WANTEXTENCODER",
          "localized_name": "t5"
        },
        {
          "shape": 7,
          "name": "model_to_offload",
          "label": "model_to_offload",
          "type": "WANVIDEOMODEL",
          "localized_name": "model_to_offload"
        },
        {
          "widget": {
            "name": "positive_prompt"
          },
          "name": "positive_prompt",
          "link": 128,
          "label": "positive_prompt",
          "type": "STRING"
        }
      ],
      "flags": {
        "collapsed": true
      },
      "type": "WanVideoTextEncode",
      "mode": 0,
      "bgcolor": "#593930",
      "size": [
        420.30511474609375,
        261.5306701660156
      ],
      "pos": [
        782.8917846679688,
        17.457279205322266
      ],
      "id": 16,
      "properties": {
        "cnr_id": "ComfyUI-WanVideoWrapper",
        "ver": "6099ad393b071728032fd481e96d77d2900eee2c",
        "Node name for S&R": "WanVideoTextEncode"
      },
      "order": 13
    },
    {
      "outputs": [
        {
          "name": "block_swap_args",
          "slot_index": 0,
          "links": [
            121
          ],
          "label": "block_swap_args",
          "type": "BLOCKSWAPARGS",
          "localized_name": "block_swap_args"
        }
      ],
      "color": "#223",
      "widgets_values": [
        40,
        false,
        false,
        true,
        0
      ],
      "inputs": [],
      "flags": {},
      "type": "WanVideoBlockSwap",
      "mode": 0,
      "bgcolor": "#335",
      "size": [
        315,
        154
      ],
      "pos": [
        253.16395568847656,
        -343.3807678222656
      ],
      "id": 39,
      "properties": {
        "cnr_id": "ComfyUI-WanVideoWrapper",
        "ver": "6099ad393b071728032fd481e96d77d2900eee2c",
        "Node name for S&R": "WanVideoBlockSwap"
      },
      "order": 10
    },
    {
      "outputs": [
        {
          "name": "model",
          "slot_index": 0,
          "links": [
            143
          ],
          "label": "model",
          "type": "WANVIDEOMODEL",
          "localized_name": "model"
        }
      ],
      "color": "#223",
      "widgets_values": [
        "Wan14BT2VFusioniX_Phantom_fp16.safetensors",
        "fp16",
        "fp8_e4m3fn",
        "offload_device",
        "sageattn"
      ],
      "inputs": [
        {
          "shape": 7,
          "name": "compile_args",
          "link": 70,
          "label": "compile_args",
          "type": "WANCOMPILEARGS",
          "localized_name": "compile_args"
        },
        {
          "shape": 7,
          "name": "block_swap_args",
          "link": 121,
          "label": "block_swap_args",
          "type": "BLOCKSWAPARGS",
          "localized_name": "block_swap_args"
        },
        {
          "shape": 7,
          "name": "lora",
          "label": "lora",
          "type": "WANVIDLORA",
          "localized_name": "lora"
        },
        {
          "shape": 7,
          "name": "vram_management_args",
          "label": "vram_management_args",
          "type": "VRAM_MANAGEMENTARGS",
          "localized_name": "vram_management_args"
        },
        {
          "shape": 7,
          "name": "vace_model",
          "label": "vace_model",
          "type": "VACEPATH",
          "localized_name": "vace_model"
        },
        {
          "shape": 7,
          "name": "fantasytalking_model",
          "label": "fantasytalking_model",
          "type": "FANTASYTALKINGMODEL",
          "localized_name": "fantasytalking_model"
        }
      ],
      "flags": {},
      "type": "WanVideoModelLoader",
      "mode": 0,
      "bgcolor": "#335",
      "size": [
        477.4410095214844,
        254
      ],
      "pos": [
        620.3950805664062,
        -357.8426818847656
      ],
      "id": 22,
      "properties": {
        "cnr_id": "ComfyUI-WanVideoWrapper",
        "ver": "6099ad393b071728032fd481e96d77d2900eee2c",
        "Node name for S&R": "WanVideoModelLoader"
      },
      "order": 14
    }
  ],
  "extra": {
    "VHS_KeepIntermediate": true,
    "workspace_info": {
      "id": "DnYDh6uF8mUiPQJReFi3z"
    },
    "VHS_MetadataImage": true,
    "ue_links": [],
    "0246.VERSION": [
      0,
      0,
      4
    ],
    "VHS_latentpreviewrate": 0,
    "frontendVersion": "1.16.9",
    "VHS_latentpreview": false,
    "node_versions": {
      "ComfyUI-WanVideoWrapper": "5a2383621a05825d0d0437781afcb8552d9590fd",
      "ComfyUI-VideoHelperSuite": "0a75c7958fe320efcb052f1d9f8451fd20c730a8",
      "comfy-core": "0.3.26"
    },
    "ds": {
      "offset": [
        -44.79241268896749,
        1482.619818270915
      ],
      "scale": 0.6588450000000002
    }
  },
  "groups": [
    {
      "color": "#3f789e",
      "font_size": 24,
      "flags": {},
      "id": 2,
      "title": "phantom",
      "bounding": [
        -559.6646728515625,
        -734.0222778320312,
        3734.61279296875,
        1719.7601318359375
      ]
    },
    {
      "color": "#8A8",
      "font_size": 240,
      "flags": {},
      "id": 3,
      "title": "欢迎关注【破狼】公众号",
      "bounding": [
        -27.8792781829834,
        -1216.8035888671875,
        2973.7998046875,
        385.0824279785156
      ]
    }
  ],
  "links": [
    [
      15,
      11,
      0,
      16,
      0,
      "WANTEXTENCODER"
    ],
    [
      33,
      27,
      0,
      28,
      1,
      "LATENT"
    ],
    [
      43,
      38,
      0,
      28,
      0,
      "VAE"
    ],
    [
      59,
      38,
      0,
      56,
      0,
      "WANVAE"
    ],
    [
      70,
      35,
      0,
      22,
      0,
      "WANCOMPILEARGS"
    ],
    [
      72,
      57,
      0,
      65,
      0,
      "IMAGE"
    ],
    [
      73,
      65,
      0,
      60,
      0,
      "IMAGE"
    ],
    [
      83,
      66,
      0,
      30,
      0,
      "IMAGE"
    ],
    [
      87,
      67,
      0,
      68,
      0,
      "IMAGE"
    ],
    [
      91,
      68,
      0,
      69,
      0,
      "IMAGE"
    ],
    [
      102,
      69,
      0,
      63,
      0,
      "IMAGE"
    ],
    [
      105,
      69,
      0,
      73,
      1,
      "IMAGE"
    ],
    [
      106,
      60,
      0,
      56,
      1,
      "IMAGE"
    ],
    [
      110,
      38,
      0,
      73,
      0,
      "WANVAE"
    ],
    [
      114,
      74,
      0,
      27,
      2,
      "WANVIDIMAGE_EMBEDS"
    ],
    [
      119,
      73,
      0,
      74,
      0,
      "LATENT"
    ],
    [
      120,
      56,
      0,
      74,
      1,
      "LATENT"
    ],
    [
      121,
      39,
      0,
      22,
      1,
      "BLOCKSWAPARGS"
    ],
    [
      122,
      28,
      0,
      76,
      0,
      "IMAGE"
    ],
    [
      124,
      69,
      0,
      77,
      0,
      "IMAGE"
    ],
    [
      125,
      60,
      0,
      77,
      1,
      "IMAGE"
    ],
    [
      126,
      77,
      0,
      66,
      0,
      "IMAGE"
    ],
    [
      127,
      28,
      0,
      66,
      1,
      "IMAGE"
    ],
    [
      128,
      78,
      0,
      16,
      2,
      "STRING"
    ],
    [
      133,
      81,
      0,
      60,
      2,
      "INT"
    ],
    [
      134,
      81,
      0,
      65,
      4,
      "INT"
    ],
    [
      135,
      81,
      0,
      68,
      4,
      "INT"
    ],
    [
      136,
      81,
      0,
      69,
      2,
      "INT"
    ],
    [
      137,
      82,
      0,
      60,
      3,
      "INT"
    ],
    [
      138,
      82,
      0,
      65,
      5,
      "INT"
    ],
    [
      139,
      82,
      0,
      68,
      5,
      "INT"
    ],
    [
      140,
      82,
      0,
      69,
      3,
      "INT"
    ],
    [
      142,
      84,
      0,
      27,
      15,
      "INT"
    ],
    [
      143,
      22,
      0,
      85,
      0,
      "*"
    ],
    [
      144,
      85,
      0,
      27,
      0,
      "WANVIDEOMODEL"
    ],
    [
      146,
      16,
      0,
      86,
      0,
      "*"
    ],
    [
      147,
      86,
      0,
      27,
      1,
      "WANVIDEOTEXTEMBEDS"
    ]
  ],
  "id": "c6e410bc-5e2c-460b-ae81-c91b6094fbb1",
  "config": {},
  "version": 0.4,
  "last_node_id": 86,
  "revision": 0
}