{
  "last_link_id": 75,
  "nodes": [
    {
      "outputs": [
        {
          "name": "*",
          "label": "输出",
          "type": "*"
        }
      ],
      "color": "#2a363b",
      "widgets_values": [
        "缩放首帧"
      ],
      "inputs": [
        {
          "name": "IMAGE",
          "link": 44,
          "type": "IMAGE"
        }
      ],
      "flags": {},
      "type": "SetNode",
      "mode": 0,
      "bgcolor": "#3f5159",
      "size": [
        210,
        60
      ],
      "pos": [
        1497.8583984375,
        486.10198974609375
      ],
      "id": 31,
      "properties": {
        "previousName": "缩放首帧"
      },
      "order": 36
    },
    {
      "mode": 0,
      "outputs": [],
      "size": [
        210,
        246
      ],
      "pos": [
        1494.7813720703125,
        618.323974609375
      ],
      "widgets_values": [
        ""
      ],
      "inputs": [
        {
          "name": "images",
          "link": 17,
          "label": "图像",
          "type": "IMAGE",
          "localized_name": "图像"
        }
      ],
      "flags": {},
      "id": 14,
      "type": "PreviewImage",
      "properties": {
        "Node name for S&R": "PreviewImage"
      },
      "order": 35
    },
    {
      "mode": 0,
      "outputs": [],
      "size": [
        210,
        246
      ],
      "pos": [
        1479.9139404296875,
        1458.5777587890625
      ],
      "widgets_values": [
        ""
      ],
      "inputs": [
        {
          "name": "images",
          "link": 18,
          "label": "图像",
          "type": "IMAGE",
          "localized_name": "图像"
        }
      ],
      "flags": {},
      "id": 15,
      "type": "PreviewImage",
      "properties": {
        "Node name for S&R": "PreviewImage"
      },
      "order": 33
    },
    {
      "outputs": [
        {
          "name": "*",
          "label": "输出",
          "type": "*"
        }
      ],
      "color": "#2a363b",
      "widgets_values": [
        "缩放尾帧"
      ],
      "inputs": [
        {
          "name": "IMAGE",
          "link": 42,
          "type": "IMAGE"
        }
      ],
      "flags": {},
      "type": "SetNode",
      "mode": 0,
      "bgcolor": "#3f5159",
      "size": [
        210,
        60
      ],
      "pos": [
        1495.18505859375,
        1333.4886474609375
      ],
      "id": 29,
      "properties": {
        "previousName": "缩放尾帧"
      },
      "order": 34
    },
    {
      "mode": 0,
      "outputs": [
        {
          "name": "IMAGE",
          "links": [
            18,
            42
          ],
          "label": "图像",
          "type": "IMAGE",
          "localized_name": "图像"
        },
        {
          "name": "width",
          "label": "宽度",
          "type": "INT",
          "localized_name": "width"
        },
        {
          "name": "height",
          "label": "高度",
          "type": "INT",
          "localized_name": "height"
        }
      ],
      "size": [
        315,
        218
      ],
      "pos": [
        1437.624755859375,
        1042.4305419921875
      ],
      "widgets_values": [
        480,
        640,
        "lanczos",
        "keep proportion",
        "always",
        2
      ],
      "inputs": [
        {
          "name": "image",
          "link": 14,
          "label": "图像",
          "type": "IMAGE",
          "localized_name": "image"
        },
        {
          "widget": {
            "name": "width"
          },
          "name": "width",
          "link": 49,
          "label": "宽度",
          "type": "INT",
          "localized_name": "宽度"
        },
        {
          "widget": {
            "name": "height"
          },
          "name": "height",
          "link": 50,
          "label": "高度",
          "type": "INT",
          "localized_name": "高度"
        }
      ],
      "flags": {},
      "id": 13,
      "type": "ImageResize+",
      "properties": {
        "Node name for S&R": "ImageResize+"
      },
      "order": 29
    },
    {
      "mode": 0,
      "outputs": [
        {
          "name": "IMAGE",
          "links": [
            17,
            44
          ],
          "label": "图像",
          "type": "IMAGE",
          "localized_name": "图像"
        },
        {
          "name": "width",
          "label": "宽度",
          "type": "INT",
          "localized_name": "width"
        },
        {
          "name": "height",
          "label": "高度",
          "type": "INT",
          "localized_name": "height"
        }
      ],
      "size": [
        315,
        218
      ],
      "pos": [
        1433.20654296875,
        208.7001495361328
      ],
      "widgets_values": [
        480,
        640,
        "lanczos",
        "keep proportion",
        "always",
        2
      ],
      "inputs": [
        {
          "name": "image",
          "link": 13,
          "label": "图像",
          "type": "IMAGE",
          "localized_name": "image"
        },
        {
          "widget": {
            "name": "width"
          },
          "name": "width",
          "link": 51,
          "label": "宽度",
          "type": "INT",
          "localized_name": "宽度"
        },
        {
          "widget": {
            "name": "height"
          },
          "name": "height",
          "link": 52,
          "label": "高度",
          "type": "INT",
          "localized_name": "高度"
        }
      ],
      "flags": {},
      "id": 12,
      "type": "ImageResize+",
      "properties": {
        "Node name for S&R": "ImageResize+"
      },
      "order": 30
    },
    {
      "outputs": [
        {
          "name": "text_embeds",
          "links": [
            62
          ],
          "label": "text_embeds",
          "type": "WANVIDEOTEXTEMBEDS",
          "localized_name": "text_embeds"
        }
      ],
      "color": "#322",
      "widgets_values": [
        "色调艳丽，过曝，静态，细节模糊不清，字幕，风格，作品，画作，画面，静止，整体发灰，最差质量，低质量，JPEG压缩残留，丑陋的，残缺的，多余的手指，画得不好的手部，画得不好的脸部，畸形的，毁容的，形态畸形的肢体，手指融合，静止不动的画面，杂乱的背景，三条腿，背景人很多，倒着走",
        true
      ],
      "inputs": [
        {
          "name": "t5",
          "label": "t5",
          "type": "WANTEXTENCODER",
          "localized_name": "t5"
        },
        {
          "shape": 7,
          "name": "model_to_offload",
          "label": "model_to_offload",
          "type": "WANVIDEOMODEL",
          "localized_name": "model_to_offload"
        }
      ],
      "flags": {},
      "type": "WanVideoTextEncodeSingle",
      "mode": 0,
      "bgcolor": "#533",
      "size": [
        412.4712829589844,
        246.1897430419922
      ],
      "pos": [
        2406.108642578125,
        635.7609252929688
      ],
      "id": 53,
      "properties": {
        "Node name for S&R": "WanVideoTextEncodeSingle"
      },
      "order": 0
    },
    {
      "outputs": [],
      "color": "#432",
      "widgets_values": [
        "提示词支持中文输入"
      ],
      "inputs": [],
      "flags": {},
      "type": "Note",
      "mode": 0,
      "bgcolor": "#653",
      "size": [
        290.3393249511719,
        158.74703979492188
      ],
      "pos": [
        1977.864013671875,
        567.4302368164062
      ],
      "id": 36,
      "properties": {},
      "order": 1
    },
    {
      "outputs": [
        {
          "name": "IMAGE",
          "links": [
            14
          ],
          "label": "图像",
          "type": "IMAGE",
          "localized_name": "图像"
        },
        {
          "name": "MASK",
          "label": "遮罩",
          "type": "MASK",
          "localized_name": "遮罩"
        }
      ],
      "color": "#232",
      "widgets_values": [
        "a498987ae8553872c2b72652bb21c6b28e16e63921f6ce419612e9c731fccadf.webp",
        "image",
        ""
      ],
      "inputs": [],
      "flags": {},
      "type": "LoadImage",
      "mode": 0,
      "bgcolor": "#353",
      "size": [
        453.0802307128906,
        676.81298828125
      ],
      "pos": [
        901.5258178710938,
        1042.897216796875
      ],
      "id": 2,
      "properties": {
        "cnr_id": "comfy-core",
        "ver": "0.3.27",
        "Node name for S&R": "LoadImage"
      },
      "order": 2
    },
    {
      "outputs": [
        {
          "name": "IMAGE",
          "links": [
            13
          ],
          "label": "图像",
          "type": "IMAGE",
          "localized_name": "图像"
        },
        {
          "name": "MASK",
          "label": "遮罩",
          "type": "MASK",
          "localized_name": "遮罩"
        }
      ],
      "color": "#232",
      "widgets_values": [
        "b112bd2ebc40d152c8a596d690dd43c74f4c91e99546157b0e56d545d0bae8f9.webp",
        "image",
        ""
      ],
      "inputs": [],
      "flags": {},
      "type": "LoadImage",
      "mode": 0,
      "bgcolor": "#353",
      "size": [
        456.317138671875,
        676.9187622070312
      ],
      "pos": [
        903.2643432617188,
        210.068603515625
      ],
      "id": 1,
      "properties": {
        "cnr_id": "comfy-core",
        "ver": "0.3.27",
        "Node name for S&R": "LoadImage"
      },
      "order": 3
    },
    {
      "outputs": [
        {
          "name": "images",
          "links": [
            27
          ],
          "label": "images",
          "type": "IMAGE",
          "localized_name": "images"
        }
      ],
      "color": "#322",
      "widgets_values": [
        false,
        272,
        272,
        144,
        128
      ],
      "inputs": [
        {
          "name": "vae",
          "label": "vae",
          "type": "WANVAE",
          "localized_name": "vae"
        },
        {
          "name": "samples",
          "link": 12,
          "label": "samples",
          "type": "LATENT",
          "localized_name": "samples"
        }
      ],
      "flags": {},
      "type": "WanVideoDecode",
      "mode": 0,
      "bgcolor": "#533",
      "size": [
        315,
        198
      ],
      "pos": [
        3558.185546875,
        292.25848388671875
      ],
      "id": 11,
      "properties": {
        "cnr_id": "ComfyUI-WanVideoWrapper",
        "ver": "d9b1f4d1a5aea91d101ae97a54714a5861af3f50",
        "Node name for S&R": "WanVideoDecode"
      },
      "order": 42
    },
    {
      "mode": 0,
      "outputs": [],
      "size": [
        210,
        26
      ],
      "pos": [
        3604.77880859375,
        -220.2029266357422
      ],
      "widgets_values": [],
      "inputs": [
        {
          "shape": 7,
          "name": "WANVAE",
          "link": 40,
          "label": "输入",
          "type": "*",
          "color_on": "",
          "localized_name": "anything"
        }
      ],
      "flags": {},
      "id": 28,
      "type": "Anything Everywhere",
      "properties": {
        "color_restricted": 0,
        "Node name for S&R": "Anything Everywhere",
        "group_restricted": 0
      },
      "order": 25
    },
    {
      "mode": 0,
      "outputs": [],
      "size": [
        210,
        26
      ],
      "pos": [
        3620.1015625,
        -366.0311279296875
      ],
      "widgets_values": [],
      "inputs": [
        {
          "shape": 7,
          "name": "WANVIDEOMODEL",
          "link": 56,
          "label": "输入",
          "type": "*",
          "color_on": "",
          "localized_name": "anything"
        }
      ],
      "flags": {},
      "id": 33,
      "type": "Anything Everywhere",
      "properties": {
        "color_restricted": 0,
        "Node name for S&R": "Anything Everywhere",
        "group_restricted": 0
      },
      "order": 32
    },
    {
      "mode": 0,
      "outputs": [],
      "size": [
        210,
        26
      ],
      "pos": [
        3593.9697265625,
        -58.864768981933594
      ],
      "widgets_values": [],
      "inputs": [
        {
          "shape": 7,
          "name": "WANTEXTENCODER",
          "link": 39,
          "label": "输入",
          "type": "*",
          "color_on": "",
          "localized_name": "anything"
        }
      ],
      "flags": {},
      "id": 27,
      "type": "Anything Everywhere",
      "properties": {
        "color_restricted": 0,
        "Node name for S&R": "Anything Everywhere",
        "group_restricted": 0
      },
      "order": 26
    },
    {
      "outputs": [
        {
          "name": "vace_embeds",
          "links": [
            8
          ],
          "label": "vace_embeds",
          "type": "WANVIDIMAGE_EMBEDS",
          "localized_name": "vace_embeds"
        }
      ],
      "color": "#323",
      "widgets_values": [
        480,
        832,
        29,
        1.0000000000000002,
        0,
        1,
        false
      ],
      "inputs": [
        {
          "name": "vae",
          "label": "vae",
          "type": "WANVAE",
          "localized_name": "vae"
        },
        {
          "shape": 7,
          "name": "input_frames",
          "link": 2,
          "label": "input_frames",
          "type": "IMAGE",
          "localized_name": "input_frames"
        },
        {
          "shape": 7,
          "name": "ref_images",
          "link": 48,
          "label": "ref_images",
          "type": "IMAGE",
          "localized_name": "ref_images"
        },
        {
          "shape": 7,
          "name": "input_masks",
          "link": 3,
          "label": "input_masks",
          "type": "MASK",
          "localized_name": "input_masks"
        },
        {
          "shape": 7,
          "name": "prev_vace_embeds",
          "label": "prev_vace_embeds",
          "type": "WANVIDIMAGE_EMBEDS",
          "localized_name": "prev_vace_embeds"
        },
        {
          "widget": {
            "name": "width"
          },
          "name": "width",
          "link": 4,
          "label": "width",
          "type": "INT"
        },
        {
          "widget": {
            "name": "height"
          },
          "name": "height",
          "link": 5,
          "label": "height",
          "type": "INT"
        },
        {
          "widget": {
            "name": "num_frames"
          },
          "name": "num_frames",
          "link": 6,
          "label": "num_frames",
          "type": "INT"
        }
      ],
      "flags": {},
      "type": "WanVideoVACEEncode",
      "mode": 0,
      "bgcolor": "#535",
      "size": [
        343.59088134765625,
        334
      ],
      "pos": [
        2476.364013671875,
        1368.5679931640625
      ],
      "id": 5,
      "properties": {
        "cnr_id": "ComfyUI-WanVideoWrapper",
        "ver": "3869b0482b615b6a8fd6f346467c5ef6627eed72",
        "Node name for S&R": "WanVideoVACEEncode"
      },
      "order": 40
    },
    {
      "outputs": [
        {
          "name": "IMAGE",
          "links": [
            43
          ],
          "type": "IMAGE"
        }
      ],
      "color": "#2a363b",
      "widgets_values": [
        "缩放尾帧"
      ],
      "inputs": [],
      "flags": {
        "collapsed": true
      },
      "type": "GetNode",
      "title": "Get_缩放尾帧",
      "mode": 0,
      "bgcolor": "#3f5159",
      "size": [
        249.042724609375,
        60
      ],
      "pos": [
        1876.3895263671875,
        1108.2174072265625
      ],
      "id": 30,
      "properties": {},
      "order": 4
    },
    {
      "outputs": [
        {
          "name": "IMAGE",
          "links": [
            45,
            46
          ],
          "type": "IMAGE"
        }
      ],
      "color": "#2a363b",
      "widgets_values": [
        "缩放首帧"
      ],
      "inputs": [],
      "flags": {
        "collapsed": true
      },
      "type": "GetNode",
      "title": "Get_缩放首帧",
      "mode": 0,
      "bgcolor": "#3f5159",
      "size": [
        240.65330505371094,
        72.90665435791016
      ],
      "pos": [
        1879.435791015625,
        1049.8739013671875
      ],
      "id": 32,
      "properties": {},
      "order": 5
    },
    {
      "mode": 0,
      "outputs": [
        {
          "name": "images",
          "links": [
            1
          ],
          "label": "images",
          "type": "IMAGE",
          "localized_name": "images"
        },
        {
          "name": "masks",
          "links": [
            3
          ],
          "label": "masks",
          "type": "MASK",
          "localized_name": "masks"
        }
      ],
      "size": [
        403.1999816894531,
        142
      ],
      "pos": [
        2052.5068359375,
        1037.5072021484375
      ],
      "widgets_values": [
        81,
        0
      ],
      "inputs": [
        {
          "shape": 7,
          "name": "start_image",
          "link": 46,
          "label": "start_image",
          "type": "IMAGE",
          "localized_name": "start_image"
        },
        {
          "shape": 7,
          "name": "end_image",
          "link": 43,
          "label": "end_image",
          "type": "IMAGE",
          "localized_name": "end_image"
        },
        {
          "shape": 7,
          "name": "control_images",
          "link": 45,
          "label": "control_images",
          "type": "IMAGE",
          "localized_name": "control_images"
        },
        {
          "shape": 7,
          "name": "inpaint_mask",
          "label": "inpaint_mask",
          "type": "MASK",
          "localized_name": "inpaint_mask"
        },
        {
          "widget": {
            "name": "num_frames"
          },
          "name": "num_frames",
          "link": 75,
          "type": "INT"
        }
      ],
      "flags": {
        "collapsed": false
      },
      "id": 3,
      "type": "WanVideoVACEStartToEndFrame",
      "properties": {
        "cnr_id": "ComfyUI-WanVideoWrapper",
        "ver": "ce8d908ed64df328e5bcb692eddc4fa53ad82c49",
        "Node name for S&R": "WanVideoVACEStartToEndFrame"
      },
      "order": 38
    },
    {
      "mode": 0,
      "outputs": [
        {
          "name": "image",
          "links": [
            2,
            63
          ],
          "label": "图像",
          "type": "IMAGE",
          "localized_name": "image"
        },
        {
          "name": "720 width",
          "links": [
            4
          ],
          "label": "宽度",
          "type": "INT",
          "localized_name": "width"
        },
        {
          "name": "960 height",
          "links": [
            5
          ],
          "label": "高度",
          "type": "INT",
          "localized_name": "height"
        },
        {
          "name": "81 count",
          "links": [
            6
          ],
          "label": "数量",
          "type": "INT",
          "localized_name": "count"
        }
      ],
      "size": [
        201.0434112548828,
        105.03917694091797
      ],
      "pos": [
        2551.57958984375,
        1039.4256591796875
      ],
      "widgets_values": [],
      "inputs": [
        {
          "name": "image",
          "link": 1,
          "label": "图像",
          "type": "IMAGE",
          "localized_name": "image"
        }
      ],
      "flags": {},
      "id": 4,
      "type": "GetImageSizeAndCount",
      "properties": {
        "cnr_id": "comfyui-kjnodes",
        "ver": "2aa4da0f587f68c1c255b0152ed8f5c334ebe4b4",
        "Node name for S&R": "GetImageSizeAndCount"
      },
      "order": 39
    },
    {
      "mode": 0,
      "outputs": [],
      "size": [
        210,
        246
      ],
      "pos": [
        1904.6239013671875,
        1403.96435546875
      ],
      "widgets_values": [
        ""
      ],
      "inputs": [
        {
          "name": "images",
          "link": 63,
          "label": "图像",
          "type": "IMAGE",
          "localized_name": "图像"
        }
      ],
      "flags": {},
      "id": 54,
      "type": "PreviewImage",
      "properties": {
        "Node name for S&R": "PreviewImage"
      },
      "order": 44
    },
    {
      "outputs": [],
      "color": "#432",
      "widgets_values": [
        "strength：控制参考图像对视频的影响强度\n\nvace_start_percent与vace_end_percent：分段编码优化\n\ntiled_vae：显存不足时（<12GB）建议开启"
      ],
      "inputs": [],
      "flags": {},
      "type": "Note",
      "mode": 0,
      "bgcolor": "#653",
      "size": [
        299.7200012207031,
        114.04669189453125
      ],
      "pos": [
        2150.34228515625,
        1545.3284912109375
      ],
      "id": 46,
      "properties": {},
      "order": 6
    },
    {
      "outputs": [
        {
          "name": "IMAGE",
          "links": [
            48
          ],
          "type": "IMAGE"
        }
      ],
      "color": "#2a363b",
      "widgets_values": [
        "缩放首帧"
      ],
      "inputs": [],
      "flags": {
        "collapsed": true
      },
      "type": "GetNode",
      "title": "Get_缩放首帧",
      "mode": 0,
      "bgcolor": "#3f5159",
      "size": [
        210,
        60
      ],
      "pos": [
        2262.308349609375,
        1438.9871826171875
      ],
      "id": 34,
      "properties": {},
      "order": 7
    },
    {
      "mode": 0,
      "outputs": [
        {
          "name": "vae",
          "slot_index": 0,
          "links": [
            40
          ],
          "label": "vae",
          "type": "WANVAE",
          "localized_name": "vae"
        }
      ],
      "size": [
        315,
        82
      ],
      "pos": [
        2689.01171875,
        -221.51727294921875
      ],
      "widgets_values": [
        "Wan2_1_VAE_bf16.safetensors",
        "bf16"
      ],
      "inputs": [],
      "flags": {},
      "id": 19,
      "type": "WanVideoVAELoader",
      "properties": {
        "cnr_id": "ComfyUI-WanVideoWrapper",
        "ver": "3869b0482b615b6a8fd6f346467c5ef6627eed72",
        "Node name for S&R": "WanVideoVAELoader"
      },
      "order": 8
    },
    {
      "mode": 0,
      "outputs": [
        {
          "name": "wan_t5_model",
          "slot_index": 0,
          "links": [
            39
          ],
          "label": "wan_t5_model",
          "type": "WANTEXTENCODER",
          "localized_name": "wan_t5_model"
        }
      ],
      "size": [
        377.1661376953125,
        130
      ],
      "pos": [
        3013.10595703125,
        -61.75718688964844
      ],
      "widgets_values": [
        "umt5-xxl-enc-bf16.safetensors",
        "bf16",
        "offload_device",
        "disabled"
      ],
      "inputs": [],
      "flags": {},
      "id": 20,
      "type": "LoadWanVideoT5TextEncoder",
      "properties": {
        "cnr_id": "ComfyUI-WanVideoWrapper",
        "ver": "3869b0482b615b6a8fd6f346467c5ef6627eed72",
        "Node name for S&R": "LoadWanVideoT5TextEncoder"
      },
      "order": 9
    },
    {
      "mode": 0,
      "outputs": [
        {
          "name": "model",
          "links": [
            56
          ],
          "label": "model",
          "type": "WANVIDEOMODEL",
          "localized_name": "model"
        }
      ],
      "size": [
        277.20001220703125,
        46
      ],
      "pos": [
        2437.3447265625,
        -361.1773681640625
      ],
      "widgets_values": [],
      "inputs": [
        {
          "name": "model",
          "link": 69,
          "label": "model",
          "type": "WANVIDEOMODEL",
          "localized_name": "model"
        },
        {
          "name": "block_swap_args",
          "link": 68,
          "label": "block_swap_args",
          "type": "BLOCKSWAPARGS",
          "localized_name": "block_swap_args"
        }
      ],
      "flags": {},
      "id": 48,
      "type": "WanVideoSetBlockSwap",
      "properties": {
        "Node name for S&R": "WanVideoSetBlockSwap"
      },
      "order": 27
    },
    {
      "mode": 0,
      "outputs": [
        {
          "name": "model",
          "slot_index": 0,
          "links": [
            69
          ],
          "label": "model",
          "type": "WANVIDEOMODEL",
          "localized_name": "model"
        }
      ],
      "size": [
        477.4410095214844,
        254
      ],
      "pos": [
        1927.010498046875,
        -359.7972717285156
      ],
      "widgets_values": [
        "Wan2.1_T2V_14B_FusionX_VACE-FP8_e4m3fn.safetensors",
        "fp16",
        "fp8_e4m3fn",
        "offload_device",
        "sageattn"
      ],
      "inputs": [
        {
          "shape": 7,
          "name": "compile_args",
          "label": "compile_args",
          "type": "WANCOMPILEARGS",
          "localized_name": "compile_args"
        },
        {
          "shape": 7,
          "name": "block_swap_args",
          "label": "block_swap_args",
          "type": "BLOCKSWAPARGS",
          "localized_name": "block_swap_args"
        },
        {
          "shape": 7,
          "name": "lora",
          "label": "lora",
          "type": "WANVIDLORA",
          "localized_name": "lora"
        },
        {
          "shape": 7,
          "name": "vram_management_args",
          "label": "vram_management_args",
          "type": "VRAM_MANAGEMENTARGS",
          "localized_name": "vram_management_args"
        },
        {
          "shape": 7,
          "name": "vace_model",
          "label": "vace_model",
          "type": "VACEPATH",
          "localized_name": "vace_model"
        },
        {
          "shape": 7,
          "name": "fantasytalking_model",
          "label": "fantasytalking_model",
          "type": "FANTASYTALKINGMODEL",
          "localized_name": "fantasytalking_model"
        }
      ],
      "flags": {},
      "id": 56,
      "type": "WanVideoModelLoader",
      "properties": {
        "cnr_id": "ComfyUI-WanVideoWrapper",
        "ver": "3869b0482b615b6a8fd6f346467c5ef6627eed72",
        "Node name for S&R": "WanVideoModelLoader"
      },
      "order": 10
    },
    {
      "mode": 0,
      "outputs": [
        {
          "name": "block_swap_args",
          "slot_index": 0,
          "links": [
            68
          ],
          "label": "block_swap_args",
          "type": "BLOCKSWAPARGS",
          "localized_name": "block_swap_args"
        }
      ],
      "size": [
        315,
        154
      ],
      "pos": [
        1332.2000732421875,
        -344.2557373046875
      ],
      "widgets_values": [
        30,
        false,
        false,
        true,
        15
      ],
      "inputs": [],
      "flags": {},
      "id": 16,
      "type": "WanVideoBlockSwap",
      "properties": {
        "cnr_id": "ComfyUI-WanVideoWrapper",
        "ver": "3869b0482b615b6a8fd6f346467c5ef6627eed72",
        "Node name for S&R": "WanVideoBlockSwap"
      },
      "order": 11
    },
    {
      "outputs": [],
      "color": "#432",
      "widgets_values": [
        "blocks_to_swap：通过交换数据块优化内存或渲染效率。建议（30-40）\n\noffload_img_emb & offload_txt_emb：多线程协调处理图像数据。（看你显卡负荷）\n\nuse_non_blocking：提升系统响应速度和并行效率。（建议开启）\n\nvace_blocks_to_swap：压缩数据块。最大值15\n\n"
      ],
      "inputs": [],
      "flags": {},
      "type": "Note",
      "mode": 0,
      "bgcolor": "#653",
      "size": [
        361.4666442871094,
        150.1999969482422
      ],
      "pos": [
        1300.63720703125,
        -130.63336181640625
      ],
      "id": 38,
      "properties": {},
      "order": 12
    },
    {
      "outputs": [
        {
          "name": "text_embeds",
          "links": [
            61
          ],
          "label": "text_embeds",
          "type": "WANVIDEOTEXTEMBEDS",
          "localized_name": "text_embeds"
        }
      ],
      "color": "#232",
      "widgets_values": [
        "高达从起势突进（首帧姿态），持光束剑向前冲锋，机身火焰与光刃拖曳轨迹，背景卫星 / 建筑随推进逐渐破碎，在挥舞双剑交叉斩击（尾帧姿态）时，飞溅火花与残骸同步扩散，呈现从蓄势到激烈对撞的连贯战斗过渡，保留机体染血、能量光效贯穿全程 。",
        true
      ],
      "inputs": [
        {
          "name": "t5",
          "label": "t5",
          "type": "WANTEXTENCODER",
          "localized_name": "t5"
        },
        {
          "shape": 7,
          "name": "model_to_offload",
          "label": "model_to_offload",
          "type": "WANVIDEOMODEL",
          "localized_name": "model_to_offload"
        }
      ],
      "flags": {},
      "type": "WanVideoTextEncodeSingle",
      "mode": 0,
      "bgcolor": "#353",
      "size": [
        666.54833984375,
        272.8385925292969
      ],
      "pos": [
        1910.413330078125,
        191.99642944335938
      ],
      "id": 52,
      "properties": {
        "Node name for S&R": "WanVideoTextEncodeSingle"
      },
      "order": 13
    },
    {
      "outputs": [],
      "color": "#432",
      "widgets_values": [
        "节点核心作用：长视频注意力机制优化"
      ],
      "inputs": [],
      "flags": {},
      "type": "Note",
      "mode": 0,
      "bgcolor": "#653",
      "size": [
        304.65478515625,
        88
      ],
      "pos": [
        2925.465576171875,
        1625.9661865234375
      ],
      "id": 62,
      "properties": {},
      "order": 14
    },
    {
      "mode": 0,
      "outputs": [
        {
          "name": "exp_args",
          "links": [
            11
          ],
          "label": "exp_args",
          "type": "EXPERIMENTALARGS",
          "localized_name": "exp_args"
        }
      ],
      "size": [
        327.5999755859375,
        226
      ],
      "pos": [
        2915.705810546875,
        1356.081298828125
      ],
      "widgets_values": [
        "",
        true,
        true,
        0,
        false,
        0.9500000000000002,
        1.1500000000000001,
        20
      ],
      "inputs": [],
      "flags": {},
      "id": 10,
      "type": "WanVideoExperimentalArgs",
      "properties": {
        "cnr_id": "ComfyUI-WanVideoWrapper",
        "ver": "2d2a184723dae88388e130659f51c36fcadeaba8",
        "Node name for S&R": "WanVideoExperimentalArgs"
      },
      "order": 15
    },
    {
      "outputs": [],
      "color": "#432",
      "widgets_values": [
        "节点核心作用：分块处理"
      ],
      "inputs": [],
      "flags": {},
      "type": "Note",
      "mode": 0,
      "bgcolor": "#653",
      "size": [
        305.66668701171875,
        88
      ],
      "pos": [
        2925.99609375,
        1175.1343994140625
      ],
      "id": 61,
      "properties": {},
      "order": 16
    },
    {
      "mode": 0,
      "outputs": [
        {
          "name": "slg_args",
          "links": [
            10
          ],
          "label": "slg_args",
          "type": "SLGARGS",
          "localized_name": "slg_args"
        }
      ],
      "size": [
        315,
        106
      ],
      "pos": [
        2921.80615234375,
        1030.73095703125
      ],
      "widgets_values": [
        "8",
        0.20000000000000004,
        0.7000000000000002
      ],
      "inputs": [],
      "flags": {},
      "id": 9,
      "type": "WanVideoSLG",
      "properties": {
        "cnr_id": "ComfyUI-WanVideoWrapper",
        "ver": "2d2a184723dae88388e130659f51c36fcadeaba8",
        "Node name for S&R": "WanVideoSLG"
      },
      "order": 17
    },
    {
      "outputs": [],
      "color": "#432",
      "widgets_values": [
        "节点核心作用：超分修复"
      ],
      "inputs": [],
      "flags": {},
      "type": "Note",
      "mode": 0,
      "bgcolor": "#653",
      "size": [
        299.2250671386719,
        88
      ],
      "pos": [
        2927.58642578125,
        830.8131713867188
      ],
      "id": 63,
      "properties": {},
      "order": 18
    },
    {
      "outputs": [],
      "color": "#432",
      "widgets_values": [
        "steps值=步数\n\ncfg值=提示词遵循强度\n\nshift值=帧与帧之间连贯性。（测试建议：人物对话用5-8，快速运动场景10-15）\n\nseed值=默认18\n\ndenoise_strength=降噪\n\nriflex_freq_index=动态策略\n0：均衡模式（默认）\n1：高频细节优先\n2：运动模糊优化\n\n\n\n"
      ],
      "inputs": [],
      "flags": {},
      "type": "Note",
      "mode": 0,
      "bgcolor": "#653",
      "size": [
        429.3013610839844,
        205.56338500976562
      ],
      "pos": [
        3354.39697265625,
        1506.925048828125
      ],
      "id": 45,
      "properties": {},
      "order": 20
    },
    {
      "outputs": [
        {
          "name": "samples",
          "links": [
            12
          ],
          "label": "samples",
          "type": "LATENT",
          "localized_name": "samples"
        }
      ],
      "color": "#323",
      "widgets_values": [
        10,
        1.0000000000000002,
        10.000000000000002,
        18,
        "fixed",
        true,
        "unipc",
        0,
        1,
        false,
        "comfy"
      ],
      "inputs": [
        {
          "name": "model",
          "label": "model",
          "type": "WANVIDEOMODEL",
          "localized_name": "model"
        },
        {
          "name": "text_embeds",
          "link": 60,
          "label": "text_embeds",
          "type": "WANVIDEOTEXTEMBEDS",
          "localized_name": "text_embeds"
        },
        {
          "name": "image_embeds",
          "link": 8,
          "label": "image_embeds",
          "type": "WANVIDIMAGE_EMBEDS",
          "localized_name": "image_embeds"
        },
        {
          "shape": 7,
          "name": "samples",
          "label": "samples",
          "type": "LATENT",
          "localized_name": "samples"
        },
        {
          "shape": 7,
          "name": "feta_args",
          "link": 57,
          "label": "feta_args",
          "type": "FETAARGS",
          "localized_name": "feta_args"
        },
        {
          "shape": 7,
          "name": "context_options",
          "label": "context_options",
          "type": "WANVIDCONTEXT",
          "localized_name": "context_options"
        },
        {
          "shape": 7,
          "name": "cache_args",
          "label": "cache_args",
          "type": "CACHEARGS",
          "localized_name": "cache_args"
        },
        {
          "shape": 7,
          "name": "flowedit_args",
          "label": "flowedit_args",
          "type": "FLOWEDITARGS",
          "localized_name": "flowedit_args"
        },
        {
          "shape": 7,
          "name": "slg_args",
          "link": 10,
          "label": "slg_args",
          "type": "SLGARGS",
          "localized_name": "slg_args"
        },
        {
          "shape": 7,
          "name": "loop_args",
          "label": "loop_args",
          "type": "LOOPARGS",
          "localized_name": "loop_args"
        },
        {
          "shape": 7,
          "name": "experimental_args",
          "link": 11,
          "label": "experimental_args",
          "type": "EXPERIMENTALARGS",
          "localized_name": "experimental_args"
        },
        {
          "shape": 7,
          "name": "sigmas",
          "label": "sigmas",
          "type": "SIGMAS",
          "localized_name": "sigmas"
        },
        {
          "shape": 7,
          "name": "unianimate_poses",
          "label": "unianimate_poses",
          "type": "UNIANIMATE_POSE",
          "localized_name": "unianimate_poses"
        },
        {
          "shape": 7,
          "name": "fantasytalking_embeds",
          "label": "fantasytalking_embeds",
          "type": "FANTASYTALKING_EMBEDS",
          "localized_name": "fantasytalking_embeds"
        },
        {
          "shape": 7,
          "name": "uni3c_embeds",
          "label": "uni3c_embeds",
          "type": "UNI3C_EMBEDS",
          "localized_name": "uni3c_embeds"
        }
      ],
      "flags": {},
      "type": "WanVideoSampler",
      "mode": 0,
      "bgcolor": "#535",
      "size": [
        469.8509216308594,
        761.9044799804688
      ],
      "pos": [
        3328.446533203125,
        680.5799560546875
      ],
      "id": 8,
      "properties": {
        "cnr_id": "ComfyUI-WanVideoWrapper",
        "ver": "2d2a184723dae88388e130659f51c36fcadeaba8",
        "Node name for S&R": "WanVideoSampler"
      },
      "order": 41
    },
    {
      "outputs": [],
      "color": "#432",
      "widgets_values": [
        "NAG节点的出现，完美的解决了之前很多加速模型在CFG=1的情况下，完全不听话的尴尬局面。有了NAG节点的加持，加速模型的可控性变的更高了。\n\n参数介绍：\nnag_scale=简单理解为权重值（数值越大，NAG对文本嵌入的影响越显著，数值也不是越大越好，过高的数值也会导致画面失真。具体的数值要根据画面的风格来调整，例如：写实类或者动画类，特定风格等。。）不会调就默认就行了。\n\nnag_tau=阈值筛选机制（简单理解就是筛选文本提示词的核心结构。值越大，筛选越宽松。值越低，筛选越严格。1.5-4之间）不明白默认就行\n\nnag_alpha=混合权重（提示词介于NAG之间的过渡处理，值越低，提示词保留越完整，值越高，NAG会逐步介入参与优化提示词）我理解的应该是这个意思，不明白也没关系，默认就行。影响也不大。"
      ],
      "inputs": [],
      "flags": {},
      "type": "Note",
      "mode": 0,
      "bgcolor": "#653",
      "size": [
        477.4560546875,
        217.92047119140625
      ],
      "pos": [
        2883.016357421875,
        371.5952453613281
      ],
      "id": 64,
      "properties": {},
      "order": 21
    },
    {
      "mode": 0,
      "outputs": [
        {
          "name": "text_embeds",
          "links": [
            60
          ],
          "label": "text_embeds",
          "type": "WANVIDEOTEXTEMBEDS",
          "localized_name": "text_embeds"
        }
      ],
      "size": [
        405.5999755859375,
        126
      ],
      "pos": [
        2912.428955078125,
        191.18505859375
      ],
      "widgets_values": [
        11,
        2.5,
        0.25
      ],
      "inputs": [
        {
          "name": "original_text_embeds",
          "link": 61,
          "label": "original_text_embeds",
          "type": "WANVIDEOTEXTEMBEDS",
          "localized_name": "original_text_embeds"
        },
        {
          "name": "nag_text_embeds",
          "link": 62,
          "label": "nag_text_embeds",
          "type": "WANVIDEOTEXTEMBEDS",
          "localized_name": "nag_text_embeds"
        }
      ],
      "flags": {},
      "id": 50,
      "type": "WanVideoApplyNAG",
      "properties": {
        "Node name for S&R": "WanVideoApplyNAG"
      },
      "order": 28
    },
    {
      "outputs": [
        {
          "name": "INT",
          "links": [
            50,
            52
          ],
          "label": "整数",
          "type": "INT",
          "localized_name": "整数"
        }
      ],
      "color": "#322",
      "widgets_values": [
        960
      ],
      "inputs": [],
      "flags": {},
      "type": "Int",
      "mode": 0,
      "bgcolor": "#533",
      "size": [
        315,
        58
      ],
      "pos": [
        840.4237670898438,
        -261.11175537109375
      ],
      "id": 40,
      "properties": {
        "Node name for S&R": "Int"
      },
      "order": 22
    },
    {
      "outputs": [
        {
          "name": "INT",
          "links": [
            49,
            51
          ],
          "label": "整数",
          "type": "INT",
          "localized_name": "整数"
        }
      ],
      "color": "#322",
      "widgets_values": [
        720
      ],
      "inputs": [],
      "flags": {
        "collapsed": false
      },
      "type": "Int",
      "mode": 0,
      "bgcolor": "#533",
      "size": [
        315,
        58
      ],
      "pos": [
        837.0654907226562,
        -375.2001037597656
      ],
      "id": 39,
      "properties": {
        "Node name for S&R": "Int"
      },
      "order": 23
    },
    {
      "mode": 0,
      "outputs": [
        {
          "name": "Filenames",
          "label": "文件名",
          "type": "VHS_FILENAMES",
          "localized_name": "Filenames"
        }
      ],
      "size": [
        815.7426147460938,
        1440.393798828125
      ],
      "pos": [
        3931.64892578125,
        -0.6931928992271423
      ],
      "widgets_values": {
        "save_output": true,
        "filename_prefix": "WanVideoWrapper_VACE_startendframe",
        "loop_count": 0,
        "pix_fmt": "yuv420p",
        "save_metadata": true,
        "crf": 19,
        "trim_to_audio": false,
        "videopreview": {
          "paused": false,
          "hidden": false,
          "params": {
            "filename": "WanVideoWrapper_VACE_startendframe_00001_lghkx_1750206249.mp4",
            "workflow": "WanVideoWrapper_VACE_startendframe_00001.png",
            "fullpath": "/data/ComfyUI/personal/05710eb46f60072c2b77ca2bb3e2bf79/output/WanVideoWrapper_VACE_startendframe_00001.mp4",
            "format": "video/h264-mp4",
            "subfolder": "",
            "type": "output",
            "frame_rate": 24
          }
        },
        "format": "video/h264-mp4",
        "frame_rate": 24,
        "pingpong": false
      },
      "inputs": [
        {
          "name": "images",
          "link": 27,
          "label": "图像",
          "type": "IMAGE",
          "localized_name": "images"
        },
        {
          "shape": 7,
          "name": "audio",
          "label": "音频",
          "type": "AUDIO",
          "localized_name": "audio"
        },
        {
          "shape": 7,
          "name": "meta_batch",
          "label": "批次管理",
          "type": "VHS_BatchManager",
          "localized_name": "meta_batch"
        },
        {
          "shape": 7,
          "name": "vae",
          "label": "vae",
          "type": "VAE",
          "localized_name": "vae"
        }
      ],
      "flags": {},
      "id": 21,
      "type": "VHS_VideoCombine",
      "properties": {
        "cnr_id": "comfyui-videohelpersuite",
        "ver": "0a75c7958fe320efcb052f1d9f8451fd20c730a8",
        "Node name for S&R": "VHS_VideoCombine"
      },
      "order": 43
    },
    {
      "mode": 0,
      "outputs": [
        {
          "name": "INT",
          "links": [
            75
          ],
          "label": "整数",
          "type": "INT",
          "localized_name": "整数"
        }
      ],
      "size": [
        210,
        58
      ],
      "pos": [
        1043.818359375,
        32.639244079589844
      ],
      "widgets_values": [
        0
      ],
      "inputs": [
        {
          "widget": {
            "name": "value"
          },
          "name": "value",
          "link": 71,
          "label": "值",
          "type": "INT",
          "localized_name": "值"
        }
      ],
      "flags": {
        "collapsed": true
      },
      "id": 60,
      "type": "Int",
      "properties": {
        "Node name for S&R": "Int"
      },
      "order": 37
    },
    {
      "mode": 0,
      "outputs": [
        {
          "name": "INT",
          "links": [
            71
          ],
          "label": "整数",
          "type": "INT",
          "localized_name": "整数"
        },
        {
          "name": "FLOAT",
          "label": "浮点",
          "type": "FLOAT",
          "localized_name": "浮点"
        }
      ],
      "size": [
        319.3691101074219,
        128
      ],
      "pos": [
        861.7081909179688,
        33.209835052490234
      ],
      "widgets_values": [
        "a*16+1"
      ],
      "inputs": [
        {
          "shape": 7,
          "name": "a",
          "link": 73,
          "label": "a",
          "type": "INT,FLOAT,IMAGE,LATENT",
          "localized_name": "a"
        },
        {
          "shape": 7,
          "name": "b",
          "label": "b",
          "type": "INT,FLOAT,IMAGE,LATENT",
          "localized_name": "b"
        },
        {
          "shape": 7,
          "name": "c",
          "label": "c",
          "type": "INT,FLOAT,IMAGE,LATENT",
          "localized_name": "c"
        }
      ],
      "flags": {
        "collapsed": true
      },
      "id": 59,
      "type": "MathExpression|pysssss",
      "properties": {
        "Node name for S&R": "MathExpression|pysssss"
      },
      "order": 31
    },
    {
      "outputs": [
        {
          "name": "INT",
          "links": [
            73
          ],
          "label": "整数",
          "type": "INT",
          "localized_name": "整数"
        }
      ],
      "color": "#322",
      "widgets_values": [
        5
      ],
      "inputs": [],
      "flags": {},
      "type": "Int",
      "mode": 0,
      "bgcolor": "#533",
      "size": [
        315,
        58
      ],
      "pos": [
        836.6144409179688,
        -82.76773834228516
      ],
      "id": 58,
      "properties": {
        "Node name for S&R": "Int"
      },
      "order": 24
    },
    {
      "mode": 0,
      "outputs": [
        {
          "name": "feta_args",
          "links": [
            57
          ],
          "label": "feta_args",
          "type": "FETAARGS",
          "localized_name": "feta_args"
        }
      ],
      "size": [
        315,
        106
      ],
      "pos": [
        2918.414794921875,
        686.4950561523438
      ],
      "widgets_values": [
        1.5000000000000002,
        0.25000000000000006,
        0.7500000000000001
      ],
      "inputs": [],
      "flags": {},
      "id": 49,
      "type": "CogVideoEnhanceAVideo",
      "properties": {
        "Node name for S&R": "CogVideoEnhanceAVideo"
      },
      "order": 19
    }
  ],
  "extra": {
    "ue_links": [
      {
        "controller": 27,
        "upstream": "20",
        "downstream_slot": 0,
        "downstream": 53,
        "upstream_slot": 0,
        "type": "WANTEXTENCODER"
      },
      {
        "controller": 33,
        "upstream": "48",
        "downstream_slot": 1,
        "downstream": 53,
        "upstream_slot": 0,
        "type": "WANVIDEOMODEL"
      },
      {
        "controller": 28,
        "upstream": "19",
        "downstream_slot": 0,
        "downstream": 11,
        "upstream_slot": 0,
        "type": "WANVAE"
      },
      {
        "controller": 28,
        "upstream": "19",
        "downstream_slot": 0,
        "downstream": 5,
        "upstream_slot": 0,
        "type": "WANVAE"
      },
      {
        "controller": 27,
        "upstream": "20",
        "downstream_slot": 0,
        "downstream": 52,
        "upstream_slot": 0,
        "type": "WANTEXTENCODER"
      },
      {
        "controller": 33,
        "upstream": "48",
        "downstream_slot": 1,
        "downstream": 52,
        "upstream_slot": 0,
        "type": "WANVIDEOMODEL"
      },
      {
        "controller": 33,
        "upstream": "48",
        "downstream_slot": 0,
        "downstream": 8,
        "upstream_slot": 0,
        "type": "WANVIDEOMODEL"
      }
    ],
    "0246.VERSION": [
      0,
      0,
      4
    ],
    "ds": {
      "offset": [
        175.05693804454913,
        722.3073825047946
      ],
      "scale": 0.30735605491429857
    }
  },
  "groups": [
    {
      "color": "#3f789e",
      "font_size": 24,
      "flags": {},
      "id": 1,
      "title": "模型区",
      "bounding": [
        1169.3773193359375,
        -448.9818420410156,
        2731.260498046875,
        531.0369873046875
      ]
    },
    {
      "color": "#3f789e",
      "font_size": 48,
      "flags": {
        "pinned": true
      },
      "id": 2,
      "title": "上传首帧",
      "bounding": [
        826.6298217773438,
        91.42550659179688,
        999.4502563476562,
        825.7528686523438
      ]
    },
    {
      "color": "#3f789e",
      "font_size": 48,
      "flags": {
        "pinned": true
      },
      "id": 3,
      "title": "上传尾帧",
      "bounding": [
        828.3173217773438,
        929.3408813476562,
        999.7346801757812,
        829.964111328125
      ]
    },
    {
      "color": "#3f789e",
      "font_size": 24,
      "flags": {
        "pinned": true
      },
      "id": 4,
      "title": "VACE编码",
      "bounding": [
        1838.0460205078125,
        928.8198852539062,
        1017.8822631835938,
        825.5055541992188
      ]
    },
    {
      "color": "#3f789e",
      "font_size": 24,
      "flags": {
        "pinned": true
      },
      "id": 5,
      "title": "提示词",
      "bounding": [
        1837.2913818359375,
        92.7070083618164,
        1017.9337158203125,
        824.7821044921875
      ]
    },
    {
      "color": "#3f789e",
      "font_size": 24,
      "flags": {
        "pinned": true
      },
      "id": 6,
      "title": "提速优化三件套和主节点处理",
      "bounding": [
        2865.9853515625,
        92.2739486694336,
        1035.380126953125,
        1662.036865234375
      ]
    },
    {
      "color": "#e31616",
      "font_size": 24,
      "flags": {
        "pinned": true
      },
      "id": 7,
      "title": "最终结果",
      "bounding": [
        3917.366455078125,
        -452.7278137207031,
        851.2210083007812,
        2205.216796875
      ]
    },
    {
      "color": "#3f789e",
      "font_size": 24,
      "flags": {},
      "id": 8,
      "title": "尺寸",
      "bounding": [
        827.0449829101562,
        -448.7999572753906,
        335.9742126464844,
        274.4486389160156
      ]
    },
    {
      "color": "#3f789e",
      "font_size": 24,
      "flags": {},
      "id": 9,
      "title": "秒数",
      "bounding": [
        826.6144409179688,
        -169.3761444091797,
        336.9039001464844,
        253.3240966796875
      ]
    }
  ],
  "links": [
    [
      1,
      3,
      0,
      4,
      0,
      "IMAGE"
    ],
    [
      2,
      4,
      0,
      5,
      1,
      "IMAGE"
    ],
    [
      3,
      3,
      1,
      5,
      3,
      "MASK"
    ],
    [
      4,
      4,
      1,
      5,
      5,
      "INT"
    ],
    [
      5,
      4,
      2,
      5,
      6,
      "INT"
    ],
    [
      6,
      4,
      3,
      5,
      7,
      "INT"
    ],
    [
      8,
      5,
      0,
      8,
      2,
      "WANVIDIMAGE_EMBEDS"
    ],
    [
      10,
      9,
      0,
      8,
      8,
      "SLGARGS"
    ],
    [
      11,
      10,
      0,
      8,
      10,
      "EXPERIMENTALARGS"
    ],
    [
      12,
      8,
      0,
      11,
      1,
      "LATENT"
    ],
    [
      13,
      1,
      0,
      12,
      0,
      "IMAGE"
    ],
    [
      14,
      2,
      0,
      13,
      0,
      "IMAGE"
    ],
    [
      17,
      12,
      0,
      14,
      0,
      "IMAGE"
    ],
    [
      18,
      13,
      0,
      15,
      0,
      "IMAGE"
    ],
    [
      27,
      11,
      0,
      21,
      0,
      "IMAGE"
    ],
    [
      39,
      20,
      0,
      27,
      0,
      "WANTEXTENCODER"
    ],
    [
      40,
      19,
      0,
      28,
      0,
      "WANVAE"
    ],
    [
      42,
      13,
      0,
      29,
      0,
      "*"
    ],
    [
      43,
      30,
      0,
      3,
      1,
      "IMAGE"
    ],
    [
      44,
      12,
      0,
      31,
      0,
      "*"
    ],
    [
      46,
      32,
      0,
      3,
      0,
      "IMAGE"
    ],
    [
      48,
      34,
      0,
      5,
      2,
      "IMAGE"
    ],
    [
      49,
      39,
      0,
      13,
      1,
      "INT"
    ],
    [
      50,
      40,
      0,
      13,
      2,
      "INT"
    ],
    [
      51,
      39,
      0,
      12,
      1,
      "INT"
    ],
    [
      52,
      40,
      0,
      12,
      2,
      "INT"
    ],
    [
      56,
      48,
      0,
      33,
      0,
      "WANVIDEOMODEL"
    ],
    [
      57,
      49,
      0,
      8,
      4,
      "FETAARGS"
    ],
    [
      60,
      50,
      0,
      8,
      1,
      "WANVIDEOTEXTEMBEDS"
    ],
    [
      61,
      52,
      0,
      50,
      0,
      "WANVIDEOTEXTEMBEDS"
    ],
    [
      62,
      53,
      0,
      50,
      1,
      "WANVIDEOTEXTEMBEDS"
    ],
    [
      63,
      4,
      0,
      54,
      0,
      "IMAGE"
    ],
    [
      68,
      16,
      0,
      48,
      1,
      "BLOCKSWAPARGS"
    ],
    [
      69,
      56,
      0,
      48,
      0,
      "WANVIDEOMODEL"
    ],
    [
      71,
      59,
      0,
      60,
      0,
      "INT"
    ],
    [
      73,
      58,
      0,
      59,
      0,
      "INT,FLOAT,IMAGE,LATENT"
    ],
    [
      75,
      60,
      0,
      3,
      4,
      "INT"
    ]
  ],
  "id": "a5df7a8f-9dad-41c9-b950-436b3f9ea569",
  "config": {},
  "version": 0.4,
  "last_node_id": 64,
  "revision": 0
}