{
  "last_link_id": 284,
  "nodes": [
    {
      "outputs": [
        {
          "name": "CONDITIONING",
          "slot_index": 0,
          "links": [
            185,
            186
          ],
          "label": "条件",
          "type": "CONDITIONING",
          "localized_name": "条件"
        }
      ],
      "color": "#346434",
      "widgets_values": [
        "This is a set of images with elements of the left image presented in their entirety on top of the right image,Consistent lighting, high quality, perfect details, perfect proportions."
      ],
      "inputs": [
        {
          "name": "clip",
          "link": 169,
          "label": "CLIP",
          "type": "CLIP",
          "localized_name": "clip"
        }
      ],
      "flags": {},
      "type": "CLIPTextEncode",
      "mode": 0,
      "bgcolor": "rgba(24,24,27,.9)",
      "size": [
        400,
        200
      ],
      "pos": [
        8479.267578125,
        4679.0810546875
      ],
      "id": 81,
      "properties": {
        "cnr_id": "comfy-core",
        "ver": "0.3.27",
        "widget_ue_connectable": {},
        "Node name for S&R": "CLIPTextEncode"
      },
      "order": 15
    },
    {
      "mode": 0,
      "outputs": [
        {
          "name": "output",
          "slot_index": 0,
          "links": [
            193
          ],
          "label": "输出",
          "type": "LATENT",
          "localized_name": "Latent"
        },
        {
          "name": "denoised_output",
          "label": "降噪输出",
          "type": "LATENT",
          "localized_name": "降噪Latent"
        }
      ],
      "size": [
        344.8594665527344,
        500.25927734375
      ],
      "pos": [
        9736.646484375,
        4681.06298828125
      ],
      "widgets_values": [],
      "inputs": [
        {
          "name": "noise",
          "link": 170,
          "label": "噪波生成",
          "type": "NOISE",
          "localized_name": "噪波"
        },
        {
          "name": "guider",
          "link": 171,
          "label": "引导",
          "type": "GUIDER",
          "localized_name": "引导器"
        },
        {
          "name": "sampler",
          "link": 172,
          "label": "采样器",
          "type": "SAMPLER",
          "localized_name": "采样器"
        },
        {
          "name": "sigmas",
          "link": 173,
          "label": "Sigmas",
          "type": "SIGMAS",
          "localized_name": "西格玛"
        },
        {
          "name": "latent_image",
          "link": 174,
          "label": "Latent",
          "type": "LATENT",
          "localized_name": "Latent图像"
        }
      ],
      "flags": {
        "collapsed": false
      },
      "id": 82,
      "type": "SamplerCustomAdvanced",
      "properties": {
        "cnr_id": "comfy-core",
        "ver": "0.3.26",
        "widget_ue_connectable": {},
        "Node name for S&R": "SamplerCustomAdvanced"
      },
      "order": 53
    },
    {
      "mode": 0,
      "outputs": [
        {
          "name": "NOISE",
          "links": [
            170
          ],
          "label": "噪波生成",
          "type": "NOISE",
          "localized_name": "噪波"
        }
      ],
      "size": [
        343.6050720214844,
        68.31578063964844
      ],
      "pos": [
        9337.2568359375,
        4680.68017578125
      ],
      "widgets_values": [
        123,
        "fixed"
      ],
      "inputs": [
        {
          "widget": {
            "name": "noise_seed"
          },
          "name": "noise_seed",
          "link": 175,
          "label": "noise_seed",
          "type": "INT",
          "localized_name": "随机种"
        }
      ],
      "flags": {},
      "id": 83,
      "type": "RandomNoise",
      "properties": {
        "cnr_id": "comfy-core",
        "ver": "0.3.26",
        "widget_ue_connectable": {},
        "Node name for S&R": "RandomNoise"
      },
      "order": 23
    },
    {
      "mode": 0,
      "outputs": [
        {
          "name": "positive",
          "slot_index": 0,
          "links": [
            181
          ],
          "label": "正面条件",
          "type": "CONDITIONING",
          "localized_name": "正面条件"
        },
        {
          "name": "negative",
          "label": "负面条件",
          "type": "CONDITIONING",
          "localized_name": "负面条件"
        },
        {
          "name": "latent",
          "slot_index": 2,
          "links": [
            174
          ],
          "label": "Latent",
          "type": "LATENT",
          "localized_name": "Latent"
        }
      ],
      "size": [
        343.6050720214844,
        139.0780487060547
      ],
      "pos": [
        8927.42578125,
        4870.7177734375
      ],
      "widgets_values": [
        true
      ],
      "inputs": [
        {
          "name": "positive",
          "link": 176,
          "label": "正面条件",
          "type": "CONDITIONING",
          "localized_name": "正面条件"
        },
        {
          "name": "negative",
          "link": 177,
          "label": "负面条件",
          "type": "CONDITIONING",
          "localized_name": "负面条件"
        },
        {
          "name": "vae",
          "link": 178,
          "label": "VAE",
          "type": "VAE",
          "localized_name": "vae"
        },
        {
          "name": "pixels",
          "link": 179,
          "label": "图像",
          "type": "IMAGE",
          "localized_name": "像素"
        },
        {
          "name": "mask",
          "link": 180,
          "label": "遮罩",
          "type": "MASK",
          "localized_name": "遮罩"
        }
      ],
      "flags": {},
      "id": 85,
      "type": "InpaintModelConditioning",
      "properties": {
        "cnr_id": "comfy-core",
        "ver": "0.3.26",
        "widget_ue_connectable": {},
        "Node name for S&R": "InpaintModelConditioning"
      },
      "order": 47
    },
    {
      "mode": 0,
      "outputs": [
        {
          "name": "CONDITIONING",
          "slot_index": 0,
          "links": [
            183
          ],
          "label": "条件",
          "type": "CONDITIONING",
          "localized_name": "条件"
        }
      ],
      "size": [
        343.6050720214844,
        58
      ],
      "pos": [
        9337.2568359375,
        4803.7080078125
      ],
      "widgets_values": [
        50
      ],
      "inputs": [
        {
          "name": "conditioning",
          "link": 181,
          "label": "条件",
          "type": "CONDITIONING",
          "localized_name": "条件"
        }
      ],
      "flags": {},
      "id": 86,
      "type": "FluxGuidance",
      "properties": {
        "cnr_id": "comfy-core",
        "ver": "0.3.26",
        "widget_ue_connectable": {},
        "Node name for S&R": "FluxGuidance"
      },
      "order": 50
    },
    {
      "mode": 0,
      "outputs": [
        {
          "name": "GUIDER",
          "slot_index": 0,
          "links": [
            171
          ],
          "label": "引导",
          "type": "GUIDER",
          "localized_name": "引导器"
        }
      ],
      "size": [
        343.6050720214844,
        54.83091354370117
      ],
      "pos": [
        9337.2568359375,
        4916.42041015625
      ],
      "widgets_values": [],
      "inputs": [
        {
          "name": "model",
          "link": 182,
          "label": "模型",
          "type": "MODEL",
          "localized_name": "模型"
        },
        {
          "name": "conditioning",
          "link": 183,
          "label": "条件",
          "type": "CONDITIONING",
          "localized_name": "条件"
        }
      ],
      "flags": {},
      "id": 87,
      "type": "BasicGuider",
      "properties": {
        "cnr_id": "comfy-core",
        "ver": "0.3.26",
        "widget_ue_connectable": {},
        "Node name for S&R": "BasicGuider"
      },
      "order": 52
    },
    {
      "mode": 0,
      "outputs": [
        {
          "name": "SAMPLER",
          "links": [
            172
          ],
          "label": "采样器",
          "type": "SAMPLER",
          "localized_name": "采样器"
        }
      ],
      "size": [
        343.6050720214844,
        58
      ],
      "pos": [
        9337.2568359375,
        5025.9638671875
      ],
      "widgets_values": [
        "euler"
      ],
      "inputs": [],
      "flags": {},
      "id": 88,
      "type": "KSamplerSelect",
      "properties": {
        "cnr_id": "comfy-core",
        "ver": "0.3.26",
        "widget_ue_connectable": {},
        "Node name for S&R": "KSamplerSelect"
      },
      "order": 0
    },
    {
      "mode": 0,
      "outputs": [
        {
          "name": "SIGMAS",
          "links": [
            173
          ],
          "label": "Sigmas",
          "type": "SIGMAS",
          "localized_name": "Sigmas"
        }
      ],
      "size": [
        343.6050720214844,
        106
      ],
      "pos": [
        9337.2568359375,
        5138.67578125
      ],
      "widgets_values": [
        "normal",
        30,
        1
      ],
      "inputs": [
        {
          "name": "model",
          "link": 184,
          "label": "模型",
          "type": "MODEL",
          "localized_name": "模型"
        }
      ],
      "flags": {},
      "id": 89,
      "type": "BasicScheduler",
      "properties": {
        "cnr_id": "comfy-core",
        "ver": "0.3.26",
        "widget_ue_connectable": {},
        "Node name for S&R": "BasicScheduler"
      },
      "order": 51
    },
    {
      "outputs": [
        {
          "name": "CONDITIONING",
          "slot_index": 0,
          "links": [
            177
          ],
          "label": "条件",
          "type": "CONDITIONING",
          "localized_name": "条件"
        }
      ],
      "color": "#af3535",
      "widgets_values": [],
      "inputs": [
        {
          "name": "conditioning",
          "link": 185,
          "label": "条件",
          "type": "CONDITIONING",
          "localized_name": "条件"
        }
      ],
      "flags": {},
      "type": "ConditioningZeroOut",
      "mode": 0,
      "bgcolor": "rgba(24,24,27,.9)",
      "size": [
        217.5437774658203,
        26
      ],
      "pos": [
        8479.267578125,
        4945.02294921875
      ],
      "id": 90,
      "properties": {
        "cnr_id": "comfy-core",
        "ver": "0.3.26",
        "widget_ue_connectable": {},
        "Node name for S&R": "ConditioningZeroOut"
      },
      "order": 24
    },
    {
      "outputs": [
        {
          "name": "CONDITIONING",
          "slot_index": 0,
          "links": [
            176
          ],
          "label": "CONDITIONING",
          "type": "CONDITIONING",
          "localized_name": "条件"
        },
        {
          "name": "IMAGE",
          "links": [],
          "label": "IMAGE",
          "type": "IMAGE",
          "localized_name": "图像"
        },
        {
          "name": "MASK",
          "links": [],
          "label": "MASK",
          "type": "MASK",
          "localized_name": "遮罩"
        }
      ],
      "color": "#233",
      "widgets_values": [
        1,
        "area",
        "autocrop with mask",
        1,
        0.1
      ],
      "inputs": [
        {
          "name": "conditioning",
          "link": 186,
          "label": "conditioning",
          "type": "CONDITIONING",
          "localized_name": "conditioning"
        },
        {
          "name": "style_model",
          "link": 187,
          "label": "style_model",
          "type": "STYLE_MODEL",
          "localized_name": "style_model"
        },
        {
          "name": "clip_vision",
          "link": 188,
          "label": "clip_vision",
          "type": "CLIP_VISION",
          "localized_name": "clip_vision"
        },
        {
          "name": "image",
          "link": 189,
          "label": "image",
          "type": "IMAGE",
          "localized_name": "image"
        },
        {
          "shape": 7,
          "name": "mask",
          "link": 190,
          "label": "mask",
          "type": "MASK",
          "localized_name": "mask"
        }
      ],
      "flags": {},
      "type": "ReduxAdvanced",
      "mode": 0,
      "bgcolor": "#355",
      "size": [
        306.94122314453125,
        234
      ],
      "pos": [
        8469.7646484375,
        5466.052734375
      ],
      "id": 91,
      "properties": {
        "cnr_id": "advancedRefluxControl",
        "ver": "0a87efa252ae5e8f4af1225b0e19c867f908376a",
        "widget_ue_connectable": {},
        "Node name for S&R": "ReduxAdvanced"
      },
      "order": 43
    },
    {
      "outputs": [],
      "color": "#c09430",
      "widgets_values": [
        "🖕需要迁移的主体图片，如果是上传衣服或物品图，背景过于复杂的需要遮罩涂抹\n"
      ],
      "inputs": [],
      "flags": {},
      "type": "Note",
      "mode": 0,
      "bgcolor": "#653",
      "size": [
        743.6920776367188,
        88
      ],
      "pos": [
        6082.11279296875,
        5636.8125
      ],
      "id": 92,
      "properties": {
        "text": ""
      },
      "order": 1
    },
    {
      "outputs": [],
      "color": "#c09430",
      "widgets_values": [
        "🖕上传目的图片，可以圈选，他会自动补全，遮罩形状越贴合主体图，生成效果越接近原图"
      ],
      "inputs": [],
      "flags": {},
      "type": "Note",
      "mode": 0,
      "bgcolor": "#653",
      "size": [
        743.6920776367188,
        88
      ],
      "pos": [
        7059.93115234375,
        5640.6513671875
      ],
      "id": 93,
      "properties": {
        "text": ""
      },
      "order": 2
    },
    {
      "outputs": [
        {
          "name": "boolean_number",
          "slot_index": 0,
          "links": [
            211
          ],
          "label": "布尔值",
          "type": "NUMBER",
          "localized_name": "boolean_number"
        }
      ],
      "color": "#2a363b",
      "widgets_values": [],
      "inputs": [
        {
          "name": "mask",
          "link": 191,
          "label": "遮罩",
          "type": "MASK",
          "localized_name": "mask"
        }
      ],
      "flags": {
        "collapsed": false
      },
      "type": "IsMaskEmpty",
      "mode": 0,
      "bgcolor": "#3f5159",
      "size": [
        325.7447204589844,
        58
      ],
      "pos": [
        6441.53759765625,
        6254.37255859375
      ],
      "id": 94,
      "properties": {
        "cnr_id": "sam",
        "ver": "ab6395596399d5048639cdab7e44ec9fae857a93",
        "widget_ue_connectable": {},
        "Node name for S&R": "IsMaskEmpty"
      },
      "order": 18
    },
    {
      "mode": 0,
      "outputs": [
        {
          "name": "MODEL",
          "slot_index": 0,
          "links": [
            199
          ],
          "label": "模型",
          "type": "MODEL",
          "localized_name": "模型"
        }
      ],
      "size": [
        210,
        26
      ],
      "pos": [
        8478.953125,
        5062.6005859375
      ],
      "widgets_values": [],
      "inputs": [
        {
          "name": "model",
          "link": 192,
          "label": "模型",
          "type": "MODEL",
          "localized_name": "模型"
        }
      ],
      "flags": {},
      "id": 95,
      "type": "DifferentialDiffusion",
      "properties": {
        "cnr_id": "comfy-core",
        "ver": "0.3.26",
        "widget_ue_connectable": {},
        "Node name for S&R": "DifferentialDiffusion"
      },
      "order": 33
    },
    {
      "mode": 0,
      "outputs": [
        {
          "name": "IMAGE",
          "links": [
            196,
            245
          ],
          "label": "图像",
          "type": "IMAGE",
          "localized_name": "图像"
        }
      ],
      "size": [
        210,
        46
      ],
      "pos": [
        9736.646484375,
        5248.2412109375
      ],
      "widgets_values": [],
      "inputs": [
        {
          "name": "samples",
          "link": 193,
          "label": "Latent",
          "type": "LATENT",
          "localized_name": "Latent"
        },
        {
          "name": "vae",
          "link": 194,
          "label": "VAE",
          "type": "VAE",
          "localized_name": "vae"
        }
      ],
      "flags": {},
      "id": 96,
      "type": "VAEDecode",
      "properties": {
        "cnr_id": "comfy-core",
        "ver": "0.3.28",
        "widget_ue_connectable": {},
        "Node name for S&R": "VAEDecode"
      },
      "order": 54
    },
    {
      "mode": 0,
      "outputs": [],
      "size": [
        325.7447204589844,
        246
      ],
      "pos": [
        7549.8115234375,
        5878.982421875
      ],
      "widgets_values": [
        ""
      ],
      "inputs": [
        {
          "name": "images",
          "link": 195,
          "label": "图像",
          "type": "IMAGE",
          "localized_name": "图像"
        }
      ],
      "flags": {},
      "id": 97,
      "type": "PreviewImage",
      "properties": {
        "cnr_id": "comfy-core",
        "ver": "0.3.28",
        "widget_ue_connectable": {},
        "Node name for S&R": "PreviewImage"
      },
      "order": 45
    },
    {
      "mode": 0,
      "outputs": [],
      "size": [
        343.6050720214844,
        246
      ],
      "pos": [
        9746.23046875,
        5350.0302734375
      ],
      "widgets_values": [
        ""
      ],
      "inputs": [
        {
          "name": "images",
          "link": 196,
          "label": "图像",
          "type": "IMAGE",
          "localized_name": "图像"
        }
      ],
      "flags": {},
      "id": 98,
      "type": "PreviewImage",
      "properties": {
        "cnr_id": "comfy-core",
        "ver": "0.3.28",
        "widget_ue_connectable": {},
        "Node name for S&R": "PreviewImage"
      },
      "order": 55
    },
    {
      "mode": 0,
      "outputs": [],
      "size": [
        901.5139770507812,
        967.8067626953125
      ],
      "pos": [
        9192.2548828125,
        5886.16552734375
      ],
      "widgets_values": [
        "ComfyUI",
        ""
      ],
      "inputs": [
        {
          "name": "images",
          "link": 197,
          "label": "图像",
          "type": "IMAGE",
          "localized_name": "图片"
        }
      ],
      "flags": {},
      "id": 99,
      "type": "SaveImage",
      "properties": {
        "cnr_id": "comfy-core",
        "ver": "0.3.27",
        "widget_ue_connectable": {},
        "Node name for S&R": "SaveImage"
      },
      "order": 62
    },
    {
      "mode": 0,
      "outputs": [
        {
          "name": "width",
          "links": [
            200
          ],
          "label": "width",
          "type": "INT",
          "localized_name": "width"
        },
        {
          "name": "height",
          "links": [
            201
          ],
          "label": "height",
          "type": "INT",
          "localized_name": "height"
        }
      ],
      "size": [
        325.7447204589844,
        46
      ],
      "pos": [
        7180.38671875,
        6134.83056640625
      ],
      "widgets_values": [],
      "inputs": [
        {
          "name": "image",
          "link": 198,
          "label": "图像",
          "type": "IMAGE",
          "localized_name": "image"
        }
      ],
      "flags": {},
      "id": 100,
      "type": "Get Image Size",
      "properties": {
        "cnr_id": "masquerade",
        "ver": "432cb4d146a391b387a0cd25ace824328b5b61cf",
        "widget_ue_connectable": {},
        "Node name for S&R": "Get Image Size"
      },
      "order": 46
    },
    {
      "mode": 0,
      "outputs": [
        {
          "name": "MODEL",
          "links": [
            184
          ],
          "label": "模型",
          "type": "MODEL",
          "localized_name": "模型"
        }
      ],
      "size": [
        315,
        130
      ],
      "pos": [
        8927.42578125,
        5069.83447265625
      ],
      "widgets_values": [
        1.15,
        0.5,
        1024,
        1024
      ],
      "inputs": [
        {
          "name": "model",
          "link": 199,
          "label": "模型",
          "type": "MODEL",
          "localized_name": "模型"
        },
        {
          "widget": {
            "name": "width"
          },
          "name": "width",
          "link": 200,
          "label": "width",
          "type": "INT",
          "localized_name": "宽度"
        },
        {
          "widget": {
            "name": "height"
          },
          "name": "height",
          "link": 201,
          "label": "height",
          "type": "INT",
          "localized_name": "高度"
        }
      ],
      "flags": {},
      "id": 101,
      "type": "ModelSamplingFlux",
      "properties": {
        "cnr_id": "comfy-core",
        "ver": "0.3.29",
        "widget_ue_connectable": {},
        "Node name for S&R": "ModelSamplingFlux"
      },
      "order": 49
    },
    {
      "mode": 0,
      "outputs": [
        {
          "name": "image1",
          "links": [
            206
          ],
          "label": "image1",
          "type": "IMAGE",
          "localized_name": "image1"
        }
      ],
      "size": [
        320,
        203.79824829101562
      ],
      "color": "rgba(38, 73, 116, 0.7)",
      "pos": [
        10239.1875,
        6185.41796875
      ],
      "widgets_values": [
        "Alibaba-PuHuiTi-Heavy.ttf",
        40,
        8,
        "light"
      ],
      "inputs": [
        {
          "name": "reel_1",
          "link": 205,
          "label": "reel_1",
          "type": "Reel",
          "localized_name": "reel_1"
        },
        {
          "shape": 7,
          "name": "reel_2",
          "label": "reel_2",
          "type": "Reel",
          "localized_name": "reel_2"
        },
        {
          "shape": 7,
          "name": "reel_3",
          "label": "reel_3",
          "type": "Reel",
          "localized_name": "reel_3"
        },
        {
          "shape": 7,
          "name": "reel_4",
          "label": "reel_4",
          "type": "Reel",
          "localized_name": "reel_4"
        }
      ],
      "flags": {},
      "id": 103,
      "type": "LayerUtility: ImageReelComposit",
      "properties": {
        "cnr_id": "comfyui_layerstyle",
        "ver": "7b326d13e43fc4022cd80e472c7af67027409b1e",
        "widget_ue_connectable": {},
        "Node name for S&R": "LayerUtility: ImageReelComposit"
      },
      "order": 61
    },
    {
      "mode": 0,
      "outputs": [],
      "size": [
        1779.978759765625,
        941.4810180664062
      ],
      "pos": [
        10607.08203125,
        5889.18115234375
      ],
      "widgets_values": [
        "ComfyUI",
        ""
      ],
      "inputs": [
        {
          "name": "images",
          "link": 206,
          "label": "图像",
          "type": "IMAGE",
          "localized_name": "图片"
        }
      ],
      "flags": {},
      "id": 104,
      "type": "SaveImage",
      "properties": {
        "cnr_id": "comfy-core",
        "ver": "0.3.27",
        "widget_ue_connectable": {},
        "Node name for S&R": "SaveImage"
      },
      "order": 63
    },
    {
      "outputs": [],
      "color": "#432",
      "widgets_values": [
        "物品相关的需要将 lora 模型切换为 ACE ++  subject lora16.safetensors\n\n人像相关的需要将 lora 模型切换为 ACE ++  portrait lora64.safetensors\n\n第二个lora 可以切换为自己物品相关的Lora"
      ],
      "inputs": [],
      "flags": {},
      "type": "Note",
      "mode": 0,
      "bgcolor": "#653",
      "size": [
        374.893310546875,
        88
      ],
      "pos": [
        8478.953125,
        5125.35498046875
      ],
      "id": 105,
      "properties": {
        "text": ""
      },
      "order": 3
    },
    {
      "outputs": [
        {
          "name": "stitch",
          "links": [],
          "label": "接缝",
          "type": "STITCH",
          "localized_name": "stitch"
        },
        {
          "name": "cropped_image",
          "slot_index": 1,
          "links": [
            215
          ],
          "label": "cropped_image",
          "type": "IMAGE",
          "localized_name": "cropped_image"
        },
        {
          "name": "cropped_mask",
          "slot_index": 2,
          "links": [
            212
          ],
          "label": "cropped_mask",
          "type": "MASK",
          "localized_name": "cropped_mask"
        }
      ],
      "color": "#2a363b",
      "widgets_values": [
        25,
        1.0000000000000002,
        true,
        16,
        false,
        16,
        "bicubic",
        "forced size",
        1024,
        1024,
        1,
        1024,
        1024,
        1024,
        1024,
        32
      ],
      "inputs": [
        {
          "name": "image",
          "link": 207,
          "label": "图像",
          "type": "IMAGE",
          "localized_name": "image"
        },
        {
          "name": "mask",
          "link": 208,
          "label": "遮罩",
          "type": "MASK",
          "localized_name": "mask"
        },
        {
          "shape": 7,
          "name": "optional_context_mask",
          "label": "上下文遮罩(可选)",
          "type": "MASK",
          "localized_name": "optional_context_mask"
        },
        {
          "widget": {
            "name": "force_width"
          },
          "name": "force_width",
          "link": 209,
          "label": "force_width",
          "type": "INT",
          "localized_name": "强制宽度"
        },
        {
          "widget": {
            "name": "force_height"
          },
          "name": "force_height",
          "link": 210,
          "label": "force_height",
          "type": "INT",
          "localized_name": "强制高度"
        }
      ],
      "flags": {},
      "type": "InpaintCrop",
      "mode": 0,
      "bgcolor": "#3f5159",
      "size": [
        352.79998779296875,
        314
      ],
      "pos": [
        6072.11279296875,
        6005.587890625
      ],
      "id": 106,
      "properties": {
        "cnr_id": "comfyui-inpaint-cropandstitch",
        "ver": "2ea5d1f0207caefae97b9d1c14f4090ff0a3b515",
        "widget_ue_connectable": {},
        "Node name for S&R": "InpaintCrop"
      },
      "order": 28
    },
    {
      "outputs": [
        {
          "name": "*",
          "slot_index": 0,
          "links": [
            230,
            233
          ],
          "label": "*",
          "type": "*",
          "localized_name": "*"
        }
      ],
      "color": "#2a363b",
      "widgets_values": [
        "int"
      ],
      "inputs": [
        {
          "name": "*",
          "link": 211,
          "label": "*",
          "type": "*",
          "localized_name": "*"
        }
      ],
      "flags": {
        "collapsed": false
      },
      "type": "easy convertAnything",
      "mode": 0,
      "bgcolor": "#3f5159",
      "size": [
        325.7447204589844,
        58
      ],
      "pos": [
        6441.53759765625,
        6357.55908203125
      ],
      "id": 107,
      "properties": {
        "cnr_id": "comfyui-easy-use",
        "ver": "1.2.7",
        "widget_ue_connectable": {},
        "aux_id": "yolain/ComfyUI-Easy-Use",
        "Node name for S&R": "easy convertAnything"
      },
      "order": 26
    },
    {
      "outputs": [
        {
          "name": "MASKS",
          "links": [
            231
          ],
          "label": "遮罩",
          "type": "MASK",
          "localized_name": "MASKS"
        }
      ],
      "color": "#2a363b",
      "widgets_values": [],
      "inputs": [
        {
          "name": "masks",
          "link": 212,
          "label": "遮罩",
          "type": "MASK",
          "localized_name": "masks"
        }
      ],
      "flags": {
        "collapsed": false
      },
      "type": "Mask Fill Holes",
      "mode": 0,
      "bgcolor": "#3f5159",
      "size": [
        235.58694458007812,
        29.339176177978516
      ],
      "pos": [
        6074.55322265625,
        6734.013671875
      ],
      "id": 108,
      "properties": {
        "cnr_id": "was-node-suite-comfyui",
        "ver": "1014f8a1477b8ae0144e16ed4fd6476cd109fb23",
        "widget_ue_connectable": {},
        "Node name for S&R": "Mask Fill Holes"
      },
      "order": 35
    },
    {
      "outputs": [
        {
          "name": "CLIP",
          "links": [
            169
          ],
          "label": "CLIP",
          "type": "CLIP",
          "localized_name": "CLIP"
        }
      ],
      "color": "#323",
      "widgets_values": [
        "clip_l.safetensors",
        "t5xxl_fp8_e4m3fn_scaled.safetensors",
        "flux",
        "default"
      ],
      "inputs": [],
      "flags": {},
      "type": "DualCLIPLoader",
      "mode": 0,
      "bgcolor": "#535",
      "size": [
        402.0924377441406,
        122
      ],
      "pos": [
        7999.26806640625,
        4835.20166015625
      ],
      "id": 109,
      "properties": {
        "cnr_id": "comfy-core",
        "ver": "0.3.27",
        "widget_ue_connectable": {},
        "Node name for S&R": "DualCLIPLoader"
      },
      "order": 4
    },
    {
      "outputs": [
        {
          "name": "MODEL",
          "slot_index": 0,
          "links": [
            213
          ],
          "label": "模型",
          "type": "MODEL",
          "localized_name": "模型"
        }
      ],
      "color": "#323",
      "widgets_values": [
        "Flux Fill dev - fp8_黑森林官方重绘模型_fp8_e4m3fn.safetensors",
        "fp8_e4m3fn"
      ],
      "inputs": [],
      "flags": {},
      "type": "UNETLoader",
      "mode": 0,
      "bgcolor": "#535",
      "size": [
        402.0924377441406,
        101.04383087158203
      ],
      "pos": [
        7999.26806640625,
        4679.0810546875
      ],
      "id": 110,
      "properties": {
        "cnr_id": "comfy-core",
        "ver": "0.3.27",
        "widget_ue_connectable": {},
        "Node name for S&R": "UNETLoader"
      },
      "order": 5
    },
    {
      "outputs": [
        {
          "name": "MODEL",
          "slot_index": 0,
          "links": [
            214
          ],
          "label": "模型",
          "type": "MODEL",
          "localized_name": "模型"
        }
      ],
      "color": "#432",
      "widgets_values": [
        "ace++_subject_lora16.safetensors",
        1
      ],
      "inputs": [
        {
          "name": "model",
          "link": 213,
          "label": "模型",
          "type": "MODEL",
          "localized_name": "模型"
        }
      ],
      "flags": {},
      "type": "LoraLoaderModelOnly",
      "mode": 0,
      "bgcolor": "#653",
      "size": [
        402.0924377441406,
        82
      ],
      "pos": [
        7999.26806640625,
        5125.35498046875
      ],
      "id": 111,
      "properties": {
        "cnr_id": "comfy-core",
        "ver": "0.3.26",
        "widget_ue_connectable": {},
        "Node name for S&R": "LoraLoaderModelOnly"
      },
      "order": 16
    },
    {
      "outputs": [
        {
          "name": "MODEL",
          "slot_index": 0,
          "links": [
            182,
            192
          ],
          "label": "模型",
          "type": "MODEL",
          "localized_name": "模型"
        }
      ],
      "color": "#432",
      "widgets_values": [
        "防止模糊_摄影通用_F.1-dev_Shakker.safetensors",
        0.6000000000000001
      ],
      "inputs": [
        {
          "name": "model",
          "link": 214,
          "label": "模型",
          "type": "MODEL",
          "localized_name": "模型"
        }
      ],
      "flags": {},
      "type": "LoraLoaderModelOnly",
      "mode": 0,
      "bgcolor": "#653",
      "size": [
        402.0924377441406,
        82
      ],
      "pos": [
        7999.26806640625,
        5262.431640625
      ],
      "id": 112,
      "properties": {
        "cnr_id": "comfy-core",
        "ver": "0.3.26",
        "widget_ue_connectable": {},
        "Node name for S&R": "LoraLoaderModelOnly"
      },
      "order": 25
    },
    {
      "outputs": [
        {
          "name": "CLIP_VISION",
          "slot_index": 0,
          "links": [
            188
          ],
          "label": "CLIP视觉",
          "type": "CLIP_VISION",
          "localized_name": "CLIP视觉"
        }
      ],
      "color": "#233",
      "widgets_values": [
        "sigclip_vision_patch14_384.safetensors"
      ],
      "inputs": [],
      "flags": {},
      "type": "CLIPVisionLoader",
      "mode": 0,
      "bgcolor": "#355",
      "size": [
        402.0924377441406,
        58
      ],
      "pos": [
        7994.232421875,
        5594.87548828125
      ],
      "id": 113,
      "properties": {
        "cnr_id": "comfy-core",
        "ver": "0.3.27",
        "widget_ue_connectable": {},
        "Node name for S&R": "CLIPVisionLoader"
      },
      "order": 6
    },
    {
      "outputs": [
        {
          "name": "STYLE_MODEL",
          "links": [
            187
          ],
          "label": "风格模型",
          "type": "STYLE_MODEL",
          "localized_name": "风格模型"
        }
      ],
      "color": "#233",
      "widgets_values": [
        "flux1-redux-dev.safetensors"
      ],
      "inputs": [],
      "flags": {},
      "type": "StyleModelLoader",
      "mode": 0,
      "bgcolor": "#355",
      "size": [
        402.0924377441406,
        77.07704162597656
      ],
      "pos": [
        7994.232421875,
        5463.841796875
      ],
      "id": 114,
      "properties": {
        "cnr_id": "comfy-core",
        "ver": "0.3.27",
        "widget_ue_connectable": {},
        "Node name for S&R": "StyleModelLoader"
      },
      "order": 7
    },
    {
      "outputs": [
        {
          "name": "VAE",
          "links": [
            178,
            194
          ],
          "label": "VAE",
          "type": "VAE",
          "localized_name": "VAE"
        }
      ],
      "color": "#323",
      "widgets_values": [
        "ae.sft"
      ],
      "inputs": [],
      "flags": {},
      "type": "VAELoader",
      "mode": 0,
      "bgcolor": "#535",
      "size": [
        402.0924377441406,
        58
      ],
      "pos": [
        7999.26806640625,
        5012.2783203125
      ],
      "id": 115,
      "properties": {
        "cnr_id": "comfy-core",
        "ver": "0.3.27",
        "widget_ue_connectable": {},
        "Node name for S&R": "VAELoader"
      },
      "order": 8
    },
    {
      "outputs": [],
      "color": "#432",
      "widgets_values": [
        "Flux fill  模型：该模型需要放置在  E:\\models\\unet,下载地址：https://huggingface.co/black-forest-labs/FLUX.1-Fill-dev\n\nclip i 和 t5xxl_fp8 模型 ：该模型需要放置在  E:\\models\\clip，下载地址：https://huggingface.co/comfyanonymous/flux_text_encoders/tree/main\n\nVae 模型 ：该模型需要放置在  E:\\models\\vae ，下载地址：https://huggingface.co/black-forest-labs/FLUX.1-schnell/tree/main\n\n两个 Ace ++ LORA 模型：该模型需要放置在  E:\\models\\loras,下载地址：https://huggingface.co/ali-vilab/ACE_Plus/tree/main\n\n\nflux1-redux-dev.safetensors 模型：该模型需要放置在 E:\\models\\style_models，下载地址：https://huggingface.co/black-forest-labs/FLUX.1-Redux-dev\n\nsigclip_vision_patch14_384.safetensors 模型：该模型需要放置在  E:\\models\\clip_vision，下载地址;https://github.com/kaibioinfo/ComfyUI_AdvancedRefluxControl"
      ],
      "inputs": [],
      "flags": {},
      "type": "Note",
      "mode": 0,
      "bgcolor": "#653",
      "size": [
        1104.29345703125,
        269.181884765625
      ],
      "pos": [
        10216.056640625,
        4604.38916015625
      ],
      "id": 116,
      "properties": {
        "text": ""
      },
      "order": 9
    },
    {
      "outputs": [],
      "color": "#432",
      "widgets_values": [
        "FLUX 万物迁移 （Redux + ACE Lora） 工作流详细介绍测评链接：\nhttps://mcnd7qk8ia0r.feishu.cn/wiki/AUsLw6h00i9jxFkMSwOcwXwEncc?from=from_copylink"
      ],
      "inputs": [],
      "flags": {},
      "type": "Note",
      "mode": 0,
      "bgcolor": "#653",
      "size": [
        1104.29345703125,
        269.181884765625
      ],
      "pos": [
        10220.552734375,
        4931.94580078125
      ],
      "id": 117,
      "properties": {
        "text": ""
      },
      "order": 10
    },
    {
      "outputs": [
        {
          "name": "IMAGE",
          "links": [
            228
          ],
          "label": "IMAGE",
          "type": "IMAGE",
          "localized_name": "图像"
        },
        {
          "name": "MASK",
          "links": [],
          "label": "MASK",
          "type": "MASK",
          "localized_name": "遮罩"
        },
        {
          "name": "MASK_IMAGE",
          "label": "MASK_IMAGE",
          "type": "IMAGE",
          "localized_name": "MASK_IMAGE"
        }
      ],
      "color": "#2a363b",
      "widgets_values": [
        "RMBG-2.0",
        1,
        1024,
        0,
        0,
        false,
        false,
        "Color",
        "#ffffff"
      ],
      "inputs": [
        {
          "name": "image",
          "link": 215,
          "label": "image",
          "type": "IMAGE",
          "localized_name": "image"
        }
      ],
      "flags": {},
      "type": "RMBG",
      "mode": 0,
      "bgcolor": "#3f5159",
      "size": [
        325.7447204589844,
        302
      ],
      "pos": [
        6074.55322265625,
        6377.82470703125
      ],
      "id": 118,
      "properties": {
        "cnr_id": "comfyui-rmbg",
        "ver": "e96e69d218b3ab1ef4a04314ad6518f9360819c8",
        "widget_ue_connectable": {},
        "Node name for S&R": "RMBG"
      },
      "order": 34
    },
    {
      "mode": 0,
      "outputs": [
        {
          "shape": 3,
          "name": "image",
          "slot_index": 0,
          "links": [
            179,
            195,
            198
          ],
          "label": "image",
          "type": "IMAGE",
          "localized_name": "image"
        },
        {
          "shape": 3,
          "name": "mask",
          "slot_index": 1,
          "links": [
            180,
            234
          ],
          "label": "mask",
          "type": "MASK",
          "localized_name": "mask"
        },
        {
          "shape": 3,
          "name": "context_mask",
          "links": [],
          "label": "context_mask",
          "type": "MASK",
          "localized_name": "context_mask"
        },
        {
          "shape": 3,
          "name": "width",
          "links": [],
          "label": "width",
          "type": "INT",
          "localized_name": "width"
        },
        {
          "shape": 3,
          "name": "height",
          "links": [],
          "label": "height",
          "type": "INT",
          "localized_name": "height"
        },
        {
          "shape": 3,
          "name": "x",
          "links": [],
          "label": "x",
          "type": "INT",
          "localized_name": "x"
        },
        {
          "shape": 3,
          "name": "y",
          "links": [],
          "label": "y",
          "type": "INT",
          "localized_name": "y"
        }
      ],
      "size": [
        325.7447204589844,
        226
      ],
      "pos": [
        7180.38671875,
        5880.41455078125
      ],
      "widgets_values": [
        "left-right",
        1024,
        "auto"
      ],
      "inputs": [
        {
          "name": "image_1",
          "link": 216,
          "label": "image_1",
          "type": "IMAGE",
          "localized_name": "image_1"
        },
        {
          "shape": 7,
          "name": "image_2",
          "link": 217,
          "label": "image_2",
          "type": "IMAGE",
          "localized_name": "image_2"
        },
        {
          "shape": 7,
          "name": "mask_1",
          "link": 218,
          "label": "mask_1",
          "type": "MASK",
          "localized_name": "mask_1"
        },
        {
          "shape": 7,
          "name": "mask_2",
          "link": 219,
          "label": "mask_2",
          "type": "MASK",
          "localized_name": "mask_2"
        },
        {
          "widget": {
            "name": "pixels"
          },
          "name": "pixels",
          "link": 220,
          "label": "pixels",
          "type": "INT"
        }
      ],
      "flags": {},
      "id": 119,
      "type": "easy makeImageForICLora",
      "properties": {
        "cnr_id": "comfyui-easy-use",
        "ver": "b1a875b151f3fd76542cdcb9269961ad330dd5ef",
        "widget_ue_connectable": {},
        "Node name for S&R": "easy makeImageForICLora"
      },
      "order": 44
    },
    {
      "outputs": [
        {
          "name": "mask",
          "links": [
            190,
            218
          ],
          "label": "遮罩",
          "type": "MASK",
          "localized_name": "mask"
        }
      ],
      "color": "#2a363b",
      "widgets_values": [
        false,
        30,
        10
      ],
      "inputs": [
        {
          "name": "mask",
          "link": 221,
          "label": "遮罩",
          "type": "MASK",
          "localized_name": "mask"
        }
      ],
      "flags": {},
      "type": "LayerMask: MaskGrow",
      "mode": 0,
      "bgcolor": "#3f5159",
      "size": [
        325.7447204589844,
        106
      ],
      "pos": [
        6438.15966796875,
        6587.3349609375
      ],
      "id": 120,
      "properties": {
        "cnr_id": "comfyui_layerstyle",
        "ver": "7b326d13e43fc4022cd80e472c7af67027409b1e",
        "widget_ue_connectable": {},
        "Node name for S&R": "LayerMask: MaskGrow"
      },
      "order": 42
    },
    {
      "outputs": [
        {
          "name": "image",
          "slot_index": 0,
          "links": [
            207,
            265
          ],
          "label": "图像",
          "type": "IMAGE",
          "localized_name": "image"
        },
        {
          "name": "mask",
          "links": [
            208
          ],
          "label": "遮罩",
          "type": "MASK",
          "localized_name": "mask"
        },
        {
          "name": "original_size",
          "label": "原始大小",
          "type": "BOX",
          "localized_name": "original_size"
        },
        {
          "name": "width",
          "slot_index": 3,
          "links": [
            237
          ],
          "label": "width",
          "type": "INT",
          "localized_name": "width"
        },
        {
          "name": "height",
          "slot_index": 4,
          "links": [
            238
          ],
          "label": "height",
          "type": "INT",
          "localized_name": "height"
        }
      ],
      "color": "#2a363b",
      "widgets_values": [
        "1:1",
        1,
        1,
        "letterbox",
        "lanczos",
        "8",
        "longest",
        1024,
        "#000000"
      ],
      "inputs": [
        {
          "shape": 7,
          "name": "image",
          "link": 222,
          "label": "图像",
          "type": "IMAGE",
          "localized_name": "image"
        },
        {
          "shape": 7,
          "name": "mask",
          "link": 223,
          "label": "遮罩",
          "type": "MASK",
          "localized_name": "mask"
        },
        {
          "widget": {
            "name": "scale_to_length"
          },
          "name": "scale_to_length",
          "link": 224,
          "label": "scale_to_length",
          "type": "INT",
          "localized_name": "缩放到长度"
        }
      ],
      "flags": {},
      "type": "LayerUtility: ImageScaleByAspectRatio V2",
      "mode": 0,
      "bgcolor": "#3f5159",
      "size": [
        336,
        330
      ],
      "pos": [
        6450.16455078125,
        5874.38818359375
      ],
      "id": 121,
      "properties": {
        "cnr_id": "comfyui_layerstyle",
        "ver": "7b326d13e43fc4022cd80e472c7af67027409b1e",
        "widget_ue_connectable": {},
        "Node name for S&R": "LayerUtility: ImageScaleByAspectRatio V2"
      },
      "order": 19
    },
    {
      "outputs": [
        {
          "name": "mask",
          "links": [
            219
          ],
          "label": "遮罩",
          "type": "MASK",
          "localized_name": "mask"
        }
      ],
      "color": "#322",
      "widgets_values": [
        false,
        10,
        5
      ],
      "inputs": [
        {
          "name": "mask",
          "link": 225,
          "label": "遮罩",
          "type": "MASK",
          "localized_name": "mask"
        }
      ],
      "flags": {},
      "type": "LayerMask: MaskGrow",
      "mode": 0,
      "bgcolor": "#533",
      "size": [
        325.7447204589844,
        106
      ],
      "pos": [
        7180.38671875,
        6425.66162109375
      ],
      "id": 122,
      "properties": {
        "cnr_id": "comfyui_layerstyle",
        "ver": "7b326d13e43fc4022cd80e472c7af67027409b1e",
        "widget_ue_connectable": {},
        "Node name for S&R": "LayerMask: MaskGrow"
      },
      "order": 41
    },
    {
      "outputs": [
        {
          "name": "MASKS",
          "links": [
            225
          ],
          "label": "遮罩",
          "type": "MASK",
          "localized_name": "MASKS"
        }
      ],
      "color": "#322",
      "widgets_values": [],
      "inputs": [
        {
          "name": "masks",
          "link": 226,
          "label": "遮罩",
          "type": "MASK",
          "localized_name": "masks"
        }
      ],
      "flags": {
        "collapsed": false
      },
      "type": "Mask Fill Holes",
      "mode": 0,
      "bgcolor": "#533",
      "size": [
        325.7447204589844,
        26
      ],
      "pos": [
        7180.38671875,
        6335.1953125
      ],
      "id": 123,
      "properties": {
        "cnr_id": "was-node-suite-comfyui",
        "ver": "1014f8a1477b8ae0144e16ed4fd6476cd109fb23",
        "widget_ue_connectable": {},
        "Node name for S&R": "Mask Fill Holes"
      },
      "order": 37
    },
    {
      "outputs": [
        {
          "name": "MASKS",
          "links": [
            264
          ],
          "label": "遮罩",
          "type": "MASK",
          "localized_name": "MASKS"
        }
      ],
      "color": "#322",
      "widgets_values": [],
      "inputs": [
        {
          "name": "masks",
          "link": 227,
          "label": "遮罩",
          "type": "MASK",
          "localized_name": "masks"
        }
      ],
      "flags": {
        "collapsed": false
      },
      "type": "Mask Fill Holes",
      "mode": 0,
      "bgcolor": "#533",
      "size": [
        325.7447204589844,
        26
      ],
      "pos": [
        7179.390625,
        6589.60986328125
      ],
      "id": 124,
      "properties": {
        "cnr_id": "was-node-suite-comfyui",
        "ver": "1014f8a1477b8ae0144e16ed4fd6476cd109fb23",
        "widget_ue_connectable": {},
        "Node name for S&R": "Mask Fill Holes"
      },
      "order": 20
    },
    {
      "outputs": [
        {
          "name": "value",
          "links": [
            189,
            216
          ],
          "label": "值",
          "type": "*",
          "localized_name": "value"
        }
      ],
      "color": "#2a363b",
      "widgets_values": [
        0
      ],
      "inputs": [
        {
          "shape": 7,
          "name": "value0",
          "link": 228,
          "label": "值0",
          "type": "*",
          "localized_name": "value0"
        },
        {
          "shape": 7,
          "name": "value1",
          "link": 229,
          "label": "值1",
          "type": "*",
          "localized_name": "value1"
        },
        {
          "name": "value2",
          "label": "value2",
          "type": "*"
        },
        {
          "widget": {
            "name": "index"
          },
          "name": "index",
          "link": 230,
          "label": "index",
          "type": "INT",
          "localized_name": "编号"
        },
        {
          "name": "value3",
          "label": "value3",
          "type": "*"
        },
        {
          "name": "value4",
          "label": "value4",
          "type": "*"
        },
        {
          "name": "value5",
          "label": "value5",
          "type": "*"
        },
        {
          "name": "value6",
          "label": "value6",
          "type": "*"
        },
        {
          "name": "value7",
          "label": "value7",
          "type": "*"
        },
        {
          "name": "value8",
          "label": "value8",
          "type": "*"
        },
        {
          "name": "value9",
          "type": "*"
        }
      ],
      "flags": {
        "collapsed": true
      },
      "type": "easy anythingIndexSwitch",
      "mode": 0,
      "bgcolor": "#3f5159",
      "size": [
        325.7447204589844,
        238
      ],
      "pos": [
        6447.36962890625,
        6465.6337890625
      ],
      "id": 126,
      "properties": {
        "cnr_id": "comfyui-easy-use",
        "ver": "1.2.6",
        "widget_ue_connectable": {},
        "aux_id": "yolain/ComfyUI-Easy-Use",
        "Node name for S&R": "easy anythingIndexSwitch"
      },
      "order": 39
    },
    {
      "outputs": [
        {
          "name": "value",
          "links": [
            221
          ],
          "label": "值",
          "type": "*",
          "localized_name": "value"
        }
      ],
      "color": "#2a363b",
      "widgets_values": [
        0
      ],
      "inputs": [
        {
          "shape": 7,
          "name": "value0",
          "link": 231,
          "label": "值0",
          "type": "*",
          "localized_name": "value0"
        },
        {
          "shape": 7,
          "name": "value1",
          "link": 232,
          "label": "值1",
          "type": "*",
          "localized_name": "value1"
        },
        {
          "name": "value2",
          "label": "value2",
          "type": "*"
        },
        {
          "widget": {
            "name": "index"
          },
          "name": "index",
          "link": 233,
          "label": "index",
          "type": "INT",
          "localized_name": "编号"
        },
        {
          "name": "value3",
          "label": "value3",
          "type": "*"
        },
        {
          "name": "value4",
          "label": "value4",
          "type": "*"
        },
        {
          "name": "value5",
          "label": "value5",
          "type": "*"
        },
        {
          "name": "value6",
          "label": "value6",
          "type": "*"
        },
        {
          "name": "value7",
          "label": "value7",
          "type": "*"
        },
        {
          "name": "value8",
          "label": "value8",
          "type": "*"
        },
        {
          "name": "value9",
          "type": "*"
        }
      ],
      "flags": {
        "collapsed": true
      },
      "type": "easy anythingIndexSwitch",
      "mode": 0,
      "bgcolor": "#3f5159",
      "size": [
        325.7447204589844,
        238
      ],
      "pos": [
        6448.451171875,
        6525.48681640625
      ],
      "id": 127,
      "properties": {
        "cnr_id": "comfyui-easy-use",
        "ver": "1.2.6",
        "widget_ue_connectable": {},
        "aux_id": "yolain/ComfyUI-Easy-Use",
        "Node name for S&R": "easy anythingIndexSwitch"
      },
      "order": 40
    },
    {
      "outputs": [
        {
          "name": "INT",
          "slot_index": 0,
          "links": [
            209,
            210,
            220,
            224,
            241,
            242,
            246,
            255,
            258
          ],
          "label": "整数",
          "type": "INT",
          "localized_name": "整数"
        }
      ],
      "color": "#432",
      "widgets_values": [
        "1024"
      ],
      "inputs": [],
      "flags": {},
      "type": "Int",
      "mode": 0,
      "bgcolor": "#653",
      "size": [
        325.7447204589844,
        63.43928527832031
      ],
      "pos": [
        6072.11279296875,
        5879.1865234375
      ],
      "id": 129,
      "properties": {
        "cnr_id": "comfyliterals",
        "ver": "bdddb08ca82d90d75d97b1d437a652e0284a32ac",
        "widget_ue_connectable": {},
        "Node name for S&R": "Int"
      },
      "order": 11
    },
    {
      "mode": 0,
      "outputs": [],
      "size": [
        325.7447204589844,
        246
      ],
      "pos": [
        7549.8115234375,
        6187.06396484375
      ],
      "widgets_values": [
        ""
      ],
      "inputs": [
        {
          "name": "mask",
          "link": 234,
          "label": "遮罩",
          "type": "MASK",
          "localized_name": "mask"
        }
      ],
      "flags": {},
      "id": 130,
      "type": "MaskPreview+",
      "properties": {
        "cnr_id": "comfyui_essentials",
        "ver": "33ff89fd354d8ec3ab6affb605a79a931b445d99",
        "widget_ue_connectable": {},
        "Node name for S&R": "MaskPreview+"
      },
      "order": 48
    },
    {
      "outputs": [
        {
          "name": "stitch",
          "links": [
            239
          ],
          "label": "接缝",
          "type": "STITCH",
          "localized_name": "stitch"
        },
        {
          "name": "cropped_image",
          "slot_index": 1,
          "links": [
            217
          ],
          "label": "cropped_image",
          "type": "IMAGE",
          "localized_name": "cropped_image"
        },
        {
          "name": "cropped_mask",
          "slot_index": 2,
          "links": [
            226
          ],
          "label": "cropped_mask",
          "type": "MASK",
          "localized_name": "cropped_mask"
        }
      ],
      "color": "#322",
      "widgets_values": [
        25,
        1.0000000000000002,
        true,
        16,
        false,
        16,
        "bicubic",
        "forced size",
        1024,
        1024,
        1,
        1024,
        1024,
        1024,
        1024,
        32
      ],
      "inputs": [
        {
          "name": "image",
          "link": 235,
          "label": "图像",
          "type": "IMAGE",
          "localized_name": "image"
        },
        {
          "name": "mask",
          "link": 236,
          "label": "遮罩",
          "type": "MASK",
          "localized_name": "mask"
        },
        {
          "shape": 7,
          "name": "optional_context_mask",
          "label": "上下文遮罩(可选)",
          "type": "MASK",
          "localized_name": "optional_context_mask"
        },
        {
          "widget": {
            "name": "force_width"
          },
          "name": "force_width",
          "link": 237,
          "label": "force_width",
          "type": "INT",
          "localized_name": "强制宽度"
        },
        {
          "widget": {
            "name": "force_height"
          },
          "name": "force_height",
          "link": 238,
          "label": "force_height",
          "type": "INT",
          "localized_name": "强制高度"
        }
      ],
      "flags": {},
      "type": "InpaintCrop",
      "mode": 0,
      "bgcolor": "#533",
      "size": [
        325.2381591796875,
        314
      ],
      "pos": [
        6815.296875,
        6288.04296875
      ],
      "id": 131,
      "properties": {
        "cnr_id": "comfyui-inpaint-cropandstitch",
        "ver": "2ea5d1f0207caefae97b9d1c14f4090ff0a3b515",
        "widget_ue_connectable": {},
        "Node name for S&R": "InpaintCrop"
      },
      "order": 30
    },
    {
      "mode": 0,
      "outputs": [
        {
          "name": "image",
          "slot_index": 0,
          "links": [
            262
          ],
          "label": "图像",
          "type": "IMAGE",
          "localized_name": "image"
        }
      ],
      "size": [
        349.44378662109375,
        78
      ],
      "pos": [
        8377.5849609375,
        5882.39501953125
      ],
      "widgets_values": [
        "bicubic"
      ],
      "inputs": [
        {
          "name": "stitch",
          "link": 239,
          "label": "接缝",
          "type": "STITCH",
          "localized_name": "stitch"
        },
        {
          "name": "inpainted_image",
          "link": 240,
          "label": "图像",
          "type": "IMAGE",
          "localized_name": "inpainted_image"
        }
      ],
      "flags": {},
      "id": 132,
      "type": "InpaintStitch",
      "properties": {
        "cnr_id": "comfyui-inpaint-cropandstitch",
        "ver": "2ea5d1f0207caefae97b9d1c14f4090ff0a3b515",
        "widget_ue_connectable": {},
        "Node name for S&R": "InpaintStitch"
      },
      "order": 57
    },
    {
      "mode": 0,
      "outputs": [
        {
          "name": "image",
          "links": [
            249
          ],
          "label": "图像",
          "type": "IMAGE",
          "localized_name": "image"
        },
        {
          "name": "show_help",
          "label": "显示帮助",
          "type": "STRING",
          "localized_name": "show_help"
        }
      ],
      "size": [
        332.57305908203125,
        150
      ],
      "pos": [
        8007.72509765625,
        6151.57470703125
      ],
      "widgets_values": [
        512,
        512,
        "black",
        "#000000"
      ],
      "inputs": [
        {
          "widget": {
            "name": "panel_height"
          },
          "name": "panel_height",
          "link": 241,
          "label": "panel_height",
          "type": "INT",
          "localized_name": "面板高度"
        },
        {
          "widget": {
            "name": "panel_width"
          },
          "name": "panel_width",
          "label": "panel_width",
          "type": "INT",
          "localized_name": "面板宽度"
        },
        {
          "widget": {
            "name": "panel_width"
          },
          "name": "panel_width",
          "link": 242,
          "label": "panel_width",
          "type": "INT",
          "localized_name": "面板宽度"
        }
      ],
      "flags": {},
      "id": 133,
      "type": "CR Color Panel",
      "properties": {
        "cnr_id": "comfyroll",
        "ver": "d78b780ae43fcf8c6b7c6505e6ffb4584281ceca",
        "widget_ue_connectable": {},
        "Node name for S&R": "CR Color Panel"
      },
      "order": 17
    },
    {
      "mode": 0,
      "outputs": [
        {
          "name": "image",
          "slot_index": 0,
          "links": [
            250
          ],
          "label": "图像",
          "type": "IMAGE",
          "localized_name": "image"
        },
        {
          "name": "show_help",
          "label": "显示帮助",
          "type": "STRING",
          "localized_name": "show_help"
        }
      ],
      "size": [
        329.14801025390625,
        150
      ],
      "pos": [
        8008.6708984375,
        6367.57275390625
      ],
      "widgets_values": [
        811,
        1216,
        "white",
        "#ffffff"
      ],
      "inputs": [
        {
          "widget": {
            "name": "panel_height"
          },
          "name": "panel_height",
          "link": 243,
          "label": "panel_height",
          "type": "INT",
          "localized_name": "面板高度"
        },
        {
          "widget": {
            "name": "panel_width"
          },
          "name": "panel_width",
          "link": 244,
          "label": "panel_width",
          "type": "INT",
          "localized_name": "面板宽度"
        }
      ],
      "flags": {
        "collapsed": false
      },
      "id": 134,
      "type": "CR Color Panel",
      "properties": {
        "cnr_id": "comfyroll",
        "ver": "d78b780ae43fcf8c6b7c6505e6ffb4584281ceca",
        "widget_ue_connectable": {},
        "Node name for S&R": "CR Color Panel"
      },
      "order": 32
    },
    {
      "mode": 0,
      "outputs": [
        {
          "name": "IMAGE",
          "links": [
            240
          ],
          "label": "图像",
          "type": "IMAGE",
          "localized_name": "图像"
        },
        {
          "name": "x",
          "label": "X",
          "type": "INT",
          "localized_name": "x"
        },
        {
          "name": "y",
          "label": "Y",
          "type": "INT",
          "localized_name": "y"
        }
      ],
      "size": [
        339.91693115234375,
        207.4473876953125
      ],
      "pos": [
        8002.44482421875,
        5884.29296875
      ],
      "widgets_values": [
        256,
        256,
        "top-left",
        0,
        0
      ],
      "inputs": [
        {
          "name": "image",
          "link": 245,
          "label": "图像",
          "type": "IMAGE",
          "localized_name": "image"
        },
        {
          "widget": {
            "name": "x_offset"
          },
          "name": "x_offset",
          "link": 246,
          "label": "x_offset",
          "type": "INT",
          "localized_name": "X偏移"
        },
        {
          "widget": {
            "name": "width"
          },
          "name": "width",
          "link": 247,
          "label": "width",
          "type": "INT",
          "localized_name": "宽度"
        },
        {
          "widget": {
            "name": "height"
          },
          "name": "height",
          "link": 248,
          "label": "height",
          "type": "INT",
          "localized_name": "高度"
        }
      ],
      "flags": {
        "collapsed": false
      },
      "id": 135,
      "type": "ImageCrop+",
      "properties": {
        "cnr_id": "comfyui_essentials",
        "ver": "33ff89fd354d8ec3ab6affb605a79a931b445d99",
        "widget_ue_connectable": {},
        "Node name for S&R": "ImageCrop+"
      },
      "order": 56
    },
    {
      "mode": 0,
      "outputs": [
        {
          "name": "image",
          "slot_index": 0,
          "links": [],
          "label": "图像",
          "type": "IMAGE",
          "localized_name": "image"
        },
        {
          "name": "mask",
          "links": [
            263
          ],
          "label": "遮罩",
          "type": "MASK",
          "localized_name": "mask"
        }
      ],
      "size": [
        344.8594665527344,
        338
      ],
      "color": "rgba(38, 73, 116, 0.7)",
      "pos": [
        8382.6201171875,
        6027.10986328125
      ],
      "widgets_values": [
        false,
        "normal",
        100,
        50,
        50,
        "None",
        1,
        1,
        0,
        "lanczos",
        0
      ],
      "inputs": [
        {
          "name": "background_image",
          "link": 249,
          "label": "背景图像",
          "type": "IMAGE",
          "localized_name": "background_image"
        },
        {
          "name": "layer_image",
          "link": 250,
          "label": "图像层",
          "type": "IMAGE",
          "localized_name": "layer_image"
        },
        {
          "shape": 7,
          "name": "layer_mask",
          "label": "遮罩层",
          "type": "MASK",
          "localized_name": "layer_mask"
        }
      ],
      "flags": {
        "collapsed": false
      },
      "id": 136,
      "type": "LayerUtility: ImageBlendAdvance",
      "properties": {
        "cnr_id": "comfyui_layerstyle",
        "ver": "1.0.90",
        "widget_ue_connectable": {},
        "Node name for S&R": "LayerUtility: ImageBlendAdvance"
      },
      "order": 38
    },
    {
      "mode": 0,
      "outputs": [],
      "size": [
        318.6294860839844,
        321.2906188964844
      ],
      "color": "rgba(27, 80, 119, 0.7)",
      "pos": [
        7550.224609375,
        6501.203125
      ],
      "widgets_values": [
        ""
      ],
      "inputs": [
        {
          "name": "mask",
          "link": 251,
          "label": "遮罩",
          "type": "MASK",
          "localized_name": "mask"
        }
      ],
      "flags": {},
      "id": 137,
      "type": "LayerMask: MaskPreview",
      "properties": {
        "widget_ue_connectable": {},
        "Node name for S&R": "LayerMask: MaskPreview"
      },
      "order": 31
    },
    {
      "mode": 0,
      "outputs": [],
      "size": [
        318.6294860839844,
        321.2906188964844
      ],
      "color": "rgba(27, 80, 119, 0.7)",
      "pos": [
        8758.0869140625,
        6404.4765625
      ],
      "widgets_values": [
        ""
      ],
      "inputs": [
        {
          "name": "mask",
          "link": 252,
          "label": "遮罩",
          "type": "MASK",
          "localized_name": "mask"
        }
      ],
      "flags": {},
      "id": 138,
      "type": "LayerMask: MaskPreview",
      "properties": {
        "widget_ue_connectable": {},
        "Node name for S&R": "LayerMask: MaskPreview"
      },
      "order": 36
    },
    {
      "outputs": [
        {
          "name": "image",
          "slot_index": 0,
          "links": [
            235
          ],
          "label": "图像",
          "type": "IMAGE",
          "localized_name": "image"
        },
        {
          "name": "mask",
          "slot_index": 1,
          "links": [
            236
          ],
          "label": "遮罩",
          "type": "MASK",
          "localized_name": "mask"
        },
        {
          "name": "original_size",
          "label": "原始大小",
          "type": "BOX",
          "localized_name": "original_size"
        },
        {
          "name": "width",
          "slot_index": 3,
          "links": [
            247
          ],
          "label": "width",
          "type": "INT",
          "localized_name": "width"
        },
        {
          "name": "height",
          "slot_index": 4,
          "links": [
            248
          ],
          "label": "height",
          "type": "INT",
          "localized_name": "height"
        }
      ],
      "color": "#322",
      "widgets_values": [
        "1:1",
        1,
        1,
        "letterbox",
        "lanczos",
        "8",
        "longest",
        1024,
        "#000000"
      ],
      "inputs": [
        {
          "shape": 7,
          "name": "image",
          "link": 253,
          "label": "图像",
          "type": "IMAGE",
          "localized_name": "image"
        },
        {
          "shape": 7,
          "name": "mask",
          "link": 254,
          "label": "遮罩",
          "type": "MASK",
          "localized_name": "mask"
        },
        {
          "widget": {
            "name": "scale_to_length"
          },
          "name": "scale_to_length",
          "link": 255,
          "label": "scale_to_length",
          "type": "INT",
          "localized_name": "缩放到长度"
        }
      ],
      "flags": {},
      "type": "LayerUtility: ImageScaleByAspectRatio V2",
      "mode": 0,
      "bgcolor": "#533",
      "size": [
        336,
        330
      ],
      "pos": [
        6810.96240234375,
        5879.1865234375
      ],
      "id": 139,
      "properties": {
        "cnr_id": "comfyui_layerstyle",
        "ver": "7b326d13e43fc4022cd80e472c7af67027409b1e",
        "widget_ue_connectable": {},
        "Node name for S&R": "LayerUtility: ImageScaleByAspectRatio V2"
      },
      "order": 21
    },
    {
      "outputs": [
        {
          "name": "IMAGE",
          "links": [
            229
          ],
          "label": "IMAGE",
          "type": "IMAGE",
          "localized_name": "图像"
        },
        {
          "name": "MASK",
          "links": [
            232
          ],
          "label": "MASK",
          "type": "MASK",
          "localized_name": "遮罩"
        },
        {
          "name": "MASK_IMAGE",
          "label": "MASK_IMAGE",
          "type": "IMAGE",
          "localized_name": "MASK_IMAGE"
        }
      ],
      "color": "#2a363b",
      "widgets_values": [
        "RMBG-2.0",
        1,
        1024,
        0,
        0,
        false,
        false,
        "Color",
        "#ffffff"
      ],
      "inputs": [
        {
          "name": "image",
          "link": 265,
          "label": "image",
          "type": "IMAGE",
          "localized_name": "image"
        }
      ],
      "flags": {
        "collapsed": true
      },
      "type": "RMBG",
      "mode": 0,
      "bgcolor": "#3f5159",
      "size": [
        325.7447204589844,
        302
      ],
      "pos": [
        6074.55322265625,
        6829.5419921875
      ],
      "id": 144,
      "properties": {
        "cnr_id": "comfyui-rmbg",
        "ver": "e96e69d218b3ab1ef4a04314ad6518f9360819c8",
        "widget_ue_connectable": {},
        "Node name for S&R": "RMBG"
      },
      "order": 27
    },
    {
      "mode": 0,
      "outputs": [
        {
          "name": "croped_image",
          "slot_index": 0,
          "links": [
            266,
            276
          ],
          "label": "裁剪图像",
          "type": "IMAGE",
          "localized_name": "croped_image"
        },
        {
          "name": "croped_mask",
          "slot_index": 1,
          "links": [],
          "label": "裁剪遮罩",
          "type": "MASK",
          "localized_name": "croped_mask"
        },
        {
          "name": "crop_box",
          "slot_index": 2,
          "links": [],
          "label": "裁剪框",
          "type": "BOX",
          "localized_name": "crop_box"
        },
        {
          "name": "box_preview",
          "links": [],
          "label": "裁剪框预览",
          "type": "IMAGE",
          "localized_name": "box_preview"
        }
      ],
      "size": [
        320,
        262
      ],
      "color": "rgba(38, 73, 116, 0.7)",
      "pos": [
        8746.2373046875,
        5878.66064453125
      ],
      "widgets_values": [
        false,
        "mask_area",
        0,
        0,
        0,
        0,
        "8"
      ],
      "inputs": [
        {
          "name": "image",
          "link": 262,
          "label": "图像",
          "type": "IMAGE",
          "localized_name": "image"
        },
        {
          "name": "mask",
          "link": 263,
          "label": "mask",
          "type": "MASK",
          "localized_name": "mask"
        },
        {
          "shape": 7,
          "name": "crop_box",
          "label": "裁剪框",
          "type": "BOX",
          "localized_name": "crop_box"
        }
      ],
      "flags": {},
      "id": 142,
      "type": "LayerUtility: CropByMask V2",
      "properties": {
        "cnr_id": "comfyui_layerstyle",
        "ver": "1.0.90",
        "widget_ue_connectable": {},
        "Node name for S&R": "LayerUtility: CropByMask V2"
      },
      "order": 58
    },
    {
      "outputs": [
        {
          "name": "image",
          "slot_index": 0,
          "links": [
            260,
            277
          ],
          "label": "图像",
          "type": "IMAGE",
          "localized_name": "image"
        },
        {
          "name": "mask",
          "slot_index": 1,
          "links": [
            251
          ],
          "label": "遮罩",
          "type": "MASK",
          "localized_name": "mask"
        },
        {
          "name": "original_size",
          "label": "原始大小",
          "type": "BOX",
          "localized_name": "original_size"
        },
        {
          "name": "width",
          "slot_index": 3,
          "links": [
            244
          ],
          "label": "width",
          "type": "INT",
          "localized_name": "width"
        },
        {
          "name": "height",
          "slot_index": 4,
          "links": [
            243
          ],
          "label": "height",
          "type": "INT",
          "localized_name": "height"
        }
      ],
      "color": "#322",
      "widgets_values": [
        "original",
        1,
        1,
        "letterbox",
        "lanczos",
        "8",
        "longest",
        1024,
        "#000000"
      ],
      "inputs": [
        {
          "shape": 7,
          "name": "image",
          "link": 256,
          "label": "图像",
          "type": "IMAGE",
          "localized_name": "image"
        },
        {
          "shape": 7,
          "name": "mask",
          "link": 257,
          "label": "遮罩",
          "type": "MASK",
          "localized_name": "mask"
        },
        {
          "widget": {
            "name": "scale_to_length"
          },
          "name": "scale_to_length",
          "link": 258,
          "label": "scale_to_length",
          "type": "INT",
          "localized_name": "缩放到长度"
        }
      ],
      "flags": {
        "collapsed": true
      },
      "type": "LayerUtility: ImageScaleByAspectRatio V2",
      "mode": 0,
      "bgcolor": "#533",
      "size": [
        314.19915771484375,
        330
      ],
      "pos": [
        6819.755859375,
        6668.50634765625
      ],
      "id": 140,
      "properties": {
        "cnr_id": "comfyui_layerstyle",
        "ver": "7b326d13e43fc4022cd80e472c7af67027409b1e",
        "widget_ue_connectable": {},
        "Node name for S&R": "LayerUtility: ImageScaleByAspectRatio V2"
      },
      "order": 22
    },
    {
      "mode": 0,
      "outputs": [
        {
          "name": "reel",
          "links": [
            205
          ],
          "label": "reel",
          "type": "Reel",
          "localized_name": "reel"
        }
      ],
      "size": [
        320,
        238
      ],
      "color": "rgba(38, 73, 116, 0.7)",
      "pos": [
        10240.0380859375,
        5887.38623046875
      ],
      "widgets_values": [
        "生成图",
        "主体图",
        "背景图",
        "",
        1024,
        8
      ],
      "inputs": [
        {
          "name": "image1",
          "link": 266,
          "label": "image1",
          "type": "IMAGE",
          "localized_name": "image1"
        },
        {
          "shape": 7,
          "name": "image2",
          "link": 203,
          "label": "image2",
          "type": "IMAGE",
          "localized_name": "image2"
        },
        {
          "shape": 7,
          "name": "image3",
          "link": 204,
          "label": "image3",
          "type": "IMAGE",
          "localized_name": "image3"
        },
        {
          "shape": 7,
          "name": "image4",
          "label": "image4",
          "type": "IMAGE",
          "localized_name": "image4"
        }
      ],
      "flags": {},
      "id": 102,
      "type": "LayerUtility: ImageReel",
      "properties": {
        "cnr_id": "comfyui_layerstyle",
        "ver": "7b326d13e43fc4022cd80e472c7af67027409b1e",
        "widget_ue_connectable": {},
        "Node name for S&R": "LayerUtility: ImageReel"
      },
      "order": 59
    },
    {
      "mode": 0,
      "outputs": [
        {
          "name": "IMAGE",
          "slot_index": 0,
          "links": [
            197
          ],
          "label": "图像",
          "type": "IMAGE",
          "localized_name": "图像"
        }
      ],
      "size": [
        320,
        146
      ],
      "pos": [
        8753.1552734375,
        6193.67041015625
      ],
      "widgets_values": [
        0,
        0,
        false
      ],
      "inputs": [
        {
          "name": "destination",
          "link": 276,
          "label": "目标图像",
          "type": "IMAGE",
          "localized_name": "目标图像"
        },
        {
          "name": "source",
          "link": 277,
          "label": "源图像",
          "type": "IMAGE",
          "localized_name": "来源图像"
        },
        {
          "shape": 7,
          "name": "mask",
          "link": 261,
          "label": "遮罩",
          "type": "MASK",
          "localized_name": "遮罩"
        }
      ],
      "flags": {},
      "id": 141,
      "type": "ImageCompositeMasked",
      "properties": {
        "cnr_id": "comfy-core",
        "ver": "0.3.28",
        "widget_ue_connectable": {},
        "Node name for S&R": "ImageCompositeMasked"
      },
      "order": 60
    },
    {
      "mode": 0,
      "outputs": [
        {
          "name": "mask",
          "slot_index": 0,
          "links": [
            252,
            261
          ],
          "label": "遮罩",
          "type": "MASK",
          "localized_name": "mask"
        },
        {
          "name": "mask_inverted",
          "links": [],
          "label": "反转遮罩",
          "type": "MASK",
          "localized_name": "mask_inverted"
        }
      ],
      "size": [
        344.84271240234375,
        258.3421936035156
      ],
      "pos": [
        8383.83203125,
        6426.4208984375
      ],
      "widgets_values": [
        -200,
        0,
        true,
        true,
        50,
        1,
        1,
        false
      ],
      "inputs": [
        {
          "name": "mask",
          "link": 264,
          "label": "遮罩",
          "type": "MASK",
          "localized_name": "mask"
        }
      ],
      "flags": {},
      "id": 143,
      "type": "GrowMaskWithBlur",
      "properties": {
        "cnr_id": "comfyui-kjnodes",
        "ver": "d126b62cebee81ea14ec06ea7cd7526999cb0554",
        "widget_ue_connectable": {},
        "Node name for S&R": "GrowMaskWithBlur"
      },
      "order": 29
    },
    {
      "outputs": [
        {
          "shape": 3,
          "name": "IMAGE",
          "slot_index": 0,
          "links": [
            203,
            222
          ],
          "label": "图像",
          "type": "IMAGE",
          "localized_name": "图像"
        },
        {
          "shape": 3,
          "name": "MASK",
          "links": [
            191,
            223
          ],
          "label": "遮罩",
          "type": "MASK",
          "localized_name": "遮罩"
        }
      ],
      "color": "#2a363b",
      "widgets_values": [
        "clipspace/96baca3c7d3d6bada2f3ba092e67cfb6_edf0c613de9e36e04f0631487f8b59b106099f5b2bc0c801c6af425cc4b62adf.png [input]",
        "image",
        ""
      ],
      "inputs": [],
      "flags": {},
      "type": "LoadImage",
      "mode": 0,
      "bgcolor": "#3f5159",
      "size": [
        832.9445190429688,
        934.4444580078125
      ],
      "pos": [
        6082.11279296875,
        4656.8125
      ],
      "id": 125,
      "properties": {
        "cnr_id": "comfy-core",
        "ver": "0.3.27",
        "widget_ue_connectable": {},
        "rejects_ue_links": false,
        "Node name for S&R": "LoadImage"
      },
      "order": 12
    },
    {
      "outputs": [
        {
          "name": "IMAGE",
          "slot_index": 0,
          "links": [
            204,
            253,
            256
          ],
          "label": "图像",
          "type": "IMAGE",
          "localized_name": "图像"
        },
        {
          "name": "MASK",
          "slot_index": 1,
          "links": [
            227,
            254,
            257
          ],
          "label": "遮罩",
          "type": "MASK",
          "localized_name": "遮罩"
        }
      ],
      "color": "#322",
      "widgets_values": [
        "clipspace/96baca3c7d3d6bada2f3ba092e67cfb6_32d6a4b942f3d25027b3705580ee30496bcce40be2b578c189d8288536676959.png [input]",
        "image",
        ""
      ],
      "inputs": [],
      "flags": {},
      "type": "LoadImage",
      "mode": 0,
      "bgcolor": "#533",
      "size": [
        832.9445190429688,
        934.4444580078125
      ],
      "pos": [
        7052.25341796875,
        4660.6513671875
      ],
      "id": 128,
      "properties": {
        "cnr_id": "comfy-core",
        "ver": "0.3.27",
        "widget_ue_connectable": {},
        "Node name for S&R": "LoadImage"
      },
      "order": 13
    },
    {
      "mode": 0,
      "outputs": [
        {
          "shape": 3,
          "name": "SEED",
          "slot_index": 0,
          "links": [
            175
          ],
          "label": "随机种",
          "dir": 4,
          "type": "INT"
        }
      ],
      "size": [
        343.6050720214844,
        130
      ],
      "pos": [
        8927.42578125,
        4680.68017578125
      ],
      "widgets_values": [
        1084997025448436,
        null,
        null,
        null
      ],
      "inputs": [],
      "flags": {},
      "id": 84,
      "type": "Seed (rgthree)",
      "properties": {
        "cnr_id": "rgthree-comfy",
        "ver": "32142fe476878a354dda6e2d4b5ea98960de3ced",
        "widget_ue_connectable": {}
      },
      "order": 14
    }
  ],
  "extra": {
    "VHS_KeepIntermediate": true,
    "links_added_by_ue": [],
    "ue_links": [],
    "VHS_MetadataImage": true,
    "0246.VERSION": [
      0,
      0,
      4
    ],
    "VHS_latentpreviewrate": 0,
    "VHS_latentpreview": false,
    "ds": {
      "offset": [
        -4860.058774048603,
        -4350.21170524566
      ],
      "scale": 0.19487171000000017
    }
  },
  "groups": [
    {
      "color": "#3f789e",
      "font_size": 24,
      "flags": {},
      "id": 9,
      "title": "4-主要工作区",
      "bounding": [
        7952.11279296875,
        4566.8125,
        2208.92041015625,
        1190.8258056640625
      ]
    },
    {
      "color": "#88A",
      "font_size": 24,
      "flags": {},
      "id": 10,
      "title": "3-图像拼接",
      "bounding": [
        6042.11279296875,
        5776.8125,
        1877.8251953125,
        1151.473388671875
      ]
    },
    {
      "color": "#3f789e",
      "font_size": 24,
      "flags": {},
      "id": 11,
      "title": "2-背景图",
      "bounding": [
        7002.11279296875,
        4566.8125,
        918.9085083007812,
        1190.414794921875
      ]
    },
    {
      "color": "#3f789e",
      "font_size": 24,
      "flags": {},
      "id": 12,
      "title": "1-迁移元素",
      "bounding": [
        6042.11279296875,
        4566.8125,
        920.5826416015625,
        1189.4423828125
      ]
    },
    {
      "color": "#3f789e",
      "font_size": 24,
      "flags": {},
      "id": 13,
      "title": "6-保存图像",
      "bounding": [
        9137.1923828125,
        5776.31494140625,
        1021.3353881835938,
        1150.546630859375
      ]
    },
    {
      "color": "#88A",
      "font_size": 24,
      "flags": {},
      "id": 14,
      "title": "5-图片裁剪",
      "bounding": [
        7956.1533203125,
        5776.8125,
        1145.0399169921875,
        1151.5953369140625
      ]
    },
    {
      "color": "#cc0fa9",
      "font_size": 128,
      "flags": {},
      "id": 15,
      "title": "FLUX 万物迁移 （Redux + ACE Lora） 工作流",
      "bounding": [
        6042.11279296875,
        4316.8125,
        3436.490234375,
        173.05218505859375
      ]
    },
    {
      "color": "#3f789e",
      "font_size": 24,
      "flags": {},
      "id": 16,
      "title": "对比图",
      "bounding": [
        10187.19140625,
        5777.11181640625,
        2275.177978515625,
        1152.00830078125
      ]
    }
  ],
  "links": [
    [
      169,
      109,
      0,
      81,
      0,
      "CLIP"
    ],
    [
      170,
      83,
      0,
      82,
      0,
      "NOISE"
    ],
    [
      171,
      87,
      0,
      82,
      1,
      "GUIDER"
    ],
    [
      172,
      88,
      0,
      82,
      2,
      "SAMPLER"
    ],
    [
      173,
      89,
      0,
      82,
      3,
      "SIGMAS"
    ],
    [
      174,
      85,
      2,
      82,
      4,
      "LATENT"
    ],
    [
      175,
      84,
      0,
      83,
      0,
      "INT"
    ],
    [
      176,
      91,
      0,
      85,
      0,
      "CONDITIONING"
    ],
    [
      177,
      90,
      0,
      85,
      1,
      "CONDITIONING"
    ],
    [
      178,
      115,
      0,
      85,
      2,
      "VAE"
    ],
    [
      179,
      119,
      0,
      85,
      3,
      "IMAGE"
    ],
    [
      180,
      119,
      1,
      85,
      4,
      "MASK"
    ],
    [
      181,
      85,
      0,
      86,
      0,
      "CONDITIONING"
    ],
    [
      182,
      112,
      0,
      87,
      0,
      "MODEL"
    ],
    [
      183,
      86,
      0,
      87,
      1,
      "CONDITIONING"
    ],
    [
      184,
      101,
      0,
      89,
      0,
      "MODEL"
    ],
    [
      185,
      81,
      0,
      90,
      0,
      "CONDITIONING"
    ],
    [
      186,
      81,
      0,
      91,
      0,
      "CONDITIONING"
    ],
    [
      187,
      114,
      0,
      91,
      1,
      "STYLE_MODEL"
    ],
    [
      188,
      113,
      0,
      91,
      2,
      "CLIP_VISION"
    ],
    [
      189,
      126,
      0,
      91,
      3,
      "IMAGE"
    ],
    [
      190,
      120,
      0,
      91,
      4,
      "MASK"
    ],
    [
      191,
      125,
      1,
      94,
      0,
      "MASK"
    ],
    [
      192,
      112,
      0,
      95,
      0,
      "MODEL"
    ],
    [
      193,
      82,
      0,
      96,
      0,
      "LATENT"
    ],
    [
      194,
      115,
      0,
      96,
      1,
      "VAE"
    ],
    [
      195,
      119,
      0,
      97,
      0,
      "IMAGE"
    ],
    [
      196,
      96,
      0,
      98,
      0,
      "IMAGE"
    ],
    [
      197,
      141,
      0,
      99,
      0,
      "IMAGE"
    ],
    [
      198,
      119,
      0,
      100,
      0,
      "IMAGE"
    ],
    [
      199,
      95,
      0,
      101,
      0,
      "MODEL"
    ],
    [
      200,
      100,
      0,
      101,
      1,
      "INT"
    ],
    [
      201,
      100,
      1,
      101,
      2,
      "INT"
    ],
    [
      203,
      125,
      0,
      102,
      1,
      "IMAGE"
    ],
    [
      204,
      128,
      0,
      102,
      2,
      "IMAGE"
    ],
    [
      205,
      102,
      0,
      103,
      0,
      "Reel"
    ],
    [
      206,
      103,
      0,
      104,
      0,
      "IMAGE"
    ],
    [
      207,
      121,
      0,
      106,
      0,
      "IMAGE"
    ],
    [
      208,
      121,
      1,
      106,
      1,
      "MASK"
    ],
    [
      209,
      129,
      0,
      106,
      3,
      "INT"
    ],
    [
      210,
      129,
      0,
      106,
      4,
      "INT"
    ],
    [
      211,
      94,
      0,
      107,
      0,
      "*"
    ],
    [
      212,
      106,
      2,
      108,
      0,
      "MASK"
    ],
    [
      213,
      110,
      0,
      111,
      0,
      "MODEL"
    ],
    [
      214,
      111,
      0,
      112,
      0,
      "MODEL"
    ],
    [
      215,
      106,
      1,
      118,
      0,
      "IMAGE"
    ],
    [
      216,
      126,
      0,
      119,
      0,
      "IMAGE"
    ],
    [
      217,
      131,
      1,
      119,
      1,
      "IMAGE"
    ],
    [
      218,
      120,
      0,
      119,
      2,
      "MASK"
    ],
    [
      219,
      122,
      0,
      119,
      3,
      "MASK"
    ],
    [
      220,
      129,
      0,
      119,
      4,
      "INT"
    ],
    [
      221,
      127,
      0,
      120,
      0,
      "MASK"
    ],
    [
      222,
      125,
      0,
      121,
      0,
      "IMAGE"
    ],
    [
      223,
      125,
      1,
      121,
      1,
      "MASK"
    ],
    [
      224,
      129,
      0,
      121,
      2,
      "INT"
    ],
    [
      225,
      123,
      0,
      122,
      0,
      "MASK"
    ],
    [
      226,
      131,
      2,
      123,
      0,
      "MASK"
    ],
    [
      227,
      128,
      1,
      124,
      0,
      "MASK"
    ],
    [
      228,
      118,
      0,
      126,
      0,
      "*"
    ],
    [
      229,
      144,
      0,
      126,
      1,
      "*"
    ],
    [
      230,
      107,
      0,
      126,
      3,
      "INT"
    ],
    [
      231,
      108,
      0,
      127,
      0,
      "*"
    ],
    [
      232,
      144,
      1,
      127,
      1,
      "*"
    ],
    [
      233,
      107,
      0,
      127,
      3,
      "INT"
    ],
    [
      234,
      119,
      1,
      130,
      0,
      "MASK"
    ],
    [
      235,
      139,
      0,
      131,
      0,
      "IMAGE"
    ],
    [
      236,
      139,
      1,
      131,
      1,
      "MASK"
    ],
    [
      237,
      121,
      3,
      131,
      3,
      "INT"
    ],
    [
      238,
      121,
      4,
      131,
      4,
      "INT"
    ],
    [
      239,
      131,
      0,
      132,
      0,
      "STITCH"
    ],
    [
      240,
      135,
      0,
      132,
      1,
      "IMAGE"
    ],
    [
      241,
      129,
      0,
      133,
      0,
      "INT"
    ],
    [
      242,
      129,
      0,
      133,
      2,
      "INT"
    ],
    [
      243,
      140,
      4,
      134,
      0,
      "INT"
    ],
    [
      244,
      140,
      3,
      134,
      1,
      "INT"
    ],
    [
      245,
      96,
      0,
      135,
      0,
      "IMAGE"
    ],
    [
      246,
      129,
      0,
      135,
      1,
      "INT"
    ],
    [
      247,
      139,
      3,
      135,
      2,
      "INT"
    ],
    [
      248,
      139,
      4,
      135,
      3,
      "INT"
    ],
    [
      249,
      133,
      0,
      136,
      0,
      "IMAGE"
    ],
    [
      250,
      134,
      0,
      136,
      1,
      "IMAGE"
    ],
    [
      251,
      140,
      1,
      137,
      0,
      "MASK"
    ],
    [
      252,
      143,
      0,
      138,
      0,
      "MASK"
    ],
    [
      253,
      128,
      0,
      139,
      0,
      "IMAGE"
    ],
    [
      254,
      128,
      1,
      139,
      1,
      "MASK"
    ],
    [
      255,
      129,
      0,
      139,
      2,
      "INT"
    ],
    [
      256,
      128,
      0,
      140,
      0,
      "IMAGE"
    ],
    [
      257,
      128,
      1,
      140,
      1,
      "MASK"
    ],
    [
      258,
      129,
      0,
      140,
      2,
      "INT"
    ],
    [
      261,
      143,
      0,
      141,
      2,
      "MASK"
    ],
    [
      262,
      132,
      0,
      142,
      0,
      "IMAGE"
    ],
    [
      263,
      136,
      1,
      142,
      1,
      "MASK"
    ],
    [
      264,
      124,
      0,
      143,
      0,
      "MASK"
    ],
    [
      265,
      121,
      0,
      144,
      0,
      "IMAGE"
    ],
    [
      266,
      142,
      0,
      102,
      0,
      "IMAGE"
    ],
    [
      276,
      142,
      0,
      141,
      0,
      "IMAGE"
    ],
    [
      277,
      140,
      0,
      141,
      1,
      "IMAGE"
    ]
  ],
  "id": "4d4e4c5c-4063-4163-8e9a-ae43eefd2842",
  "config": {},
  "version": 0.4,
  "last_node_id": 151,
  "revision": 0
}