{
  "last_link_id": 210,
  "nodes": [
    {
      "outputs": [
        {
          "name": "MODEL",
          "slot_index": 0,
          "links": [
            180
          ],
          "label": "模型",
          "type": "MODEL",
          "localized_name": "模型"
        }
      ],
      "color": "#223",
      "widgets_values": [
        "flux1-kontext-dev.safetensors",
        "fp8_e4m3fn"
      ],
      "inputs": [],
      "flags": {
        "pinned": true
      },
      "type": "UNETLoader",
      "mode": 0,
      "bgcolor": "#335",
      "size": [
        432.0361633300781,
        93.82183074951172
      ],
      "pos": [
        3304.140625,
        422.8558654785156
      ],
      "id": 125,
      "properties": {
        "cnr_id": "comfy-core",
        "ver": "0.3.41",
        "widget_ue_connectable": {},
        "Node name for S&R": "UNETLoader"
      },
      "order": 0
    },
    {
      "mode": 0,
      "outputs": [
        {
          "name": "INT",
          "links": [
            189
          ],
          "label": "整数",
          "type": "INT",
          "localized_name": "整数"
        },
        {
          "name": "FLOAT",
          "links": [],
          "label": "浮点",
          "type": "FLOAT",
          "localized_name": "浮点"
        }
      ],
      "size": [
        210,
        133
      ],
      "pos": [
        3641.884765625,
        941.151123046875
      ],
      "widgets_values": [
        "a/64"
      ],
      "inputs": [
        {
          "shape": 7,
          "name": "a",
          "link": 190,
          "label": "a",
          "type": "INT,FLOAT,IMAGE,LATENT",
          "localized_name": "a"
        },
        {
          "shape": 7,
          "name": "b",
          "label": "b",
          "type": "INT,FLOAT,IMAGE,LATENT",
          "localized_name": "b"
        },
        {
          "shape": 7,
          "name": "c",
          "label": "c",
          "type": "INT,FLOAT,IMAGE,LATENT",
          "localized_name": "c"
        }
      ],
      "flags": {
        "pinned": true,
        "collapsed": false
      },
      "id": 143,
      "type": "MathExpression|pysssss",
      "properties": {
        "Node name for S&R": "MathExpression|pysssss"
      },
      "order": 10
    },
    {
      "mode": 0,
      "outputs": [
        {
          "name": "INT",
          "links": [
            193
          ],
          "label": "整数",
          "type": "INT",
          "localized_name": "整数"
        },
        {
          "name": "FLOAT",
          "links": [],
          "label": "浮点",
          "type": "FLOAT",
          "localized_name": "浮点"
        }
      ],
      "size": [
        210,
        133
      ],
      "pos": [
        3651.884765625,
        1121.1514892578125
      ],
      "widgets_values": [
        "a/64"
      ],
      "inputs": [
        {
          "shape": 7,
          "name": "a",
          "link": 194,
          "label": "a",
          "type": "INT,FLOAT,IMAGE,LATENT",
          "localized_name": "a"
        },
        {
          "shape": 7,
          "name": "b",
          "label": "b",
          "type": "INT,FLOAT,IMAGE,LATENT",
          "localized_name": "b"
        },
        {
          "shape": 7,
          "name": "c",
          "label": "c",
          "type": "INT,FLOAT,IMAGE,LATENT",
          "localized_name": "c"
        }
      ],
      "flags": {
        "pinned": true,
        "collapsed": false
      },
      "id": 145,
      "type": "MathExpression|pysssss",
      "properties": {
        "Node name for S&R": "MathExpression|pysssss"
      },
      "order": 11
    },
    {
      "mode": 0,
      "outputs": [
        {
          "name": "INT",
          "links": [
            195
          ],
          "label": "整数",
          "type": "INT",
          "localized_name": "整数"
        },
        {
          "name": "FLOAT",
          "label": "浮点",
          "type": "FLOAT",
          "localized_name": "浮点"
        }
      ],
      "size": [
        217.0221405029297,
        128
      ],
      "pos": [
        3891.884765625,
        941.151123046875
      ],
      "widgets_values": [
        "a*64"
      ],
      "inputs": [
        {
          "shape": 7,
          "name": "a",
          "link": 189,
          "label": "a",
          "type": "INT,FLOAT,IMAGE,LATENT",
          "localized_name": "a"
        },
        {
          "shape": 7,
          "name": "b",
          "label": "b",
          "type": "INT,FLOAT,IMAGE,LATENT",
          "localized_name": "b"
        },
        {
          "shape": 7,
          "name": "c",
          "label": "c",
          "type": "INT,FLOAT,IMAGE,LATENT",
          "localized_name": "c"
        }
      ],
      "flags": {
        "pinned": true,
        "collapsed": false
      },
      "id": 144,
      "type": "MathExpression|pysssss",
      "properties": {
        "Node name for S&R": "MathExpression|pysssss"
      },
      "order": 15
    },
    {
      "mode": 0,
      "outputs": [
        {
          "name": "INT",
          "links": [
            196
          ],
          "label": "整数",
          "type": "INT",
          "localized_name": "整数"
        },
        {
          "name": "FLOAT",
          "label": "浮点",
          "type": "FLOAT",
          "localized_name": "浮点"
        }
      ],
      "size": [
        217.0221405029297,
        128
      ],
      "pos": [
        3901.884765625,
        1121.1514892578125
      ],
      "widgets_values": [
        "a*64"
      ],
      "inputs": [
        {
          "shape": 7,
          "name": "a",
          "link": 193,
          "label": "a",
          "type": "INT,FLOAT,IMAGE,LATENT",
          "localized_name": "a"
        },
        {
          "shape": 7,
          "name": "b",
          "label": "b",
          "type": "INT,FLOAT,IMAGE,LATENT",
          "localized_name": "b"
        },
        {
          "shape": 7,
          "name": "c",
          "label": "c",
          "type": "INT,FLOAT,IMAGE,LATENT",
          "localized_name": "c"
        }
      ],
      "flags": {
        "pinned": true,
        "collapsed": false
      },
      "id": 146,
      "type": "MathExpression|pysssss",
      "properties": {
        "Node name for S&R": "MathExpression|pysssss"
      },
      "order": 16
    },
    {
      "mode": 0,
      "outputs": [
        {
          "name": "LATENT",
          "slot_index": 0,
          "links": [
            187
          ],
          "label": "Latent",
          "type": "LATENT",
          "localized_name": "Latent"
        }
      ],
      "size": [
        210,
        181.26318359375
      ],
      "pos": [
        4141.884765625,
        911.151123046875
      ],
      "widgets_values": [
        1024,
        1280,
        1
      ],
      "inputs": [
        {
          "widget": {
            "name": "width"
          },
          "name": "width",
          "link": 195,
          "label": "width",
          "type": "INT",
          "localized_name": "宽度"
        },
        {
          "widget": {
            "name": "height"
          },
          "name": "height",
          "link": 196,
          "label": "height",
          "type": "INT",
          "localized_name": "高度"
        }
      ],
      "flags": {
        "pinned": true
      },
      "id": 142,
      "type": "EmptyLatentImage",
      "properties": {
        "Node name for S&R": "EmptyLatentImage"
      },
      "order": 19
    },
    {
      "outputs": [
        {
          "shape": 3,
          "name": "width",
          "slot_index": 0,
          "links": [
            190
          ],
          "label": "width",
          "type": "INT",
          "localized_name": "width"
        },
        {
          "shape": 3,
          "name": "height",
          "slot_index": 1,
          "links": [
            194
          ],
          "label": "height",
          "type": "INT",
          "localized_name": "height"
        },
        {
          "shape": 3,
          "name": "resolution",
          "label": "resolution",
          "type": "STRING",
          "localized_name": "resolution"
        }
      ],
      "color": "#232",
      "widgets_values": [
        "1.0",
        "9:16 (Slim Vertical)",
        false,
        "1:1"
      ],
      "inputs": [],
      "flags": {
        "pinned": true
      },
      "type": "FluxResolutionNode",
      "mode": 0,
      "bgcolor": "#353",
      "size": [
        337.3092346191406,
        306.6536865234375
      ],
      "pos": [
        3291.884765625,
        941.151123046875
      ],
      "id": 141,
      "properties": {
        "Node name for S&R": "FluxResolutionNode"
      },
      "order": 1
    },
    {
      "mode": 0,
      "outputs": [
        {
          "name": "CLIP",
          "slot_index": 0,
          "links": [
            159
          ],
          "label": "CLIP",
          "type": "CLIP",
          "localized_name": "CLIP"
        }
      ],
      "size": [
        281.0127258300781,
        132.83229064941406
      ],
      "pos": [
        3773.927734375,
        423.4666748046875
      ],
      "widgets_values": [
        "t5xxl_fp16.safetensors",
        "clip_l.safetensors",
        "flux",
        "default"
      ],
      "inputs": [],
      "flags": {
        "pinned": true
      },
      "id": 121,
      "type": "DualCLIPLoader",
      "properties": {
        "cnr_id": "comfy-core",
        "ver": "0.3.41",
        "widget_ue_connectable": {},
        "Node name for S&R": "DualCLIPLoader"
      },
      "order": 2
    },
    {
      "mode": 0,
      "outputs": [
        {
          "name": "NOISE",
          "links": [
            170
          ],
          "label": "噪波生成",
          "type": "NOISE",
          "localized_name": "噪波"
        }
      ],
      "size": [
        315,
        82
      ],
      "pos": [
        4402.0068359375,
        434.5351867675781
      ],
      "widgets_values": [
        1024429011455152,
        "randomize"
      ],
      "inputs": [],
      "flags": {
        "pinned": true
      },
      "id": 108,
      "type": "RandomNoise",
      "properties": {
        "cnr_id": "comfy-core",
        "ver": "0.3.41",
        "widget_ue_connectable": {},
        "Node name for S&R": "RandomNoise"
      },
      "order": 3
    },
    {
      "mode": 0,
      "outputs": [
        {
          "name": "GUIDER",
          "slot_index": 0,
          "links": [
            171
          ],
          "label": "引导",
          "type": "GUIDER",
          "localized_name": "引导器"
        }
      ],
      "size": [
        337.5274353027344,
        97.9250259399414
      ],
      "pos": [
        4403.7197265625,
        587.9755859375
      ],
      "widgets_values": [],
      "inputs": [
        {
          "name": "model",
          "link": 175,
          "label": "模型",
          "type": "MODEL",
          "localized_name": "模型"
        },
        {
          "name": "conditioning",
          "link": 176,
          "label": "条件",
          "type": "CONDITIONING",
          "localized_name": "条件"
        }
      ],
      "flags": {
        "pinned": true
      },
      "id": 135,
      "type": "BasicGuider",
      "properties": {
        "cnr_id": "comfy-core",
        "ver": "0.3.41",
        "widget_ue_connectable": {},
        "Node name for S&R": "BasicGuider"
      },
      "order": 25
    },
    {
      "mode": 0,
      "outputs": [
        {
          "name": "SAMPLER",
          "links": [
            172
          ],
          "label": "采样器",
          "type": "SAMPLER",
          "localized_name": "采样器"
        }
      ],
      "size": [
        315,
        58
      ],
      "pos": [
        4406.0087890625,
        746.275146484375
      ],
      "widgets_values": [
        "euler"
      ],
      "inputs": [],
      "flags": {
        "pinned": true
      },
      "id": 133,
      "type": "KSamplerSelect",
      "properties": {
        "cnr_id": "comfy-core",
        "ver": "0.3.41",
        "widget_ue_connectable": {},
        "Node name for S&R": "KSamplerSelect"
      },
      "order": 4
    },
    {
      "mode": 0,
      "outputs": [
        {
          "name": "SIGMAS",
          "links": [
            173
          ],
          "label": "Sigmas",
          "type": "SIGMAS",
          "localized_name": "Sigmas"
        }
      ],
      "size": [
        315,
        106
      ],
      "pos": [
        4415.99609375,
        861.4689331054688
      ],
      "widgets_values": [
        "simple",
        20,
        1
      ],
      "inputs": [
        {
          "name": "model",
          "link": 144,
          "label": "模型",
          "type": "MODEL",
          "localized_name": "模型"
        }
      ],
      "flags": {
        "pinned": true
      },
      "id": 109,
      "type": "BasicScheduler",
      "properties": {
        "cnr_id": "comfy-core",
        "ver": "0.3.41",
        "widget_ue_connectable": {},
        "Node name for S&R": "BasicScheduler"
      },
      "order": 14
    },
    {
      "mode": 0,
      "outputs": [
        {
          "name": "VAE",
          "slot_index": 0,
          "links": [
            169,
            178
          ],
          "label": "VAE",
          "type": "VAE",
          "localized_name": "VAE"
        }
      ],
      "size": [
        311.81634521484375,
        60.429901123046875
      ],
      "pos": [
        4417.4228515625,
        1037.704345703125
      ],
      "widgets_values": [
        "ae.safetensors"
      ],
      "inputs": [],
      "flags": {
        "pinned": true
      },
      "id": 131,
      "type": "VAELoader",
      "properties": {
        "cnr_id": "comfy-core",
        "ver": "0.3.41",
        "widget_ue_connectable": {},
        "Node name for S&R": "VAELoader"
      },
      "order": 5
    },
    {
      "outputs": [
        {
          "name": "CONDITIONING",
          "slot_index": 0,
          "links": [
            162
          ],
          "label": "条件",
          "type": "CONDITIONING",
          "localized_name": "条件"
        }
      ],
      "color": "#232",
      "widgets_values": [
        "the anime girl with massive fennec ears is wearing cargo pants while sitting on a log in the woods biting into a sandwitch beside a beautiful alpine lake"
      ],
      "inputs": [
        {
          "name": "clip",
          "link": 159,
          "label": "CLIP",
          "type": "CLIP",
          "localized_name": "clip"
        },
        {
          "widget": {
            "name": "text"
          },
          "name": "text",
          "link": 206,
          "label": "text",
          "type": "STRING",
          "localized_name": "文本"
        }
      ],
      "flags": {
        "pinned": true
      },
      "type": "CLIPTextEncode",
      "mode": 0,
      "bgcolor": "#353",
      "size": [
        285.6000061035156,
        85.10193634033203
      ],
      "pos": [
        4077.240234375,
        428.62017822265625
      ],
      "id": 122,
      "properties": {
        "cnr_id": "comfy-core",
        "ver": "0.3.41",
        "widget_ue_connectable": {},
        "Node name for S&R": "CLIPTextEncode"
      },
      "order": 12
    },
    {
      "outputs": [
        {
          "name": "CONDITIONING",
          "slot_index": 0,
          "links": [
            166
          ],
          "label": "条件",
          "type": "CONDITIONING",
          "localized_name": "条件"
        }
      ],
      "color": "#233",
      "widgets_values": [
        2.5
      ],
      "inputs": [
        {
          "name": "conditioning",
          "link": 162,
          "label": "条件",
          "type": "CONDITIONING",
          "localized_name": "条件"
        }
      ],
      "flags": {
        "pinned": true
      },
      "type": "FluxGuidance",
      "mode": 0,
      "bgcolor": "#355",
      "size": [
        275.93267822265625,
        83.91706848144531
      ],
      "pos": [
        4075.95068359375,
        570.742919921875
      ],
      "id": 124,
      "properties": {
        "cnr_id": "comfy-core",
        "ver": "0.3.41",
        "widget_ue_connectable": {},
        "Node name for S&R": "FluxGuidance"
      },
      "order": 17
    },
    {
      "mode": 0,
      "outputs": [
        {
          "name": "CONDITIONING",
          "links": [
            176
          ],
          "label": "CONDITIONING",
          "type": "CONDITIONING",
          "localized_name": "条件"
        }
      ],
      "size": [
        211.60000610351562,
        46
      ],
      "pos": [
        4162.69091796875,
        711.60498046875
      ],
      "widgets_values": [],
      "inputs": [
        {
          "name": "conditioning",
          "link": 166,
          "label": "conditioning",
          "type": "CONDITIONING",
          "localized_name": "conditioning"
        },
        {
          "shape": 7,
          "name": "latent",
          "link": 167,
          "label": "latent",
          "type": "LATENT",
          "localized_name": "latent"
        }
      ],
      "flags": {
        "pinned": true
      },
      "id": 129,
      "type": "ReferenceLatent",
      "properties": {
        "Node name for S&R": "ReferenceLatent"
      },
      "order": 24
    },
    {
      "mode": 0,
      "outputs": [
        {
          "name": "MODEL",
          "slot_index": 0,
          "links": [
            144,
            175
          ],
          "label": "模型",
          "type": "MODEL",
          "localized_name": "模型"
        }
      ],
      "size": [
        429.1988525390625,
        130
      ],
      "pos": [
        3303.223876953125,
        559.241943359375
      ],
      "widgets_values": [
        1.15,
        0.5,
        1024,
        1024
      ],
      "inputs": [
        {
          "name": "model",
          "link": 180,
          "label": "模型",
          "type": "MODEL",
          "localized_name": "模型"
        },
        {
          "widget": {
            "name": "height"
          },
          "name": "height",
          "label": "height",
          "type": "INT",
          "localized_name": "高度"
        },
        {
          "widget": {
            "name": "width"
          },
          "name": "width",
          "label": "width",
          "type": "INT",
          "localized_name": "宽度"
        }
      ],
      "flags": {
        "pinned": true
      },
      "id": 138,
      "type": "ModelSamplingFlux",
      "properties": {
        "cnr_id": "comfy-core",
        "ver": "0.3.41",
        "widget_ue_connectable": {
          "width": true,
          "height": true
        },
        "Node name for S&R": "ModelSamplingFlux"
      },
      "order": 9
    },
    {
      "mode": 0,
      "outputs": [
        {
          "name": "LATENT",
          "links": [
            167
          ],
          "label": "Latent",
          "type": "LATENT",
          "localized_name": "Latent"
        }
      ],
      "size": [
        140,
        85.3939437866211
      ],
      "pos": [
        3586.127685546875,
        732.27880859375
      ],
      "widgets_values": [],
      "inputs": [
        {
          "name": "pixels",
          "link": 198,
          "label": "图像",
          "type": "IMAGE",
          "localized_name": "像素"
        },
        {
          "name": "vae",
          "link": 169,
          "label": "VAE",
          "type": "VAE",
          "localized_name": "vae"
        }
      ],
      "flags": {
        "pinned": true
      },
      "id": 130,
      "type": "VAEEncode",
      "properties": {
        "cnr_id": "comfy-core",
        "ver": "0.3.41",
        "widget_ue_connectable": {},
        "Node name for S&R": "VAEEncode"
      },
      "order": 23
    },
    {
      "mode": 0,
      "outputs": [
        {
          "name": "IMAGE",
          "slot_index": 0,
          "links": [
            179
          ],
          "label": "图像",
          "type": "IMAGE",
          "localized_name": "图像"
        }
      ],
      "size": [
        273.2376403808594,
        58.44019317626953
      ],
      "pos": [
        4773.45947265625,
        1013.2481689453125
      ],
      "widgets_values": [],
      "inputs": [
        {
          "name": "samples",
          "link": 177,
          "label": "Latent",
          "type": "LATENT",
          "localized_name": "Latent"
        },
        {
          "name": "vae",
          "link": 178,
          "label": "VAE",
          "type": "VAE",
          "localized_name": "vae"
        }
      ],
      "flags": {
        "pinned": true
      },
      "id": 136,
      "type": "VAEDecode",
      "properties": {
        "cnr_id": "comfy-core",
        "ver": "0.3.41",
        "widget_ue_connectable": {},
        "Node name for S&R": "VAEDecode"
      },
      "order": 27
    },
    {
      "outputs": [
        {
          "name": "output",
          "slot_index": 0,
          "links": [
            177
          ],
          "label": "输出",
          "type": "LATENT",
          "localized_name": "Latent"
        },
        {
          "name": "denoised_output",
          "label": "降噪输出",
          "type": "LATENT",
          "localized_name": "降噪Latent"
        }
      ],
      "color": "#432",
      "widgets_values": [],
      "inputs": [
        {
          "name": "noise",
          "link": 170,
          "label": "噪波生成",
          "type": "NOISE",
          "localized_name": "噪波"
        },
        {
          "name": "guider",
          "link": 171,
          "label": "引导",
          "type": "GUIDER",
          "localized_name": "引导器"
        },
        {
          "name": "sampler",
          "link": 172,
          "label": "采样器",
          "type": "SAMPLER",
          "localized_name": "采样器"
        },
        {
          "name": "sigmas",
          "link": 173,
          "label": "Sigmas",
          "type": "SIGMAS",
          "localized_name": "西格玛"
        },
        {
          "name": "latent_image",
          "link": 187,
          "label": "Latent",
          "type": "LATENT",
          "localized_name": "Latent图像"
        }
      ],
      "flags": {
        "pinned": true
      },
      "type": "SamplerCustomAdvanced",
      "mode": 0,
      "bgcolor": "#653",
      "size": [
        304.09771728515625,
        439.137451171875
      ],
      "pos": [
        4772.763671875,
        428.7028503417969
      ],
      "id": 134,
      "properties": {
        "cnr_id": "comfy-core",
        "ver": "0.3.41",
        "widget_ue_connectable": {},
        "Node name for S&R": "SamplerCustomAdvanced"
      },
      "order": 26
    },
    {
      "outputs": [],
      "color": "#2a363b",
      "widgets_values": [
        "ComfyUI"
      ],
      "inputs": [
        {
          "name": "images",
          "link": 179,
          "label": "图像",
          "type": "IMAGE",
          "localized_name": "图片"
        }
      ],
      "flags": {
        "pinned": true
      },
      "type": "SaveImage",
      "mode": 0,
      "bgcolor": "#3f5159",
      "size": [
        536.5902099609375,
        441.9195556640625
      ],
      "pos": [
        2676.73095703125,
        801.0485229492188
      ],
      "id": 137,
      "properties": {
        "cnr_id": "comfy-core",
        "ver": "0.3.41",
        "widget_ue_connectable": {},
        "Node name for S&R": "SaveImage"
      },
      "order": 28
    },
    {
      "mode": 0,
      "outputs": [
        {
          "name": "IMAGE",
          "links": [
            198
          ],
          "label": "图像",
          "type": "IMAGE",
          "localized_name": "图像"
        },
        {
          "name": "width",
          "label": "宽度",
          "type": "INT",
          "localized_name": "width"
        },
        {
          "name": "height",
          "label": "高度",
          "type": "INT",
          "localized_name": "height"
        }
      ],
      "size": [
        315,
        218
      ],
      "pos": [
        3300.6337890625,
        760.531494140625
      ],
      "widgets_values": [
        1280,
        1280,
        "nearest",
        "keep proportion",
        "always",
        0
      ],
      "inputs": [
        {
          "name": "image",
          "link": 205,
          "label": "图像",
          "type": "IMAGE",
          "localized_name": "image"
        }
      ],
      "flags": {
        "collapsed": true
      },
      "id": 147,
      "type": "ImageResize+",
      "properties": {
        "Node name for S&R": "ImageResize+"
      },
      "order": 22
    },
    {
      "outputs": [
        {
          "name": "IMAGE",
          "links": [
            203
          ],
          "label": "图像",
          "type": "IMAGE",
          "localized_name": "图像"
        }
      ],
      "color": "#2a363b",
      "widgets_values": [
        "right",
        true
      ],
      "inputs": [
        {
          "name": "image1",
          "link": 209,
          "label": "图像_1",
          "type": "IMAGE",
          "localized_name": "image1"
        },
        {
          "name": "image2",
          "link": 210,
          "label": "图像_2",
          "type": "IMAGE",
          "localized_name": "image2"
        }
      ],
      "flags": {},
      "type": "ImageConcanate",
      "mode": 0,
      "bgcolor": "#3f5159",
      "size": [
        315,
        102
      ],
      "pos": [
        2634.0673828125,
        441.3223571777344
      ],
      "id": 149,
      "properties": {
        "Node name for S&R": "ImageConcanate"
      },
      "order": 18
    },
    {
      "outputs": [
        {
          "name": "image",
          "links": [
            204,
            205
          ],
          "label": "图像",
          "type": "IMAGE",
          "localized_name": "image"
        },
        {
          "name": "mask",
          "label": "遮罩",
          "type": "MASK",
          "localized_name": "mask"
        },
        {
          "name": "original_size",
          "label": "原始大小",
          "type": "BOX",
          "localized_name": "original_size"
        },
        {
          "name": "width",
          "label": "width",
          "type": "INT",
          "localized_name": "width"
        },
        {
          "name": "height",
          "label": "height",
          "type": "INT",
          "localized_name": "height"
        }
      ],
      "color": "#2a363b",
      "widgets_values": [
        "original",
        1,
        1,
        "letterbox",
        "lanczos",
        "8",
        "longest",
        1536,
        "#000000"
      ],
      "inputs": [
        {
          "shape": 7,
          "name": "image",
          "link": 203,
          "label": "图像",
          "type": "IMAGE",
          "localized_name": "image"
        },
        {
          "shape": 7,
          "name": "mask",
          "label": "遮罩",
          "type": "MASK",
          "localized_name": "mask"
        }
      ],
      "flags": {
        "collapsed": true
      },
      "type": "LayerUtility: ImageScaleByAspectRatio V2",
      "mode": 0,
      "bgcolor": "#3f5159",
      "size": [
        336,
        330
      ],
      "pos": [
        2668.1142578125,
        597.1929321289062
      ],
      "id": 152,
      "properties": {
        "Node name for S&R": "LayerUtility: ImageScaleByAspectRatio V2"
      },
      "order": 20
    },
    {
      "mode": 0,
      "outputs": [],
      "size": [
        210,
        246
      ],
      "pos": [
        2995.283935546875,
        430.3993835449219
      ],
      "widgets_values": [],
      "inputs": [
        {
          "name": "images",
          "link": 204,
          "label": "图像",
          "type": "IMAGE",
          "localized_name": "图像"
        }
      ],
      "flags": {},
      "id": 154,
      "type": "PreviewImage",
      "properties": {
        "Node name for S&R": "PreviewImage"
      },
      "order": 21
    },
    {
      "outputs": [
        {
          "name": "translation",
          "links": [
            206
          ],
          "label": "translation",
          "type": "STRING",
          "localized_name": "translation"
        }
      ],
      "color": "#232",
      "widgets_values": [
        "图1女人在图2这个背景环境下，保持人物细节不改变，氛围一致",
        1695,
        "randomize",
        "force_english"
      ],
      "inputs": [],
      "flags": {},
      "type": "RH_Translator",
      "mode": 0,
      "bgcolor": "#353",
      "size": [
        263.7526550292969,
        160
      ],
      "pos": [
        2330,
        260
      ],
      "id": 151,
      "properties": {
        "Node name for S&R": "RH_Translator"
      },
      "order": 6
    },
    {
      "outputs": [
        {
          "name": "IMAGE",
          "links": [
            210
          ],
          "label": "图像",
          "type": "IMAGE",
          "localized_name": "图像"
        },
        {
          "name": "MASK",
          "label": "遮罩",
          "type": "MASK",
          "localized_name": "遮罩"
        }
      ],
      "color": "#2a363b",
      "widgets_values": [
        "c1ddc56e345844374bda20c0992396b8f823bd2a9863ea0c3885efa692b5d7ce.jpg",
        "image",
        ""
      ],
      "inputs": [],
      "flags": {},
      "type": "LoadImage",
      "mode": 0,
      "bgcolor": "#3f5159",
      "size": [
        264.3596496582031,
        326
      ],
      "pos": [
        2320,
        910
      ],
      "id": 150,
      "properties": {
        "Node name for S&R": "LoadImage"
      },
      "order": 7
    },
    {
      "outputs": [
        {
          "name": "IMAGE",
          "links": [
            209
          ],
          "label": "IMAGE",
          "type": "IMAGE",
          "localized_name": "图像"
        },
        {
          "name": "MASK",
          "label": "MASK",
          "type": "MASK",
          "localized_name": "遮罩"
        },
        {
          "name": "MASK_IMAGE",
          "label": "MASK_IMAGE",
          "type": "IMAGE",
          "localized_name": "MASK_IMAGE"
        }
      ],
      "color": "#222e40",
      "widgets_values": [
        "RMBG-2.0",
        1,
        1024,
        0,
        0,
        "gray",
        false,
        "default"
      ],
      "inputs": [
        {
          "name": "image",
          "link": 207,
          "label": "image",
          "type": "IMAGE",
          "localized_name": "image"
        },
        {
          "shape": 7,
          "name": "background_color",
          "label": "background_color",
          "type": "COLOR",
          "localized_name": "background_color"
        }
      ],
      "flags": {
        "collapsed": true
      },
      "type": "RMBG",
      "mode": 0,
      "bgcolor": "#364254",
      "size": [
        315,
        290
      ],
      "pos": [
        2654.231201171875,
        647.1734619140625
      ],
      "id": 155,
      "properties": {
        "Node name for S&R": "RMBG"
      },
      "order": 13
    },
    {
      "outputs": [
        {
          "name": "IMAGE",
          "links": [
            207
          ],
          "label": "图像",
          "type": "IMAGE",
          "localized_name": "图像"
        },
        {
          "name": "MASK",
          "label": "遮罩",
          "type": "MASK",
          "localized_name": "遮罩"
        }
      ],
      "color": "#2a363b",
      "widgets_values": [
        "1f7643971bf6d11539f3d940eb5f64b378e94f139f4eb6b68ca955b23b3029a8.jpg",
        "image",
        ""
      ],
      "inputs": [],
      "flags": {},
      "type": "LoadImage",
      "mode": 0,
      "bgcolor": "#3f5159",
      "size": [
        259.8900451660156,
        363.4582214355469
      ],
      "pos": [
        2298.67724609375,
        480.11138916015625
      ],
      "id": 153,
      "properties": {
        "Node name for S&R": "LoadImage"
      },
      "order": 8
    }
  ],
  "extra": {
    "VHS_KeepIntermediate": true,
    "links_added_by_ue": [],
    "ue_links": [],
    "VHS_MetadataImage": true,
    "0246.VERSION": [
      0,
      0,
      4
    ],
    "VHS_latentpreviewrate": 0,
    "VHS_latentpreview": false,
    "ds": {
      "offset": [
        -1437.545813544411,
        523.32443531286
      ],
      "scale": 0.5989500000000002
    }
  },
  "groups": [
    {
      "color": "#b06634",
      "font_size": 100,
      "flags": {
        "pinned": true
      },
      "id": 3,
      "title": "Flux Kontext-Dev双图模式",
      "bounding": [
        2623.56298828125,
        197.2978515625,
        2510.529296875,
        145.3543243408203
      ]
    },
    {
      "color": "#3f789e",
      "font_size": 24,
      "flags": {
        "pinned": true
      },
      "id": 5,
      "title": "采样器参数",
      "bounding": [
        4377.14697265625,
        349.67578125,
        377.7561340332031,
        911.9220581054688
      ]
    },
    {
      "color": "#3f789e",
      "font_size": 24,
      "flags": {
        "pinned": true
      },
      "id": 6,
      "title": "上传图像/输出图像",
      "bounding": [
        2623.716796875,
        348.6219787597656,
        647.7568969726562,
        913.6011962890625
      ]
    },
    {
      "color": "#3f789e",
      "font_size": 24,
      "flags": {
        "pinned": true
      },
      "id": 7,
      "title": "文本输入",
      "bounding": [
        3763.927734375,
        347.1070861816406,
        605.7973022460938,
        475.440185546875
      ]
    },
    {
      "color": "#3f789e",
      "font_size": 24,
      "flags": {
        "pinned": true
      },
      "id": 9,
      "title": "大模型",
      "bounding": [
        3284.140625,
        342.8558654785156,
        472.0361633300781,
        480.8744812011719
      ]
    },
    {
      "color": "#3f789e",
      "font_size": 24,
      "flags": {
        "pinned": true
      },
      "id": 10,
      "title": "比例",
      "bounding": [
        3281.884765625,
        837.5511474609375,
        1080,
        426.6000061035156
      ]
    },
    {
      "color": "#3f789e",
      "font_size": 24,
      "flags": {
        "pinned": true
      },
      "id": 11,
      "title": "采样",
      "bounding": [
        4762.763671875,
        355.10284423828125,
        376.3602294921875,
        903.9353637695312
      ]
    }
  ],
  "links": [
    [
      144,
      138,
      0,
      109,
      0,
      "MODEL"
    ],
    [
      159,
      121,
      0,
      122,
      0,
      "CLIP"
    ],
    [
      162,
      122,
      0,
      124,
      0,
      "CONDITIONING"
    ],
    [
      166,
      124,
      0,
      129,
      0,
      "CONDITIONING"
    ],
    [
      167,
      130,
      0,
      129,
      1,
      "LATENT"
    ],
    [
      169,
      131,
      0,
      130,
      1,
      "VAE"
    ],
    [
      170,
      108,
      0,
      134,
      0,
      "NOISE"
    ],
    [
      171,
      135,
      0,
      134,
      1,
      "GUIDER"
    ],
    [
      172,
      133,
      0,
      134,
      2,
      "SAMPLER"
    ],
    [
      173,
      109,
      0,
      134,
      3,
      "SIGMAS"
    ],
    [
      175,
      138,
      0,
      135,
      0,
      "MODEL"
    ],
    [
      176,
      129,
      0,
      135,
      1,
      "CONDITIONING"
    ],
    [
      177,
      134,
      0,
      136,
      0,
      "LATENT"
    ],
    [
      178,
      131,
      0,
      136,
      1,
      "VAE"
    ],
    [
      179,
      136,
      0,
      137,
      0,
      "IMAGE"
    ],
    [
      180,
      125,
      0,
      138,
      0,
      "MODEL"
    ],
    [
      187,
      142,
      0,
      134,
      4,
      "LATENT"
    ],
    [
      189,
      143,
      0,
      144,
      0,
      "INT,FLOAT,IMAGE,LATENT"
    ],
    [
      190,
      141,
      0,
      143,
      0,
      "INT,FLOAT,IMAGE,LATENT"
    ],
    [
      193,
      145,
      0,
      146,
      0,
      "INT,FLOAT,IMAGE,LATENT"
    ],
    [
      194,
      141,
      1,
      145,
      0,
      "INT,FLOAT,IMAGE,LATENT"
    ],
    [
      195,
      144,
      0,
      142,
      0,
      "INT"
    ],
    [
      196,
      146,
      0,
      142,
      1,
      "INT"
    ],
    [
      198,
      147,
      0,
      130,
      0,
      "IMAGE"
    ],
    [
      203,
      149,
      0,
      152,
      0,
      "IMAGE"
    ],
    [
      204,
      152,
      0,
      154,
      0,
      "IMAGE"
    ],
    [
      205,
      152,
      0,
      147,
      0,
      "IMAGE"
    ],
    [
      206,
      151,
      0,
      122,
      1,
      "STRING"
    ],
    [
      207,
      153,
      0,
      155,
      0,
      "IMAGE"
    ],
    [
      209,
      155,
      0,
      149,
      0,
      "IMAGE"
    ],
    [
      210,
      150,
      0,
      149,
      1,
      "IMAGE"
    ]
  ],
  "id": "e0ff8915-f16d-418b-ad77-49afef744207",
  "config": {},
  "version": 0.4,
  "last_node_id": 155,
  "revision": 0
}