{
  "last_link_id": 300,
  "nodes": [
    {
      "outputs": [
        {
          "name": "VAE",
          "links": [
            61,
            223
          ],
          "label": "VAE",
          "type": "VAE",
          "localized_name": "VAE"
        }
      ],
      "color": "#322",
      "widgets_values": [
        "ae.safetensors"
      ],
      "inputs": [],
      "flags": {},
      "type": "VAELoader",
      "mode": 0,
      "bgcolor": "#533",
      "size": [
        337.76861572265625,
        58
      ],
      "pos": [
        -397.5133972167969,
        383.81854248046875
      ],
      "id": 39,
      "properties": {
        "cnr_id": "comfy-core",
        "models": [
          {
            "name": "ae.safetensors",
            "directory": "vae",
            "url": "https://huggingface.co/Comfy-Org/Lumina_Image_2.0_Repackaged/resolve/main/split_files/vae/ae.safetensors"
          }
        ],
        "ver": "0.3.38",
        "Node name for S&R": "VAELoader"
      },
      "order": 0
    },
    {
      "mode": 0,
      "outputs": [
        {
          "name": "CONDITIONING",
          "links": [
            238
          ],
          "label": "条件",
          "type": "CONDITIONING",
          "localized_name": "条件"
        }
      ],
      "size": [
        240,
        26
      ],
      "pos": [
        250,
        200
      ],
      "widgets_values": [],
      "inputs": [
        {
          "name": "conditioning",
          "link": 237,
          "label": "条件",
          "type": "CONDITIONING",
          "localized_name": "条件"
        }
      ],
      "flags": {
        "collapsed": false
      },
      "id": 135,
      "type": "ConditioningZeroOut",
      "properties": {
        "cnr_id": "comfy-core",
        "ver": "0.3.39",
        "Node name for S&R": "ConditioningZeroOut"
      },
      "order": 16
    },
    {
      "outputs": [
        {
          "name": "IMAGE",
          "links": [
            250
          ],
          "label": "IMAGE",
          "type": "IMAGE",
          "localized_name": "图像"
        },
        {
          "name": "MASK",
          "label": "MASK",
          "type": "MASK",
          "localized_name": "遮罩"
        }
      ],
      "color": "#322",
      "widgets_values": [
        "Loading...",
        false,
        "refresh"
      ],
      "inputs": [],
      "flags": {},
      "type": "LoadImageOutput",
      "mode": 4,
      "bgcolor": "#533",
      "size": [
        320,
        374
      ],
      "pos": [
        -62.02107620239258,
        842.1261596679688
      ],
      "id": 147,
      "properties": {
        "cnr_id": "comfy-core",
        "ver": "0.3.40",
        "Node name for S&R": "LoadImageOutput"
      },
      "order": 1
    },
    {
      "mode": 0,
      "outputs": [
        {
          "name": "LATENT",
          "links": [
            291,
            293
          ],
          "label": "Latent",
          "type": "LATENT",
          "localized_name": "Latent"
        }
      ],
      "size": [
        240,
        50
      ],
      "pos": [
        -20,
        400
      ],
      "widgets_values": [],
      "inputs": [
        {
          "name": "pixels",
          "link": 222,
          "label": "图像",
          "type": "IMAGE",
          "localized_name": "像素"
        },
        {
          "name": "vae",
          "link": 223,
          "label": "VAE",
          "type": "VAE",
          "localized_name": "vae"
        }
      ],
      "flags": {
        "collapsed": false
      },
      "id": 124,
      "type": "VAEEncode",
      "properties": {
        "cnr_id": "comfy-core",
        "ver": "0.3.39",
        "Node name for S&R": "VAEEncode"
      },
      "order": 18
    },
    {
      "outputs": [],
      "color": "#432",
      "widgets_values": [
        "[English] Use Ctrl + B to enable multipule image input.\n\n[中文] 使用 **Ctrl + B** 来启用多张图片输入"
      ],
      "inputs": [],
      "flags": {},
      "type": "MarkdownNote",
      "title": "About Flux Kontext Edit",
      "mode": 0,
      "bgcolor": "#653",
      "size": [
        320,
        88
      ],
      "pos": [
        -62.02107620239258,
        712.1261596679688
      ],
      "id": 175,
      "properties": {},
      "order": 2
    },
    {
      "mode": 0,
      "outputs": [
        {
          "name": "CONDITIONING",
          "slot_index": 0,
          "links": [
            57
          ],
          "label": "条件",
          "type": "CONDITIONING",
          "localized_name": "条件"
        }
      ],
      "size": [
        240,
        58
      ],
      "pos": [
        250,
        90
      ],
      "widgets_values": [
        2.5
      ],
      "inputs": [
        {
          "name": "conditioning",
          "link": 292,
          "label": "条件",
          "type": "CONDITIONING",
          "localized_name": "条件"
        }
      ],
      "flags": {
        "collapsed": false
      },
      "id": 35,
      "type": "FluxGuidance",
      "properties": {
        "cnr_id": "comfy-core",
        "ver": "0.3.38",
        "Node name for S&R": "FluxGuidance"
      },
      "order": 21
    },
    {
      "outputs": [],
      "color": "#432",
      "widgets_values": [
        "For reference:\n- **fp8_scaled**: Requires about 20GB of VRAM.\n- **Original**: Requires about 32GB of VRAM.\n\n---\n\n供参考：\n-  **fp8_scaled** :  大概需要 20GB 左右 VRAM \n- **原始权重**:  原始权重，大概需要 32GB 左右 VRAM \n"
      ],
      "inputs": [],
      "flags": {},
      "type": "MarkdownNote",
      "title": "About VRAM",
      "mode": 0,
      "bgcolor": "#653",
      "size": [
        510,
        170
      ],
      "pos": [
        -960,
        490
      ],
      "id": 185,
      "properties": {},
      "order": 3
    },
    {
      "outputs": [],
      "color": "#432",
      "widgets_values": [
        "\n## Flux Kontext Prompt Techniques\n\n### 1. Basic Modifications\n- Simple and direct: `\"Change the car color to red\"`\n- Maintain style: `\"Change to daytime while maintaining the same style of the painting\"`\n\n### 2. Style Transfer\n**Principles:**\n- Clearly name style: `\"Transform to Bauhaus art style\"`\n- Describe characteristics: `\"Transform to oil painting with visible brushstrokes, thick paint texture\"`\n- Preserve composition: `\"Change to Bauhaus style while maintaining the original composition\"`\n\n### 3. Character Consistency\n**Framework:**\n- Specific description: `\"The woman with short black hair\"` instead of \"she\"\n- Preserve features: `\"while maintaining the same facial features, hairstyle, and expression\"`\n- Step-by-step modifications: Change background first, then actions\n\n### 4. Text Editing\n- Use quotes: `\"Replace 'joy' with 'BFL'\"`\n- Maintain format: `\"Replace text while maintaining the same font style\"`\n\n## Common Problem Solutions\n\n### Character Changes Too Much\n❌ Wrong: `\"Transform the person into a Viking\"`\n✅ Correct: `\"Change the clothes to be a viking warrior while preserving facial features\"`\n\n### Composition Position Changes\n❌ Wrong: `\"Put him on a beach\"`\n✅ Correct: `\"Change the background to a beach while keeping the person in the exact same position, scale, and pose\"`\n\n### Style Application Inaccuracy\n❌ Wrong: `\"Make it a sketch\"`\n✅ Correct: `\"Convert to pencil sketch with natural graphite lines, cross-hatching, and visible paper texture\"`\n\n## Core Principles\n\n1. **Be Specific and Clear** - Use precise descriptions, avoid vague terms\n2. **Step-by-step Editing** - Break complex modifications into multiple simple steps\n3. **Explicit Preservation** - State what should remain unchanged\n4. **Verb Selection** - Use \"change\", \"replace\" rather than \"transform\"\n\n## Best Practice Templates\n\n**Object Modification:**\n`\"Change [object] to [new state], keep [content to preserve] unchanged\"`\n\n**Style Transfer:**\n`\"Transform to [specific style], while maintaining [composition/character/other] unchanged\"`\n\n**Background Replacement:**\n`\"Change the background to [new background], keep the subject in the exact same position and pose\"`\n\n**Text Editing:**\n`\"Replace '[original text]' with '[new text]', maintain the same font style\"`\n\n> **Remember:** The more specific, the better. Kontext excels at understanding detailed instructions and maintaining consistency. "
      ],
      "inputs": [],
      "flags": {},
      "type": "MarkdownNote",
      "title": "Flux Kontext Prompt Techniques",
      "mode": 0,
      "bgcolor": "#653",
      "size": [
        510,
        170
      ],
      "pos": [
        -960,
        710
      ],
      "id": 186,
      "properties": {},
      "order": 4
    },
    {
      "outputs": [],
      "color": "#432",
      "widgets_values": [
        "\n## Flux Kontext 提示词技巧\n\n使用英文\n\n### 1. 基础修改\n- 简单直接：`\"Change the car color to red\"`\n- 保持风格：`\"Change to daytime while maintaining the same style of the painting\"`\n\n### 2. 风格转换\n**原则：**\n- 明确命名风格：`\"Transform to Bauhaus art style\"`\n- 描述特征：`\"Transform to oil painting with visible brushstrokes, thick paint texture\"`\n- 保留构图：`\"Change to Bauhaus style while maintaining the original composition\"`\n\n### 3. 角色一致性\n**框架：**\n- 具体描述：`\"The woman with short black hair\"`而非`\"她\"`\n- 保留特征：`\"while maintaining the same facial features, hairstyle, and expression\"`\n- 分步修改：先改背景，再改动作\n\n### 4. 文本编辑\n- 使用引号：`\"Replace 'joy' with 'BFL'\"`\n- 保持格式：`\"Replace text while maintaining the same font style\"`\n\n## 常见问题解决\n\n### 角色变化过大\n❌ 错误：`\"Transform the person into a Viking\"`\n✅ 正确：`\"Change the clothes to be a viking warrior while preserving facial features\"`\n\n### 构图位置改变\n❌ 错误：`\"Put him on a beach\"`\n✅ 正确：`\"Change the background to a beach while keeping the person in the exact same position, scale, and pose\"`\n\n### 风格应用不准确\n❌ 错误：`\"Make it a sketch\"`\n✅ 正确：`\"Convert to pencil sketch with natural graphite lines, cross-hatching, and visible paper texture\"`\n\n## 核心原则\n\n1. **具体明确** - 使用精确描述，避免模糊词汇\n2. **分步编辑** - 复杂修改分为多个简单步骤\n3. **明确保留** - 说明哪些要保持不变\n4. **动词选择** - 用\"更改\"、\"替换\"而非\"转换\"\n\n## 最佳实践模板\n\n**对象修改：**\n`\"Change [object] to [new state], keep [content to preserve] unchanged\"`\n\n**风格转换：**\n`\"Transform to [specific style], while maintaining [composition/character/other] unchanged\"`\n\n**背景替换：**\n`\"Change the background to [new background], keep the subject in the exact same position and pose\"`\n\n**文本编辑：**\n`\"Replace '[original text]' with '[new text]', maintain the same font style\"`\n\n> **记住：** 越具体越好，Kontext 擅长理解详细指令并保持一致性。"
      ],
      "inputs": [],
      "flags": {},
      "type": "MarkdownNote",
      "title": "Flux Kontext 提示词技巧",
      "mode": 0,
      "bgcolor": "#653",
      "size": [
        510,
        180
      ],
      "pos": [
        -960,
        930
      ],
      "id": 187,
      "properties": {},
      "order": 5
    },
    {
      "outputs": [],
      "color": "#432",
      "widgets_values": [
        "[tutorial](http://docs.comfy.org/tutorials/flux/flux-1-kontext-dev) | [教程](http://docs.comfy.org/zh-CN/tutorials/flux/flux-1-kontext-dev)\n\n**diffusion model**\n\n- [flux1-dev-kontext_fp8_scaled.safetensors](https://huggingface.co/Comfy-Org/flux1-kontext-dev_ComfyUI/resolve/main/split_files/diffusion_models/flux1-dev-kontext_fp8_scaled.safetensors)\n\n**vae**\n\n- [ae.safetensors](https://huggingface.co/Comfy-Org/Lumina_Image_2.0_Repackaged/blob/main/split_files/vae/ae.safetensors)\n\n**text encoder**\n\n- [clip_l.safetensors](https://huggingface.co/comfyanonymous/flux_text_encoders/blob/main/clip_l.safetensors)\n- [t5xxl_fp16.safetensors](https://huggingface.co/comfyanonymous/flux_text_encoders/resolve/main/t5xxl_fp16.safetensors) or [t5xxl_fp8_e4m3fn_scaled.safetensors](https://huggingface.co/comfyanonymous/flux_text_encoders/resolve/main/t5xxl_fp8_e4m3fn_scaled.safetensors)\n\nModel Storage Location\n\n```\n📂 ComfyUI/\n├── 📂 models/\n│   ├── 📂 diffusion_models/\n│   │   └── flux1-dev-kontext_fp8_scaled.safetensors\n│   ├── 📂 vae/\n│   │   └── ae.safetensor\n│   └── 📂 text_encoders/\n│       ├── clip_l.safetensors\n│       └── t5xxl_fp16.safetensors 或者 t5xxl_fp8_e4m3fn_scaled.safetensors\n```\n"
      ],
      "inputs": [],
      "flags": {},
      "type": "MarkdownNote",
      "title": "Model links",
      "mode": 0,
      "bgcolor": "#653",
      "size": [
        510,
        400
      ],
      "pos": [
        -960,
        40
      ],
      "id": 184,
      "properties": {},
      "order": 6
    },
    {
      "mode": 0,
      "outputs": [
        {
          "name": "CONDITIONING",
          "links": [
            292
          ],
          "label": "CONDITIONING",
          "type": "CONDITIONING",
          "localized_name": "条件"
        }
      ],
      "size": [
        211.60000610351562,
        46
      ],
      "pos": [
        10,
        140
      ],
      "widgets_values": [],
      "inputs": [
        {
          "name": "conditioning",
          "link": 294,
          "label": "conditioning",
          "type": "CONDITIONING",
          "localized_name": "conditioning"
        },
        {
          "shape": 7,
          "name": "latent",
          "link": 293,
          "label": "latent",
          "type": "LATENT",
          "localized_name": "latent"
        }
      ],
      "flags": {},
      "id": 177,
      "type": "ReferenceLatent",
      "properties": {
        "cnr_id": "comfy-core",
        "ver": "0.3.41",
        "Node name for S&R": "ReferenceLatent"
      },
      "order": 20
    },
    {
      "outputs": [],
      "color": "#432",
      "widgets_values": [
        "[English] In addition to using **Image Stitch** to combine two images at a time, you can also encode individual images, then concatenate multiple latent conditions using the **ReferenceLatent** node, thus achieving the purpose of referencing multiple images. You can use the **EmptySD3LatentImage** node on the right to connect to **KSamper** and customize the size of the **latent_image**.\n\n[中文] 除了使用 **Image Stitch** 将两个两个图像拼合之外，你同样可以将单独的图像 encode 之后，将多个 latent 条件使用 **ReferenceLatent** 节点串联，从而实现多张图像参考的目的。可以使用右边的 **EmptySD3LatentImage** 节点连接到 **KSamper**来自定义 **latent_image** 的尺寸"
      ],
      "inputs": [],
      "flags": {},
      "type": "MarkdownNote",
      "title": "About multiple images reference",
      "mode": 0,
      "bgcolor": "#653",
      "size": [
        540,
        150
      ],
      "pos": [
        -30,
        -150
      ],
      "id": 178,
      "properties": {},
      "order": 7
    },
    {
      "mode": 4,
      "outputs": [
        {
          "name": "LATENT",
          "label": "Latent",
          "type": "LATENT",
          "localized_name": "Latent"
        }
      ],
      "size": [
        310,
        106
      ],
      "pos": [
        530,
        -140
      ],
      "widgets_values": [
        1024,
        1024,
        1
      ],
      "inputs": [],
      "flags": {},
      "id": 188,
      "type": "EmptySD3LatentImage",
      "properties": {
        "cnr_id": "comfy-core",
        "ver": "0.3.41",
        "Node name for S&R": "EmptySD3LatentImage"
      },
      "order": 8
    },
    {
      "mode": 0,
      "outputs": [
        {
          "name": "LATENT",
          "slot_index": 0,
          "links": [
            52
          ],
          "label": "Latent",
          "type": "LATENT",
          "localized_name": "Latent"
        }
      ],
      "size": [
        320,
        262
      ],
      "pos": [
        530,
        40
      ],
      "widgets_values": [
        1002170350215951,
        "randomize",
        20,
        1,
        "euler",
        "simple",
        1
      ],
      "inputs": [
        {
          "name": "model",
          "link": 295,
          "label": "模型",
          "type": "MODEL",
          "localized_name": "模型"
        },
        {
          "name": "positive",
          "link": 57,
          "label": "正面条件",
          "type": "CONDITIONING",
          "localized_name": "正面条件"
        },
        {
          "name": "negative",
          "link": 238,
          "label": "负面条件",
          "type": "CONDITIONING",
          "localized_name": "负面条件"
        },
        {
          "name": "latent_image",
          "link": 291,
          "label": "Latent",
          "type": "LATENT",
          "localized_name": "Latent图像"
        }
      ],
      "flags": {},
      "id": 31,
      "type": "KSampler",
      "properties": {
        "cnr_id": "comfy-core",
        "ver": "0.3.38",
        "Node name for S&R": "KSampler"
      },
      "order": 22
    },
    {
      "outputs": [],
      "color": "#322",
      "widgets_values": [
        "[English]\nWe have added an **Edit** button to the **Selection Toolbox** of the node for **FLUX.1 Kontext Image Edit** support. When clicked, it quickly adds a **FLUX.1 Kontext Image Edit** group node to the Latent output of your current workflow. This enables an interactive editing experience where you can:\n\n- Create multiple editing iterations, each preserved as a separate node\n- Easily branch off from any previous edit point to explore different creative directions\n- Return to any earlier version and start a new editing branch\n- Modify parameters in earlier nodes and automatically update all downstream edits\n- Execute or re-execute any branch of edits at any time\n- When you want to maintain the effect of the corresponding branch, please set the seed of the corresponding group node to fixed.\n\n\nThis workflow mirrors the iterative nature of LLM conversations, but with the added advantage of visual editing and the ability to maintain multiple parallel editing paths.\n\n---\n\n[中文]\n我们为 **FLUX.1 Kontext Image Edit** 的相关支持在节点的**选择工具箱**上新增了一个**编辑**按钮。点击后，系统会在当前工作流的 Latent 输出上快速添加一个 **FLUX.1 Kontext Image Edit** 的组节点。这种设计带来了灵活的交互式编辑体验：\n\n- 创建多个编辑迭代，每次编辑都会保存为独立节点\n- 可以从任何之前的编辑点分支出新的创作方向\n- 随时返回到早期版本并开始新的编辑分支\n- 修改早期节点的参数，自动更新所有下游编辑\n- 可以随时执行或重新执行任何编辑分支\n- 想要固定对应分支效果时，请将对应的 seed 设置为 fixed\n\n这种工作流程类似于 LLM 对话的迭代特性，但增加了视觉编辑的优势，并能够维护多个并行的编辑路径。"
      ],
      "inputs": [],
      "flags": {},
      "type": "MarkdownNote",
      "title": "✨ New ComfyUI feature for Flux.1 Kontext Dev",
      "mode": 0,
      "bgcolor": "#533",
      "size": [
        450,
        450
      ],
      "pos": [
        -1430,
        40
      ],
      "id": 180,
      "properties": {},
      "order": 9
    },
    {
      "outputs": [],
      "color": "#432",
      "widgets_values": [
        "Download the model from [HuggingFace](https://huggingface.co/mit-han-lab/nunchaku-flux.1-kontext-dev) or [ModelScope](https://modelscope.cn/models/Lmxyy1999/nunchaku-flux.1-kontext-dev).\n\n- Use the **FP4** variant if you're running on **Blackwell (50-series) GPUs**.\n- Otherwise, choose the **INT4** version for better compatibility.\n\nYou can adjust the `cache_threshold` parameter to balance **image quality** and **inference speed**. A value of `0.12` typically offers a good trade-off.\n\nEnable `cpu_offload` to **save GPU memory** if you're running into memory limits.\n"
      ],
      "inputs": [],
      "flags": {},
      "type": "MarkdownNote",
      "mode": 0,
      "bgcolor": "#653",
      "size": [
        387.64630126953125,
        121.45352172851562
      ],
      "pos": [
        -802.8365478515625,
        -134.37130737304688
      ],
      "id": 190,
      "properties": {},
      "order": 10
    },
    {
      "outputs": [
        {
          "name": "CLIP",
          "links": [
            59
          ],
          "label": "CLIP",
          "type": "CLIP",
          "localized_name": "CLIP"
        }
      ],
      "color": "#322",
      "widgets_values": [
        "clip_l.safetensors",
        "t5xxl_fp8_e4m3fn_scaled.safetensors",
        "flux",
        "default"
      ],
      "inputs": [],
      "flags": {},
      "type": "DualCLIPLoader",
      "mode": 0,
      "bgcolor": "#533",
      "size": [
        337.76861572265625,
        130
      ],
      "pos": [
        -397.5133972167969,
        203.8184356689453
      ],
      "id": 38,
      "properties": {
        "cnr_id": "comfy-core",
        "models": [
          {
            "name": "clip_l.safetensors",
            "directory": "text_encoders",
            "url": "https://huggingface.co/comfyanonymous/flux_text_encoders/resolve/main/clip_l.safetensors"
          },
          {
            "name": "t5xxl_fp8_e4m3fn_scaled.safetensors",
            "directory": "text_encoders",
            "url": "https://huggingface.co/comfyanonymous/flux_text_encoders/resolve/main/t5xxl_fp8_e4m3fn_scaled.safetensors"
          }
        ],
        "ver": "0.3.38",
        "Node name for S&R": "DualCLIPLoader"
      },
      "order": 11
    },
    {
      "mode": 0,
      "outputs": [
        {
          "name": "MODEL",
          "links": [
            295
          ],
          "label": "MODEL",
          "type": "MODEL",
          "localized_name": "模型"
        }
      ],
      "size": [
        275.7613220214844,
        202
      ],
      "pos": [
        -370.48602294921875,
        -52.25477981567383
      ],
      "widgets_values": [
        "svdq-int4_r32-flux.1-kontext-dev.safetensors",
        0,
        "nunchaku-fp16",
        "auto",
        0,
        "bfloat16",
        "enabled"
      ],
      "inputs": [],
      "flags": {},
      "id": 189,
      "type": "NunchakuFluxDiTLoader",
      "properties": {
        "cnr_id": "ComfyUI-nunchaku",
        "ver": "3b2c771cf2f4e62f97c284bfd8f594482c5f8bc0",
        "Node name for S&R": "NunchakuFluxDiTLoader"
      },
      "order": 12
    },
    {
      "outputs": [
        {
          "name": "CONDITIONING",
          "slot_index": 0,
          "links": [
            237,
            294
          ],
          "label": "条件",
          "type": "CONDITIONING",
          "localized_name": "条件"
        }
      ],
      "color": "#232",
      "widgets_values": [
        "Remove all watermarks from the picture. Keep the characters, backgrounds, etc. unchanged except for the watermarks"
      ],
      "inputs": [
        {
          "name": "clip",
          "link": 59,
          "label": "CLIP",
          "type": "CLIP",
          "localized_name": "clip"
        }
      ],
      "flags": {},
      "type": "CLIPTextEncode",
      "mode": 0,
      "bgcolor": "#353",
      "size": [
        400,
        220
      ],
      "pos": [
        330,
        560
      ],
      "id": 6,
      "properties": {
        "cnr_id": "comfy-core",
        "ver": "0.3.38",
        "Node name for S&R": "CLIPTextEncode"
      },
      "order": 14
    },
    {
      "mode": 0,
      "outputs": [],
      "size": [
        420,
        310
      ],
      "pos": [
        325.1221008300781,
        870.2303466796875
      ],
      "widgets_values": [
        ""
      ],
      "inputs": [
        {
          "name": "images",
          "link": 289,
          "label": "图像",
          "type": "IMAGE",
          "localized_name": "图像"
        }
      ],
      "flags": {},
      "id": 173,
      "type": "PreviewImage",
      "properties": {
        "cnr_id": "comfy-core",
        "ver": "0.3.40",
        "Node name for S&R": "PreviewImage"
      },
      "order": 19
    },
    {
      "mode": 0,
      "outputs": [
        {
          "name": "IMAGE",
          "links": [
            251
          ],
          "label": "IMAGE",
          "type": "IMAGE",
          "localized_name": "图像"
        }
      ],
      "size": [
        270,
        150
      ],
      "pos": [
        -402.02099609375,
        642.1261596679688
      ],
      "widgets_values": [
        "right",
        true,
        0,
        "white"
      ],
      "inputs": [
        {
          "name": "image1",
          "link": 296,
          "label": "image1",
          "type": "IMAGE",
          "localized_name": "image1"
        },
        {
          "shape": 7,
          "name": "image2",
          "link": 250,
          "label": "image2",
          "type": "IMAGE",
          "localized_name": "image2"
        }
      ],
      "flags": {},
      "id": 146,
      "type": "ImageStitch",
      "properties": {
        "cnr_id": "comfy-core",
        "ver": "0.3.40",
        "Node name for S&R": "ImageStitch"
      },
      "order": 15
    },
    {
      "mode": 0,
      "outputs": [
        {
          "name": "IMAGE",
          "slot_index": 0,
          "links": [
            240,
            298
          ],
          "label": "图像",
          "type": "IMAGE",
          "localized_name": "图像"
        }
      ],
      "size": [
        190,
        46
      ],
      "pos": [
        605.4993286132812,
        357.36163330078125
      ],
      "widgets_values": [],
      "inputs": [
        {
          "name": "samples",
          "link": 52,
          "label": "Latent",
          "type": "LATENT",
          "localized_name": "Latent"
        },
        {
          "name": "vae",
          "link": 61,
          "label": "VAE",
          "type": "VAE",
          "localized_name": "vae"
        }
      ],
      "flags": {
        "collapsed": false
      },
      "id": 8,
      "type": "VAEDecode",
      "properties": {
        "cnr_id": "comfy-core",
        "ver": "0.3.38",
        "Node name for S&R": "VAEDecode"
      },
      "order": 23
    },
    {
      "mode": 0,
      "outputs": [],
      "size": [
        415.1833801269531,
        275.37615966796875
      ],
      "pos": [
        905.9141845703125,
        229.49313354492188
      ],
      "widgets_values": [
        "ComfyUI",
        ""
      ],
      "inputs": [
        {
          "name": "images",
          "link": 240,
          "label": "图像",
          "type": "IMAGE",
          "localized_name": "图片"
        }
      ],
      "flags": {},
      "id": 136,
      "type": "SaveImage",
      "properties": {
        "cnr_id": "comfy-core",
        "ver": "0.3.39",
        "Node name for S&R": "SaveImage"
      },
      "order": 24
    },
    {
      "mode": 0,
      "outputs": [],
      "size": [
        415.1833801269531,
        275.37615966796875
      ],
      "pos": [
        832.1546630859375,
        811.858154296875
      ],
      "widgets_values": [
        "ComfyUI",
        ""
      ],
      "inputs": [
        {
          "name": "images",
          "link": 300,
          "label": "图像",
          "type": "IMAGE",
          "localized_name": "图片"
        }
      ],
      "flags": {},
      "id": 194,
      "type": "SaveImage",
      "properties": {
        "cnr_id": "comfy-core",
        "ver": "0.3.39",
        "Node name for S&R": "SaveImage"
      },
      "order": 26
    },
    {
      "mode": 0,
      "outputs": [
        {
          "name": "IMAGE",
          "links": [
            296
          ],
          "label": "图像",
          "type": "IMAGE",
          "localized_name": "图像"
        },
        {
          "name": "MASK",
          "label": "遮罩",
          "type": "MASK",
          "localized_name": "遮罩"
        }
      ],
      "size": [
        315,
        314
      ],
      "pos": [
        -401.17694091796875,
        844.66796875
      ],
      "widgets_values": [
        "pasted/fbb8af71b9cd16f5060451a978e54bf263bc4afb895efae0fb994d5766b05cfe.png",
        "image",
        ""
      ],
      "inputs": [],
      "flags": {},
      "id": 191,
      "type": "LoadImage",
      "properties": {
        "Node name for S&R": "LoadImage"
      },
      "order": 13
    },
    {
      "mode": 0,
      "outputs": [
        {
          "name": "IMAGE",
          "links": [
            300
          ],
          "label": "IMAGE",
          "type": "IMAGE",
          "localized_name": "图像"
        }
      ],
      "size": [
        270,
        150
      ],
      "pos": [
        843.0086669921875,
        605.3233642578125
      ],
      "widgets_values": [
        "right",
        true,
        0,
        "white"
      ],
      "inputs": [
        {
          "name": "image1",
          "link": 299,
          "label": "image1",
          "type": "IMAGE",
          "localized_name": "image1"
        },
        {
          "shape": 7,
          "name": "image2",
          "link": 298,
          "label": "image2",
          "type": "IMAGE",
          "localized_name": "image2"
        }
      ],
      "flags": {},
      "id": 193,
      "type": "ImageStitch",
      "properties": {
        "cnr_id": "comfy-core",
        "ver": "0.3.40",
        "Node name for S&R": "ImageStitch"
      },
      "order": 25
    },
    {
      "mode": 4,
      "outputs": [
        {
          "name": "IMAGE",
          "links": [
            222,
            289,
            299
          ],
          "label": "IMAGE",
          "type": "IMAGE",
          "localized_name": "图像"
        }
      ],
      "size": [
        270,
        30
      ],
      "pos": [
        -62.02107620239258,
        642.1261596679688
      ],
      "widgets_values": [],
      "inputs": [
        {
          "name": "image",
          "link": 251,
          "label": "image",
          "type": "IMAGE",
          "localized_name": "image"
        }
      ],
      "flags": {
        "collapsed": false
      },
      "id": 42,
      "type": "FluxKontextImageScale",
      "properties": {
        "cnr_id": "comfy-core",
        "ver": "0.3.38",
        "Node name for S&R": "FluxKontextImageScale"
      },
      "order": 17
    }
  ],
  "extra": {
    "VHS_KeepIntermediate": true,
    "VHS_MetadataImage": true,
    "ue_links": [],
    "0246.VERSION": [
      0,
      0,
      4
    ],
    "VHS_latentpreviewrate": 0,
    "frontendVersion": "1.23.4",
    "VHS_latentpreview": false,
    "groupNodes": {},
    "ds": {
      "offset": [
        641.9599423478824,
        107.1799161887982
      ],
      "scale": 0.6588450000000002
    }
  },
  "groups": [
    {
      "color": "#3f789e",
      "font_size": 24,
      "flags": {},
      "id": 3,
      "title": "Step 2 - Upload images",
      "bounding": [
        -422.0210266113281,
        552.1261596679688,
        700,
        680
      ]
    },
    {
      "color": "#3f789e",
      "font_size": 24,
      "flags": {},
      "id": 5,
      "title": "Step 3 - Prompt",
      "bounding": [
        310,
        480,
        430,
        330
      ]
    },
    {
      "color": "#3f789e",
      "font_size": 24,
      "flags": {},
      "id": 6,
      "title": "Conditioning",
      "bounding": [
        -30,
        10,
        540,
        250
      ]
    }
  ],
  "links": [
    [
      52,
      31,
      0,
      8,
      0,
      "LATENT"
    ],
    [
      57,
      35,
      0,
      31,
      1,
      "CONDITIONING"
    ],
    [
      59,
      38,
      0,
      6,
      0,
      "CLIP"
    ],
    [
      61,
      39,
      0,
      8,
      1,
      "VAE"
    ],
    [
      222,
      42,
      0,
      124,
      0,
      "IMAGE"
    ],
    [
      223,
      39,
      0,
      124,
      1,
      "VAE"
    ],
    [
      237,
      6,
      0,
      135,
      0,
      "CONDITIONING"
    ],
    [
      238,
      135,
      0,
      31,
      2,
      "CONDITIONING"
    ],
    [
      240,
      8,
      0,
      136,
      0,
      "IMAGE"
    ],
    [
      250,
      147,
      0,
      146,
      1,
      "IMAGE"
    ],
    [
      251,
      146,
      0,
      42,
      0,
      "IMAGE"
    ],
    [
      289,
      42,
      0,
      173,
      0,
      "IMAGE"
    ],
    [
      291,
      124,
      0,
      31,
      3,
      "LATENT"
    ],
    [
      292,
      177,
      0,
      35,
      0,
      "CONDITIONING"
    ],
    [
      293,
      124,
      0,
      177,
      1,
      "LATENT"
    ],
    [
      294,
      6,
      0,
      177,
      0,
      "CONDITIONING"
    ],
    [
      295,
      189,
      0,
      31,
      0,
      "MODEL"
    ],
    [
      296,
      191,
      0,
      146,
      0,
      "IMAGE"
    ],
    [
      298,
      8,
      0,
      193,
      1,
      "IMAGE"
    ],
    [
      299,
      42,
      0,
      193,
      0,
      "IMAGE"
    ],
    [
      300,
      193,
      0,
      194,
      0,
      "IMAGE"
    ]
  ],
  "id": "7cbcec68-7fa6-47bb-a38a-da689949a001",
  "config": {},
  "version": 0.4,
  "last_node_id": 194,
  "revision": 0
}