{
  "last_link_id": 28,
  "nodes": [
    {
      "mode": 0,
      "outputs": [
        {
          "name": "CONDITIONING",
          "links": [
            2,
            8
          ],
          "label": "条件",
          "type": "CONDITIONING",
          "localized_name": "条件"
        }
      ],
      "size": [
        347.1279296875,
        145.51760864257812
      ],
      "pos": [
        4333.2021484375,
        780.1049194335938
      ],
      "widgets_values": [
        ""
      ],
      "inputs": [
        {
          "name": "clip",
          "link": 5,
          "label": "CLIP",
          "type": "CLIP",
          "localized_name": "clip"
        },
        {
          "widget": {
            "name": "text"
          },
          "name": "text",
          "link": 28,
          "label": "text",
          "type": "STRING",
          "localized_name": "文本"
        }
      ],
      "flags": {},
      "id": 5,
      "type": "CLIPTextEncode",
      "properties": {
        "widget_ue_connectable": {},
        "Node name for S&R": "CLIPTextEncode"
      },
      "order": 17
    },
    {
      "mode": 0,
      "outputs": [
        {
          "name": "MODEL",
          "links": [
            1
          ],
          "label": "模型",
          "type": "MODEL",
          "localized_name": "模型"
        }
      ],
      "size": [
        336.9131774902344,
        58
      ],
      "pos": [
        4332.77978515625,
        651.5700073242188
      ],
      "widgets_values": [
        3.500000000000001
      ],
      "inputs": [
        {
          "name": "model",
          "link": 7,
          "label": "模型",
          "type": "MODEL",
          "localized_name": "模型"
        },
        {
          "widget": {
            "name": "shift"
          },
          "name": "shift",
          "type": "FLOAT",
          "localized_name": "偏移"
        }
      ],
      "flags": {},
      "id": 6,
      "type": "ModelSamplingAuraFlow",
      "properties": {
        "widget_ue_connectable": {},
        "Node name for S&R": "ModelSamplingAuraFlow"
      },
      "order": 9
    },
    {
      "outputs": [
        {
          "name": "INT",
          "links": [
            16
          ],
          "label": "整数",
          "type": "INT",
          "localized_name": "整数"
        }
      ],
      "color": "#432",
      "widgets_values": [
        1280
      ],
      "inputs": [
        {
          "widget": {
            "name": "value"
          },
          "name": "value",
          "type": "INT",
          "localized_name": "值"
        }
      ],
      "flags": {},
      "type": "Int",
      "mode": 0,
      "bgcolor": "#653",
      "size": [
        496.29132080078125,
        69.03860473632812
      ],
      "pos": [
        754.1123046875,
        1494.0343017578125
      ],
      "id": 14,
      "properties": {
        "widget_ue_connectable": {},
        "Node name for S&R": "Int"
      },
      "order": 0
    },
    {
      "mode": 0,
      "outputs": [
        {
          "name": "CONDITIONING",
          "links": [
            3
          ],
          "label": "条件",
          "type": "CONDITIONING",
          "localized_name": "条件"
        }
      ],
      "size": [
        197.712890625,
        26
      ],
      "pos": [
        4727.31396484375,
        873.1414184570312
      ],
      "widgets_values": [],
      "inputs": [
        {
          "name": "conditioning",
          "link": 8,
          "label": "条件",
          "type": "CONDITIONING",
          "localized_name": "条件"
        }
      ],
      "flags": {},
      "id": 7,
      "type": "ConditioningZeroOut",
      "properties": {
        "widget_ue_connectable": {},
        "Node name for S&R": "ConditioningZeroOut"
      },
      "order": 18
    },
    {
      "mode": 0,
      "outputs": [
        {
          "name": "MODEL",
          "links": [
            7
          ],
          "label": "模型",
          "type": "MODEL",
          "localized_name": "模型"
        }
      ],
      "size": [
        396.2868347167969,
        84.82734680175781
      ],
      "pos": [
        3847.776611328125,
        644.6282348632812
      ],
      "widgets_values": [
        "qwen_image_fp8_e4m3fn.safetensors",
        "fp8_e5m2"
      ],
      "inputs": [
        {
          "widget": {
            "name": "unet_name"
          },
          "name": "unet_name",
          "type": "COMBO",
          "localized_name": "UNET名称"
        },
        {
          "widget": {
            "name": "weight_dtype"
          },
          "name": "weight_dtype",
          "type": "COMBO",
          "localized_name": "剪枝类型"
        }
      ],
      "flags": {},
      "id": 4,
      "type": "UNETLoader",
      "properties": {
        "widget_ue_connectable": {},
        "Node name for S&R": "UNETLoader"
      },
      "order": 1
    },
    {
      "mode": 0,
      "outputs": [
        {
          "name": "IMAGE",
          "links": [
            17
          ],
          "label": "图像",
          "type": "IMAGE",
          "localized_name": "图像"
        }
      ],
      "size": [
        140,
        46
      ],
      "pos": [
        5309.72216796875,
        639.7424926757812
      ],
      "widgets_values": [],
      "inputs": [
        {
          "name": "samples",
          "link": 10,
          "label": "Latent",
          "type": "LATENT",
          "localized_name": "Latent"
        },
        {
          "name": "vae",
          "link": 11,
          "label": "VAE",
          "type": "VAE",
          "localized_name": "vae"
        }
      ],
      "flags": {},
      "id": 10,
      "type": "VAEDecode",
      "properties": {
        "widget_ue_connectable": {},
        "Node name for S&R": "VAEDecode"
      },
      "order": 20
    },
    {
      "outputs": [
        {
          "name": "IMAGE",
          "links": [
            12,
            15
          ],
          "label": "图像",
          "type": "IMAGE",
          "localized_name": "图像"
        },
        {
          "name": "MASK",
          "label": "遮罩",
          "type": "MASK",
          "localized_name": "遮罩"
        }
      ],
      "color": "#232",
      "widgets_values": [
        "3d81b692f5409ec2caae9d85e8bd6cca80174afa2b7455069453f449710c1394.png",
        "image"
      ],
      "inputs": [
        {
          "widget": {
            "name": "image"
          },
          "name": "image",
          "type": "COMBO",
          "localized_name": "图像"
        },
        {
          "widget": {
            "name": "upload"
          },
          "name": "upload",
          "type": "IMAGEUPLOAD",
          "localized_name": "选择文件上传"
        }
      ],
      "flags": {},
      "type": "LoadImage",
      "mode": 0,
      "bgcolor": "#353",
      "size": [
        484.77703857421875,
        783.1915283203125
      ],
      "pos": [
        768.721923828125,
        571.2537231445312
      ],
      "id": 8,
      "properties": {
        "widget_ue_connectable": {},
        "Node name for S&R": "LoadImage"
      },
      "order": 2
    },
    {
      "mode": 0,
      "outputs": [],
      "size": [
        616.3231811523438,
        972.5677490234375
      ],
      "pos": [
        1407.638916015625,
        575.21435546875
      ],
      "widgets_values": [
        "ComfyUI"
      ],
      "inputs": [
        {
          "name": "images",
          "link": 17,
          "label": "图像",
          "type": "IMAGE",
          "localized_name": "图片"
        },
        {
          "widget": {
            "name": "filename_prefix"
          },
          "name": "filename_prefix",
          "type": "STRING",
          "localized_name": "文件名前缀"
        }
      ],
      "flags": {},
      "id": 15,
      "type": "SaveImage",
      "properties": {
        "widget_ue_connectable": {},
        "Node name for S&R": "SaveImage"
      },
      "order": 21
    },
    {
      "mode": 0,
      "outputs": [
        {
          "name": "STRING",
          "links": [
            28
          ],
          "label": "STRING",
          "type": "STRING",
          "localized_name": "selected_value"
        },
        {
          "name": "selected_label",
          "label": "标签",
          "type": "STRING",
          "localized_name": "selected_label"
        },
        {
          "name": "selected_index",
          "type": "INT",
          "localized_name": "selected_index"
        }
      ],
      "size": [
        270,
        122
      ],
      "pos": [
        3512.835205078125,
        769.8375854492188
      ],
      "widgets_values": [
        1,
        false
      ],
      "inputs": [
        {
          "shape": 7,
          "name": "input1",
          "link": 18,
          "label": "输入1",
          "type": "STRING",
          "localized_name": "input1"
        },
        {
          "widget": {
            "name": "select"
          },
          "name": "select",
          "link": 26,
          "type": "INT",
          "localized_name": "选择"
        },
        {
          "widget": {
            "name": "sel_mode"
          },
          "name": "sel_mode",
          "type": "BOOLEAN",
          "localized_name": "选择模式"
        },
        {
          "name": "input2",
          "link": 19,
          "label": "输入2",
          "type": "STRING"
        },
        {
          "name": "input3",
          "label": "输入3",
          "type": "STRING"
        }
      ],
      "flags": {},
      "id": 17,
      "type": "ImpactSwitch",
      "properties": {
        "widget_ue_connectable": {},
        "Node name for S&R": "ImpactSwitch"
      },
      "order": 15
    },
    {
      "mode": 0,
      "outputs": [
        {
          "name": "LATENT",
          "links": [
            4
          ],
          "label": "Latent",
          "type": "LATENT",
          "localized_name": "Latent"
        }
      ],
      "size": [
        343.51025390625,
        106
      ],
      "pos": [
        3863.828369140625,
        1372.2255859375
      ],
      "widgets_values": [
        1280,
        720,
        1
      ],
      "inputs": [
        {
          "widget": {
            "name": "width"
          },
          "name": "width",
          "link": 13,
          "label": "width",
          "type": "INT",
          "localized_name": "宽度"
        },
        {
          "widget": {
            "name": "height"
          },
          "name": "height",
          "link": 14,
          "label": "height",
          "type": "INT",
          "localized_name": "高度"
        },
        {
          "widget": {
            "name": "batch_size"
          },
          "name": "batch_size",
          "type": "INT",
          "localized_name": "批次大小"
        }
      ],
      "flags": {},
      "id": 12,
      "type": "EmptySD3LatentImage",
      "properties": {
        "widget_ue_connectable": {},
        "Node name for S&R": "EmptySD3LatentImage"
      },
      "order": 14
    },
    {
      "mode": 0,
      "outputs": [
        {
          "name": "VAE",
          "links": [
            11
          ],
          "label": "VAE",
          "type": "VAE",
          "localized_name": "VAE"
        }
      ],
      "size": [
        379.322998046875,
        88.15805053710938
      ],
      "pos": [
        3857.66015625,
        1196.4010009765625
      ],
      "widgets_values": [
        "qwen_image_vae.safetensors"
      ],
      "inputs": [
        {
          "widget": {
            "name": "vae_name"
          },
          "name": "vae_name",
          "type": "COMBO",
          "localized_name": "vae名称"
        }
      ],
      "flags": {},
      "id": 2,
      "type": "VAELoader",
      "properties": {
        "widget_ue_connectable": {},
        "Node name for S&R": "VAELoader"
      },
      "order": 3
    },
    {
      "mode": 0,
      "outputs": [
        {
          "name": "CLIP",
          "links": [
            5
          ],
          "label": "CLIP",
          "type": "CLIP",
          "localized_name": "CLIP"
        }
      ],
      "size": [
        385.07879638671875,
        106
      ],
      "pos": [
        3861.45263671875,
        932.4940795898438
      ],
      "widgets_values": [
        "qwen_2.5_vl_7b_fp8_scaled.safetensors",
        "qwen_image",
        "default"
      ],
      "inputs": [
        {
          "widget": {
            "name": "clip_name"
          },
          "name": "clip_name",
          "type": "COMBO",
          "localized_name": "CLIP名称"
        },
        {
          "widget": {
            "name": "type"
          },
          "name": "type",
          "type": "COMBO",
          "localized_name": "类型"
        },
        {
          "widget": {
            "name": "device"
          },
          "shape": 7,
          "name": "device",
          "type": "COMBO",
          "localized_name": "设备"
        }
      ],
      "flags": {},
      "id": 3,
      "type": "CLIPLoader",
      "properties": {
        "widget_ue_connectable": {},
        "Node name for S&R": "CLIPLoader"
      },
      "order": 4
    },
    {
      "mode": 0,
      "outputs": [
        {
          "name": "*",
          "links": [
            26,
            27
          ],
          "label": "*",
          "type": "*",
          "localized_name": "*"
        }
      ],
      "size": [
        270,
        78
      ],
      "pos": [
        3457.608642578125,
        1765.1834716796875
      ],
      "widgets_values": [
        false
      ],
      "inputs": [
        {
          "name": "on_true",
          "link": 24,
          "label": "on_true",
          "type": "*",
          "localized_name": "on_true"
        },
        {
          "name": "on_false",
          "link": 25,
          "label": "on_false",
          "type": "*",
          "localized_name": "on_false"
        },
        {
          "widget": {
            "name": "boolean"
          },
          "name": "boolean",
          "link": 23,
          "label": "boolean",
          "type": "BOOLEAN",
          "localized_name": "boolean"
        }
      ],
      "flags": {},
      "id": 22,
      "type": "easy ifElse",
      "properties": {
        "widget_ue_connectable": {},
        "Node name for S&R": "easy ifElse"
      },
      "order": 12
    },
    {
      "mode": 0,
      "outputs": [
        {
          "name": "output",
          "type": "*",
          "localized_name": "output"
        }
      ],
      "size": [
        210,
        88
      ],
      "pos": [
        3776.542236328125,
        1783.994140625
      ],
      "widgets_values": [
        "1"
      ],
      "inputs": [
        {
          "shape": 7,
          "name": "anything",
          "link": 27,
          "label": "输入任何",
          "type": "*",
          "localized_name": "anything"
        }
      ],
      "flags": {},
      "id": 25,
      "type": "easy showAnything",
      "properties": {
        "widget_ue_connectable": {},
        "Node name for S&R": "easy showAnything"
      },
      "order": 16
    },
    {
      "mode": 0,
      "outputs": [
        {
          "name": "INT",
          "links": [
            25
          ],
          "label": "整数",
          "type": "INT",
          "localized_name": "整数"
        }
      ],
      "size": [
        270,
        58
      ],
      "pos": [
        3105.823974609375,
        1697.4005126953125
      ],
      "widgets_values": [
        1
      ],
      "inputs": [
        {
          "widget": {
            "name": "value"
          },
          "name": "value",
          "type": "INT",
          "localized_name": "值"
        }
      ],
      "flags": {},
      "id": 23,
      "type": "Int",
      "properties": {
        "widget_ue_connectable": {},
        "Node name for S&R": "Int"
      },
      "order": 5
    },
    {
      "mode": 0,
      "outputs": [
        {
          "name": "INT",
          "links": [
            24
          ],
          "label": "整数",
          "type": "INT",
          "localized_name": "整数"
        }
      ],
      "size": [
        270,
        58
      ],
      "pos": [
        3105.843505859375,
        1928.6824951171875
      ],
      "widgets_values": [
        2
      ],
      "inputs": [
        {
          "widget": {
            "name": "value"
          },
          "name": "value",
          "type": "INT",
          "localized_name": "值"
        }
      ],
      "flags": {},
      "id": 24,
      "type": "Int",
      "properties": {
        "widget_ue_connectable": {},
        "Node name for S&R": "Int"
      },
      "order": 6
    },
    {
      "mode": 0,
      "outputs": [
        {
          "name": "image",
          "label": "图像",
          "type": "IMAGE",
          "localized_name": "image"
        },
        {
          "name": "mask",
          "label": "遮罩",
          "type": "MASK",
          "localized_name": "mask"
        },
        {
          "name": "original_size",
          "label": "原始大小",
          "type": "BOX",
          "localized_name": "original_size"
        },
        {
          "name": "width",
          "links": [
            13
          ],
          "type": "INT",
          "localized_name": "width"
        },
        {
          "name": "height",
          "links": [
            14
          ],
          "type": "INT",
          "localized_name": "height"
        }
      ],
      "size": [
        297.64483642578125,
        408.0967712402344
      ],
      "color": "rgba(38, 73, 116, 0.7)",
      "pos": [
        3392.23876953125,
        1175.91650390625
      ],
      "widgets_values": [
        "original",
        1,
        1,
        "letterbox",
        "lanczos",
        "8",
        "longest",
        1280,
        "#000000"
      ],
      "inputs": [
        {
          "shape": 7,
          "name": "image",
          "link": 15,
          "label": "图像",
          "type": "IMAGE",
          "localized_name": "image"
        },
        {
          "shape": 7,
          "name": "mask",
          "label": "遮罩",
          "type": "MASK",
          "localized_name": "mask"
        },
        {
          "widget": {
            "name": "aspect_ratio"
          },
          "name": "aspect_ratio",
          "type": "COMBO",
          "localized_name": "宽高比"
        },
        {
          "widget": {
            "name": "proportional_width"
          },
          "name": "proportional_width",
          "type": "INT",
          "localized_name": "比例宽"
        },
        {
          "widget": {
            "name": "proportional_height"
          },
          "name": "proportional_height",
          "type": "INT",
          "localized_name": "比例高"
        },
        {
          "widget": {
            "name": "fit"
          },
          "name": "fit",
          "type": "COMBO",
          "localized_name": "缩放模式"
        },
        {
          "widget": {
            "name": "method"
          },
          "name": "method",
          "type": "COMBO",
          "localized_name": "采样方法"
        },
        {
          "widget": {
            "name": "round_to_multiple"
          },
          "name": "round_to_multiple",
          "type": "COMBO",
          "localized_name": "倍数取整"
        },
        {
          "widget": {
            "name": "scale_to_side"
          },
          "name": "scale_to_side",
          "type": "COMBO",
          "localized_name": "缩放到边"
        },
        {
          "widget": {
            "name": "scale_to_length"
          },
          "name": "scale_to_length",
          "link": 16,
          "type": "INT",
          "localized_name": "缩放到长度"
        },
        {
          "widget": {
            "name": "background_color"
          },
          "name": "background_color",
          "type": "STRING",
          "localized_name": "background_color"
        }
      ],
      "flags": {},
      "id": 13,
      "type": "LayerUtility: ImageScaleByAspectRatio V2",
      "properties": {
        "widget_ue_connectable": {},
        "Node name for S&R": "LayerUtility: ImageScaleByAspectRatio V2"
      },
      "order": 11
    },
    {
      "mode": 0,
      "outputs": [
        {
          "name": "describe",
          "links": [
            9,
            18
          ],
          "label": "describe",
          "type": "STRING",
          "localized_name": "describe"
        }
      ],
      "size": [
        400,
        200
      ],
      "pos": [
        2917.549072265625,
        520.5303344726562
      ],
      "widgets_values": [
        "请提供此图像的详细描述。如果图片中有您熟悉的人物，如名人、电影人物或动画人物，请直接使用他们的名字。描述应尽可能详细，结果用中文输出，把图像有文字的都要识别出来，但不应超过500字。"
      ],
      "inputs": [
        {
          "name": "ref_image",
          "link": 12,
          "label": "ref_image",
          "type": "IMAGE",
          "localized_name": "ref_image"
        },
        {
          "widget": {
            "name": "prompt"
          },
          "name": "prompt",
          "label": "prompt",
          "type": "STRING",
          "localized_name": "prompt"
        }
      ],
      "flags": {},
      "id": 11,
      "type": "RH_Captioner",
      "properties": {
        "widget_ue_connectable": {},
        "Node name for S&R": "RH_Captioner"
      },
      "order": 10
    },
    {
      "mode": 0,
      "outputs": [
        {
          "name": "output",
          "links": [],
          "type": "*",
          "localized_name": "output"
        }
      ],
      "size": [
        464.85723876953125,
        425.0023498535156
      ],
      "pos": [
        2119.226318359375,
        576.0784912109375
      ],
      "widgets_values": [
        "这是一张以黑色为背景的图片，文字设计十分鲜艳和具有动感。画面上主要的元素为彩色字体和一些装饰线条，整体风格充满现代活力。\n\n图片中文字内容如下：\n- 最上方写有“GO!”，字体为渐变色，由黄色和粉红色过渡，字体圆润厚重，带有一种手写风格，传递出激情与能量。\n- “GO!”右侧有一个小字“LOGO®”，字体为白色，略显低调，可能指代此处为品牌标志的占位符。\n- 中间是中文“就是现在”，文字色彩为多色渐变，字间有粉色、黄色、紫色、蓝色的过渡，字体同样是偏动感的手写风，带有加粗笔触。\n- 下方为英文“LET'S GO! Right Now”，字体为蓝色和粉红色，两部分文字分别采用不同的颜色，英文内容为“让我们现在就出发”之意，保持了动感的主题。\n- 同时，文字周围有许多装饰性的彩色线条和图形，如短横线、条纹、感叹号以及抽象的小图标，为整体增添趣味与节奏感。\n\n整体设计鲜艳醒目，颜色搭配非常活泼，表现了立即行动或抓住当下的主题。"
      ],
      "inputs": [
        {
          "shape": 7,
          "name": "anything",
          "link": 9,
          "label": "输入任何",
          "type": "*",
          "localized_name": "anything"
        }
      ],
      "flags": {},
      "id": 9,
      "type": "easy showAnything",
      "properties": {
        "widget_ue_connectable": {},
        "Node name for S&R": "easy showAnything"
      },
      "order": 13
    },
    {
      "outputs": [
        {
          "name": "STRING",
          "links": [
            19
          ],
          "label": "字符串",
          "type": "STRING",
          "localized_name": "字符串"
        }
      ],
      "color": "#432",
      "widgets_values": [
        "创意字体设计,文字\"书法字体，一键直出”位于画面中心，黑底白字，线条粗犷有力，钢笔行书字体，具有冲击力，简约高级。"
      ],
      "inputs": [
        {
          "widget": {
            "name": "text"
          },
          "name": "text",
          "type": "STRING",
          "localized_name": "文本"
        }
      ],
      "flags": {},
      "type": "Text Multiline",
      "mode": 0,
      "bgcolor": "#653",
      "size": [
        1156.018310546875,
        281.26495361328125
      ],
      "pos": [
        789.9820556640625,
        2224.156005859375
      ],
      "id": 16,
      "properties": {
        "widget_ue_connectable": {},
        "Node name for S&R": "Text Multiline"
      },
      "order": 7
    },
    {
      "outputs": [
        {
          "name": "BOOLEAN",
          "links": [
            23
          ],
          "label": "BOOLEAN",
          "type": "BOOLEAN",
          "localized_name": "布尔"
        }
      ],
      "color": "#432",
      "widgets_values": [
        false
      ],
      "inputs": [
        {
          "widget": {
            "name": "value"
          },
          "name": "value",
          "label": "value",
          "type": "BOOLEAN",
          "localized_name": "值"
        }
      ],
      "flags": {},
      "type": "PrimitiveBoolean",
      "mode": 0,
      "bgcolor": "#653",
      "size": [
        1239.1890869140625,
        102.15435791015625
      ],
      "pos": [
        762.555419921875,
        1910.0489501953125
      ],
      "id": 20,
      "properties": {
        "widget_ue_connectable": {},
        "Node name for S&R": "PrimitiveBoolean"
      },
      "order": 8
    },
    {
      "mode": 0,
      "outputs": [
        {
          "name": "LATENT",
          "links": [
            10
          ],
          "label": "Latent",
          "type": "LATENT",
          "localized_name": "Latent"
        }
      ],
      "size": [
        270,
        262
      ],
      "pos": [
        4955.77294921875,
        722.1808471679688
      ],
      "widgets_values": [
        1096582049166076,
        "randomize",
        20,
        2.5,
        "euler",
        "simple",
        1
      ],
      "inputs": [
        {
          "name": "model",
          "link": 1,
          "label": "模型",
          "type": "MODEL",
          "localized_name": "模型"
        },
        {
          "name": "positive",
          "link": 2,
          "label": "正面条件",
          "type": "CONDITIONING",
          "localized_name": "正面条件"
        },
        {
          "name": "negative",
          "link": 3,
          "label": "负面条件",
          "type": "CONDITIONING",
          "localized_name": "负面条件"
        },
        {
          "name": "latent_image",
          "link": 4,
          "label": "Latent",
          "type": "LATENT",
          "localized_name": "Latent图像"
        },
        {
          "widget": {
            "name": "seed"
          },
          "name": "seed",
          "type": "INT",
          "localized_name": "随机种"
        },
        {
          "widget": {
            "name": "steps"
          },
          "name": "steps",
          "type": "INT",
          "localized_name": "步数"
        },
        {
          "widget": {
            "name": "cfg"
          },
          "name": "cfg",
          "type": "FLOAT",
          "localized_name": "CFG"
        },
        {
          "widget": {
            "name": "sampler_name"
          },
          "name": "sampler_name",
          "type": "COMBO",
          "localized_name": "采样器"
        },
        {
          "widget": {
            "name": "scheduler"
          },
          "name": "scheduler",
          "type": "COMBO",
          "localized_name": "调度器"
        },
        {
          "widget": {
            "name": "denoise"
          },
          "name": "denoise",
          "type": "FLOAT",
          "localized_name": "降噪"
        }
      ],
      "flags": {},
      "id": 1,
      "type": "KSampler",
      "properties": {
        "widget_ue_connectable": {},
        "Node name for S&R": "KSampler"
      },
      "order": 19
    }
  ],
  "extra": {
    "links_added_by_ue": [],
    "VHS_KeepIntermediate": true,
    "ue_links": [],
    "VHS_MetadataImage": true,
    "0246.VERSION": [
      0,
      0,
      4
    ],
    "VHS_latentpreviewrate": 0,
    "frontendVersion": "1.23.0",
    "VHS_latentpreview": false,
    "ds": {
      "offset": [
        -25.986350182982793,
        -179.3382452254168
      ],
      "scale": 0.5445000000000034
    }
  },
  "groups": [
    {
      "color": "#3f789e",
      "font_size": 40,
      "flags": {},
      "id": 1,
      "title": "上传图片",
      "bounding": [
        726.9859619140625,
        428.6619873046875,
        573.768310546875,
        946.8214721679688
      ]
    },
    {
      "color": "#3f789e",
      "font_size": 50,
      "flags": {},
      "id": 2,
      "title": "结果生成",
      "bounding": [
        1352.983154296875,
        433.1240539550781,
        701.300048828125,
        1154.88818359375
      ]
    },
    {
      "color": "#3f789e",
      "font_size": 24,
      "flags": {},
      "id": 3,
      "title": "最长边尺寸设置（等比例缩放）",
      "bounding": [
        723.414794921875,
        1405.2557373046875,
        579.7633056640625,
        187.1342315673828
      ]
    },
    {
      "color": "#a1309b",
      "font_size": 50,
      "flags": {},
      "id": 4,
      "title": "可上传字体设计参考直接生图，也可以使用手动模式按要求修改文字",
      "bounding": [
        727.7477416992188,
        287.6892395019531,
        1851.5196533203125,
        80
      ]
    },
    {
      "color": "#3f789e",
      "font_size": 50,
      "flags": {},
      "id": 5,
      "title": "手动输入中文提示词",
      "bounding": [
        715.9947509765625,
        2078.66943359375,
        1325.0394287109375,
        486.28961181640625
      ]
    },
    {
      "color": "#3f789e",
      "font_size": 50,
      "flags": {},
      "id": 6,
      "title": "手动提示词开关，true为打开，false为关闭",
      "bounding": [
        715.0242309570312,
        1760.2825927734375,
        1331.8433837890625,
        289.918701171875
      ]
    },
    {
      "color": "#3f789e",
      "font_size": 50,
      "flags": {},
      "id": 7,
      "title": "反推出来的提示词",
      "bounding": [
        2096.7861328125,
        440.7167663574219,
        506.44903564453125,
        748.5941772460938
      ]
    }
  ],
  "links": [
    [
      1,
      6,
      0,
      1,
      0,
      "MODEL"
    ],
    [
      2,
      5,
      0,
      1,
      1,
      "CONDITIONING"
    ],
    [
      3,
      7,
      0,
      1,
      2,
      "CONDITIONING"
    ],
    [
      4,
      12,
      0,
      1,
      3,
      "LATENT"
    ],
    [
      5,
      3,
      0,
      5,
      0,
      "CLIP"
    ],
    [
      7,
      4,
      0,
      6,
      0,
      "MODEL"
    ],
    [
      8,
      5,
      0,
      7,
      0,
      "CONDITIONING"
    ],
    [
      9,
      11,
      0,
      9,
      0,
      "*"
    ],
    [
      10,
      1,
      0,
      10,
      0,
      "LATENT"
    ],
    [
      11,
      2,
      0,
      10,
      1,
      "VAE"
    ],
    [
      12,
      8,
      0,
      11,
      0,
      "IMAGE"
    ],
    [
      13,
      13,
      3,
      12,
      0,
      "INT"
    ],
    [
      14,
      13,
      4,
      12,
      1,
      "INT"
    ],
    [
      15,
      8,
      0,
      13,
      0,
      "IMAGE"
    ],
    [
      16,
      14,
      0,
      13,
      9,
      "INT"
    ],
    [
      17,
      10,
      0,
      15,
      0,
      "IMAGE"
    ],
    [
      18,
      11,
      0,
      17,
      0,
      "*"
    ],
    [
      19,
      16,
      0,
      17,
      3,
      "STRING"
    ],
    [
      23,
      20,
      0,
      22,
      2,
      "BOOLEAN"
    ],
    [
      24,
      24,
      0,
      22,
      0,
      "*"
    ],
    [
      25,
      23,
      0,
      22,
      1,
      "*"
    ],
    [
      26,
      22,
      0,
      17,
      1,
      "INT"
    ],
    [
      27,
      22,
      0,
      25,
      0,
      "*"
    ],
    [
      28,
      17,
      0,
      5,
      1,
      "STRING"
    ]
  ],
  "id": "d5c6898f-d81c-4871-bb49-76e4d760fa8b",
  "config": {},
  "version": 0.4,
  "last_node_id": 25,
  "revision": 0
}