{
  "last_link_id": 376,
  "nodes": [
    {
      "mode": 0,
      "outputs": [
        {
          "name": "VAE",
          "slot_index": 0,
          "links": [
            279
          ],
          "label": "VAE",
          "type": "VAE",
          "localized_name": "VAE"
        }
      ],
      "size": [
        260.83404541015625,
        58
      ],
      "pos": [
        2276.21435546875,
        1204.338134765625
      ],
      "widgets_values": [
        "ae.safetensors"
      ],
      "inputs": [
        {
          "widget": {
            "name": "vae_name"
          },
          "name": "vae_name",
          "label": "vae_name",
          "type": "COMBO",
          "localized_name": "vae名称"
        }
      ],
      "flags": {},
      "id": 108,
      "type": "VAELoader",
      "properties": {
        "cnr_id": "comfy-core",
        "ver": "0.3.45",
        "widget_ue_connectable": {},
        "Node name for S&R": "VAELoader"
      },
      "order": 0
    },
    {
      "mode": 0,
      "outputs": [
        {
          "name": "SAMPLER",
          "slot_index": 0,
          "links": [
            299
          ],
          "label": "采样器",
          "type": "SAMPLER",
          "localized_name": "采样器"
        }
      ],
      "size": [
        210,
        58
      ],
      "pos": [
        2327.04833984375,
        1414.338134765625
      ],
      "widgets_values": [
        "euler"
      ],
      "inputs": [
        {
          "widget": {
            "name": "sampler_name"
          },
          "name": "sampler_name",
          "label": "sampler_name",
          "type": "COMBO",
          "localized_name": "采样器"
        }
      ],
      "flags": {},
      "id": 109,
      "type": "KSamplerSelect",
      "properties": {
        "cnr_id": "comfy-core",
        "ver": "0.3.45",
        "widget_ue_connectable": {},
        "Node name for S&R": "KSamplerSelect"
      },
      "order": 1
    },
    {
      "mode": 0,
      "outputs": [
        {
          "name": "EVA_CLIP",
          "slot_index": 0,
          "links": [
            326
          ],
          "label": "EVA_CLIP",
          "type": "EVA_CLIP",
          "localized_name": "EVA_CLIP"
        }
      ],
      "size": [
        218.39999389648438,
        26
      ],
      "pos": [
        1035.7603759765625,
        1520.768798828125
      ],
      "widgets_values": [],
      "inputs": [],
      "flags": {},
      "id": 119,
      "type": "PulidFluxEvaClipLoader",
      "properties": {
        "ver": "ba90657fe6ffa8072ac169a949bfa5e4153bf48a",
        "widget_ue_connectable": {},
        "aux_id": "lldacing/ComfyUI_PuLID_Flux_ll",
        "Node name for S&R": "PulidFluxEvaClipLoader"
      },
      "order": 2
    },
    {
      "mode": 0,
      "outputs": [
        {
          "name": "MODEL",
          "slot_index": 0,
          "links": [
            324
          ],
          "label": "模型",
          "type": "MODEL",
          "localized_name": "模型"
        }
      ],
      "size": [
        380,
        82
      ],
      "pos": [
        874.1603393554688,
        1260.771240234375
      ],
      "widgets_values": [
        "flux1-dev-fp8.safetensors",
        "fp8_e4m3fn"
      ],
      "inputs": [
        {
          "widget": {
            "name": "unet_name"
          },
          "name": "unet_name",
          "label": "unet_name",
          "type": "COMBO",
          "localized_name": "UNET名称"
        },
        {
          "widget": {
            "name": "weight_dtype"
          },
          "name": "weight_dtype",
          "label": "weight_dtype",
          "type": "COMBO",
          "localized_name": "剪枝类型"
        }
      ],
      "flags": {},
      "id": 122,
      "type": "UNETLoader",
      "properties": {
        "cnr_id": "comfy-core",
        "ver": "0.3.45",
        "widget_ue_connectable": {},
        "Node name for S&R": "UNETLoader"
      },
      "order": 3
    },
    {
      "mode": 0,
      "outputs": [
        {
          "name": "FACEANALYSIS",
          "slot_index": 0,
          "links": [
            327
          ],
          "label": "FACEANALYSIS",
          "type": "FACEANALYSIS",
          "localized_name": "FACEANALYSIS"
        }
      ],
      "size": [
        243.60000610351562,
        58
      ],
      "pos": [
        1010.560302734375,
        1610.7679443359375
      ],
      "widgets_values": [
        "CUDA"
      ],
      "inputs": [
        {
          "widget": {
            "name": "provider"
          },
          "name": "provider",
          "label": "provider",
          "type": "COMBO",
          "localized_name": "provider"
        }
      ],
      "flags": {},
      "id": 124,
      "type": "PulidFluxInsightFaceLoader",
      "properties": {
        "ver": "ba90657fe6ffa8072ac169a949bfa5e4153bf48a",
        "widget_ue_connectable": {},
        "aux_id": "lldacing/ComfyUI_PuLID_Flux_ll",
        "Node name for S&R": "PulidFluxInsightFaceLoader"
      },
      "order": 4
    },
    {
      "mode": 0,
      "outputs": [
        {
          "name": "GUIDER",
          "slot_index": 0,
          "links": [
            281
          ],
          "label": "引导",
          "type": "GUIDER",
          "localized_name": "引导器"
        }
      ],
      "size": [
        161.1999969482422,
        46
      ],
      "pos": [
        2375.848388671875,
        1314.338134765625
      ],
      "widgets_values": [],
      "inputs": [
        {
          "name": "model",
          "link": 287,
          "label": "模型",
          "type": "MODEL",
          "localized_name": "模型"
        },
        {
          "name": "conditioning",
          "link": 276,
          "label": "条件",
          "type": "CONDITIONING",
          "localized_name": "条件"
        }
      ],
      "flags": {},
      "id": 173,
      "type": "BasicGuider",
      "properties": {
        "cnr_id": "comfy-core",
        "ver": "0.3.45",
        "widget_ue_connectable": {},
        "Node name for S&R": "BasicGuider"
      },
      "order": 22
    },
    {
      "mode": 0,
      "outputs": [
        {
          "name": "model",
          "slot_index": 0,
          "links": [
            287,
            308
          ],
          "label": "model",
          "type": "MODEL",
          "localized_name": "model"
        }
      ],
      "size": [
        210,
        58
      ],
      "pos": [
        1961.194091796875,
        1459.6146240234375
      ],
      "widgets_values": [
        0.4
      ],
      "inputs": [
        {
          "name": "model",
          "link": 286,
          "label": "model",
          "type": "MODEL",
          "localized_name": "model"
        },
        {
          "widget": {
            "name": "rel_l1_thresh"
          },
          "name": "rel_l1_thresh",
          "label": "rel_l1_thresh",
          "type": "FLOAT",
          "localized_name": "rel_l1_thresh"
        }
      ],
      "flags": {},
      "id": 177,
      "type": "ApplyTeaCachePatch",
      "properties": {
        "cnr_id": "comfyui_patches_ll",
        "ver": "4a9ea6e5d408768d5c2d666781ef756880eea0d0",
        "widget_ue_connectable": {},
        "Node name for S&R": "ApplyTeaCachePatch"
      },
      "order": 19
    },
    {
      "mode": 0,
      "outputs": [
        {
          "name": "model",
          "slot_index": 0,
          "links": [
            286
          ],
          "label": "model",
          "type": "MODEL",
          "localized_name": "model"
        }
      ],
      "size": [
        206.6298065185547,
        26.460145950317383
      ],
      "pos": [
        1961.194091796875,
        1365.798095703125
      ],
      "widgets_values": [],
      "inputs": [
        {
          "name": "model",
          "link": 357,
          "label": "model",
          "type": "MODEL",
          "localized_name": "model"
        }
      ],
      "flags": {},
      "id": 169,
      "type": "FluxForwardOverrider",
      "properties": {
        "cnr_id": "comfyui_patches_ll",
        "ver": "4a9ea6e5d408768d5c2d666781ef756880eea0d0",
        "widget_ue_connectable": {},
        "Node name for S&R": "FluxForwardOverrider"
      },
      "order": 16
    },
    {
      "mode": 0,
      "outputs": [
        {
          "name": "SIGMAS",
          "slot_index": 0,
          "links": [
            283
          ],
          "label": "Sigmas",
          "type": "SIGMAS",
          "localized_name": "Sigmas"
        }
      ],
      "size": [
        232.65151977539062,
        106
      ],
      "pos": [
        2304.39697265625,
        1526.59912109375
      ],
      "widgets_values": [
        "simple",
        28,
        0.9800000000000002
      ],
      "inputs": [
        {
          "name": "model",
          "link": 308,
          "label": "模型",
          "type": "MODEL",
          "localized_name": "模型"
        },
        {
          "widget": {
            "name": "scheduler"
          },
          "name": "scheduler",
          "label": "scheduler",
          "type": "COMBO",
          "localized_name": "调度器"
        },
        {
          "widget": {
            "name": "steps"
          },
          "name": "steps",
          "label": "steps",
          "type": "INT",
          "localized_name": "步数"
        },
        {
          "widget": {
            "name": "denoise"
          },
          "name": "denoise",
          "label": "denoise",
          "type": "FLOAT",
          "localized_name": "降噪"
        }
      ],
      "flags": {
        "collapsed": false
      },
      "id": 171,
      "type": "BasicScheduler",
      "properties": {
        "cnr_id": "comfy-core",
        "ver": "0.3.45",
        "widget_ue_connectable": {},
        "Node name for S&R": "BasicScheduler"
      },
      "order": 21
    },
    {
      "mode": 0,
      "outputs": [
        {
          "name": "NOISE",
          "slot_index": 0,
          "links": [
            280
          ],
          "label": "噪波生成",
          "type": "NOISE",
          "localized_name": "噪波"
        }
      ],
      "size": [
        269.1552734375,
        82
      ],
      "pos": [
        2267.89306640625,
        1063.349609375
      ],
      "widgets_values": [
        773261992447389,
        "randomize"
      ],
      "inputs": [
        {
          "widget": {
            "name": "noise_seed"
          },
          "name": "noise_seed",
          "label": "noise_seed",
          "type": "INT",
          "localized_name": "随机种"
        }
      ],
      "flags": {},
      "id": 111,
      "type": "RandomNoise",
      "properties": {
        "cnr_id": "comfy-core",
        "ver": "0.3.45",
        "widget_ue_connectable": {},
        "Node name for S&R": "RandomNoise"
      },
      "order": 5
    },
    {
      "mode": 0,
      "outputs": [
        {
          "name": "CONDITIONING",
          "slot_index": 0,
          "links": [
            332
          ],
          "label": "条件",
          "type": "CONDITIONING",
          "localized_name": "条件"
        }
      ],
      "size": [
        541.0938110351562,
        172.10702514648438
      ],
      "pos": [
        1338.38671875,
        1063.349609375
      ],
      "widgets_values": [
        ""
      ],
      "inputs": [
        {
          "name": "clip",
          "link": 331,
          "label": "CLIP",
          "type": "CLIP",
          "localized_name": "clip"
        },
        {
          "widget": {
            "name": "text"
          },
          "name": "text",
          "link": 361,
          "label": "text",
          "type": "STRING",
          "localized_name": "文本"
        }
      ],
      "flags": {},
      "id": 191,
      "type": "CLIPTextEncode",
      "properties": {
        "cnr_id": "comfy-core",
        "ver": "0.3.45",
        "widget_ue_connectable": {},
        "Node name for S&R": "CLIPTextEncode"
      },
      "order": 17
    },
    {
      "mode": 0,
      "outputs": [
        {
          "name": "MODEL",
          "slot_index": 0,
          "links": [
            357
          ],
          "label": "MODEL",
          "type": "MODEL",
          "localized_name": "模型"
        }
      ],
      "size": [
        537.0264282226562,
        226
      ],
      "pos": [
        1339.1849365234375,
        1307.9967041015625
      ],
      "widgets_values": [
        1,
        0,
        1
      ],
      "inputs": [
        {
          "name": "model",
          "link": 324,
          "label": "model",
          "type": "MODEL",
          "localized_name": "model"
        },
        {
          "name": "pulid_flux",
          "link": 325,
          "label": "pulid_flux",
          "type": "PULIDFLUX",
          "localized_name": "pulid_flux"
        },
        {
          "name": "eva_clip",
          "link": 326,
          "label": "eva_clip",
          "type": "EVA_CLIP",
          "localized_name": "eva_clip"
        },
        {
          "name": "face_analysis",
          "link": 327,
          "label": "face_analysis",
          "type": "FACEANALYSIS",
          "localized_name": "face_analysis"
        },
        {
          "name": "image",
          "link": 347,
          "label": "image",
          "type": "IMAGE",
          "localized_name": "image"
        },
        {
          "shape": 7,
          "name": "attn_mask",
          "label": "attn_mask",
          "type": "MASK",
          "localized_name": "attn_mask"
        },
        {
          "shape": 7,
          "name": "options",
          "label": "options",
          "type": "OPTIONS",
          "localized_name": "options"
        },
        {
          "widget": {
            "name": "weight"
          },
          "name": "weight",
          "label": "weight",
          "type": "FLOAT",
          "localized_name": "weight"
        },
        {
          "widget": {
            "name": "start_at"
          },
          "name": "start_at",
          "label": "start_at",
          "type": "FLOAT",
          "localized_name": "start_at"
        },
        {
          "widget": {
            "name": "end_at"
          },
          "name": "end_at",
          "label": "end_at",
          "type": "FLOAT",
          "localized_name": "end_at"
        }
      ],
      "flags": {},
      "id": 190,
      "type": "ApplyPulidFlux",
      "properties": {
        "ver": "ba90657fe6ffa8072ac169a949bfa5e4153bf48a",
        "widget_ue_connectable": {},
        "aux_id": "lldacing/ComfyUI_PuLID_Flux_ll",
        "Node name for S&R": "ApplyPulidFlux"
      },
      "order": 13
    },
    {
      "mode": 0,
      "outputs": [
        {
          "name": "CLIP",
          "slot_index": 0,
          "links": [
            331
          ],
          "label": "CLIP",
          "type": "CLIP",
          "localized_name": "CLIP"
        }
      ],
      "size": [
        380,
        130
      ],
      "pos": [
        874.1603393554688,
        1063.349609375
      ],
      "widgets_values": [
        "t5xxl_fp8_e4m3fn.safetensors",
        "clip_l.safetensors",
        "flux",
        "default"
      ],
      "inputs": [
        {
          "widget": {
            "name": "clip_name1"
          },
          "name": "clip_name1",
          "label": "clip_name1",
          "type": "COMBO",
          "localized_name": "CLIP1"
        },
        {
          "widget": {
            "name": "clip_name2"
          },
          "name": "clip_name2",
          "label": "clip_name2",
          "type": "COMBO",
          "localized_name": "CLIP2"
        },
        {
          "widget": {
            "name": "type"
          },
          "name": "type",
          "label": "type",
          "type": "COMBO",
          "localized_name": "类型"
        },
        {
          "widget": {
            "name": "device"
          },
          "shape": 7,
          "name": "device",
          "label": "device",
          "type": "COMBO",
          "localized_name": "设备"
        }
      ],
      "flags": {},
      "id": 123,
      "type": "DualCLIPLoader",
      "properties": {
        "cnr_id": "comfy-core",
        "ver": "0.3.45",
        "widget_ue_connectable": {},
        "Node name for S&R": "DualCLIPLoader"
      },
      "order": 6
    },
    {
      "mode": 0,
      "outputs": [
        {
          "shape": 6,
          "name": "text",
          "links": [
            361,
            364
          ],
          "label": "text",
          "type": "STRING",
          "localized_name": "text"
        }
      ],
      "size": [
        400,
        272
      ],
      "color": "rgba(38, 73, 116, 0.7)",
      "pos": [
        349.8462219238281,
        1161.8236083984375
      ],
      "widgets_values": [
        "Descriptive",
        "any",
        512,
        0.9,
        0,
        0.6,
        ""
      ],
      "inputs": [
        {
          "name": "image",
          "link": 363,
          "label": "image",
          "type": "IMAGE",
          "localized_name": "image"
        },
        {
          "name": "joycaption_beta1_model",
          "link": 360,
          "label": "joycaption_beta1_model",
          "type": "JOYCAPTIONBETA1_MODEL",
          "localized_name": "joycaption_beta1_model"
        },
        {
          "shape": 7,
          "name": "extra_options",
          "label": "extra_options",
          "type": "JoyCaption2ExtraOption",
          "localized_name": "extra_options"
        },
        {
          "widget": {
            "name": "caption_type"
          },
          "name": "caption_type",
          "label": "caption_type",
          "type": "COMBO",
          "localized_name": "caption_type"
        },
        {
          "widget": {
            "name": "caption_length"
          },
          "name": "caption_length",
          "label": "caption_length",
          "type": "COMBO",
          "localized_name": "caption_length"
        },
        {
          "widget": {
            "name": "max_new_tokens"
          },
          "name": "max_new_tokens",
          "label": "max_new_tokens",
          "type": "INT",
          "localized_name": "max_new_tokens"
        },
        {
          "widget": {
            "name": "top_p"
          },
          "name": "top_p",
          "label": "top_p",
          "type": "FLOAT",
          "localized_name": "top_p"
        },
        {
          "widget": {
            "name": "top_k"
          },
          "name": "top_k",
          "label": "top_k",
          "type": "INT",
          "localized_name": "top_k"
        },
        {
          "widget": {
            "name": "temperature"
          },
          "name": "temperature",
          "label": "temperature",
          "type": "FLOAT",
          "localized_name": "temperature"
        },
        {
          "widget": {
            "name": "user_prompt"
          },
          "name": "user_prompt",
          "label": "user_prompt",
          "type": "STRING",
          "localized_name": "user_prompt"
        }
      ],
      "flags": {},
      "id": 206,
      "type": "LayerUtility: JoyCaptionBeta1",
      "properties": {
        "widget_ue_connectable": {},
        "Node name for S&R": "LayerUtility: JoyCaptionBeta1"
      },
      "order": 14
    },
    {
      "mode": 0,
      "outputs": [
        {
          "name": "image",
          "links": [
            370
          ],
          "label": "图像",
          "type": "IMAGE",
          "localized_name": "image"
        },
        {
          "name": "show_help",
          "label": "显示帮助",
          "type": "STRING",
          "localized_name": "show_help"
        }
      ],
      "size": [
        275.76617431640625,
        282
      ],
      "pos": [
        2214.00634765625,
        2033.7576904296875
      ],
      "widgets_values": [
        "before",
        "Edited",
        80,
        "Caveat-VariableFont_wght.ttf",
        30,
        "normal",
        20
      ],
      "inputs": [
        {
          "shape": 7,
          "name": "image1",
          "link": 372,
          "label": "图像1",
          "type": "IMAGE",
          "localized_name": "image1"
        },
        {
          "shape": 7,
          "name": "image2",
          "link": 374,
          "label": "图像2",
          "type": "IMAGE",
          "localized_name": "image2"
        },
        {
          "widget": {
            "name": "text1"
          },
          "name": "text1",
          "label": "text1",
          "type": "STRING",
          "localized_name": "文本1"
        },
        {
          "widget": {
            "name": "text2"
          },
          "name": "text2",
          "label": "text2",
          "type": "STRING",
          "localized_name": "文本2"
        },
        {
          "widget": {
            "name": "footer_height"
          },
          "name": "footer_height",
          "label": "footer_height",
          "type": "INT",
          "localized_name": "页尾高度"
        },
        {
          "widget": {
            "name": "font_name"
          },
          "name": "font_name",
          "label": "font_name",
          "type": "COMBO",
          "localized_name": "字体"
        },
        {
          "widget": {
            "name": "font_size"
          },
          "name": "font_size",
          "label": "font_size",
          "type": "INT",
          "localized_name": "字体大小"
        },
        {
          "widget": {
            "name": "mode"
          },
          "name": "mode",
          "label": "mode",
          "type": "COMBO",
          "localized_name": "模式"
        },
        {
          "widget": {
            "name": "border_thickness"
          },
          "name": "border_thickness",
          "label": "border_thickness",
          "type": "INT",
          "localized_name": "边框厚度"
        }
      ],
      "flags": {},
      "id": 212,
      "type": "CR Simple Image Compare",
      "properties": {
        "widget_ue_connectable": {},
        "Node name for S&R": "CR Simple Image Compare"
      },
      "order": 28
    },
    {
      "mode": 0,
      "outputs": [
        {
          "name": "output",
          "slot_index": 0,
          "links": [
            278
          ],
          "label": "输出",
          "type": "LATENT",
          "localized_name": "Latent"
        },
        {
          "name": "denoised_output",
          "label": "降噪输出",
          "type": "LATENT",
          "localized_name": "降噪Latent"
        }
      ],
      "size": [
        250.84915161132812,
        107.00357055664062
      ],
      "pos": [
        2619.30908203125,
        1359.8350830078125
      ],
      "widgets_values": [],
      "inputs": [
        {
          "name": "noise",
          "link": 280,
          "label": "噪波生成",
          "type": "NOISE",
          "localized_name": "噪波"
        },
        {
          "name": "guider",
          "link": 281,
          "label": "引导",
          "type": "GUIDER",
          "localized_name": "引导器"
        },
        {
          "name": "sampler",
          "link": 299,
          "label": "采样器",
          "type": "SAMPLER",
          "localized_name": "采样器"
        },
        {
          "name": "sigmas",
          "link": 283,
          "label": "Sigmas",
          "type": "SIGMAS",
          "localized_name": "西格玛"
        },
        {
          "name": "latent_image",
          "link": 359,
          "label": "Latent",
          "type": "LATENT",
          "localized_name": "Latent图像"
        }
      ],
      "flags": {},
      "id": 176,
      "type": "SamplerCustomAdvanced",
      "properties": {
        "cnr_id": "comfy-core",
        "ver": "0.3.45",
        "widget_ue_connectable": {},
        "Node name for S&R": "SamplerCustomAdvanced"
      },
      "order": 23
    },
    {
      "mode": 0,
      "outputs": [
        {
          "name": "IMAGE",
          "slot_index": 0,
          "links": [
            367
          ],
          "label": "图像",
          "type": "IMAGE",
          "localized_name": "图像"
        }
      ],
      "size": [
        140,
        46
      ],
      "pos": [
        2730.158203125,
        1247.9454345703125
      ],
      "widgets_values": [],
      "inputs": [
        {
          "name": "samples",
          "link": 278,
          "label": "Latent",
          "type": "LATENT",
          "localized_name": "Latent"
        },
        {
          "name": "vae",
          "link": 279,
          "label": "VAE",
          "type": "VAE",
          "localized_name": "vae"
        }
      ],
      "flags": {},
      "id": 175,
      "type": "VAEDecode",
      "properties": {
        "cnr_id": "comfy-core",
        "ver": "0.3.45",
        "widget_ue_connectable": {},
        "Node name for S&R": "VAEDecode"
      },
      "order": 24
    },
    {
      "mode": 0,
      "outputs": [
        {
          "name": "image",
          "links": [
            374
          ],
          "label": "图像",
          "type": "IMAGE",
          "localized_name": "image"
        },
        {
          "name": "mask",
          "label": "遮罩",
          "type": "MASK",
          "localized_name": "mask"
        },
        {
          "name": "original_size",
          "label": "原始大小",
          "type": "BOX",
          "localized_name": "original_size"
        },
        {
          "name": "width",
          "label": "width",
          "type": "INT",
          "localized_name": "width"
        },
        {
          "name": "height",
          "label": "height",
          "type": "INT",
          "localized_name": "height"
        }
      ],
      "size": [
        303.6851501464844,
        330
      ],
      "color": "rgba(38, 73, 116, 0.7)",
      "pos": [
        1856.1707763671875,
        2210.226318359375
      ],
      "widgets_values": [
        "original",
        1,
        1,
        "letterbox",
        "lanczos",
        "8",
        "longest",
        832,
        "#000000"
      ],
      "inputs": [
        {
          "shape": 7,
          "name": "image",
          "link": 373,
          "label": "图像",
          "type": "IMAGE",
          "localized_name": "image"
        },
        {
          "shape": 7,
          "name": "mask",
          "label": "遮罩",
          "type": "MASK",
          "localized_name": "mask"
        },
        {
          "widget": {
            "name": "aspect_ratio"
          },
          "name": "aspect_ratio",
          "label": "aspect_ratio",
          "type": "COMBO",
          "localized_name": "宽高比"
        },
        {
          "widget": {
            "name": "proportional_width"
          },
          "name": "proportional_width",
          "label": "proportional_width",
          "type": "INT",
          "localized_name": "比例宽"
        },
        {
          "widget": {
            "name": "proportional_height"
          },
          "name": "proportional_height",
          "label": "proportional_height",
          "type": "INT",
          "localized_name": "比例高"
        },
        {
          "widget": {
            "name": "fit"
          },
          "name": "fit",
          "label": "fit",
          "type": "COMBO",
          "localized_name": "缩放模式"
        },
        {
          "widget": {
            "name": "method"
          },
          "name": "method",
          "label": "method",
          "type": "COMBO",
          "localized_name": "采样方法"
        },
        {
          "widget": {
            "name": "round_to_multiple"
          },
          "name": "round_to_multiple",
          "label": "round_to_multiple",
          "type": "COMBO",
          "localized_name": "倍数取整"
        },
        {
          "widget": {
            "name": "scale_to_side"
          },
          "name": "scale_to_side",
          "label": "scale_to_side",
          "type": "COMBO",
          "localized_name": "缩放到边"
        },
        {
          "widget": {
            "name": "scale_to_length"
          },
          "name": "scale_to_length",
          "label": "scale_to_length",
          "type": "INT",
          "localized_name": "缩放到长度"
        },
        {
          "widget": {
            "name": "background_color"
          },
          "name": "background_color",
          "label": "background_color",
          "type": "STRING",
          "localized_name": "background_color"
        }
      ],
      "flags": {},
      "id": 216,
      "type": "LayerUtility: ImageScaleByAspectRatio V2",
      "properties": {
        "widget_ue_connectable": {},
        "Node name for S&R": "LayerUtility: ImageScaleByAspectRatio V2"
      },
      "order": 27
    },
    {
      "mode": 0,
      "outputs": [
        {
          "name": "",
          "links": [
            368,
            373
          ],
          "label": "",
          "type": "IMAGE"
        }
      ],
      "size": [
        75,
        26
      ],
      "pos": [
        2157.265869140625,
        1587.91015625
      ],
      "inputs": [
        {
          "name": "",
          "link": 367,
          "label": "",
          "type": "*"
        }
      ],
      "flags": {},
      "id": 213,
      "type": "Reroute",
      "properties": {
        "horizontal": false,
        "widget_ue_connectable": {},
        "showOutputText": false
      },
      "order": 25
    },
    {
      "mode": 0,
      "outputs": [
        {
          "name": "CONDITIONING",
          "slot_index": 0,
          "links": [
            276
          ],
          "label": "条件",
          "type": "CONDITIONING",
          "localized_name": "条件"
        }
      ],
      "size": [
        239.19650268554688,
        58
      ],
      "pos": [
        1953.2994384765625,
        1126.822998046875
      ],
      "widgets_values": [
        3.5
      ],
      "inputs": [
        {
          "name": "conditioning",
          "link": 332,
          "label": "条件",
          "type": "CONDITIONING",
          "localized_name": "条件"
        },
        {
          "widget": {
            "name": "guidance"
          },
          "name": "guidance",
          "label": "guidance",
          "type": "FLOAT",
          "localized_name": "引导"
        }
      ],
      "flags": {
        "collapsed": false
      },
      "id": 112,
      "type": "FluxGuidance",
      "properties": {
        "cnr_id": "comfy-core",
        "ver": "0.3.45",
        "widget_ue_connectable": {},
        "Node name for S&R": "FluxGuidance"
      },
      "order": 20
    },
    {
      "mode": 0,
      "outputs": [
        {
          "name": "output",
          "label": "output",
          "type": "*",
          "localized_name": "output"
        }
      ],
      "size": [
        403.50543212890625,
        214.35861206054688
      ],
      "pos": [
        348.7053527832031,
        1483.4910888671875
      ],
      "widgets_values": [
        "The photograph depicts a young woman seated on a white boat against a serene, clear blue sky and calm, expansive body of water. She has long, wavy brown hair and fair skin, and she is wearing a light beige, floral-embroidered, sheer dress with puffed, short sleeves and a square neckline. The dress is slightly translucent, revealing a hint of her skin beneath. She is also wearing a large, straw sunhat with a wide brim that casts a gentle shadow over her face. In her right hand, she holds a small, white, spherical object, possibly a ball or a fruit. Her left hand rests on the boat's edge. Beside her on the boat, there is a small, pink, rectangular handbag with a bow on top, placed on a black cushion. The background includes several white sailboats anchored in the distance, with a low, tree-lined shore visible on the horizon. The overall composition is bright and airy, with a summery, relaxed atmosphere. The photograph is sharp and well-lit, capturing the textures of the woman's dress, the straw hat, and the calm water surface."
      ],
      "inputs": [
        {
          "shape": 7,
          "name": "anything",
          "link": 364,
          "label": "输入任何",
          "type": "*",
          "localized_name": "anything"
        }
      ],
      "flags": {},
      "id": 210,
      "type": "easy showAnything",
      "properties": {
        "widget_ue_connectable": {},
        "Node name for S&R": "easy showAnything"
      },
      "order": 18
    },
    {
      "mode": 0,
      "outputs": [
        {
          "name": "joycaption_beta1_model",
          "links": [
            360
          ],
          "label": "joycaption_beta1_model",
          "type": "JOYCAPTIONBETA1_MODEL",
          "localized_name": "joycaption_beta1_model"
        }
      ],
      "size": [
        394.7535095214844,
        106
      ],
      "color": "rgba(38, 73, 116, 0.7)",
      "pos": [
        353.5218811035156,
        1006.8035278320312
      ],
      "widgets_values": [
        "fancyfeast/llama-joycaption-beta-one-hf-llava",
        "nf4",
        "cuda"
      ],
      "inputs": [
        {
          "widget": {
            "name": "model"
          },
          "name": "model",
          "label": "model",
          "type": "COMBO",
          "localized_name": "model"
        },
        {
          "widget": {
            "name": "quantization_mode"
          },
          "name": "quantization_mode",
          "label": "quantization_mode",
          "type": "COMBO",
          "localized_name": "quantization_mode"
        },
        {
          "widget": {
            "name": "device"
          },
          "name": "device",
          "label": "device",
          "type": "COMBO",
          "localized_name": "device"
        }
      ],
      "flags": {},
      "id": 207,
      "type": "LayerUtility: LoadJoyCaptionBeta1Model",
      "properties": {
        "widget_ue_connectable": {},
        "Node name for S&R": "LayerUtility: LoadJoyCaptionBeta1Model"
      },
      "order": 7
    },
    {
      "mode": 0,
      "outputs": [
        {
          "name": "PULIDFLUX",
          "slot_index": 0,
          "links": [
            325
          ],
          "label": "PULIDFLUX",
          "type": "PULIDFLUX",
          "localized_name": "PULIDFLUX"
        }
      ],
      "size": [
        368.994140625,
        58
      ],
      "pos": [
        885.1661987304688,
        1400.771240234375
      ],
      "widgets_values": [
        "pulid_flux_v0.9.1.safetensors"
      ],
      "inputs": [
        {
          "widget": {
            "name": "pulid_file"
          },
          "name": "pulid_file",
          "label": "pulid_file",
          "type": "COMBO",
          "localized_name": "pulid_file"
        }
      ],
      "flags": {},
      "id": 114,
      "type": "PulidFluxModelLoader",
      "properties": {
        "ver": "ba90657fe6ffa8072ac169a949bfa5e4153bf48a",
        "widget_ue_connectable": {},
        "aux_id": "lldacing/ComfyUI_PuLID_Flux_ll",
        "Node name for S&R": "PulidFluxModelLoader"
      },
      "order": 8
    },
    {
      "mode": 0,
      "outputs": [],
      "size": [
        377.8772277832031,
        495.7808837890625
      ],
      "pos": [
        2534.76025390625,
        1819.158447265625
      ],
      "widgets_values": [
        "ComfyUI"
      ],
      "inputs": [
        {
          "name": "images",
          "link": 370,
          "label": "图像",
          "type": "IMAGE",
          "localized_name": "图片"
        },
        {
          "widget": {
            "name": "filename_prefix"
          },
          "name": "filename_prefix",
          "label": "filename_prefix",
          "type": "STRING",
          "localized_name": "文件名前缀"
        }
      ],
      "flags": {},
      "id": 214,
      "type": "SaveImage",
      "properties": {
        "widget_ue_connectable": {},
        "Node name for S&R": "SaveImage"
      },
      "order": 29
    },
    {
      "outputs": [
        {
          "name": "IMAGE",
          "slot_index": 0,
          "links": [
            347,
            371
          ],
          "label": "图像",
          "type": "IMAGE",
          "localized_name": "图像"
        },
        {
          "name": "MASK",
          "slot_index": 1,
          "links": [],
          "label": "遮罩",
          "type": "MASK",
          "localized_name": "遮罩"
        }
      ],
      "color": "#232",
      "widgets_values": [
        "pasted/76b355a15381734f5fe976cbc5ec769d1cbe5b1a9b1c9c2d58fbbc62dee2b280.png",
        "image"
      ],
      "inputs": [
        {
          "widget": {
            "name": "image"
          },
          "name": "image",
          "label": "image",
          "type": "COMBO",
          "localized_name": "图像"
        },
        {
          "widget": {
            "name": "upload"
          },
          "name": "upload",
          "label": "upload",
          "type": "IMAGEUPLOAD",
          "localized_name": "选择文件上传"
        }
      ],
      "flags": {},
      "type": "LoadImage",
      "mode": 0,
      "bgcolor": "#353",
      "size": [
        408.0328369140625,
        544.728759765625
      ],
      "pos": [
        850.0316162109375,
        1857.337646484375
      ],
      "id": 198,
      "properties": {
        "cnr_id": "comfy-core",
        "ver": "0.3.45",
        "widget_ue_connectable": {},
        "Node name for S&R": "LoadImage"
      },
      "order": 9
    },
    {
      "outputs": [
        {
          "name": "IMAGE",
          "links": [
            363
          ],
          "label": "图像",
          "type": "IMAGE",
          "localized_name": "图像"
        },
        {
          "name": "MASK",
          "label": "遮罩",
          "type": "MASK",
          "localized_name": "遮罩"
        }
      ],
      "color": "#232",
      "widgets_values": [
        "03cb1ab5c4186ae20bd5c467d335418fedf637743619e0a2895f337485b5571c.png",
        "image"
      ],
      "inputs": [
        {
          "widget": {
            "name": "image"
          },
          "name": "image",
          "label": "image",
          "type": "COMBO",
          "localized_name": "图像"
        },
        {
          "widget": {
            "name": "upload"
          },
          "name": "upload",
          "label": "upload",
          "type": "IMAGEUPLOAD",
          "localized_name": "选择文件上传"
        }
      ],
      "flags": {},
      "type": "LoadImage",
      "mode": 0,
      "bgcolor": "#353",
      "size": [
        440.0847473144531,
        544.4669799804688
      ],
      "pos": [
        348.1778869628906,
        1853.1993408203125
      ],
      "id": 209,
      "properties": {
        "widget_ue_connectable": {},
        "Node name for S&R": "LoadImage"
      },
      "order": 10
    },
    {
      "mode": 0,
      "outputs": [
        {
          "name": "image",
          "links": [
            372
          ],
          "label": "图像",
          "type": "IMAGE",
          "localized_name": "image"
        },
        {
          "name": "mask",
          "label": "遮罩",
          "type": "MASK",
          "localized_name": "mask"
        },
        {
          "name": "original_size",
          "label": "原始大小",
          "type": "BOX",
          "localized_name": "original_size"
        },
        {
          "name": "width",
          "label": "width",
          "type": "INT",
          "localized_name": "width"
        },
        {
          "name": "height",
          "label": "height",
          "type": "INT",
          "localized_name": "height"
        }
      ],
      "size": [
        303.6851501464844,
        330
      ],
      "color": "rgba(38, 73, 116, 0.7)",
      "pos": [
        1855.73193359375,
        1817.4888916015625
      ],
      "widgets_values": [
        "custom",
        1,
        1,
        "letterbox",
        "lanczos",
        "8",
        "longest",
        832,
        "#F1F1F1"
      ],
      "inputs": [
        {
          "shape": 7,
          "name": "image",
          "link": 371,
          "label": "图像",
          "type": "IMAGE",
          "localized_name": "image"
        },
        {
          "shape": 7,
          "name": "mask",
          "label": "遮罩",
          "type": "MASK",
          "localized_name": "mask"
        },
        {
          "widget": {
            "name": "aspect_ratio"
          },
          "name": "aspect_ratio",
          "label": "aspect_ratio",
          "type": "COMBO",
          "localized_name": "宽高比"
        },
        {
          "widget": {
            "name": "proportional_width"
          },
          "name": "proportional_width",
          "link": 375,
          "label": "proportional_width",
          "type": "INT",
          "localized_name": "比例宽"
        },
        {
          "widget": {
            "name": "proportional_height"
          },
          "name": "proportional_height",
          "link": 376,
          "label": "proportional_height",
          "type": "INT",
          "localized_name": "比例高"
        },
        {
          "widget": {
            "name": "fit"
          },
          "name": "fit",
          "label": "fit",
          "type": "COMBO",
          "localized_name": "缩放模式"
        },
        {
          "widget": {
            "name": "method"
          },
          "name": "method",
          "label": "method",
          "type": "COMBO",
          "localized_name": "采样方法"
        },
        {
          "widget": {
            "name": "round_to_multiple"
          },
          "name": "round_to_multiple",
          "label": "round_to_multiple",
          "type": "COMBO",
          "localized_name": "倍数取整"
        },
        {
          "widget": {
            "name": "scale_to_side"
          },
          "name": "scale_to_side",
          "label": "scale_to_side",
          "type": "COMBO",
          "localized_name": "缩放到边"
        },
        {
          "widget": {
            "name": "scale_to_length"
          },
          "name": "scale_to_length",
          "label": "scale_to_length",
          "type": "INT",
          "localized_name": "缩放到长度"
        },
        {
          "widget": {
            "name": "background_color"
          },
          "name": "background_color",
          "label": "background_color",
          "type": "STRING",
          "localized_name": "background_color"
        }
      ],
      "flags": {},
      "id": 215,
      "type": "LayerUtility: ImageScaleByAspectRatio V2",
      "properties": {
        "widget_ue_connectable": {},
        "Node name for S&R": "LayerUtility: ImageScaleByAspectRatio V2"
      },
      "order": 15
    },
    {
      "mode": 0,
      "outputs": [],
      "size": [
        448.58917236328125,
        599.2720336914062
      ],
      "pos": [
        1310.52099609375,
        1823.1124267578125
      ],
      "widgets_values": [
        "ComfyUI"
      ],
      "inputs": [
        {
          "name": "images",
          "link": 368,
          "label": "图像",
          "type": "IMAGE",
          "localized_name": "图片"
        },
        {
          "widget": {
            "name": "filename_prefix"
          },
          "name": "filename_prefix",
          "label": "filename_prefix",
          "type": "STRING",
          "localized_name": "文件名前缀"
        }
      ],
      "flags": {},
      "id": 201,
      "type": "SaveImage",
      "properties": {
        "widget_ue_connectable": {},
        "Node name for S&R": "SaveImage"
      },
      "order": 26
    },
    {
      "mode": 0,
      "outputs": [
        {
          "name": "LATENT",
          "links": [
            359
          ],
          "label": "Latent",
          "type": "LATENT",
          "localized_name": "Latent"
        },
        {
          "name": "width",
          "links": [
            375
          ],
          "label": "宽度",
          "type": "INT",
          "localized_name": "width"
        },
        {
          "name": "height",
          "links": [
            376
          ],
          "label": "高度",
          "type": "INT",
          "localized_name": "height"
        }
      ],
      "size": [
        270,
        170
      ],
      "pos": [
        2219.708251953125,
        1813.4578857421875
      ],
      "widgets_values": [
        "832x1152 (0.72)",
        1,
        0,
        0
      ],
      "inputs": [
        {
          "widget": {
            "name": "resolution"
          },
          "name": "resolution",
          "label": "resolution",
          "type": "COMBO",
          "localized_name": "分辨率"
        },
        {
          "widget": {
            "name": "batch_size"
          },
          "name": "batch_size",
          "label": "batch_size",
          "type": "INT",
          "localized_name": "批次大小"
        },
        {
          "widget": {
            "name": "width_override"
          },
          "name": "width_override",
          "label": "width_override",
          "type": "INT",
          "localized_name": "width_override"
        },
        {
          "widget": {
            "name": "height_override"
          },
          "name": "height_override",
          "label": "height_override",
          "type": "INT",
          "localized_name": "height_override"
        }
      ],
      "flags": {},
      "id": 205,
      "type": "SDXLEmptyLatentSizePicker+",
      "properties": {
        "widget_ue_connectable": {},
        "Node name for S&R": "SDXLEmptyLatentSizePicker+"
      },
      "order": 11
    },
    {
      "outputs": [],
      "color": "#432",
      "widgets_values": [
        "\n\n\n😏😪😜🤤🙂↕️😈😏😪😜🤤🙂↕️😈\n\n2、工 作 流 & 模 型 下 载：\n\nComfyUI 模型已经分类放好，点击链接即可保存。https://pan.quark.cn/s/87501faa4042\n\n😏😪😜🤤🙂↕️😈😏😪😜🤤🙂↕️😈\n\n3、3 分钟搞定 1 小时的活。\n\n一句话图像编辑：https://www.runninghub.cn/post/1954930531898048513\n\n一键万物移除：https://www.runninghub.cn/post/1948726057604718594\n\n一键万物迁移：https://www.runninghub.cn/post/1958517858777120770\n\n一键换脸：https://www.runninghub.cn/post/1954237975934726146\n\n一键高清修复：https://www.runninghub.cn/post/1955922621080764417\n\n一键高清放大：https://www.runninghub.cn/post/1955678505768030210\n\n一键抠图：https://www.runninghub.cn/post/1955470295868981249\n\n一键扩图：https://www.runninghub.cn/post/1966697557932060674\n\n😏😪😜🤤🙂↕️😈😏😪😜🤤🙂↕️😈\n\n4、注册，送500RH币🪙\n\nhttps://www.runninghub.cn/?inviteCode=pyaqvfme\n\n手机号就可以注册，通过上面的链接注册，送500RH币（必须通过上面的链接才会送，否则没有，每个号只有一次机会）可以免费生成10个视频100张图，每日登录送100RH币。\n\n😏😪😜🤤🙂↕️😈😏😪😜🤤🙂↕️😈\n\n\n"
      ],
      "inputs": [],
      "flags": {},
      "type": "Note",
      "mode": 0,
      "bgcolor": "#653",
      "size": [
        394.6781921386719,
        573.3624267578125
      ],
      "pos": [
        -120.8472900390625,
        669.569091796875
      ],
      "id": 220,
      "properties": {},
      "order": 12
    }
  ],
  "extra": {
    "links_added_by_ue": [],
    "VHS_KeepIntermediate": true,
    "workspace_info": {
      "id": "g5y3w4snyST0QiwIF3Ojg"
    },
    "ue_links": [],
    "VHS_MetadataImage": true,
    "0246.VERSION": [
      0,
      0,
      4
    ],
    "VHS_latentpreviewrate": 0,
    "frontendVersion": "1.23.4",
    "VHS_latentpreview": false,
    "ds": {
      "offset": [
        569.7361924913191,
        -371.79121907552116
      ],
      "scale": 0.45
    }
  },
  "groups": [
    {
      "font_size": 24,
      "flags": {},
      "id": 3,
      "title": "加速 TeaCache",
      "bounding": [
        1943.125244140625,
        1265.1544189453125,
        244.50588989257812,
        270.77972412109375
      ]
    },
    {
      "color": "#8A8",
      "font_size": 24,
      "flags": {},
      "id": 6,
      "title": "第二步：上传人脸图",
      "bounding": [
        838.7769165039062,
        1782.483154296875,
        435.5555419921875,
        639.155517578125
      ]
    },
    {
      "color": "#b58b2a",
      "font_size": 24,
      "flags": {},
      "id": 7,
      "title": "Joy Caption Beta One 图片反推关键词",
      "bounding": [
        321.21734619140625,
        919.93701171875,
        465.55322265625,
        801.2312622070312
      ]
    },
    {
      "color": "#3f789e",
      "font_size": 40,
      "flags": {},
      "id": 9,
      "title": "PulID + FLUX主流",
      "bounding": [
        813.9913330078125,
        918.7317504882812,
        2105.99169921875,
        804.7238159179688
      ]
    },
    {
      "color": "#8A8",
      "font_size": 57,
      "flags": {},
      "id": 12,
      "title": "🌍微信公众号：CommintAI🐲工作流如有BUG请联系VX：comfyuigogogo🐲",
      "bounding": [
        332.8014831542969,
        654.7679443359375,
        1986.220458984375,
        80
      ]
    },
    {
      "color": "#8A8",
      "font_size": 40,
      "flags": {},
      "id": 13,
      "title": "🦧免费的图像编辑处理工具箱🤨无论学习还是工作🧰开箱即用🧰对你有帮助请点赞👍关注🐧收藏🐻谢谢！🐲",
      "bounding": [
        333.8373718261719,
        763.3164672851562,
        2021.7066650390625,
        80
      ]
    },
    {
      "color": "#8A8",
      "font_size": 24,
      "flags": {},
      "id": 14,
      "title": "第一步：上传参考图，图片反推",
      "bounding": [
        333.1603088378906,
        1775.836181640625,
        471.94183349609375,
        646.20166015625
      ]
    }
  ],
  "links": [
    [
      276,
      112,
      0,
      173,
      1,
      "CONDITIONING"
    ],
    [
      278,
      176,
      0,
      175,
      0,
      "LATENT"
    ],
    [
      279,
      108,
      0,
      175,
      1,
      "VAE"
    ],
    [
      280,
      111,
      0,
      176,
      0,
      "NOISE"
    ],
    [
      281,
      173,
      0,
      176,
      1,
      "GUIDER"
    ],
    [
      283,
      171,
      0,
      176,
      3,
      "SIGMAS"
    ],
    [
      286,
      169,
      0,
      177,
      0,
      "MODEL"
    ],
    [
      287,
      177,
      0,
      173,
      0,
      "MODEL"
    ],
    [
      299,
      109,
      0,
      176,
      2,
      "SAMPLER"
    ],
    [
      308,
      177,
      0,
      171,
      0,
      "MODEL"
    ],
    [
      324,
      122,
      0,
      190,
      0,
      "MODEL"
    ],
    [
      325,
      114,
      0,
      190,
      1,
      "PULIDFLUX"
    ],
    [
      326,
      119,
      0,
      190,
      2,
      "EVA_CLIP"
    ],
    [
      327,
      124,
      0,
      190,
      3,
      "FACEANALYSIS"
    ],
    [
      331,
      123,
      0,
      191,
      0,
      "CLIP"
    ],
    [
      332,
      191,
      0,
      112,
      0,
      "CONDITIONING"
    ],
    [
      347,
      198,
      0,
      190,
      4,
      "IMAGE"
    ],
    [
      357,
      190,
      0,
      169,
      0,
      "MODEL"
    ],
    [
      359,
      205,
      0,
      176,
      4,
      "LATENT"
    ],
    [
      360,
      207,
      0,
      206,
      1,
      "JOYCAPTIONBETA1_MODEL"
    ],
    [
      361,
      206,
      0,
      191,
      1,
      "STRING"
    ],
    [
      363,
      209,
      0,
      206,
      0,
      "IMAGE"
    ],
    [
      364,
      206,
      0,
      210,
      0,
      "*"
    ],
    [
      367,
      175,
      0,
      213,
      0,
      "*"
    ],
    [
      368,
      213,
      0,
      201,
      0,
      "IMAGE"
    ],
    [
      370,
      212,
      0,
      214,
      0,
      "IMAGE"
    ],
    [
      371,
      198,
      0,
      215,
      0,
      "IMAGE"
    ],
    [
      372,
      215,
      0,
      212,
      0,
      "IMAGE"
    ],
    [
      373,
      213,
      0,
      216,
      0,
      "IMAGE"
    ],
    [
      374,
      216,
      0,
      212,
      1,
      "IMAGE"
    ],
    [
      375,
      205,
      1,
      215,
      3,
      "INT"
    ],
    [
      376,
      205,
      2,
      215,
      4,
      "INT"
    ]
  ],
  "id": "f6fe9c41-ba15-4b65-8f4f-8d3dd7578246",
  "config": {},
  "version": 0.4,
  "last_node_id": 220,
  "revision": 0
}