{
  "last_link_id": 270,
  "nodes": [
    {
      "outputs": [
        {
          "name": "lora",
          "links": [
            210
          ],
          "label": "lora",
          "type": "WANVIDLORA",
          "localized_name": "lora"
        }
      ],
      "color": "#223",
      "widgets_values": [
        "lightx2v_T2V_14B_cfg_step_distill_v2_lora_rank128_bf16.safetensors",
        1,
        false,
        false
      ],
      "inputs": [
        {
          "shape": 7,
          "name": "prev_lora",
          "label": "prev_lora",
          "type": "WANVIDLORA",
          "localized_name": "prev_lora"
        },
        {
          "shape": 7,
          "name": "blocks",
          "label": "blocks",
          "type": "SELECTEDBLOCKS",
          "localized_name": "blocks"
        },
        {
          "widget": {
            "name": "lora"
          },
          "name": "lora",
          "label": "lora",
          "type": "COMBO",
          "localized_name": "lora"
        },
        {
          "widget": {
            "name": "strength"
          },
          "name": "strength",
          "label": "strength",
          "type": "FLOAT",
          "localized_name": "strength"
        },
        {
          "widget": {
            "name": "low_mem_load"
          },
          "shape": 7,
          "name": "low_mem_load",
          "label": "low_mem_load",
          "type": "BOOLEAN",
          "localized_name": "low_mem_load"
        },
        {
          "widget": {
            "name": "merge_loras"
          },
          "shape": 7,
          "name": "merge_loras",
          "label": "merge_loras",
          "type": "BOOLEAN",
          "localized_name": "merge_loras"
        }
      ],
      "flags": {},
      "type": "WanVideoLoraSelect",
      "mode": 0,
      "bgcolor": "#335",
      "size": [
        396.8268737792969,
        150
      ],
      "pos": [
        -1390.5960693359375,
        -1256.7567138671875
      ],
      "id": 71,
      "properties": {
        "cnr_id": "ComfyUI-WanVideoWrapper",
        "ver": "6b9565ed6307168c45770ec08517d7df65b61e3f",
        "widget_ue_connectable": {},
        "Node name for S&R": "WanVideoLoraSelect"
      },
      "order": 0
    },
    {
      "outputs": [
        {
          "name": "torch_compile_args",
          "slot_index": 0,
          "links": [
            211
          ],
          "label": "torch_compile_args",
          "type": "WANCOMPILEARGS",
          "localized_name": "torch_compile_args"
        }
      ],
      "color": "#223",
      "widgets_values": [
        "inductor",
        false,
        "default",
        false,
        64,
        true,
        128
      ],
      "inputs": [
        {
          "widget": {
            "name": "backend"
          },
          "name": "backend",
          "label": "backend",
          "type": "COMBO",
          "localized_name": "backend"
        },
        {
          "widget": {
            "name": "fullgraph"
          },
          "name": "fullgraph",
          "label": "fullgraph",
          "type": "BOOLEAN",
          "localized_name": "fullgraph"
        },
        {
          "widget": {
            "name": "mode"
          },
          "name": "mode",
          "label": "mode",
          "type": "COMBO",
          "localized_name": "mode"
        },
        {
          "widget": {
            "name": "dynamic"
          },
          "name": "dynamic",
          "label": "dynamic",
          "type": "BOOLEAN",
          "localized_name": "dynamic"
        },
        {
          "widget": {
            "name": "dynamo_cache_size_limit"
          },
          "name": "dynamo_cache_size_limit",
          "label": "dynamo_cache_size_limit",
          "type": "INT",
          "localized_name": "dynamo_cache_size_limit"
        },
        {
          "widget": {
            "name": "compile_transformer_blocks_only"
          },
          "name": "compile_transformer_blocks_only",
          "label": "compile_transformer_blocks_only",
          "type": "BOOLEAN",
          "localized_name": "compile_transformer_blocks_only"
        },
        {
          "widget": {
            "name": "dynamo_recompile_limit"
          },
          "shape": 7,
          "name": "dynamo_recompile_limit",
          "label": "dynamo_recompile_limit",
          "type": "INT",
          "localized_name": "dynamo_recompile_limit"
        }
      ],
      "flags": {},
      "type": "WanVideoTorchCompileSettings",
      "mode": 0,
      "bgcolor": "#335",
      "size": [
        390.5999755859375,
        202
      ],
      "pos": [
        -1389.0718994140625,
        -1051.3759765625
      ],
      "id": 35,
      "properties": {
        "cnr_id": "ComfyUI-WanVideoWrapper",
        "ver": "d9b1f4d1a5aea91d101ae97a54714a5861af3f50",
        "widget_ue_connectable": {},
        "Node name for S&R": "WanVideoTorchCompileSettings"
      },
      "order": 1
    },
    {
      "outputs": [],
      "color": "#432",
      "widgets_values": [
        "Models:\nhttps://huggingface.co/Kijai/WanVideo_comfy/tree/main"
      ],
      "inputs": [],
      "flags": {},
      "type": "Note",
      "mode": 0,
      "bgcolor": "#653",
      "size": [
        359.0753479003906,
        88
      ],
      "pos": [
        -1788.984375,
        -1179.681640625
      ],
      "id": 33,
      "properties": {
        "widget_ue_connectable": {}
      },
      "order": 2
    },
    {
      "outputs": [
        {
          "name": "model",
          "links": [
            107
          ],
          "label": "model",
          "type": "WANVIDEOMODEL",
          "localized_name": "model"
        }
      ],
      "color": "#223",
      "widgets_values": [],
      "inputs": [
        {
          "name": "model",
          "link": 90,
          "label": "model",
          "type": "WANVIDEOMODEL",
          "localized_name": "model"
        },
        {
          "shape": 7,
          "name": "block_swap_args",
          "link": 92,
          "label": "block_swap_args",
          "type": "BLOCKSWAPARGS",
          "localized_name": "block_swap_args"
        }
      ],
      "flags": {},
      "type": "WanVideoSetBlockSwap",
      "mode": 0,
      "bgcolor": "#335",
      "size": [
        201.76815795898438,
        46
      ],
      "pos": [
        -627.99853515625,
        -898.4815063476562
      ],
      "id": 70,
      "properties": {
        "cnr_id": "ComfyUI-WanVideoWrapper",
        "ver": "5406a72f62adf4a31a8a0a0e4923cc5288399652",
        "widget_ue_connectable": {},
        "Node name for S&R": "WanVideoSetBlockSwap"
      },
      "order": 42
    },
    {
      "outputs": [],
      "color": "#432",
      "widgets_values": [
        "LoRA link:\n\n[https://huggingface.co/BowenXue/Stand-In](https://huggingface.co/BowenXue/Stand-In)\n\nThis LoRA is not the traditional kind and it HAS TO connect to the model loader directly."
      ],
      "inputs": [],
      "flags": {},
      "type": "MarkdownNote",
      "mode": 0,
      "bgcolor": "#653",
      "size": [
        362.6117858886719,
        143.0945281982422
      ],
      "pos": [
        -1792.1419677734375,
        -1002.5709838867188
      ],
      "id": 126,
      "properties": {
        "widget_ue_connectable": {}
      },
      "order": 3
    },
    {
      "mode": 0,
      "outputs": [
        {
          "name": "*",
          "label": "*",
          "type": "*"
        }
      ],
      "size": [
        210,
        60
      ],
      "pos": [
        -401.2383728027344,
        -1228.5540771484375
      ],
      "widgets_values": [
        "offload_model"
      ],
      "inputs": [
        {
          "name": "WANVIDEOMODEL",
          "link": 233,
          "label": "WANVIDEOMODEL",
          "type": "WANVIDEOMODEL"
        }
      ],
      "flags": {},
      "id": 133,
      "type": "SetNode",
      "title": "Set_offload_model",
      "properties": {
        "previousName": "offload_model",
        "widget_ue_connectable": {}
      },
      "order": 43
    },
    {
      "outputs": [
        {
          "name": "model",
          "links": [
            108,
            234
          ],
          "label": "model",
          "type": "WANVIDEOMODEL",
          "localized_name": "model"
        }
      ],
      "color": "#223",
      "widgets_values": [],
      "inputs": [
        {
          "name": "model",
          "link": 107,
          "label": "model",
          "type": "WANVIDEOMODEL",
          "localized_name": "model"
        },
        {
          "shape": 7,
          "name": "lora",
          "link": 210,
          "label": "lora",
          "type": "WANVIDLORA",
          "localized_name": "lora"
        }
      ],
      "flags": {},
      "type": "WanVideoSetLoRAs",
      "mode": 0,
      "bgcolor": "#335",
      "size": [
        210.25543212890625,
        46
      ],
      "pos": [
        -638.2094116210938,
        -801.6395874023438
      ],
      "id": 79,
      "properties": {
        "cnr_id": "ComfyUI-WanVideoWrapper",
        "ver": "7c93aea182a0d7084bfbc18ae36f039ea3845e73",
        "widget_ue_connectable": {},
        "Node name for S&R": "WanVideoSetLoRAs"
      },
      "order": 46
    },
    {
      "mode": 0,
      "outputs": [
        {
          "name": "*",
          "label": "*",
          "type": "*"
        }
      ],
      "size": [
        210,
        58
      ],
      "pos": [
        -396.2383117675781,
        -1112.0528564453125
      ],
      "widgets_values": [
        "model"
      ],
      "inputs": [
        {
          "name": "WANVIDEOMODEL",
          "link": 234,
          "label": "WANVIDEOMODEL",
          "type": "WANVIDEOMODEL"
        }
      ],
      "flags": {},
      "id": 134,
      "type": "SetNode",
      "title": "Set_model",
      "properties": {
        "previousName": "model",
        "widget_ue_connectable": {}
      },
      "order": 50
    },
    {
      "outputs": [
        {
          "name": "wan_t5_model",
          "slot_index": 0,
          "links": [
            235
          ],
          "label": "wan_t5_model",
          "type": "WANTEXTENCODER",
          "localized_name": "wan_t5_model"
        }
      ],
      "color": "#332922",
      "widgets_values": [
        "umt5-xxl-enc-fp8_e4m3fn.safetensors",
        "bf16",
        "offload_device",
        "disabled"
      ],
      "inputs": [
        {
          "widget": {
            "name": "model_name"
          },
          "name": "model_name",
          "label": "model_name",
          "type": "COMBO",
          "localized_name": "model_name"
        },
        {
          "widget": {
            "name": "precision"
          },
          "name": "precision",
          "label": "precision",
          "type": "COMBO",
          "localized_name": "precision"
        },
        {
          "widget": {
            "name": "load_device"
          },
          "shape": 7,
          "name": "load_device",
          "label": "load_device",
          "type": "COMBO",
          "localized_name": "load_device"
        },
        {
          "widget": {
            "name": "quantization"
          },
          "shape": 7,
          "name": "quantization",
          "label": "quantization",
          "type": "COMBO",
          "localized_name": "quantization"
        }
      ],
      "flags": {},
      "type": "LoadWanVideoT5TextEncoder",
      "mode": 0,
      "bgcolor": "#593930",
      "size": [
        537.716552734375,
        130
      ],
      "pos": [
        -964.3762817382812,
        -650.9142456054688
      ],
      "id": 11,
      "properties": {
        "cnr_id": "ComfyUI-WanVideoWrapper",
        "ver": "d9b1f4d1a5aea91d101ae97a54714a5861af3f50",
        "widget_ue_connectable": {},
        "Node name for S&R": "LoadWanVideoT5TextEncoder"
      },
      "order": 4
    },
    {
      "mode": 0,
      "outputs": [
        {
          "name": "*",
          "label": "*",
          "type": "*"
        }
      ],
      "size": [
        210,
        58
      ],
      "pos": [
        -395.6983947753906,
        -1002.2421875
      ],
      "widgets_values": [
        "clip"
      ],
      "inputs": [
        {
          "name": "WANTEXTENCODER",
          "link": 235,
          "label": "WANTEXTENCODER",
          "type": "WANTEXTENCODER"
        }
      ],
      "flags": {},
      "id": 135,
      "type": "SetNode",
      "title": "Set_clip",
      "properties": {
        "previousName": "clip",
        "widget_ue_connectable": {}
      },
      "order": 31
    },
    {
      "outputs": [
        {
          "name": "vae",
          "slot_index": 0,
          "links": [
            236
          ],
          "label": "vae",
          "type": "WANVAE",
          "localized_name": "vae"
        }
      ],
      "color": "#322",
      "widgets_values": [
        "Wan2_1_VAE_bf16.safetensors",
        "bf16"
      ],
      "inputs": [
        {
          "shape": 7,
          "name": "compile_args",
          "label": "compile_args",
          "type": "WANCOMPILEARGS",
          "localized_name": "compile_args"
        },
        {
          "widget": {
            "name": "model_name"
          },
          "name": "model_name",
          "label": "model_name",
          "type": "COMBO",
          "localized_name": "model_name"
        },
        {
          "widget": {
            "name": "precision"
          },
          "shape": 7,
          "name": "precision",
          "label": "precision",
          "type": "COMBO",
          "localized_name": "precision"
        }
      ],
      "flags": {},
      "type": "WanVideoVAELoader",
      "mode": 0,
      "bgcolor": "#533",
      "size": [
        372.7727966308594,
        82
      ],
      "pos": [
        -1394.2158203125,
        -579.2639770507812
      ],
      "id": 38,
      "properties": {
        "cnr_id": "ComfyUI-WanVideoWrapper",
        "ver": "d9b1f4d1a5aea91d101ae97a54714a5861af3f50",
        "widget_ue_connectable": {},
        "Node name for S&R": "WanVideoVAELoader"
      },
      "order": 5
    },
    {
      "mode": 0,
      "outputs": [
        {
          "name": "*",
          "label": "*",
          "type": "*"
        }
      ],
      "size": [
        210,
        58
      ],
      "pos": [
        -396.8309020996094,
        -891.76220703125
      ],
      "widgets_values": [
        "vae"
      ],
      "inputs": [
        {
          "name": "WANVAE",
          "link": 236,
          "label": "WANVAE",
          "type": "WANVAE"
        }
      ],
      "flags": {},
      "id": 136,
      "type": "SetNode",
      "title": "Set_vae",
      "properties": {
        "previousName": "vae",
        "widget_ue_connectable": {}
      },
      "order": 32
    },
    {
      "mode": 0,
      "outputs": [],
      "size": [
        266.18988037109375,
        276.7458190917969
      ],
      "pos": [
        653.584716796875,
        -144.18463134765625
      ],
      "widgets_values": [],
      "inputs": [
        {
          "name": "images",
          "link": 227,
          "label": "images",
          "type": "IMAGE",
          "localized_name": "images"
        }
      ],
      "flags": {},
      "id": 121,
      "type": "PreviewImage",
      "properties": {
        "cnr_id": "comfy-core",
        "ver": "0.3.49",
        "widget_ue_connectable": {},
        "Node name for S&R": "PreviewImage"
      },
      "order": 40
    },
    {
      "mode": 0,
      "outputs": [
        {
          "name": "WANVAE",
          "links": [
            237
          ],
          "label": "WANVAE",
          "type": "WANVAE"
        }
      ],
      "size": [
        245.47763061523438,
        58
      ],
      "pos": [
        659.7386474609375,
        184.17953491210938
      ],
      "widgets_values": [
        "vae"
      ],
      "inputs": [],
      "flags": {},
      "id": 137,
      "type": "GetNode",
      "title": "Get_vae",
      "properties": {
        "widget_ue_connectable": {}
      },
      "order": 6
    },
    {
      "mode": 0,
      "outputs": [
        {
          "name": "samples",
          "slot_index": 0,
          "links": [
            33
          ],
          "label": "samples",
          "type": "LATENT",
          "localized_name": "samples"
        },
        {
          "name": "denoised_samples",
          "label": "denoised_samples",
          "type": "LATENT",
          "localized_name": "denoised_samples"
        }
      ],
      "size": [
        330.8023986816406,
        695.6167602539062
      ],
      "pos": [
        717.7351684570312,
        -1206.644287109375
      ],
      "widgets_values": [
        4,
        1,
        5,
        437220483131947,
        "randomize",
        true,
        "dpm++_sde",
        0,
        1,
        "",
        "comfy",
        0,
        -1,
        false
      ],
      "inputs": [
        {
          "name": "model",
          "link": 108,
          "label": "model",
          "type": "WANVIDEOMODEL",
          "localized_name": "model"
        },
        {
          "name": "text_embeds",
          "link": 249,
          "label": "text_embeds",
          "type": "WANVIDEOTEXTEMBEDS",
          "localized_name": "text_embeds"
        },
        {
          "name": "image_embeds",
          "link": 244,
          "label": "image_embeds",
          "type": "WANVIDIMAGE_EMBEDS",
          "localized_name": "image_embeds"
        },
        {
          "shape": 7,
          "name": "samples",
          "label": "samples",
          "type": "LATENT",
          "localized_name": "samples"
        },
        {
          "shape": 7,
          "name": "feta_args",
          "label": "feta_args",
          "type": "FETAARGS",
          "localized_name": "feta_args"
        },
        {
          "shape": 7,
          "name": "context_options",
          "label": "context_options",
          "type": "WANVIDCONTEXT",
          "localized_name": "context_options"
        },
        {
          "shape": 7,
          "name": "cache_args",
          "label": "cache_args",
          "type": "CACHEARGS",
          "localized_name": "cache_args"
        },
        {
          "shape": 7,
          "name": "flowedit_args",
          "label": "flowedit_args",
          "type": "FLOWEDITARGS",
          "localized_name": "flowedit_args"
        },
        {
          "shape": 7,
          "name": "slg_args",
          "label": "slg_args",
          "type": "SLGARGS",
          "localized_name": "slg_args"
        },
        {
          "shape": 7,
          "name": "loop_args",
          "label": "loop_args",
          "type": "LOOPARGS",
          "localized_name": "loop_args"
        },
        {
          "shape": 7,
          "name": "experimental_args",
          "label": "experimental_args",
          "type": "EXPERIMENTALARGS",
          "localized_name": "experimental_args"
        },
        {
          "shape": 7,
          "name": "sigmas",
          "label": "sigmas",
          "type": "SIGMAS",
          "localized_name": "sigmas"
        },
        {
          "shape": 7,
          "name": "unianimate_poses",
          "label": "unianimate_poses",
          "type": "UNIANIMATE_POSE",
          "localized_name": "unianimate_poses"
        },
        {
          "shape": 7,
          "name": "fantasytalking_embeds",
          "label": "fantasytalking_embeds",
          "type": "FANTASYTALKING_EMBEDS",
          "localized_name": "fantasytalking_embeds"
        },
        {
          "shape": 7,
          "name": "uni3c_embeds",
          "label": "uni3c_embeds",
          "type": "UNI3C_EMBEDS",
          "localized_name": "uni3c_embeds"
        },
        {
          "shape": 7,
          "name": "multitalk_embeds",
          "label": "multitalk_embeds",
          "type": "MULTITALK_EMBEDS",
          "localized_name": "multitalk_embeds"
        },
        {
          "shape": 7,
          "name": "freeinit_args",
          "label": "freeinit_args",
          "type": "FREEINITARGS",
          "localized_name": "freeinit_args"
        },
        {
          "widget": {
            "name": "steps"
          },
          "name": "steps",
          "label": "steps",
          "type": "INT",
          "localized_name": "steps"
        },
        {
          "widget": {
            "name": "cfg"
          },
          "name": "cfg",
          "label": "cfg",
          "type": "FLOAT",
          "localized_name": "cfg"
        },
        {
          "widget": {
            "name": "shift"
          },
          "name": "shift",
          "label": "shift",
          "type": "FLOAT",
          "localized_name": "shift"
        },
        {
          "widget": {
            "name": "seed"
          },
          "name": "seed",
          "label": "seed",
          "type": "INT",
          "localized_name": "seed"
        },
        {
          "widget": {
            "name": "force_offload"
          },
          "name": "force_offload",
          "label": "force_offload",
          "type": "BOOLEAN",
          "localized_name": "force_offload"
        },
        {
          "widget": {
            "name": "scheduler"
          },
          "name": "scheduler",
          "label": "scheduler",
          "type": "COMBO",
          "localized_name": "scheduler"
        },
        {
          "widget": {
            "name": "riflex_freq_index"
          },
          "name": "riflex_freq_index",
          "label": "riflex_freq_index",
          "type": "INT",
          "localized_name": "riflex_freq_index"
        },
        {
          "widget": {
            "name": "denoise_strength"
          },
          "shape": 7,
          "name": "denoise_strength",
          "label": "denoise_strength",
          "type": "FLOAT",
          "localized_name": "denoise_strength"
        },
        {
          "widget": {
            "name": "batched_cfg"
          },
          "shape": 7,
          "name": "batched_cfg",
          "label": "batched_cfg",
          "type": "BOOLEAN",
          "localized_name": "batched_cfg"
        },
        {
          "widget": {
            "name": "rope_function"
          },
          "shape": 7,
          "name": "rope_function",
          "label": "rope_function",
          "type": "COMBO",
          "localized_name": "rope_function"
        },
        {
          "widget": {
            "name": "start_step"
          },
          "shape": 7,
          "name": "start_step",
          "label": "start_step",
          "type": "INT",
          "localized_name": "start_step"
        },
        {
          "widget": {
            "name": "end_step"
          },
          "shape": 7,
          "name": "end_step",
          "label": "end_step",
          "type": "INT",
          "localized_name": "end_step"
        },
        {
          "widget": {
            "name": "add_noise_to_samples"
          },
          "shape": 7,
          "name": "add_noise_to_samples",
          "label": "add_noise_to_samples",
          "type": "BOOLEAN",
          "localized_name": "add_noise_to_samples"
        }
      ],
      "flags": {},
      "id": 27,
      "type": "WanVideoSampler",
      "properties": {
        "cnr_id": "ComfyUI-WanVideoWrapper",
        "ver": "d9b1f4d1a5aea91d101ae97a54714a5861af3f50",
        "widget_ue_connectable": {},
        "Node name for S&R": "WanVideoSampler"
      },
      "order": 49
    },
    {
      "mode": 0,
      "outputs": [
        {
          "name": "WANTEXTENCODER",
          "links": [
            242
          ],
          "label": "WANTEXTENCODER",
          "type": "WANTEXTENCODER"
        }
      ],
      "size": [
        210,
        60
      ],
      "pos": [
        -47.44425582885742,
        -1190.505126953125
      ],
      "widgets_values": [
        "clip"
      ],
      "inputs": [],
      "flags": {},
      "id": 142,
      "type": "GetNode",
      "title": "Get_clip",
      "properties": {
        "widget_ue_connectable": {}
      },
      "order": 7
    },
    {
      "mode": 0,
      "outputs": [
        {
          "name": "WANVIDIMAGE_EMBEDS",
          "links": [
            244
          ],
          "label": "WANVIDIMAGE_EMBEDS",
          "type": "WANVIDIMAGE_EMBEDS"
        }
      ],
      "size": [
        210,
        58
      ],
      "pos": [
        -55.859073638916016,
        -952.7753295898438
      ],
      "widgets_values": [
        "image_embeds"
      ],
      "inputs": [],
      "flags": {},
      "id": 144,
      "type": "GetNode",
      "title": "Get_image_embeds",
      "properties": {
        "widget_ue_connectable": {}
      },
      "order": 8
    },
    {
      "mode": 0,
      "outputs": [
        {
          "name": "WANVIDEOMODEL",
          "links": [
            243
          ],
          "label": "WANVIDEOMODEL",
          "type": "WANVIDEOMODEL"
        }
      ],
      "size": [
        210,
        58
      ],
      "pos": [
        -51.415008544921875,
        -1071.239501953125
      ],
      "widgets_values": [
        "offload_model"
      ],
      "inputs": [],
      "flags": {},
      "id": 143,
      "type": "GetNode",
      "title": "Get_offload_model",
      "properties": {
        "widget_ue_connectable": {}
      },
      "order": 9
    },
    {
      "mode": 0,
      "outputs": [
        {
          "name": "WANVAE",
          "links": [
            245
          ],
          "label": "WANVAE",
          "type": "WANVAE"
        }
      ],
      "size": [
        210,
        58
      ],
      "pos": [
        -64.35034942626953,
        -832.4833374023438
      ],
      "widgets_values": [
        "vae"
      ],
      "inputs": [],
      "flags": {},
      "id": 145,
      "type": "GetNode",
      "title": "Get_vae",
      "properties": {
        "widget_ue_connectable": {}
      },
      "order": 10
    },
    {
      "outputs": [
        {
          "name": "images",
          "slot_index": 0,
          "links": [
            232
          ],
          "label": "images",
          "type": "IMAGE",
          "localized_name": "images"
        }
      ],
      "color": "#322",
      "widgets_values": [
        false,
        272,
        272,
        144,
        128,
        "default"
      ],
      "inputs": [
        {
          "name": "vae",
          "link": 245,
          "label": "vae",
          "type": "WANVAE",
          "localized_name": "vae"
        },
        {
          "name": "samples",
          "link": 33,
          "label": "samples",
          "type": "LATENT",
          "localized_name": "samples"
        },
        {
          "widget": {
            "name": "enable_vae_tiling"
          },
          "name": "enable_vae_tiling",
          "label": "enable_vae_tiling",
          "type": "BOOLEAN",
          "localized_name": "enable_vae_tiling"
        },
        {
          "widget": {
            "name": "tile_x"
          },
          "name": "tile_x",
          "label": "tile_x",
          "type": "INT",
          "localized_name": "tile_x"
        },
        {
          "widget": {
            "name": "tile_y"
          },
          "name": "tile_y",
          "label": "tile_y",
          "type": "INT",
          "localized_name": "tile_y"
        },
        {
          "widget": {
            "name": "tile_stride_x"
          },
          "name": "tile_stride_x",
          "label": "tile_stride_x",
          "type": "INT",
          "localized_name": "tile_stride_x"
        },
        {
          "widget": {
            "name": "tile_stride_y"
          },
          "name": "tile_stride_y",
          "label": "tile_stride_y",
          "type": "INT",
          "localized_name": "tile_stride_y"
        },
        {
          "widget": {
            "name": "normalization"
          },
          "shape": 7,
          "name": "normalization",
          "label": "normalization",
          "type": "COMBO",
          "localized_name": "normalization"
        }
      ],
      "flags": {},
      "type": "WanVideoDecode",
      "mode": 0,
      "bgcolor": "#533",
      "size": [
        315,
        198
      ],
      "pos": [
        1070.7999267578125,
        -1207.588134765625
      ],
      "id": 28,
      "properties": {
        "cnr_id": "ComfyUI-WanVideoWrapper",
        "ver": "d9b1f4d1a5aea91d101ae97a54714a5861af3f50",
        "widget_ue_connectable": {},
        "Node name for S&R": "WanVideoDecode"
      },
      "order": 53
    },
    {
      "outputs": [],
      "color": "#fff0",
      "inputs": [],
      "flags": {
        "allow_interaction": true
      },
      "type": "Label (rgthree)",
      "title": "youtube：AI老腊肉",
      "mode": 0,
      "bgcolor": "#fff0",
      "size": [
        850.341796875,
        100
      ],
      "pos": [
        -1061.722900390625,
        -2297.34326171875
      ],
      "id": 149,
      "properties": {
        "padding": 0,
        "backgroundColor": "transparent",
        "fontFamily": "Arial",
        "borderRadius": 0,
        "textAlign": "left",
        "widget_ue_connectable": {},
        "fontSize": 100,
        "fontColor": "#ffffff"
      },
      "order": 11
    },
    {
      "outputs": [],
      "color": "#fff0",
      "inputs": [],
      "flags": {
        "allow_interaction": true
      },
      "type": "Label (rgthree)",
      "title": "https://www.youtube.com/@sunleyan_2021",
      "mode": 0,
      "bgcolor": "#fff0",
      "size": [
        1919.287109375,
        100
      ],
      "pos": [
        -161.89097595214844,
        -2298.418701171875
      ],
      "id": 147,
      "properties": {
        "padding": 0,
        "backgroundColor": "transparent",
        "fontFamily": "Arial",
        "borderRadius": 0,
        "textAlign": "left",
        "widget_ue_connectable": {},
        "fontSize": 100,
        "fontColor": "#ffffff"
      },
      "order": 12
    },
    {
      "outputs": [],
      "color": "#fff0",
      "inputs": [],
      "flags": {
        "allow_interaction": true
      },
      "type": "Label (rgthree)",
      "title": "bilibli：有趣的80后程序员",
      "mode": 0,
      "bgcolor": "#fff0",
      "size": [
        1133.544921875,
        100
      ],
      "pos": [
        -1050.8631591796875,
        -2139.363037109375
      ],
      "id": 148,
      "properties": {
        "padding": 0,
        "backgroundColor": "transparent",
        "fontFamily": "Arial",
        "borderRadius": 0,
        "textAlign": "left",
        "widget_ue_connectable": {},
        "fontSize": 100,
        "fontColor": "#ffffff"
      },
      "order": 13
    },
    {
      "outputs": [],
      "color": "#fff0",
      "inputs": [],
      "flags": {
        "allow_interaction": true
      },
      "type": "Label (rgthree)",
      "title": "https://space.bilibili.com/1078072406",
      "mode": 0,
      "bgcolor": "#fff0",
      "size": [
        1639.94140625,
        100
      ],
      "pos": [
        151.1623077392578,
        -2147.495361328125
      ],
      "id": 153,
      "properties": {
        "padding": 0,
        "backgroundColor": "transparent",
        "fontFamily": "Arial",
        "borderRadius": 0,
        "textAlign": "left",
        "widget_ue_connectable": {},
        "fontSize": 100,
        "fontColor": "#ffffff"
      },
      "order": 14
    },
    {
      "outputs": [],
      "color": "#fff0",
      "inputs": [],
      "flags": {
        "allow_interaction": true
      },
      "type": "Label (rgthree)",
      "title": "https://github.com/amao2001/ganloss-latent-space",
      "mode": 0,
      "bgcolor": "#fff0",
      "size": [
        2240.234375,
        100
      ],
      "pos": [
        -245.85784912109375,
        -1845.0242919921875
      ],
      "id": 152,
      "properties": {
        "padding": 0,
        "backgroundColor": "transparent",
        "fontFamily": "Arial",
        "borderRadius": 0,
        "textAlign": "left",
        "widget_ue_connectable": {},
        "fontSize": 100,
        "fontColor": "#ffffff"
      },
      "order": 15
    },
    {
      "outputs": [],
      "color": "#fff0",
      "inputs": [],
      "flags": {
        "allow_interaction": true
      },
      "type": "Label (rgthree)",
      "title": "工作流下载地址：",
      "mode": 0,
      "bgcolor": "#fff0",
      "size": [
        800,
        100
      ],
      "pos": [
        -1045.0980224609375,
        -1829.8043212890625
      ],
      "id": 151,
      "properties": {
        "padding": 0,
        "backgroundColor": "transparent",
        "fontFamily": "Arial",
        "borderRadius": 0,
        "textAlign": "left",
        "widget_ue_connectable": {},
        "fontSize": 100,
        "fontColor": "#ffffff"
      },
      "order": 16
    },
    {
      "outputs": [],
      "color": "#fff0",
      "inputs": [],
      "flags": {
        "allow_interaction": true
      },
      "type": "Label (rgthree)",
      "title": "抖音：有趣的80后程序员",
      "mode": 0,
      "bgcolor": "#fff0",
      "size": [
        1111.23046875,
        100
      ],
      "pos": [
        -1039.712646484375,
        -1987.0411376953125
      ],
      "id": 150,
      "properties": {
        "padding": 0,
        "backgroundColor": "transparent",
        "fontFamily": "Arial",
        "borderRadius": 0,
        "textAlign": "left",
        "widget_ue_connectable": {},
        "fontSize": 100,
        "fontColor": "#ffffff"
      },
      "order": 17
    },
    {
      "mode": 0,
      "outputs": [
        {
          "name": "processed_image",
          "links": [
            227,
            231
          ],
          "label": "processed_image",
          "type": "IMAGE",
          "localized_name": "processed_image"
        },
        {
          "name": "face_rgba",
          "label": "face_rgba",
          "type": "IMAGE",
          "localized_name": "face_rgba"
        }
      ],
      "size": [
        270,
        198
      ],
      "pos": [
        649.74267578125,
        -366.1477966308594
      ],
      "widgets_values": [
        512,
        10,
        1.5,
        0.5,
        false,
        false
      ],
      "inputs": [
        {
          "name": "face_processor",
          "link": 230,
          "label": "face_processor",
          "type": "FACE_PROCESSOR",
          "localized_name": "face_processor"
        },
        {
          "name": "image",
          "link": 226,
          "label": "image",
          "type": "IMAGE",
          "localized_name": "image"
        },
        {
          "widget": {
            "name": "resize_to"
          },
          "name": "resize_to",
          "label": "resize_to",
          "type": "INT",
          "localized_name": "resize_to"
        },
        {
          "widget": {
            "name": "border_thresh"
          },
          "name": "border_thresh",
          "label": "border_thresh",
          "type": "INT",
          "localized_name": "border_thresh"
        },
        {
          "widget": {
            "name": "face_crop_scale"
          },
          "name": "face_crop_scale",
          "label": "face_crop_scale",
          "type": "FLOAT",
          "localized_name": "face_crop_scale"
        },
        {
          "widget": {
            "name": "confidence_threshold"
          },
          "name": "confidence_threshold",
          "label": "confidence_threshold",
          "type": "FLOAT",
          "localized_name": "confidence_threshold"
        },
        {
          "widget": {
            "name": "with_neck"
          },
          "name": "with_neck",
          "label": "with_neck",
          "type": "BOOLEAN",
          "localized_name": "with_neck"
        },
        {
          "widget": {
            "name": "face_only_mode"
          },
          "name": "face_only_mode",
          "label": "face_only_mode",
          "type": "BOOLEAN",
          "localized_name": "face_only_mode"
        }
      ],
      "flags": {},
      "id": 128,
      "type": "ApplyFaceProcessor",
      "properties": {
        "widget_ue_connectable": {},
        "Node name for S&R": "ApplyFaceProcessor"
      },
      "order": 37
    },
    {
      "outputs": [
        {
          "name": "IMAGE",
          "links": [
            226
          ],
          "label": "IMAGE",
          "type": "IMAGE",
          "localized_name": "IMAGE"
        },
        {
          "name": "MASK",
          "links": [],
          "label": "MASK",
          "type": "MASK",
          "localized_name": "MASK"
        }
      ],
      "color": "#2a363b",
      "widgets_values": [
        "54d2609c14ca20d7bd957b3a1d66d1c58d1e6448ef948974b8b37e5d1df33784.png",
        "image"
      ],
      "inputs": [
        {
          "widget": {
            "name": "image"
          },
          "name": "image",
          "label": "image",
          "type": "COMBO",
          "localized_name": "image"
        },
        {
          "widget": {
            "name": "upload"
          },
          "name": "upload",
          "label": "upload",
          "type": "IMAGEUPLOAD",
          "localized_name": "choose file to upload"
        }
      ],
      "flags": {},
      "type": "LoadImage",
      "mode": 0,
      "bgcolor": "#3f5159",
      "size": [
        413.10479736328125,
        498.3180847167969
      ],
      "pos": [
        209.70655822753906,
        -254.4088134765625
      ],
      "id": 58,
      "properties": {
        "cnr_id": "comfy-core",
        "ver": "0.3.26",
        "widget_ue_connectable": {},
        "Node name for S&R": "LoadImage"
      },
      "order": 18
    },
    {
      "mode": 0,
      "outputs": [
        {
          "name": "lora",
          "links": [
            170
          ],
          "label": "lora",
          "type": "WANVIDLORA",
          "localized_name": "lora"
        }
      ],
      "size": [
        401.3660583496094,
        159.44424438476562
      ],
      "pos": [
        -1399.3275146484375,
        -797.0734252929688
      ],
      "widgets_values": [
        "Stand-In_wan2.1_T2V_14B_ver1.0.ckpt",
        1.0000000000000002,
        false,
        false
      ],
      "inputs": [
        {
          "shape": 7,
          "name": "prev_lora",
          "label": "prev_lora",
          "type": "WANVIDLORA",
          "localized_name": "prev_lora"
        },
        {
          "shape": 7,
          "name": "blocks",
          "label": "blocks",
          "type": "SELECTEDBLOCKS",
          "localized_name": "blocks"
        },
        {
          "widget": {
            "name": "lora"
          },
          "name": "lora",
          "label": "lora",
          "type": "COMBO",
          "localized_name": "lora"
        },
        {
          "widget": {
            "name": "strength"
          },
          "name": "strength",
          "label": "strength",
          "type": "FLOAT",
          "localized_name": "strength"
        },
        {
          "widget": {
            "name": "low_mem_load"
          },
          "shape": 7,
          "name": "low_mem_load",
          "label": "low_mem_load",
          "type": "BOOLEAN",
          "localized_name": "low_mem_load"
        },
        {
          "widget": {
            "name": "merge_loras"
          },
          "shape": 7,
          "name": "merge_loras",
          "label": "merge_loras",
          "type": "BOOLEAN",
          "localized_name": "merge_loras"
        }
      ],
      "flags": {},
      "id": 69,
      "type": "WanVideoLoraSelect",
      "properties": {
        "cnr_id": "ComfyUI-WanVideoWrapper",
        "ver": "6b9565ed6307168c45770ec08517d7df65b61e3f",
        "widget_ue_connectable": {},
        "Node name for S&R": "WanVideoLoraSelect"
      },
      "order": 19
    },
    {
      "outputs": [
        {
          "name": "value",
          "links": [
            251
          ],
          "label": "value",
          "type": "INT",
          "localized_name": "value"
        }
      ],
      "color": "#1b4669",
      "widgets_values": [
        832
      ],
      "inputs": [
        {
          "widget": {
            "name": "value"
          },
          "name": "value",
          "label": "value",
          "type": "INT",
          "localized_name": "value"
        }
      ],
      "flags": {},
      "type": "INTConstant",
      "mode": 0,
      "bgcolor": "#29699c",
      "size": [
        210,
        58
      ],
      "pos": [
        -1954.630859375,
        -347.8873291015625
      ],
      "id": 138,
      "properties": {
        "widget_ue_connectable": {},
        "Node name for S&R": "INTConstant"
      },
      "order": 20
    },
    {
      "outputs": [
        {
          "name": "value",
          "links": [
            252
          ],
          "label": "value",
          "type": "INT",
          "localized_name": "value"
        }
      ],
      "color": "#1b4669",
      "widgets_values": [
        480
      ],
      "inputs": [
        {
          "widget": {
            "name": "value"
          },
          "name": "value",
          "label": "value",
          "type": "INT",
          "localized_name": "value"
        }
      ],
      "flags": {},
      "type": "INTConstant",
      "mode": 0,
      "bgcolor": "#29699c",
      "size": [
        210,
        58
      ],
      "pos": [
        -1953.68603515625,
        -230.3730010986328
      ],
      "id": 139,
      "properties": {
        "widget_ue_connectable": {},
        "Node name for S&R": "INTConstant"
      },
      "order": 21
    },
    {
      "outputs": [
        {
          "name": "*",
          "label": "*",
          "type": "*"
        }
      ],
      "color": "#1b4669",
      "widgets_values": [
        "height"
      ],
      "inputs": [
        {
          "name": "INT",
          "link": 252,
          "label": "INT",
          "type": "INT"
        }
      ],
      "flags": {},
      "type": "SetNode",
      "title": "Set_height",
      "mode": 0,
      "bgcolor": "#29699c",
      "size": [
        210,
        58
      ],
      "pos": [
        -1703.8853759765625,
        -233.0817413330078
      ],
      "id": 157,
      "properties": {
        "previousName": "height",
        "widget_ue_connectable": {}
      },
      "order": 35
    },
    {
      "outputs": [
        {
          "name": "value",
          "links": [
            253
          ],
          "label": "value",
          "type": "INT",
          "localized_name": "value"
        }
      ],
      "color": "#1b4669",
      "widgets_values": [
        81
      ],
      "inputs": [
        {
          "widget": {
            "name": "value"
          },
          "name": "value",
          "label": "value",
          "type": "INT",
          "localized_name": "value"
        }
      ],
      "flags": {},
      "type": "INTConstant",
      "mode": 0,
      "bgcolor": "#29699c",
      "size": [
        210,
        58
      ],
      "pos": [
        -1950.713623046875,
        -109.81727600097656
      ],
      "id": 140,
      "properties": {
        "widget_ue_connectable": {},
        "Node name for S&R": "INTConstant"
      },
      "order": 22
    },
    {
      "outputs": [
        {
          "name": "*",
          "label": "*",
          "type": "*"
        }
      ],
      "color": "#1b4669",
      "widgets_values": [
        "width"
      ],
      "inputs": [
        {
          "name": "INT",
          "link": 251,
          "label": "INT",
          "type": "INT"
        }
      ],
      "flags": {},
      "type": "SetNode",
      "title": "Set_width",
      "mode": 0,
      "bgcolor": "#29699c",
      "size": [
        210,
        60
      ],
      "pos": [
        -1699.4410400390625,
        -348.71295166015625
      ],
      "id": 156,
      "properties": {
        "previousName": "width",
        "widget_ue_connectable": {}
      },
      "order": 34
    },
    {
      "outputs": [
        {
          "name": "INT",
          "links": [
            257
          ],
          "label": "INT",
          "type": "INT"
        }
      ],
      "color": "#1b4669",
      "widgets_values": [
        "frames"
      ],
      "inputs": [
        {
          "name": "INT",
          "link": 253,
          "label": "INT",
          "type": "INT"
        }
      ],
      "flags": {},
      "type": "SetNode",
      "title": "Set_frames",
      "mode": 0,
      "bgcolor": "#29699c",
      "size": [
        210,
        58
      ],
      "pos": [
        -1699.710205078125,
        -108.41864776611328
      ],
      "id": 158,
      "properties": {
        "previousName": "frames",
        "widget_ue_connectable": {}
      },
      "order": 36
    },
    {
      "mode": 0,
      "outputs": [
        {
          "name": "Filenames",
          "label": "Filenames",
          "type": "VHS_FILENAMES",
          "localized_name": "Filenames"
        }
      ],
      "size": [
        413.51336669921875,
        599.0269165039062
      ],
      "pos": [
        -636.0402221679688,
        -365.56573486328125
      ],
      "widgets_values": {
        "save_output": false,
        "filename_prefix": "AnimateDiff",
        "loop_count": 0,
        "pix_fmt": "yuv420p",
        "save_metadata": true,
        "crf": 19,
        "trim_to_audio": false,
        "videopreview": {
          "paused": false,
          "hidden": false,
          "params": {
            "filename": "AnimateDiff_00001_empqz_1755316671.mp4",
            "workflow": "AnimateDiff_00001.png",
            "fullpath": "/data/ComfyUI/personal/445aa9a89d7fa5567450f91c998092da/temp/AnimateDiff_00001.mp4",
            "format": "video/h264-mp4",
            "subfolder": "",
            "type": "temp",
            "frame_rate": 8
          }
        },
        "format": "video/h264-mp4",
        "no_preview": false,
        "frame_rate": 8,
        "pingpong": false
      },
      "inputs": [
        {
          "name": "images",
          "link": 262,
          "label": "images",
          "type": "IMAGE",
          "localized_name": "images"
        },
        {
          "shape": 7,
          "name": "audio",
          "label": "audio",
          "type": "AUDIO",
          "localized_name": "audio"
        },
        {
          "shape": 7,
          "name": "meta_batch",
          "label": "meta_batch",
          "type": "VHS_BatchManager",
          "localized_name": "meta_batch"
        },
        {
          "shape": 7,
          "name": "vae",
          "label": "vae",
          "type": "VAE",
          "localized_name": "vae"
        },
        {
          "widget": {
            "name": "frame_rate"
          },
          "name": "frame_rate",
          "label": "frame_rate",
          "type": "FLOAT",
          "localized_name": "frame_rate"
        },
        {
          "widget": {
            "name": "loop_count"
          },
          "name": "loop_count",
          "label": "loop_count",
          "type": "INT",
          "localized_name": "loop_count"
        },
        {
          "widget": {
            "name": "filename_prefix"
          },
          "name": "filename_prefix",
          "label": "filename_prefix",
          "type": "STRING",
          "localized_name": "filename_prefix"
        },
        {
          "widget": {
            "name": "format"
          },
          "name": "format",
          "label": "format",
          "type": "COMBO",
          "localized_name": "format"
        },
        {
          "widget": {
            "name": "pingpong"
          },
          "name": "pingpong",
          "label": "pingpong",
          "type": "BOOLEAN",
          "localized_name": "pingpong"
        },
        {
          "widget": {
            "name": "save_output"
          },
          "name": "save_output",
          "label": "save_output",
          "type": "BOOLEAN",
          "localized_name": "save_output"
        },
        {
          "widget": {
            "name": "no_preview"
          },
          "shape": 7,
          "name": "no_preview",
          "label": "no_preview",
          "type": "BOOLEAN",
          "localized_name": "no_preview"
        }
      ],
      "flags": {},
      "id": 167,
      "type": "VHS_VideoCombine",
      "properties": {
        "widget_ue_connectable": {},
        "Node name for S&R": "VHS_VideoCombine"
      },
      "order": 51
    },
    {
      "mode": 0,
      "outputs": [
        {
          "name": "WANVAE",
          "links": [
            263
          ],
          "label": "WANVAE",
          "type": "WANVAE"
        }
      ],
      "size": [
        210,
        60
      ],
      "pos": [
        -632.576416015625,
        228.49142456054688
      ],
      "widgets_values": [
        "vae"
      ],
      "inputs": [],
      "flags": {},
      "id": 169,
      "type": "GetNode",
      "title": "Get_vae",
      "properties": {
        "widget_ue_connectable": {}
      },
      "order": 23
    },
    {
      "mode": 0,
      "outputs": [
        {
          "name": "IMAGE",
          "links": [
            262,
            264
          ],
          "label": "IMAGE",
          "type": "IMAGE",
          "localized_name": "IMAGE"
        },
        {
          "name": "width",
          "label": "width",
          "type": "INT",
          "localized_name": "width"
        },
        {
          "name": "height",
          "label": "height",
          "type": "INT",
          "localized_name": "height"
        },
        {
          "name": "mask",
          "label": "mask",
          "type": "MASK",
          "localized_name": "mask"
        }
      ],
      "size": [
        420.01971435546875,
        290.0545654296875
      ],
      "pos": [
        -1082.0604248046875,
        -113.95751953125
      ],
      "widgets_values": [
        512,
        512,
        "nearest-exact",
        "crop",
        "0, 0, 0",
        "center",
        16,
        "cpu"
      ],
      "inputs": [
        {
          "name": "image",
          "link": 261,
          "label": "image",
          "type": "IMAGE",
          "localized_name": "image"
        },
        {
          "shape": 7,
          "name": "mask",
          "label": "mask",
          "type": "MASK",
          "localized_name": "mask"
        },
        {
          "widget": {
            "name": "width"
          },
          "name": "width",
          "link": 258,
          "label": "width",
          "type": "INT",
          "localized_name": "width"
        },
        {
          "widget": {
            "name": "height"
          },
          "name": "height",
          "link": 259,
          "label": "height",
          "type": "INT",
          "localized_name": "height"
        },
        {
          "widget": {
            "name": "upscale_method"
          },
          "name": "upscale_method",
          "label": "upscale_method",
          "type": "COMBO",
          "localized_name": "upscale_method"
        },
        {
          "widget": {
            "name": "keep_proportion"
          },
          "name": "keep_proportion",
          "label": "keep_proportion",
          "type": "COMBO",
          "localized_name": "keep_proportion"
        },
        {
          "widget": {
            "name": "pad_color"
          },
          "name": "pad_color",
          "label": "pad_color",
          "type": "STRING",
          "localized_name": "pad_color"
        },
        {
          "widget": {
            "name": "crop_position"
          },
          "name": "crop_position",
          "label": "crop_position",
          "type": "COMBO",
          "localized_name": "crop_position"
        },
        {
          "widget": {
            "name": "divisible_by"
          },
          "name": "divisible_by",
          "label": "divisible_by",
          "type": "INT",
          "localized_name": "divisible_by"
        },
        {
          "widget": {
            "name": "device"
          },
          "shape": 7,
          "name": "device",
          "label": "device",
          "type": "COMBO",
          "localized_name": "device"
        }
      ],
      "flags": {},
      "id": 163,
      "type": "ImageResizeKJv2",
      "properties": {
        "widget_ue_connectable": {},
        "Node name for S&R": "ImageResizeKJv2"
      },
      "order": 47
    },
    {
      "outputs": [
        {
          "name": "INT",
          "links": [
            258,
            265
          ],
          "label": "INT",
          "type": "INT"
        }
      ],
      "color": "#1b4669",
      "widgets_values": [
        "width"
      ],
      "inputs": [],
      "flags": {},
      "type": "GetNode",
      "title": "Get_width",
      "mode": 0,
      "bgcolor": "#29699c",
      "size": [
        210,
        60
      ],
      "pos": [
        -1093.869140625,
        -233.16807556152344
      ],
      "id": 164,
      "properties": {
        "widget_ue_connectable": {}
      },
      "order": 24
    },
    {
      "outputs": [
        {
          "name": "INT",
          "links": [
            259,
            266
          ],
          "label": "INT",
          "type": "INT"
        }
      ],
      "color": "#1b4669",
      "widgets_values": [
        "height"
      ],
      "inputs": [],
      "flags": {},
      "type": "GetNode",
      "title": "Get_height",
      "mode": 0,
      "bgcolor": "#29699c",
      "size": [
        210,
        58
      ],
      "pos": [
        -870.9346313476562,
        -228.16812133789062
      ],
      "id": 165,
      "properties": {
        "widget_ue_connectable": {}
      },
      "order": 25
    },
    {
      "outputs": [
        {
          "name": "INT",
          "links": [
            267
          ],
          "label": "INT",
          "type": "INT"
        }
      ],
      "color": "#1b4669",
      "widgets_values": [
        "frames"
      ],
      "inputs": [],
      "flags": {},
      "type": "GetNode",
      "title": "Get_frames",
      "mode": 0,
      "bgcolor": "#29699c",
      "size": [
        210,
        58
      ],
      "pos": [
        -406.3135681152344,
        220.00006103515625
      ],
      "id": 170,
      "properties": {
        "widget_ue_connectable": {}
      },
      "order": 26
    },
    {
      "mode": 0,
      "outputs": [
        {
          "name": "face_processor",
          "links": [
            230
          ],
          "label": "face_processor",
          "type": "FACE_PROCESSOR",
          "localized_name": "face_processor"
        }
      ],
      "size": [
        380,
        58
      ],
      "pos": [
        225.93441772460938,
        -373.5953063964844
      ],
      "widgets_values": [
        "model.pt"
      ],
      "inputs": [
        {
          "widget": {
            "name": "yolo_model_name"
          },
          "name": "yolo_model_name",
          "label": "yolo_model_name",
          "type": "STRING",
          "localized_name": "yolo_model_name"
        }
      ],
      "flags": {},
      "id": 130,
      "type": "FaceProcessorLoader",
      "properties": {
        "widget_ue_connectable": {},
        "Node name for S&R": "FaceProcessorLoader"
      },
      "order": 27
    },
    {
      "mode": 0,
      "outputs": [
        {
          "name": "samples",
          "links": [
            174
          ],
          "label": "samples",
          "type": "LATENT",
          "localized_name": "samples"
        }
      ],
      "size": [
        240.318359375,
        242
      ],
      "pos": [
        949.7261352539062,
        -212.36477661132812
      ],
      "widgets_values": [
        false,
        272,
        272,
        144,
        128,
        0,
        1
      ],
      "inputs": [
        {
          "name": "vae",
          "link": 237,
          "label": "vae",
          "type": "WANVAE",
          "localized_name": "vae"
        },
        {
          "name": "image",
          "link": 231,
          "label": "image",
          "type": "IMAGE",
          "localized_name": "image"
        },
        {
          "shape": 7,
          "name": "mask",
          "label": "mask",
          "type": "MASK",
          "localized_name": "mask"
        },
        {
          "widget": {
            "name": "enable_vae_tiling"
          },
          "name": "enable_vae_tiling",
          "label": "enable_vae_tiling",
          "type": "BOOLEAN",
          "localized_name": "enable_vae_tiling"
        },
        {
          "widget": {
            "name": "tile_x"
          },
          "name": "tile_x",
          "label": "tile_x",
          "type": "INT",
          "localized_name": "tile_x"
        },
        {
          "widget": {
            "name": "tile_y"
          },
          "name": "tile_y",
          "label": "tile_y",
          "type": "INT",
          "localized_name": "tile_y"
        },
        {
          "widget": {
            "name": "tile_stride_x"
          },
          "name": "tile_stride_x",
          "label": "tile_stride_x",
          "type": "INT",
          "localized_name": "tile_stride_x"
        },
        {
          "widget": {
            "name": "tile_stride_y"
          },
          "name": "tile_stride_y",
          "label": "tile_stride_y",
          "type": "INT",
          "localized_name": "tile_stride_y"
        },
        {
          "widget": {
            "name": "noise_aug_strength"
          },
          "shape": 7,
          "name": "noise_aug_strength",
          "label": "noise_aug_strength",
          "type": "FLOAT",
          "localized_name": "noise_aug_strength"
        },
        {
          "widget": {
            "name": "latent_strength"
          },
          "shape": 7,
          "name": "latent_strength",
          "label": "latent_strength",
          "type": "FLOAT",
          "localized_name": "latent_strength"
        }
      ],
      "flags": {},
      "id": 104,
      "type": "WanVideoEncode",
      "properties": {
        "cnr_id": "ComfyUI-WanVideoWrapper",
        "ver": "06863fe2d283e89ba2386260ad2700557dda1897",
        "widget_ue_connectable": {},
        "Node name for S&R": "WanVideoEncode"
      },
      "order": 41
    },
    {
      "mode": 0,
      "outputs": [
        {
          "name": "*",
          "label": "*",
          "type": "*"
        }
      ],
      "size": [
        210,
        60
      ],
      "pos": [
        1215.7525634765625,
        -203.51878356933594
      ],
      "widgets_values": [
        "image_embeds"
      ],
      "inputs": [
        {
          "name": "WANVIDIMAGE_EMBEDS",
          "link": 241,
          "label": "WANVIDIMAGE_EMBEDS",
          "type": "WANVIDIMAGE_EMBEDS"
        }
      ],
      "flags": {},
      "id": 141,
      "type": "SetNode",
      "title": "Set_image_embeds",
      "properties": {
        "previousName": "image_embeds",
        "widget_ue_connectable": {}
      },
      "order": 48
    },
    {
      "mode": 0,
      "outputs": [
        {
          "name": "Filenames",
          "label": "Filenames",
          "type": "VHS_FILENAMES",
          "localized_name": "Filenames"
        }
      ],
      "size": [
        959.076171875,
        913.7747192382812
      ],
      "pos": [
        1588.7161865234375,
        -1224.453857421875
      ],
      "widgets_values": {
        "save_output": true,
        "filename_prefix": "WanVideoWrapper_T2V_Stand_In",
        "loop_count": 0,
        "pix_fmt": "yuv420p",
        "save_metadata": true,
        "crf": 19,
        "trim_to_audio": false,
        "videopreview": {
          "paused": false,
          "hidden": false,
          "params": {
            "filename": "WanVideoWrapper_T2V_Stand_In_00001_iepdb_1755316872.mp4",
            "workflow": "WanVideoWrapper_T2V_Stand_In_00001.png",
            "fullpath": "/data/ComfyUI/personal/445aa9a89d7fa5567450f91c998092da/output/WanVideoWrapper_T2V_Stand_In_00001.mp4",
            "format": "video/h264-mp4",
            "subfolder": "",
            "type": "output",
            "frame_rate": 16
          }
        },
        "format": "video/h264-mp4",
        "no_preview": false,
        "frame_rate": 16,
        "pingpong": false
      },
      "inputs": [
        {
          "name": "images",
          "link": 232,
          "label": "images",
          "type": "IMAGE",
          "localized_name": "images"
        },
        {
          "shape": 7,
          "name": "audio",
          "label": "audio",
          "type": "AUDIO",
          "localized_name": "audio"
        },
        {
          "shape": 7,
          "name": "meta_batch",
          "label": "meta_batch",
          "type": "VHS_BatchManager",
          "localized_name": "meta_batch"
        },
        {
          "shape": 7,
          "name": "vae",
          "label": "vae",
          "type": "VAE",
          "localized_name": "vae"
        },
        {
          "widget": {
            "name": "frame_rate"
          },
          "name": "frame_rate",
          "label": "frame_rate",
          "type": "FLOAT",
          "localized_name": "frame_rate"
        },
        {
          "widget": {
            "name": "loop_count"
          },
          "name": "loop_count",
          "label": "loop_count",
          "type": "INT",
          "localized_name": "loop_count"
        },
        {
          "widget": {
            "name": "filename_prefix"
          },
          "name": "filename_prefix",
          "label": "filename_prefix",
          "type": "STRING",
          "localized_name": "filename_prefix"
        },
        {
          "widget": {
            "name": "format"
          },
          "name": "format",
          "label": "format",
          "type": "COMBO",
          "localized_name": "format"
        },
        {
          "widget": {
            "name": "pingpong"
          },
          "name": "pingpong",
          "label": "pingpong",
          "type": "BOOLEAN",
          "localized_name": "pingpong"
        },
        {
          "widget": {
            "name": "save_output"
          },
          "name": "save_output",
          "label": "save_output",
          "type": "BOOLEAN",
          "localized_name": "save_output"
        },
        {
          "widget": {
            "name": "no_preview"
          },
          "shape": 7,
          "name": "no_preview",
          "label": "no_preview",
          "type": "BOOLEAN",
          "localized_name": "no_preview"
        }
      ],
      "flags": {},
      "id": 131,
      "type": "VHS_VideoCombine",
      "properties": {
        "cnr_id": "comfyui-videohelpersuite",
        "ver": "0a75c7958fe320efcb052f1d9f8451fd20c730a8",
        "widget_ue_connectable": {},
        "Node name for S&R": "VHS_VideoCombine"
      },
      "order": 55
    },
    {
      "mode": 0,
      "outputs": [
        {
          "name": "image_embeds",
          "links": [
            241
          ],
          "label": "image_embeds",
          "type": "WANVIDIMAGE_EMBEDS",
          "localized_name": "image_embeds"
        }
      ],
      "size": [
        273.9290771484375,
        74.04721069335938
      ],
      "pos": [
        1214.414306640625,
        -354.48638916015625
      ],
      "widgets_values": [],
      "inputs": [
        {
          "name": "embeds",
          "link": 269,
          "label": "embeds",
          "type": "WANVIDIMAGE_EMBEDS",
          "localized_name": "embeds"
        },
        {
          "name": "ip_image_latent",
          "link": 174,
          "label": "ip_image_latent",
          "type": "LATENT",
          "localized_name": "ip_image_latent"
        }
      ],
      "flags": {},
      "id": 102,
      "type": "WanVideoAddStandInLatent",
      "properties": {
        "cnr_id": "ComfyUI-WanVideoWrapper",
        "ver": "06863fe2d283e89ba2386260ad2700557dda1897",
        "widget_ue_connectable": {},
        "Node name for S&R": "WanVideoAddStandInLatent"
      },
      "order": 45
    },
    {
      "mode": 0,
      "outputs": [
        {
          "name": "WANVIDIMAGE_EMBEDS",
          "links": [
            269
          ],
          "label": "WANVIDIMAGE_EMBEDS",
          "type": "WANVIDIMAGE_EMBEDS"
        }
      ],
      "size": [
        210,
        60
      ],
      "pos": [
        968.5587768554688,
        -351.996337890625
      ],
      "widgets_values": [
        "vace_embeds"
      ],
      "inputs": [],
      "flags": {},
      "id": 172,
      "type": "GetNode",
      "title": "Get_vace_embeds",
      "properties": {
        "widget_ue_connectable": {}
      },
      "order": 28
    },
    {
      "outputs": [
        {
          "name": "vace_embeds",
          "links": [
            270
          ],
          "label": "vace_embeds",
          "type": "WANVIDIMAGE_EMBEDS",
          "localized_name": "vace_embeds"
        }
      ],
      "color": "#322",
      "widgets_values": [
        480,
        832,
        29,
        1.0000000000000002,
        0,
        1,
        false
      ],
      "inputs": [
        {
          "name": "vae",
          "link": 263,
          "label": "vae",
          "type": "WANVAE",
          "localized_name": "vae"
        },
        {
          "shape": 7,
          "name": "input_frames",
          "link": 264,
          "label": "input_frames",
          "type": "IMAGE",
          "localized_name": "input_frames"
        },
        {
          "shape": 7,
          "name": "ref_images",
          "label": "ref_images",
          "type": "IMAGE",
          "localized_name": "ref_images"
        },
        {
          "shape": 7,
          "name": "input_masks",
          "label": "input_masks",
          "type": "MASK",
          "localized_name": "input_masks"
        },
        {
          "shape": 7,
          "name": "prev_vace_embeds",
          "label": "prev_vace_embeds",
          "type": "WANVIDIMAGE_EMBEDS",
          "localized_name": "prev_vace_embeds"
        },
        {
          "widget": {
            "name": "width"
          },
          "name": "width",
          "link": 265,
          "label": "width",
          "type": "INT",
          "localized_name": "width"
        },
        {
          "widget": {
            "name": "height"
          },
          "name": "height",
          "link": 266,
          "label": "height",
          "type": "INT",
          "localized_name": "height"
        },
        {
          "widget": {
            "name": "num_frames"
          },
          "name": "num_frames",
          "link": 267,
          "label": "num_frames",
          "type": "INT",
          "localized_name": "num_frames"
        },
        {
          "widget": {
            "name": "strength"
          },
          "name": "strength",
          "label": "strength",
          "type": "FLOAT",
          "localized_name": "strength"
        },
        {
          "widget": {
            "name": "vace_start_percent"
          },
          "name": "vace_start_percent",
          "label": "vace_start_percent",
          "type": "FLOAT",
          "localized_name": "vace_start_percent"
        },
        {
          "widget": {
            "name": "vace_end_percent"
          },
          "name": "vace_end_percent",
          "label": "vace_end_percent",
          "type": "FLOAT",
          "localized_name": "vace_end_percent"
        },
        {
          "widget": {
            "name": "tiled_vae"
          },
          "shape": 7,
          "name": "tiled_vae",
          "label": "tiled_vae",
          "type": "BOOLEAN",
          "localized_name": "tiled_vae"
        }
      ],
      "flags": {},
      "type": "WanVideoVACEEncode",
      "mode": 0,
      "bgcolor": "#533",
      "size": [
        343.59088134765625,
        334
      ],
      "pos": [
        -207.4879608154297,
        -369.1004638671875
      ],
      "id": 168,
      "properties": {
        "cnr_id": "ComfyUI-WanVideoWrapper",
        "ver": "3869b0482b615b6a8fd6f346467c5ef6627eed72",
        "widget_ue_connectable": {
          "width": true,
          "num_frames": true,
          "height": true
        },
        "Node name for S&R": "WanVideoVACEEncode"
      },
      "order": 52
    },
    {
      "mode": 0,
      "outputs": [
        {
          "name": "*",
          "label": "*",
          "type": "*"
        }
      ],
      "size": [
        210,
        60
      ],
      "pos": [
        -180.90057373046875,
        30.55634307861328
      ],
      "widgets_values": [
        "vace_embeds"
      ],
      "inputs": [
        {
          "name": "WANVIDIMAGE_EMBEDS",
          "link": 270,
          "label": "WANVIDIMAGE_EMBEDS",
          "type": "WANVIDIMAGE_EMBEDS"
        }
      ],
      "flags": {},
      "id": 171,
      "type": "SetNode",
      "title": "Set_vace_embeds",
      "properties": {
        "previousName": "vace_embeds",
        "widget_ue_connectable": {}
      },
      "order": 54
    },
    {
      "outputs": [
        {
          "name": "model",
          "slot_index": 0,
          "links": [
            90,
            233
          ],
          "label": "model",
          "type": "WANVIDEOMODEL",
          "localized_name": "model"
        }
      ],
      "color": "#223",
      "widgets_values": [
        "Wan2_1-T2V-14B_fp8_e4m3fn_scaled_KJ.safetensors",
        "fp16",
        "fp8_e4m3fn_scaled",
        "offload_device",
        "sdpa"
      ],
      "inputs": [
        {
          "shape": 7,
          "name": "compile_args",
          "link": 211,
          "label": "compile_args",
          "type": "WANCOMPILEARGS",
          "localized_name": "compile_args"
        },
        {
          "shape": 7,
          "name": "block_swap_args",
          "label": "block_swap_args",
          "type": "BLOCKSWAPARGS",
          "localized_name": "block_swap_args"
        },
        {
          "shape": 7,
          "name": "lora",
          "link": 170,
          "label": "lora",
          "type": "WANVIDLORA",
          "localized_name": "lora"
        },
        {
          "shape": 7,
          "name": "vram_management_args",
          "label": "vram_management_args",
          "type": "VRAM_MANAGEMENTARGS",
          "localized_name": "vram_management_args"
        },
        {
          "shape": 7,
          "name": "vace_model",
          "link": 250,
          "label": "vace_model",
          "type": "VACEPATH",
          "localized_name": "vace_model"
        },
        {
          "shape": 7,
          "name": "fantasytalking_model",
          "label": "fantasytalking_model",
          "type": "FANTASYTALKINGMODEL",
          "localized_name": "fantasytalking_model"
        },
        {
          "shape": 7,
          "name": "multitalk_model",
          "label": "multitalk_model",
          "type": "MULTITALKMODEL",
          "localized_name": "multitalk_model"
        },
        {
          "shape": 7,
          "name": "fantasyportrait_model",
          "label": "fantasyportrait_model",
          "type": "FANTASYPORTRAITMODEL",
          "localized_name": "fantasyportrait_model"
        },
        {
          "widget": {
            "name": "model"
          },
          "name": "model",
          "label": "model",
          "type": "COMBO",
          "localized_name": "model"
        },
        {
          "widget": {
            "name": "base_precision"
          },
          "name": "base_precision",
          "label": "base_precision",
          "type": "COMBO",
          "localized_name": "base_precision"
        },
        {
          "widget": {
            "name": "quantization"
          },
          "name": "quantization",
          "label": "quantization",
          "type": "COMBO",
          "localized_name": "quantization"
        },
        {
          "widget": {
            "name": "load_device"
          },
          "name": "load_device",
          "label": "load_device",
          "type": "COMBO",
          "localized_name": "load_device"
        },
        {
          "widget": {
            "name": "attention_mode"
          },
          "shape": 7,
          "name": "attention_mode",
          "label": "attention_mode",
          "type": "COMBO",
          "localized_name": "attention_mode"
        }
      ],
      "flags": {},
      "type": "WanVideoModelLoader",
      "mode": 0,
      "bgcolor": "#335",
      "size": [
        535.5307006835938,
        294
      ],
      "pos": [
        -959.889892578125,
        -1261.4066162109375
      ],
      "id": 22,
      "properties": {
        "cnr_id": "ComfyUI-WanVideoWrapper",
        "ver": "d9b1f4d1a5aea91d101ae97a54714a5861af3f50",
        "widget_ue_connectable": {},
        "Node name for S&R": "WanVideoModelLoader"
      },
      "order": 38
    },
    {
      "mode": 0,
      "outputs": [
        {
          "name": "vace_model",
          "links": [
            250
          ],
          "label": "vace_model",
          "type": "VACEPATH",
          "localized_name": "vace_model"
        }
      ],
      "size": [
        450.1505126953125,
        86.95213317871094
      ],
      "pos": [
        -1867.791748046875,
        -796.4762573242188
      ],
      "widgets_values": [
        "Wan2_1-VACE_module_14B_bf16.safetensors"
      ],
      "inputs": [
        {
          "widget": {
            "name": "vace_model"
          },
          "name": "vace_model",
          "label": "vace_model",
          "type": "COMBO",
          "localized_name": "vace_model"
        }
      ],
      "flags": {},
      "id": 155,
      "type": "WanVideoVACEModelSelect",
      "properties": {
        "widget_ue_connectable": {},
        "Node name for S&R": "WanVideoVACEModelSelect"
      },
      "order": 29
    },
    {
      "outputs": [
        {
          "name": "block_swap_args",
          "slot_index": 0,
          "links": [
            92
          ],
          "label": "block_swap_args",
          "type": "BLOCKSWAPARGS",
          "localized_name": "block_swap_args"
        }
      ],
      "color": "#223",
      "widgets_values": [
        30,
        false,
        false,
        true,
        0,
        1,
        false
      ],
      "inputs": [
        {
          "widget": {
            "name": "blocks_to_swap"
          },
          "name": "blocks_to_swap",
          "label": "blocks_to_swap",
          "type": "INT",
          "localized_name": "blocks_to_swap"
        },
        {
          "widget": {
            "name": "offload_img_emb"
          },
          "name": "offload_img_emb",
          "label": "offload_img_emb",
          "type": "BOOLEAN",
          "localized_name": "offload_img_emb"
        },
        {
          "widget": {
            "name": "offload_txt_emb"
          },
          "name": "offload_txt_emb",
          "label": "offload_txt_emb",
          "type": "BOOLEAN",
          "localized_name": "offload_txt_emb"
        },
        {
          "widget": {
            "name": "use_non_blocking"
          },
          "shape": 7,
          "name": "use_non_blocking",
          "label": "use_non_blocking",
          "type": "BOOLEAN",
          "localized_name": "use_non_blocking"
        },
        {
          "widget": {
            "name": "vace_blocks_to_swap"
          },
          "shape": 7,
          "name": "vace_blocks_to_swap",
          "label": "vace_blocks_to_swap",
          "type": "INT",
          "localized_name": "vace_blocks_to_swap"
        },
        {
          "widget": {
            "name": "prefetch_blocks"
          },
          "shape": 7,
          "name": "prefetch_blocks",
          "label": "prefetch_blocks",
          "type": "INT",
          "localized_name": "prefetch_blocks"
        },
        {
          "widget": {
            "name": "block_swap_debug"
          },
          "shape": 7,
          "name": "block_swap_debug",
          "label": "block_swap_debug",
          "type": "BOOLEAN",
          "localized_name": "block_swap_debug"
        }
      ],
      "flags": {},
      "type": "WanVideoBlockSwap",
      "mode": 0,
      "bgcolor": "#335",
      "size": [
        315,
        202
      ],
      "pos": [
        -964.9111938476562,
        -906.4428100585938
      ],
      "id": 39,
      "properties": {
        "cnr_id": "ComfyUI-WanVideoWrapper",
        "ver": "d9b1f4d1a5aea91d101ae97a54714a5861af3f50",
        "widget_ue_connectable": {},
        "Node name for S&R": "WanVideoBlockSwap"
      },
      "order": 30
    },
    {
      "outputs": [
        {
          "name": "text_embeds",
          "slot_index": 0,
          "links": [
            249
          ],
          "label": "text_embeds",
          "type": "WANVIDEOTEXTEMBEDS",
          "localized_name": "text_embeds"
        }
      ],
      "color": "#332922",
      "widgets_values": [
        "woman",
        "色调艳丽，过曝，静态，细节模糊不清，字幕，风格，作品，画作，画面，静止，整体发灰，最差质量，低质量，JPEG压缩残留，丑陋的，残缺的，多余的手指，画得不好的手部，画得不好的脸部，畸形的，毁容的，形态畸形的肢体，手指融合，静止不动的画面，杂乱的背景，三条腿，背景人很多，倒着走",
        true,
        false,
        "gpu"
      ],
      "inputs": [
        {
          "shape": 7,
          "name": "t5",
          "link": 242,
          "label": "t5",
          "type": "WANTEXTENCODER",
          "localized_name": "t5"
        },
        {
          "shape": 7,
          "name": "model_to_offload",
          "link": 243,
          "label": "model_to_offload",
          "type": "WANVIDEOMODEL",
          "localized_name": "model_to_offload"
        },
        {
          "widget": {
            "name": "positive_prompt"
          },
          "name": "positive_prompt",
          "label": "positive_prompt",
          "type": "STRING",
          "localized_name": "positive_prompt"
        },
        {
          "widget": {
            "name": "negative_prompt"
          },
          "name": "negative_prompt",
          "label": "negative_prompt",
          "type": "STRING",
          "localized_name": "negative_prompt"
        },
        {
          "widget": {
            "name": "force_offload"
          },
          "shape": 7,
          "name": "force_offload",
          "label": "force_offload",
          "type": "BOOLEAN",
          "localized_name": "force_offload"
        },
        {
          "widget": {
            "name": "use_disk_cache"
          },
          "shape": 7,
          "name": "use_disk_cache",
          "label": "use_disk_cache",
          "type": "BOOLEAN",
          "localized_name": "use_disk_cache"
        },
        {
          "widget": {
            "name": "device"
          },
          "shape": 7,
          "name": "device",
          "label": "device",
          "type": "COMBO",
          "localized_name": "device"
        }
      ],
      "flags": {},
      "type": "WanVideoTextEncode",
      "mode": 0,
      "bgcolor": "#593930",
      "size": [
        475.7987976074219,
        355.67169189453125
      ],
      "pos": [
        182.87525939941406,
        -1220.9110107421875
      ],
      "id": 16,
      "properties": {
        "cnr_id": "ComfyUI-WanVideoWrapper",
        "ver": "d9b1f4d1a5aea91d101ae97a54714a5861af3f50",
        "widget_ue_connectable": {},
        "Node name for S&R": "WanVideoTextEncode"
      },
      "order": 33
    },
    {
      "mode": 0,
      "outputs": [
        {
          "name": "IMAGE",
          "links": [
            261
          ],
          "label": "IMAGE",
          "type": "IMAGE",
          "localized_name": "IMAGE"
        }
      ],
      "size": [
        416.9786376953125,
        82
      ],
      "pos": [
        -1091.8411865234375,
        -359.8739929199219
      ],
      "widgets_values": [
        "DWPreprocessor",
        768
      ],
      "inputs": [
        {
          "name": "image",
          "link": 260,
          "label": "image",
          "type": "IMAGE",
          "localized_name": "image"
        },
        {
          "widget": {
            "name": "preprocessor"
          },
          "shape": 7,
          "name": "preprocessor",
          "label": "preprocessor",
          "type": "COMBO",
          "localized_name": "preprocessor"
        },
        {
          "widget": {
            "name": "resolution"
          },
          "shape": 7,
          "name": "resolution",
          "label": "resolution",
          "type": "INT",
          "localized_name": "resolution"
        }
      ],
      "flags": {},
      "id": 166,
      "type": "AIO_Preprocessor",
      "properties": {
        "widget_ue_connectable": {},
        "Node name for S&R": "AIO_Preprocessor"
      },
      "order": 44
    },
    {
      "mode": 0,
      "outputs": [
        {
          "name": "IMAGE",
          "links": [
            260
          ],
          "label": "IMAGE",
          "type": "IMAGE",
          "localized_name": "IMAGE"
        },
        {
          "name": "frame_count",
          "label": "frame_count",
          "type": "INT",
          "localized_name": "frame_count"
        },
        {
          "name": "audio",
          "label": "audio",
          "type": "AUDIO",
          "localized_name": "audio"
        },
        {
          "name": "video_info",
          "label": "video_info",
          "type": "VHS_VIDEOINFO",
          "localized_name": "video_info"
        }
      ],
      "size": [
        290.78424072265625,
        334
      ],
      "pos": [
        -1409.3092041015625,
        -337.60186767578125
      ],
      "widgets_values": {
        "custom_height": 0,
        "force_rate": 0,
        "custom_width": 0,
        "select_every_nth": 1,
        "frame_load_cap": 0,
        "videopreview": {
          "paused": false,
          "hidden": false,
          "params": {
            "custom_height": 512,
            "force_rate": 0,
            "filename": "60196ed213d34456ed616366397c6abd76028bd8cdf4962c6d6c16126bc86382.mp4",
            "custom_width": 0,
            "select_every_nth": 1,
            "frame_load_cap": 0,
            "format": "video/mp4",
            "skip_first_frames": 0,
            "type": "input"
          }
        },
        "format": "AnimateDiff",
        "video": "60196ed213d34456ed616366397c6abd76028bd8cdf4962c6d6c16126bc86382.mp4",
        "skip_first_frames": 0,
        "force_size": "Disabled",
        "choose video to upload": "image"
      },
      "inputs": [
        {
          "shape": 7,
          "name": "meta_batch",
          "label": "meta_batch",
          "type": "VHS_BatchManager",
          "localized_name": "meta_batch"
        },
        {
          "shape": 7,
          "name": "vae",
          "label": "vae",
          "type": "VAE",
          "localized_name": "vae"
        },
        {
          "widget": {
            "name": "video"
          },
          "name": "video",
          "label": "video",
          "type": "STRING",
          "localized_name": "video"
        },
        {
          "widget": {
            "name": "force_rate"
          },
          "name": "force_rate",
          "label": "force_rate",
          "type": "INT",
          "localized_name": "force_rate"
        },
        {
          "widget": {
            "name": "force_size"
          },
          "name": "force_size",
          "label": "force_size",
          "type": "COMBO",
          "localized_name": "force_size"
        },
        {
          "widget": {
            "name": "custom_width"
          },
          "name": "custom_width",
          "label": "custom_width",
          "type": "INT",
          "localized_name": "custom_width"
        },
        {
          "widget": {
            "name": "custom_height"
          },
          "name": "custom_height",
          "label": "custom_height",
          "type": "INT",
          "localized_name": "custom_height"
        },
        {
          "widget": {
            "name": "frame_load_cap"
          },
          "name": "frame_load_cap",
          "link": 257,
          "label": "frame_load_cap",
          "type": "INT",
          "localized_name": "frame_load_cap"
        },
        {
          "widget": {
            "name": "skip_first_frames"
          },
          "name": "skip_first_frames",
          "label": "skip_first_frames",
          "type": "INT",
          "localized_name": "skip_first_frames"
        },
        {
          "widget": {
            "name": "select_every_nth"
          },
          "name": "select_every_nth",
          "label": "select_every_nth",
          "type": "INT",
          "localized_name": "select_every_nth"
        },
        {
          "widget": {
            "name": "format"
          },
          "shape": 7,
          "name": "format",
          "label": "format",
          "type": "COMBO",
          "localized_name": "format"
        }
      ],
      "flags": {},
      "id": 162,
      "type": "VHS_LoadVideo",
      "properties": {
        "widget_ue_connectable": {},
        "Node name for S&R": "VHS_LoadVideo"
      },
      "order": 39
    }
  ],
  "extra": {
    "VHS_KeepIntermediate": true,
    "links_added_by_ue": [],
    "VHS_MetadataImage": true,
    "ue_links": [],
    "0246.VERSION": [
      0,
      0,
      4
    ],
    "VHS_latentpreviewrate": 0,
    "frontendVersion": "1.24.4",
    "VHS_latentpreview": false,
    "node_versions": {
      "ComfyUI-WanVideoWrapper": "5a2383621a05825d0d0437781afcb8552d9590fd",
      "ComfyUI-VideoHelperSuite": "0a75c7958fe320efcb052f1d9f8451fd20c730a8",
      "ComfyUI-KJNodes": "a5bd3c86c8ed6b83c55c2d0e7a59515b15a0137f",
      "comfy-core": "0.3.26"
    },
    "ds": {
      "offset": [
        3144.4013957971656,
        1240.803165675033
      ],
      "scale": 0.3073560549142818
    }
  },
  "groups": [
    {
      "color": "#3f789e",
      "font_size": 24,
      "flags": {},
      "id": 2,
      "title": "模型加载",
      "bounding": [
        -1409.3275146484375,
        -1330.356689453125,
        1233.629150390625,
        843.0929565429688
      ]
    },
    {
      "color": "#3f789e",
      "font_size": 24,
      "flags": {},
      "id": 3,
      "title": "comfig",
      "bounding": [
        -1964.6307373046875,
        -421.48712158203125,
        515.336669921875,
        413.399169921875
      ]
    },
    {
      "color": "#3f789e",
      "font_size": 24,
      "flags": {},
      "id": 4,
      "title": "standin_image_process",
      "bounding": [
        178.7518768310547,
        -448.7667236328125,
        1350.5811767578125,
        741.0599365234375
      ]
    },
    {
      "color": "#3f789e",
      "font_size": 24,
      "flags": {},
      "id": 5,
      "title": "prompt and sampling",
      "bounding": [
        -74.35034942626953,
        -1281.1884765625,
        1470.1495361328125,
        780.1605834960938
      ]
    },
    {
      "color": "#3f789e",
      "font_size": 24,
      "flags": {},
      "id": 6,
      "title": "Group",
      "bounding": [
        -1419.3092041015625,
        -442.7004699707031,
        1565.412109375,
        741.19189453125
      ]
    }
  ],
  "links": [
    [
      33,
      27,
      0,
      28,
      1,
      "LATENT"
    ],
    [
      90,
      22,
      0,
      70,
      0,
      "WANVIDEOMODEL"
    ],
    [
      92,
      39,
      0,
      70,
      1,
      "BLOCKSWAPARGS"
    ],
    [
      107,
      70,
      0,
      79,
      0,
      "WANVIDEOMODEL"
    ],
    [
      108,
      79,
      0,
      27,
      0,
      "WANVIDEOMODEL"
    ],
    [
      170,
      69,
      0,
      22,
      2,
      "WANVIDLORA"
    ],
    [
      174,
      104,
      0,
      102,
      1,
      "LATENT"
    ],
    [
      210,
      71,
      0,
      79,
      1,
      "WANVIDLORA"
    ],
    [
      211,
      35,
      0,
      22,
      0,
      "WANCOMPILEARGS"
    ],
    [
      226,
      58,
      0,
      128,
      1,
      "IMAGE"
    ],
    [
      227,
      128,
      0,
      121,
      0,
      "IMAGE"
    ],
    [
      230,
      130,
      0,
      128,
      0,
      "FACE_PROCESSOR"
    ],
    [
      231,
      128,
      0,
      104,
      1,
      "IMAGE"
    ],
    [
      232,
      28,
      0,
      131,
      0,
      "IMAGE"
    ],
    [
      233,
      22,
      0,
      133,
      0,
      "*"
    ],
    [
      234,
      79,
      0,
      134,
      0,
      "*"
    ],
    [
      235,
      11,
      0,
      135,
      0,
      "*"
    ],
    [
      236,
      38,
      0,
      136,
      0,
      "*"
    ],
    [
      237,
      137,
      0,
      104,
      0,
      "WANVAE"
    ],
    [
      241,
      102,
      0,
      141,
      0,
      "*"
    ],
    [
      242,
      142,
      0,
      16,
      0,
      "WANTEXTENCODER"
    ],
    [
      243,
      143,
      0,
      16,
      1,
      "WANVIDEOMODEL"
    ],
    [
      244,
      144,
      0,
      27,
      2,
      "WANVIDIMAGE_EMBEDS"
    ],
    [
      245,
      145,
      0,
      28,
      0,
      "WANVAE"
    ],
    [
      249,
      16,
      0,
      27,
      1,
      "WANVIDEOTEXTEMBEDS"
    ],
    [
      250,
      155,
      0,
      22,
      4,
      "VACEPATH"
    ],
    [
      251,
      138,
      0,
      156,
      0,
      "*"
    ],
    [
      252,
      139,
      0,
      157,
      0,
      "*"
    ],
    [
      253,
      140,
      0,
      158,
      0,
      "*"
    ],
    [
      257,
      158,
      0,
      162,
      7,
      "INT"
    ],
    [
      258,
      164,
      0,
      163,
      2,
      "INT"
    ],
    [
      259,
      165,
      0,
      163,
      3,
      "INT"
    ],
    [
      260,
      162,
      0,
      166,
      0,
      "IMAGE"
    ],
    [
      261,
      166,
      0,
      163,
      0,
      "IMAGE"
    ],
    [
      262,
      163,
      0,
      167,
      0,
      "IMAGE"
    ],
    [
      263,
      169,
      0,
      168,
      0,
      "WANVAE"
    ],
    [
      264,
      163,
      0,
      168,
      1,
      "IMAGE"
    ],
    [
      265,
      164,
      0,
      168,
      5,
      "INT"
    ],
    [
      266,
      165,
      0,
      168,
      6,
      "INT"
    ],
    [
      267,
      170,
      0,
      168,
      7,
      "INT"
    ],
    [
      269,
      172,
      0,
      102,
      0,
      "WANVIDIMAGE_EMBEDS"
    ],
    [
      270,
      168,
      0,
      171,
      0,
      "*"
    ]
  ],
  "id": "206247b6-9fec-4ed2-8927-e4f388c674d4",
  "config": {},
  "version": 0.4,
  "last_node_id": 173,
  "revision": 0
}