{
  "last_link_id": 350,
  "nodes": [
    {
      "outputs": [
        {
          "name": "image_embeds",
          "links": [
            329
          ],
          "label": "image_embeds",
          "type": "WANVIDIMAGE_CLIPEMBEDS",
          "localized_name": "image_embeds"
        }
      ],
      "color": "#233",
      "widgets_values": [
        1,
        1,
        "center",
        "average",
        true,
        0,
        0.5000000000000001
      ],
      "inputs": [
        {
          "name": "clip_vision",
          "link": 330,
          "label": "clip_vision",
          "type": "CLIP_VISION",
          "localized_name": "clip_vision"
        },
        {
          "name": "image_1",
          "link": 331,
          "label": "image_1",
          "type": "IMAGE",
          "localized_name": "image_1"
        },
        {
          "shape": 7,
          "name": "image_2",
          "label": "image_2",
          "type": "IMAGE",
          "localized_name": "image_2"
        },
        {
          "shape": 7,
          "name": "negative_image",
          "label": "negative_image",
          "type": "IMAGE",
          "localized_name": "negative_image"
        },
        {
          "widget": {
            "name": "strength_1"
          },
          "name": "strength_1",
          "label": "strength_1",
          "type": "FLOAT",
          "localized_name": "strength_1"
        },
        {
          "widget": {
            "name": "strength_2"
          },
          "name": "strength_2",
          "label": "strength_2",
          "type": "FLOAT",
          "localized_name": "strength_2"
        },
        {
          "widget": {
            "name": "crop"
          },
          "name": "crop",
          "label": "crop",
          "type": "COMBO",
          "localized_name": "crop"
        },
        {
          "widget": {
            "name": "combine_embeds"
          },
          "name": "combine_embeds",
          "label": "combine_embeds",
          "type": "COMBO",
          "localized_name": "combine_embeds"
        },
        {
          "widget": {
            "name": "force_offload"
          },
          "name": "force_offload",
          "label": "force_offload",
          "type": "BOOLEAN",
          "localized_name": "force_offload"
        },
        {
          "widget": {
            "name": "tiles"
          },
          "shape": 7,
          "name": "tiles",
          "label": "tiles",
          "type": "INT",
          "localized_name": "tiles"
        },
        {
          "widget": {
            "name": "ratio"
          },
          "shape": 7,
          "name": "ratio",
          "label": "ratio",
          "type": "FLOAT",
          "localized_name": "ratio"
        }
      ],
      "flags": {},
      "type": "WanVideoClipVisionEncode",
      "mode": 0,
      "bgcolor": "#355",
      "size": [
        280.9771423339844,
        262
      ],
      "pos": [
        2133.201416015625,
        -1539.60693359375
      ],
      "id": 193,
      "properties": {
        "cnr_id": "ComfyUI-WanVideoWrapper",
        "ver": "49430f900bf812a1e281560bafafd04c43dfdf13",
        "widget_ue_connectable": {},
        "Node name for S&R": "WanVideoClipVisionEncode"
      },
      "order": 18
    },
    {
      "mode": 0,
      "outputs": [
        {
          "name": "torch_compile_args",
          "links": [
            299
          ],
          "label": "torch_compile_args",
          "type": "WANCOMPILEARGS",
          "localized_name": "torch_compile_args"
        }
      ],
      "size": [
        342.74609375,
        202
      ],
      "pos": [
        1641.0926513671875,
        -2447.249267578125
      ],
      "widgets_values": [
        "inductor",
        false,
        "default",
        false,
        64,
        true,
        128
      ],
      "inputs": [
        {
          "widget": {
            "name": "backend"
          },
          "name": "backend",
          "label": "backend",
          "type": "COMBO",
          "localized_name": "backend"
        },
        {
          "widget": {
            "name": "fullgraph"
          },
          "name": "fullgraph",
          "label": "fullgraph",
          "type": "BOOLEAN",
          "localized_name": "fullgraph"
        },
        {
          "widget": {
            "name": "mode"
          },
          "name": "mode",
          "label": "mode",
          "type": "COMBO",
          "localized_name": "mode"
        },
        {
          "widget": {
            "name": "dynamic"
          },
          "name": "dynamic",
          "label": "dynamic",
          "type": "BOOLEAN",
          "localized_name": "dynamic"
        },
        {
          "widget": {
            "name": "dynamo_cache_size_limit"
          },
          "name": "dynamo_cache_size_limit",
          "label": "dynamo_cache_size_limit",
          "type": "INT",
          "localized_name": "dynamo_cache_size_limit"
        },
        {
          "widget": {
            "name": "compile_transformer_blocks_only"
          },
          "name": "compile_transformer_blocks_only",
          "label": "compile_transformer_blocks_only",
          "type": "BOOLEAN",
          "localized_name": "compile_transformer_blocks_only"
        },
        {
          "widget": {
            "name": "dynamo_recompile_limit"
          },
          "shape": 7,
          "name": "dynamo_recompile_limit",
          "label": "dynamo_recompile_limit",
          "type": "INT",
          "localized_name": "dynamo_recompile_limit"
        }
      ],
      "flags": {},
      "id": 177,
      "type": "WanVideoTorchCompileSettings",
      "properties": {
        "cnr_id": "ComfyUI-WanVideoWrapper",
        "ver": "f3614e6720744247f3211d60f7b9333f43572384",
        "widget_ue_connectable": {},
        "Node name for S&R": "WanVideoTorchCompileSettings"
      },
      "order": 0
    },
    {
      "mode": 0,
      "outputs": [
        {
          "name": "block_swap_args",
          "links": [
            332
          ],
          "label": "block_swap_args",
          "type": "BLOCKSWAPARGS",
          "localized_name": "block_swap_args"
        }
      ],
      "size": [
        281.404296875,
        202
      ],
      "pos": [
        1219.53369140625,
        -2422.02734375
      ],
      "widgets_values": [
        30,
        false,
        false,
        true,
        0,
        0,
        false
      ],
      "inputs": [
        {
          "widget": {
            "name": "blocks_to_swap"
          },
          "name": "blocks_to_swap",
          "label": "blocks_to_swap",
          "type": "INT",
          "localized_name": "blocks_to_swap"
        },
        {
          "widget": {
            "name": "offload_img_emb"
          },
          "name": "offload_img_emb",
          "label": "offload_img_emb",
          "type": "BOOLEAN",
          "localized_name": "offload_img_emb"
        },
        {
          "widget": {
            "name": "offload_txt_emb"
          },
          "name": "offload_txt_emb",
          "label": "offload_txt_emb",
          "type": "BOOLEAN",
          "localized_name": "offload_txt_emb"
        },
        {
          "widget": {
            "name": "use_non_blocking"
          },
          "shape": 7,
          "name": "use_non_blocking",
          "label": "use_non_blocking",
          "type": "BOOLEAN",
          "localized_name": "use_non_blocking"
        },
        {
          "widget": {
            "name": "vace_blocks_to_swap"
          },
          "shape": 7,
          "name": "vace_blocks_to_swap",
          "label": "vace_blocks_to_swap",
          "type": "INT",
          "localized_name": "vace_blocks_to_swap"
        },
        {
          "widget": {
            "name": "prefetch_blocks"
          },
          "shape": 7,
          "name": "prefetch_blocks",
          "label": "prefetch_blocks",
          "type": "INT",
          "localized_name": "prefetch_blocks"
        },
        {
          "widget": {
            "name": "block_swap_debug"
          },
          "shape": 7,
          "name": "block_swap_debug",
          "label": "block_swap_debug",
          "type": "BOOLEAN",
          "localized_name": "block_swap_debug"
        }
      ],
      "flags": {},
      "id": 134,
      "type": "WanVideoBlockSwap",
      "properties": {
        "cnr_id": "ComfyUI-WanVideoWrapper",
        "ver": "058286fc0f3b0651a2f6b68309df3f06e8332cc0",
        "widget_ue_connectable": {},
        "Node name for S&R": "WanVideoBlockSwap"
      },
      "order": 1
    },
    {
      "mode": 0,
      "outputs": [
        {
          "name": "samples",
          "slot_index": 0,
          "links": [
            194
          ],
          "label": "samples",
          "type": "LATENT",
          "localized_name": "samples"
        },
        {
          "name": "denoised_samples",
          "label": "denoised_samples",
          "type": "LATENT",
          "localized_name": "denoised_samples"
        }
      ],
      "size": [
        315,
        874.1923217773438
      ],
      "pos": [
        3392.8662109375,
        -2000.262451171875
      ],
      "widgets_values": [
        4,
        1.0000000000000002,
        11.000000000000002,
        1,
        "fixed",
        true,
        "flowmatch_distill",
        0,
        1,
        false,
        "comfy",
        0,
        -1,
        false
      ],
      "inputs": [
        {
          "name": "model",
          "link": 197,
          "label": "model",
          "type": "WANVIDEOMODEL",
          "localized_name": "model"
        },
        {
          "name": "text_embeds",
          "link": 306,
          "label": "text_embeds",
          "type": "WANVIDEOTEXTEMBEDS",
          "localized_name": "text_embeds"
        },
        {
          "name": "image_embeds",
          "link": 328,
          "label": "image_embeds",
          "type": "WANVIDIMAGE_EMBEDS",
          "localized_name": "image_embeds"
        },
        {
          "shape": 7,
          "name": "samples",
          "label": "samples",
          "type": "LATENT",
          "localized_name": "samples"
        },
        {
          "shape": 7,
          "name": "feta_args",
          "label": "feta_args",
          "type": "FETAARGS",
          "localized_name": "feta_args"
        },
        {
          "shape": 7,
          "name": "context_options",
          "label": "context_options",
          "type": "WANVIDCONTEXT",
          "localized_name": "context_options"
        },
        {
          "shape": 7,
          "name": "cache_args",
          "label": "cache_args",
          "type": "CACHEARGS",
          "localized_name": "cache_args"
        },
        {
          "shape": 7,
          "name": "flowedit_args",
          "label": "flowedit_args",
          "type": "FLOWEDITARGS",
          "localized_name": "flowedit_args"
        },
        {
          "shape": 7,
          "name": "slg_args",
          "label": "slg_args",
          "type": "SLGARGS",
          "localized_name": "slg_args"
        },
        {
          "shape": 7,
          "name": "loop_args",
          "label": "loop_args",
          "type": "LOOPARGS",
          "localized_name": "loop_args"
        },
        {
          "shape": 7,
          "name": "experimental_args",
          "label": "experimental_args",
          "type": "EXPERIMENTALARGS",
          "localized_name": "experimental_args"
        },
        {
          "shape": 7,
          "name": "sigmas",
          "label": "sigmas",
          "type": "SIGMAS",
          "localized_name": "sigmas"
        },
        {
          "shape": 7,
          "name": "unianimate_poses",
          "label": "unianimate_poses",
          "type": "UNIANIMATE_POSE",
          "localized_name": "unianimate_poses"
        },
        {
          "shape": 7,
          "name": "fantasytalking_embeds",
          "label": "fantasytalking_embeds",
          "type": "FANTASYTALKING_EMBEDS",
          "localized_name": "fantasytalking_embeds"
        },
        {
          "shape": 7,
          "name": "uni3c_embeds",
          "label": "uni3c_embeds",
          "type": "UNI3C_EMBEDS",
          "localized_name": "uni3c_embeds"
        },
        {
          "shape": 7,
          "name": "multitalk_embeds",
          "link": 336,
          "label": "multitalk_embeds",
          "type": "MULTITALK_EMBEDS",
          "localized_name": "multitalk_embeds"
        },
        {
          "shape": 7,
          "name": "freeinit_args",
          "label": "freeinit_args",
          "type": "FREEINITARGS",
          "localized_name": "freeinit_args"
        },
        {
          "widget": {
            "name": "steps"
          },
          "name": "steps",
          "label": "steps",
          "type": "INT",
          "localized_name": "steps"
        },
        {
          "widget": {
            "name": "cfg"
          },
          "name": "cfg",
          "label": "cfg",
          "type": "FLOAT",
          "localized_name": "cfg"
        },
        {
          "widget": {
            "name": "shift"
          },
          "name": "shift",
          "label": "shift",
          "type": "FLOAT",
          "localized_name": "shift"
        },
        {
          "widget": {
            "name": "seed"
          },
          "name": "seed",
          "label": "seed",
          "type": "INT",
          "localized_name": "seed"
        },
        {
          "widget": {
            "name": "force_offload"
          },
          "name": "force_offload",
          "label": "force_offload",
          "type": "BOOLEAN",
          "localized_name": "force_offload"
        },
        {
          "widget": {
            "name": "scheduler"
          },
          "name": "scheduler",
          "label": "scheduler",
          "type": "COMBO",
          "localized_name": "scheduler"
        },
        {
          "widget": {
            "name": "riflex_freq_index"
          },
          "name": "riflex_freq_index",
          "label": "riflex_freq_index",
          "type": "INT",
          "localized_name": "riflex_freq_index"
        },
        {
          "widget": {
            "name": "denoise_strength"
          },
          "shape": 7,
          "name": "denoise_strength",
          "label": "denoise_strength",
          "type": "FLOAT",
          "localized_name": "denoise_strength"
        },
        {
          "widget": {
            "name": "batched_cfg"
          },
          "shape": 7,
          "name": "batched_cfg",
          "label": "batched_cfg",
          "type": "BOOLEAN",
          "localized_name": "batched_cfg"
        },
        {
          "widget": {
            "name": "rope_function"
          },
          "shape": 7,
          "name": "rope_function",
          "label": "rope_function",
          "type": "COMBO",
          "localized_name": "rope_function"
        },
        {
          "widget": {
            "name": "start_step"
          },
          "shape": 7,
          "name": "start_step",
          "label": "start_step",
          "type": "INT",
          "localized_name": "start_step"
        },
        {
          "widget": {
            "name": "end_step"
          },
          "shape": 7,
          "name": "end_step",
          "label": "end_step",
          "type": "INT",
          "localized_name": "end_step"
        },
        {
          "widget": {
            "name": "add_noise_to_samples"
          },
          "shape": 7,
          "name": "add_noise_to_samples",
          "label": "add_noise_to_samples",
          "type": "BOOLEAN",
          "localized_name": "add_noise_to_samples"
        }
      ],
      "flags": {},
      "id": 128,
      "type": "WanVideoSampler",
      "properties": {
        "cnr_id": "ComfyUI-WanVideoWrapper",
        "ver": "c3ee35f3ece76e38099dc516182d69b406e16772",
        "widget_ue_connectable": {},
        "Node name for S&R": "WanVideoSampler"
      },
      "order": 23
    },
    {
      "outputs": [
        {
          "name": "images",
          "slot_index": 0,
          "links": [
            196
          ],
          "label": "images",
          "type": "IMAGE",
          "localized_name": "images"
        }
      ],
      "color": "#322",
      "widgets_values": [
        false,
        272,
        272,
        144,
        128,
        "default"
      ],
      "inputs": [
        {
          "name": "vae",
          "link": 193,
          "label": "vae",
          "type": "WANVAE",
          "localized_name": "vae"
        },
        {
          "name": "samples",
          "link": 194,
          "label": "samples",
          "type": "LATENT",
          "localized_name": "samples"
        },
        {
          "widget": {
            "name": "enable_vae_tiling"
          },
          "name": "enable_vae_tiling",
          "label": "enable_vae_tiling",
          "type": "BOOLEAN",
          "localized_name": "enable_vae_tiling"
        },
        {
          "widget": {
            "name": "tile_x"
          },
          "name": "tile_x",
          "label": "tile_x",
          "type": "INT",
          "localized_name": "tile_x"
        },
        {
          "widget": {
            "name": "tile_y"
          },
          "name": "tile_y",
          "label": "tile_y",
          "type": "INT",
          "localized_name": "tile_y"
        },
        {
          "widget": {
            "name": "tile_stride_x"
          },
          "name": "tile_stride_x",
          "label": "tile_stride_x",
          "type": "INT",
          "localized_name": "tile_stride_x"
        },
        {
          "widget": {
            "name": "tile_stride_y"
          },
          "name": "tile_stride_y",
          "label": "tile_stride_y",
          "type": "INT",
          "localized_name": "tile_stride_y"
        },
        {
          "widget": {
            "name": "normalization"
          },
          "shape": 7,
          "name": "normalization",
          "label": "normalization",
          "type": "COMBO",
          "localized_name": "normalization"
        }
      ],
      "flags": {},
      "type": "WanVideoDecode",
      "mode": 0,
      "bgcolor": "#533",
      "size": [
        315,
        198
      ],
      "pos": [
        3389.453125,
        -2301.828125
      ],
      "id": 130,
      "properties": {
        "cnr_id": "ComfyUI-WanVideoWrapper",
        "ver": "c3ee35f3ece76e38099dc516182d69b406e16772",
        "widget_ue_connectable": {},
        "Node name for S&R": "WanVideoDecode"
      },
      "order": 25
    },
    {
      "mode": 0,
      "outputs": [
        {
          "name": "image_embeds",
          "links": [
            328
          ],
          "label": "image_embeds",
          "type": "WANVIDIMAGE_EMBEDS",
          "localized_name": "image_embeds"
        }
      ],
      "size": [
        315.2046813964844,
        266
      ],
      "pos": [
        2987.95751953125,
        -1903.9346923828125
      ],
      "widgets_values": [
        832,
        480,
        81,
        25,
        false,
        "mkl",
        false,
        "infinitetalk"
      ],
      "inputs": [
        {
          "name": "vae",
          "link": 325,
          "label": "vae",
          "type": "WANVAE",
          "localized_name": "vae"
        },
        {
          "shape": 7,
          "name": "start_image",
          "link": 326,
          "label": "start_image",
          "type": "IMAGE",
          "localized_name": "start_image"
        },
        {
          "shape": 7,
          "name": "clip_embeds",
          "link": 329,
          "label": "clip_embeds",
          "type": "WANVIDIMAGE_CLIPEMBEDS",
          "localized_name": "clip_embeds"
        },
        {
          "widget": {
            "name": "width"
          },
          "name": "width",
          "link": 339,
          "label": "width",
          "type": "INT",
          "localized_name": "width"
        },
        {
          "widget": {
            "name": "height"
          },
          "name": "height",
          "link": 340,
          "label": "height",
          "type": "INT",
          "localized_name": "height"
        },
        {
          "widget": {
            "name": "frame_window_size"
          },
          "name": "frame_window_size",
          "label": "frame_window_size",
          "type": "INT",
          "localized_name": "frame_window_size"
        },
        {
          "widget": {
            "name": "motion_frame"
          },
          "name": "motion_frame",
          "label": "motion_frame",
          "type": "INT",
          "localized_name": "motion_frame"
        },
        {
          "widget": {
            "name": "force_offload"
          },
          "name": "force_offload",
          "label": "force_offload",
          "type": "BOOLEAN",
          "localized_name": "force_offload"
        },
        {
          "widget": {
            "name": "colormatch"
          },
          "name": "colormatch",
          "label": "colormatch",
          "type": "COMBO",
          "localized_name": "colormatch"
        },
        {
          "widget": {
            "name": "tiled_vae"
          },
          "shape": 7,
          "name": "tiled_vae",
          "label": "tiled_vae",
          "type": "BOOLEAN",
          "localized_name": "tiled_vae"
        },
        {
          "widget": {
            "name": "mode"
          },
          "shape": 7,
          "name": "mode",
          "label": "mode",
          "type": "COMBO",
          "localized_name": "mode"
        }
      ],
      "flags": {},
      "id": 192,
      "type": "WanVideoImageToVideoMultiTalk",
      "properties": {
        "cnr_id": "ComfyUI-WanVideoWrapper",
        "ver": "49430f900bf812a1e281560bafafd04c43dfdf13",
        "widget_ue_connectable": {
          "width": true,
          "height": true
        },
        "Node name for S&R": "WanVideoImageToVideoMultiTalk"
      },
      "order": 20
    },
    {
      "outputs": [
        {
          "name": "value",
          "links": [
            338
          ],
          "label": "value",
          "type": "INT",
          "localized_name": "value"
        }
      ],
      "color": "#1b4669",
      "widgets_values": [
        275
      ],
      "inputs": [
        {
          "widget": {
            "name": "value"
          },
          "name": "value",
          "label": "value",
          "type": "INT",
          "localized_name": "value"
        }
      ],
      "flags": {},
      "type": "INTConstant",
      "mode": 0,
      "bgcolor": "#29699c",
      "size": [
        210,
        58
      ],
      "pos": [
        2505.025390625,
        -1504.6685791015625
      ],
      "id": 195,
      "properties": {
        "cnr_id": "comfyui-kjnodes",
        "ver": "d9425173e77b5be8c75492a72424ddffae4d4445",
        "widget_ue_connectable": {},
        "Node name for S&R": "INTConstant"
      },
      "order": 2
    },
    {
      "outputs": [
        {
          "name": "CLIP_VISION",
          "links": [
            330
          ],
          "label": "CLIP_VISION",
          "type": "CLIP_VISION",
          "localized_name": "CLIP_VISION"
        }
      ],
      "color": "#233",
      "widgets_values": [
        "clip_vision_vit_h.safetensors"
      ],
      "inputs": [
        {
          "widget": {
            "name": "clip_name"
          },
          "name": "clip_name",
          "label": "clip_name",
          "type": "COMBO",
          "localized_name": "clip_name"
        }
      ],
      "flags": {},
      "type": "CLIPVisionLoader",
      "mode": 0,
      "bgcolor": "#355",
      "size": [
        270,
        58
      ],
      "pos": [
        1615.0325927734375,
        -1756.5123291015625
      ],
      "id": 173,
      "properties": {
        "cnr_id": "comfy-core",
        "ver": "0.3.41",
        "widget_ue_connectable": {},
        "Node name for S&R": "CLIPVisionLoader"
      },
      "order": 3
    },
    {
      "mode": 0,
      "outputs": [
        {
          "name": "mask",
          "links": [
            342,
            343
          ],
          "label": "mask",
          "type": "MASK",
          "localized_name": "mask"
        }
      ],
      "size": [
        280.748046875,
        130
      ],
      "pos": [
        1417.61962890625,
        -862.4501953125
      ],
      "widgets_values": [
        128,
        128,
        "convex_polygons",
        8
      ],
      "inputs": [
        {
          "name": "mask",
          "link": 350,
          "label": "mask",
          "type": "MASK",
          "localized_name": "mask"
        },
        {
          "widget": {
            "name": "size_threshold_width"
          },
          "name": "size_threshold_width",
          "label": "size_threshold_width",
          "type": "INT",
          "localized_name": "size_threshold_width"
        },
        {
          "widget": {
            "name": "size_threshold_height"
          },
          "name": "size_threshold_height",
          "label": "size_threshold_height",
          "type": "INT",
          "localized_name": "size_threshold_height"
        },
        {
          "widget": {
            "name": "mode"
          },
          "name": "mode",
          "label": "mode",
          "type": "COMBO",
          "localized_name": "mode"
        },
        {
          "widget": {
            "name": "max_poly_points"
          },
          "name": "max_poly_points",
          "label": "max_poly_points",
          "type": "INT",
          "localized_name": "max_poly_points"
        }
      ],
      "flags": {},
      "id": 197,
      "type": "SeparateMasks",
      "properties": {
        "cnr_id": "comfyui-kjnodes",
        "ver": "d9425173e77b5be8c75492a72424ddffae4d4445",
        "widget_ue_connectable": {},
        "Node name for S&R": "SeparateMasks"
      },
      "order": 19
    },
    {
      "mode": 0,
      "outputs": [
        {
          "name": "AUDIO",
          "links": [
            301
          ],
          "label": "AUDIO",
          "type": "AUDIO",
          "localized_name": "AUDIO"
        }
      ],
      "size": [
        270,
        82
      ],
      "pos": [
        1812.26318359375,
        -1060.53955078125
      ],
      "widgets_values": [
        "0:00",
        "4"
      ],
      "inputs": [
        {
          "name": "audio",
          "link": 257,
          "label": "audio",
          "type": "AUDIO",
          "localized_name": "audio"
        },
        {
          "widget": {
            "name": "start_time"
          },
          "name": "start_time",
          "label": "start_time",
          "type": "STRING",
          "localized_name": "start_time"
        },
        {
          "widget": {
            "name": "end_time"
          },
          "name": "end_time",
          "label": "end_time",
          "type": "STRING",
          "localized_name": "end_time"
        }
      ],
      "flags": {},
      "id": 159,
      "type": "AudioCrop",
      "properties": {
        "cnr_id": "audio-separation-nodes-comfyui",
        "ver": "31a4567726e035097cc2d1f767767908a6fda2ea",
        "widget_ue_connectable": {},
        "Node name for S&R": "AudioCrop"
      },
      "order": 12
    },
    {
      "mode": 0,
      "outputs": [],
      "size": [
        354.2662353515625,
        114.39665222167969
      ],
      "pos": [
        2793.576416015625,
        -1007.8055419921875
      ],
      "widgets_values": [],
      "inputs": [
        {
          "name": "audio",
          "link": 345,
          "label": "audio",
          "type": "AUDIO",
          "localized_name": "audio"
        },
        {
          "widget": {
            "name": "audioUI"
          },
          "name": "audioUI",
          "label": "audioUI",
          "type": "AUDIO_UI",
          "localized_name": "audioUI"
        }
      ],
      "flags": {},
      "id": 200,
      "type": "PreviewAudio",
      "properties": {
        "cnr_id": "comfy-core",
        "ver": "0.3.50",
        "widget_ue_connectable": {},
        "Node name for S&R": "PreviewAudio"
      },
      "order": 24
    },
    {
      "mode": 0,
      "outputs": [],
      "size": [
        566.7026977539062,
        407.9333190917969
      ],
      "pos": [
        2011.2027587890625,
        -842.5009765625
      ],
      "widgets_values": [],
      "inputs": [
        {
          "name": "mask",
          "link": 342,
          "label": "mask",
          "type": "MASK",
          "localized_name": "mask"
        }
      ],
      "flags": {},
      "id": 198,
      "type": "MaskPreview+",
      "properties": {
        "cnr_id": "comfyui_essentials",
        "ver": "1.1.0",
        "widget_ue_connectable": {},
        "Node name for S&R": "MaskPreview+"
      },
      "order": 21
    },
    {
      "mode": 0,
      "outputs": [
        {
          "name": "multitalk_embeds",
          "links": [
            336
          ],
          "label": "multitalk_embeds",
          "type": "MULTITALK_EMBEDS",
          "localized_name": "multitalk_embeds"
        },
        {
          "name": "audio",
          "links": [
            345,
            348
          ],
          "label": "audio",
          "type": "AUDIO",
          "localized_name": "audio"
        }
      ],
      "size": [
        291.08203125,
        278
      ],
      "pos": [
        2872.00244140625,
        -1468.4229736328125
      ],
      "widgets_values": [
        true,
        275,
        25,
        1,
        1,
        "add"
      ],
      "inputs": [
        {
          "name": "wav2vec_model",
          "link": 334,
          "label": "wav2vec_model",
          "type": "WAV2VECMODEL",
          "localized_name": "wav2vec_model"
        },
        {
          "name": "audio_1",
          "link": 335,
          "label": "audio_1",
          "type": "AUDIO",
          "localized_name": "audio_1"
        },
        {
          "shape": 7,
          "name": "audio_2",
          "link": 347,
          "label": "audio_2",
          "type": "AUDIO",
          "localized_name": "audio_2"
        },
        {
          "shape": 7,
          "name": "audio_3",
          "label": "audio_3",
          "type": "AUDIO",
          "localized_name": "audio_3"
        },
        {
          "shape": 7,
          "name": "audio_4",
          "label": "audio_4",
          "type": "AUDIO",
          "localized_name": "audio_4"
        },
        {
          "shape": 7,
          "name": "ref_target_masks",
          "link": 343,
          "label": "ref_target_masks",
          "type": "MASK",
          "localized_name": "ref_target_masks"
        },
        {
          "widget": {
            "name": "normalize_loudness"
          },
          "name": "normalize_loudness",
          "label": "normalize_loudness",
          "type": "BOOLEAN",
          "localized_name": "normalize_loudness"
        },
        {
          "widget": {
            "name": "num_frames"
          },
          "name": "num_frames",
          "link": 338,
          "label": "num_frames",
          "type": "INT",
          "localized_name": "num_frames"
        },
        {
          "widget": {
            "name": "fps"
          },
          "name": "fps",
          "label": "fps",
          "type": "FLOAT",
          "localized_name": "fps"
        },
        {
          "widget": {
            "name": "audio_scale"
          },
          "name": "audio_scale",
          "label": "audio_scale",
          "type": "FLOAT",
          "localized_name": "audio_scale"
        },
        {
          "widget": {
            "name": "audio_cfg_scale"
          },
          "name": "audio_cfg_scale",
          "label": "audio_cfg_scale",
          "type": "FLOAT",
          "localized_name": "audio_cfg_scale"
        },
        {
          "widget": {
            "name": "multi_audio_type"
          },
          "name": "multi_audio_type",
          "label": "multi_audio_type",
          "type": "COMBO",
          "localized_name": "multi_audio_type"
        }
      ],
      "flags": {},
      "id": 194,
      "type": "MultiTalkWav2VecEmbeds",
      "properties": {
        "cnr_id": "ComfyUI-WanVideoWrapper",
        "ver": "3d7801cee4c8e3106078dd9b9f146caee95069ba",
        "widget_ue_connectable": {
          "num_frames": true
        },
        "Node name for S&R": "MultiTalkWav2VecEmbeds"
      },
      "order": 22
    },
    {
      "mode": 0,
      "outputs": [
        {
          "name": "Filenames",
          "label": "Filenames",
          "type": "VHS_FILENAMES",
          "localized_name": "Filenames"
        }
      ],
      "size": [
        850.4473266601562,
        851.104248046875
      ],
      "pos": [
        3868.535888671875,
        -2464.3759765625
      ],
      "widgets_values": {
        "save_output": true,
        "filename_prefix": "WanVideo2_1_multitalk",
        "loop_count": 0,
        "pix_fmt": "yuv420p",
        "save_metadata": false,
        "crf": 19,
        "trim_to_audio": false,
        "videopreview": {
          "paused": false,
          "hidden": false,
          "params": {
            "filename": "WanVideo2_1_multitalk_00001-audio_zvczs_1755618001.mp4",
            "workflow": "WanVideo2_1_multitalk_00001.png",
            "fullpath": "/data/ComfyUI/personal/07dd6ec212cbddc84e315b706e8144d7/output/WanVideo2_1_multitalk_00001-audio.mp4",
            "format": "video/h264-mp4",
            "subfolder": "",
            "type": "output",
            "frame_rate": 25
          }
        },
        "format": "video/h264-mp4",
        "no_preview": false,
        "frame_rate": 25,
        "pingpong": false
      },
      "inputs": [
        {
          "name": "images",
          "link": 196,
          "label": "images",
          "type": "IMAGE",
          "localized_name": "images"
        },
        {
          "shape": 7,
          "name": "audio",
          "link": 348,
          "label": "audio",
          "type": "AUDIO",
          "localized_name": "audio"
        },
        {
          "shape": 7,
          "name": "meta_batch",
          "label": "meta_batch",
          "type": "VHS_BatchManager",
          "localized_name": "meta_batch"
        },
        {
          "shape": 7,
          "name": "vae",
          "label": "vae",
          "type": "VAE",
          "localized_name": "vae"
        },
        {
          "widget": {
            "name": "frame_rate"
          },
          "name": "frame_rate",
          "label": "frame_rate",
          "type": "FLOAT",
          "localized_name": "frame_rate"
        },
        {
          "widget": {
            "name": "loop_count"
          },
          "name": "loop_count",
          "label": "loop_count",
          "type": "INT",
          "localized_name": "loop_count"
        },
        {
          "widget": {
            "name": "filename_prefix"
          },
          "name": "filename_prefix",
          "label": "filename_prefix",
          "type": "STRING",
          "localized_name": "filename_prefix"
        },
        {
          "widget": {
            "name": "format"
          },
          "name": "format",
          "label": "format",
          "type": "COMBO",
          "localized_name": "format"
        },
        {
          "widget": {
            "name": "pingpong"
          },
          "name": "pingpong",
          "label": "pingpong",
          "type": "BOOLEAN",
          "localized_name": "pingpong"
        },
        {
          "widget": {
            "name": "save_output"
          },
          "name": "save_output",
          "label": "save_output",
          "type": "BOOLEAN",
          "localized_name": "save_output"
        },
        {
          "widget": {
            "name": "no_preview"
          },
          "shape": 7,
          "name": "no_preview",
          "label": "no_preview",
          "type": "BOOLEAN",
          "localized_name": "no_preview"
        }
      ],
      "flags": {},
      "id": 131,
      "type": "VHS_VideoCombine",
      "properties": {
        "cnr_id": "comfyui-videohelpersuite",
        "ver": "0a75c7958fe320efcb052f1d9f8451fd20c730a8",
        "widget_ue_connectable": {},
        "Node name for S&R": "VHS_VideoCombine"
      },
      "order": 26
    },
    {
      "mode": 0,
      "outputs": [
        {
          "name": "AUDIO",
          "links": [
            347
          ],
          "label": "AUDIO",
          "type": "AUDIO",
          "localized_name": "AUDIO"
        }
      ],
      "size": [
        270,
        82
      ],
      "pos": [
        1701.99658203125,
        -636.50048828125
      ],
      "widgets_values": [
        "0:00",
        "4"
      ],
      "inputs": [
        {
          "name": "audio",
          "link": 346,
          "label": "audio",
          "type": "AUDIO",
          "localized_name": "audio"
        },
        {
          "widget": {
            "name": "start_time"
          },
          "name": "start_time",
          "label": "start_time",
          "type": "STRING",
          "localized_name": "start_time"
        },
        {
          "widget": {
            "name": "end_time"
          },
          "name": "end_time",
          "label": "end_time",
          "type": "STRING",
          "localized_name": "end_time"
        }
      ],
      "flags": {},
      "id": 204,
      "type": "AudioCrop",
      "properties": {
        "cnr_id": "audio-separation-nodes-comfyui",
        "ver": "31a4567726e035097cc2d1f767767908a6fda2ea",
        "widget_ue_connectable": {},
        "Node name for S&R": "AudioCrop"
      },
      "order": 13
    },
    {
      "mode": 4,
      "outputs": [
        {
          "name": "Bass",
          "label": "Bass",
          "type": "AUDIO",
          "localized_name": "Bass"
        },
        {
          "name": "Drums",
          "label": "Drums",
          "type": "AUDIO",
          "localized_name": "Drums"
        },
        {
          "name": "Other",
          "label": "Other",
          "type": "AUDIO",
          "localized_name": "Other"
        },
        {
          "name": "Vocals",
          "links": [
            335
          ],
          "label": "Vocals",
          "type": "AUDIO",
          "localized_name": "Vocals"
        }
      ],
      "size": [
        270,
        166
      ],
      "pos": [
        2163.44580078125,
        -1066.459228515625
      ],
      "widgets_values": [
        "linear",
        10,
        0.1
      ],
      "inputs": [
        {
          "name": "audio",
          "link": 301,
          "label": "audio",
          "type": "AUDIO",
          "localized_name": "audio"
        },
        {
          "widget": {
            "name": "chunk_fade_shape"
          },
          "shape": 7,
          "name": "chunk_fade_shape",
          "label": "chunk_fade_shape",
          "type": "COMBO",
          "localized_name": "chunk_fade_shape"
        },
        {
          "widget": {
            "name": "chunk_length"
          },
          "shape": 7,
          "name": "chunk_length",
          "label": "chunk_length",
          "type": "FLOAT",
          "localized_name": "chunk_length"
        },
        {
          "widget": {
            "name": "chunk_overlap"
          },
          "shape": 7,
          "name": "chunk_overlap",
          "label": "chunk_overlap",
          "type": "FLOAT",
          "localized_name": "chunk_overlap"
        }
      ],
      "flags": {},
      "id": 170,
      "type": "AudioSeparation",
      "properties": {
        "cnr_id": "audio-separation-nodes-comfyui",
        "ver": "31a4567726e035097cc2d1f767767908a6fda2ea",
        "widget_ue_connectable": {},
        "Node name for S&R": "AudioSeparation"
      },
      "order": 17
    },
    {
      "mode": 0,
      "outputs": [
        {
          "name": "IMAGE",
          "links": [
            326,
            331
          ],
          "label": "IMAGE",
          "type": "IMAGE",
          "localized_name": "IMAGE"
        },
        {
          "name": "width",
          "links": [
            339
          ],
          "label": "width",
          "type": "INT",
          "localized_name": "width"
        },
        {
          "name": "height",
          "links": [
            340
          ],
          "label": "height",
          "type": "INT",
          "localized_name": "height"
        },
        {
          "name": "mask",
          "links": [
            350
          ],
          "label": "mask",
          "type": "MASK",
          "localized_name": "mask"
        }
      ],
      "size": [
        270,
        336
      ],
      "pos": [
        1469.833251953125,
        -1538.384521484375
      ],
      "widgets_values": [
        832,
        480,
        "lanczos",
        "crop",
        "0, 0, 0",
        "center",
        2,
        "cpu"
      ],
      "inputs": [
        {
          "name": "image",
          "link": 283,
          "label": "image",
          "type": "IMAGE",
          "localized_name": "image"
        },
        {
          "shape": 7,
          "name": "mask",
          "link": 349,
          "label": "mask",
          "type": "MASK",
          "localized_name": "mask"
        },
        {
          "widget": {
            "name": "width"
          },
          "name": "width",
          "label": "width",
          "type": "INT",
          "localized_name": "width"
        },
        {
          "widget": {
            "name": "height"
          },
          "name": "height",
          "label": "height",
          "type": "INT",
          "localized_name": "height"
        },
        {
          "widget": {
            "name": "upscale_method"
          },
          "name": "upscale_method",
          "label": "upscale_method",
          "type": "COMBO",
          "localized_name": "upscale_method"
        },
        {
          "widget": {
            "name": "keep_proportion"
          },
          "name": "keep_proportion",
          "label": "keep_proportion",
          "type": "COMBO",
          "localized_name": "keep_proportion"
        },
        {
          "widget": {
            "name": "pad_color"
          },
          "name": "pad_color",
          "label": "pad_color",
          "type": "STRING",
          "localized_name": "pad_color"
        },
        {
          "widget": {
            "name": "crop_position"
          },
          "name": "crop_position",
          "label": "crop_position",
          "type": "COMBO",
          "localized_name": "crop_position"
        },
        {
          "widget": {
            "name": "divisible_by"
          },
          "name": "divisible_by",
          "label": "divisible_by",
          "type": "INT",
          "localized_name": "divisible_by"
        },
        {
          "widget": {
            "name": "device"
          },
          "shape": 7,
          "name": "device",
          "label": "device",
          "type": "COMBO",
          "localized_name": "device"
        }
      ],
      "flags": {},
      "id": 171,
      "type": "ImageResizeKJv2",
      "properties": {
        "cnr_id": "comfyui-kjnodes",
        "ver": "f7eb33abc80a2aded1b46dff0dd14d07856a7d50",
        "widget_ue_connectable": {},
        "Node name for S&R": "ImageResizeKJv2"
      },
      "order": 14
    },
    {
      "mode": 0,
      "outputs": [
        {
          "name": "AUDIO",
          "links": [
            257
          ],
          "label": "AUDIO",
          "type": "AUDIO",
          "localized_name": "AUDIO"
        }
      ],
      "size": [
        357.32049560546875,
        136
      ],
      "pos": [
        1334.7508544921875,
        -1121.3521728515625
      ],
      "widgets_values": [
        "1cbc4b0988c4b21dd81b5bb8e189d9a4c831338b837de1448652644556cff2f9.MP3",
        null,
        null
      ],
      "inputs": [
        {
          "widget": {
            "name": "audio"
          },
          "name": "audio",
          "label": "audio",
          "type": "COMBO",
          "localized_name": "audio"
        },
        {
          "widget": {
            "name": "audioUI"
          },
          "name": "audioUI",
          "label": "audioUI",
          "type": "AUDIO_UI",
          "localized_name": "audioUI"
        },
        {
          "widget": {
            "name": "upload"
          },
          "name": "upload",
          "label": "upload",
          "type": "AUDIOUPLOAD",
          "localized_name": "choose file to upload"
        }
      ],
      "flags": {},
      "id": 125,
      "type": "LoadAudio",
      "properties": {
        "cnr_id": "comfy-core",
        "ver": "0.3.41",
        "widget_ue_connectable": {},
        "Node name for S&R": "LoadAudio"
      },
      "order": 4
    },
    {
      "mode": 0,
      "outputs": [
        {
          "name": "AUDIO",
          "links": [
            346
          ],
          "label": "AUDIO",
          "type": "AUDIO",
          "localized_name": "AUDIO"
        }
      ],
      "size": [
        357.32049560546875,
        136
      ],
      "pos": [
        1310.7847900390625,
        -664.1358642578125
      ],
      "widgets_values": [
        "3cf4e89f1ed4c5be4ea5674ffd49bcec1562ed3e40b62cb7e587300cd7df508d.MP3",
        null,
        null
      ],
      "inputs": [
        {
          "widget": {
            "name": "audio"
          },
          "name": "audio",
          "label": "audio",
          "type": "COMBO",
          "localized_name": "audio"
        },
        {
          "widget": {
            "name": "audioUI"
          },
          "name": "audioUI",
          "label": "audioUI",
          "type": "AUDIO_UI",
          "localized_name": "audioUI"
        },
        {
          "widget": {
            "name": "upload"
          },
          "name": "upload",
          "label": "upload",
          "type": "AUDIOUPLOAD",
          "localized_name": "choose file to upload"
        }
      ],
      "flags": {},
      "id": 199,
      "type": "LoadAudio",
      "properties": {
        "cnr_id": "comfy-core",
        "ver": "0.3.41",
        "widget_ue_connectable": {},
        "Node name for S&R": "LoadAudio"
      },
      "order": 5
    },
    {
      "mode": 0,
      "outputs": [
        {
          "name": "IMAGE",
          "links": [
            283
          ],
          "label": "IMAGE",
          "type": "IMAGE",
          "localized_name": "IMAGE"
        },
        {
          "name": "MASK",
          "links": [
            349
          ],
          "label": "MASK",
          "type": "MASK",
          "localized_name": "MASK"
        }
      ],
      "size": [
        462.44873046875,
        454.31475830078125
      ],
      "pos": [
        799.470458984375,
        -1594.0255126953125
      ],
      "widgets_values": [
        "clipspace/07dd6ec212cbddc84e315b706e8144d7_0078e5e52c96f235f617c994a3abfd74661afc2d44d720194523e13ce5fe2b20.png [input]",
        "image"
      ],
      "inputs": [
        {
          "widget": {
            "name": "image"
          },
          "name": "image",
          "label": "image",
          "type": "COMBO",
          "localized_name": "image"
        },
        {
          "widget": {
            "name": "upload"
          },
          "name": "upload",
          "label": "upload",
          "type": "IMAGEUPLOAD",
          "localized_name": "choose file to upload"
        }
      ],
      "flags": {},
      "id": 133,
      "type": "LoadImage",
      "properties": {
        "cnr_id": "comfy-core",
        "ver": "0.3.41",
        "widget_ue_connectable": {},
        "Node name for S&R": "LoadImage"
      },
      "order": 6
    },
    {
      "outputs": [
        {
          "name": "model",
          "links": [
            197
          ],
          "label": "model",
          "type": "WANVIDEOMODEL",
          "localized_name": "model"
        }
      ],
      "color": "#223",
      "widgets_values": [
        "Wan2_1-I2V-14B-480p_fp8_e4m3fn_scaled_KJ.safetensors",
        "fp16",
        "fp8_e4m3fn_scaled",
        "offload_device",
        "sageattn"
      ],
      "inputs": [
        {
          "shape": 7,
          "name": "compile_args",
          "link": 299,
          "label": "compile_args",
          "type": "WANCOMPILEARGS",
          "localized_name": "compile_args"
        },
        {
          "shape": 7,
          "name": "block_swap_args",
          "link": 332,
          "label": "block_swap_args",
          "type": "BLOCKSWAPARGS",
          "localized_name": "block_swap_args"
        },
        {
          "shape": 7,
          "name": "lora",
          "link": 256,
          "label": "lora",
          "type": "WANVIDLORA",
          "localized_name": "lora"
        },
        {
          "shape": 7,
          "name": "vram_management_args",
          "label": "vram_management_args",
          "type": "VRAM_MANAGEMENTARGS",
          "localized_name": "vram_management_args"
        },
        {
          "shape": 7,
          "name": "vace_model",
          "label": "vace_model",
          "type": "VACEPATH",
          "localized_name": "vace_model"
        },
        {
          "shape": 7,
          "name": "fantasytalking_model",
          "label": "fantasytalking_model",
          "type": "FANTASYTALKINGMODEL",
          "localized_name": "fantasytalking_model"
        },
        {
          "shape": 7,
          "name": "multitalk_model",
          "link": 270,
          "label": "multitalk_model",
          "type": "MULTITALKMODEL",
          "localized_name": "multitalk_model"
        },
        {
          "shape": 7,
          "name": "fantasyportrait_model",
          "label": "fantasyportrait_model",
          "type": "FANTASYPORTRAITMODEL",
          "localized_name": "fantasyportrait_model"
        },
        {
          "widget": {
            "name": "model"
          },
          "name": "model",
          "label": "model",
          "type": "COMBO",
          "localized_name": "model"
        },
        {
          "widget": {
            "name": "base_precision"
          },
          "name": "base_precision",
          "label": "base_precision",
          "type": "COMBO",
          "localized_name": "base_precision"
        },
        {
          "widget": {
            "name": "quantization"
          },
          "name": "quantization",
          "label": "quantization",
          "type": "COMBO",
          "localized_name": "quantization"
        },
        {
          "widget": {
            "name": "load_device"
          },
          "name": "load_device",
          "label": "load_device",
          "type": "COMBO",
          "localized_name": "load_device"
        },
        {
          "widget": {
            "name": "attention_mode"
          },
          "shape": 7,
          "name": "attention_mode",
          "label": "attention_mode",
          "type": "COMBO",
          "localized_name": "attention_mode"
        }
      ],
      "flags": {},
      "type": "WanVideoModelLoader",
      "mode": 0,
      "bgcolor": "#335",
      "size": [
        595.2891235351562,
        294
      ],
      "pos": [
        1610.768798828125,
        -2170.692138671875
      ],
      "id": 122,
      "properties": {
        "cnr_id": "ComfyUI-WanVideoWrapper",
        "ver": "058286fc0f3b0651a2f6b68309df3f06e8332cc0",
        "widget_ue_connectable": {},
        "Node name for S&R": "WanVideoModelLoader"
      },
      "order": 15
    },
    {
      "mode": 0,
      "outputs": [
        {
          "name": "model",
          "links": [
            270
          ],
          "label": "model",
          "type": "MULTITALKMODEL",
          "localized_name": "model"
        }
      ],
      "size": [
        447.0210266113281,
        82
      ],
      "pos": [
        1048.4339599609375,
        -1921.3365478515625
      ],
      "widgets_values": [
        "InfiniteTalk/Wan2_1-InfiniteTalk-Multi_fp16.safetensors"
      ],
      "inputs": [
        {
          "widget": {
            "name": "model"
          },
          "name": "model",
          "label": "model",
          "type": "COMBO",
          "localized_name": "model"
        }
      ],
      "flags": {},
      "id": 120,
      "type": "MultiTalkModelLoader",
      "properties": {
        "cnr_id": "ComfyUI-WanVideoWrapper",
        "ver": "058286fc0f3b0651a2f6b68309df3f06e8332cc0",
        "widget_ue_connectable": {},
        "Node name for S&R": "MultiTalkModelLoader"
      },
      "order": 7
    },
    {
      "mode": 0,
      "outputs": [
        {
          "name": "lora",
          "links": [
            256
          ],
          "label": "lora",
          "type": "WANVIDLORA",
          "localized_name": "lora"
        }
      ],
      "size": [
        503.4073486328125,
        150
      ],
      "pos": [
        1021.5878295898438,
        -2135.27294921875
      ],
      "widgets_values": [
        "lightx2v_I2V_14B_480p_cfg_step_distill_rank128_bf16.safetensors",
        0.8000000000000002,
        false,
        false
      ],
      "inputs": [
        {
          "shape": 7,
          "name": "prev_lora",
          "label": "prev_lora",
          "type": "WANVIDLORA",
          "localized_name": "prev_lora"
        },
        {
          "shape": 7,
          "name": "blocks",
          "label": "blocks",
          "type": "SELECTEDBLOCKS",
          "localized_name": "blocks"
        },
        {
          "widget": {
            "name": "lora"
          },
          "name": "lora",
          "label": "lora",
          "type": "COMBO",
          "localized_name": "lora"
        },
        {
          "widget": {
            "name": "strength"
          },
          "name": "strength",
          "label": "strength",
          "type": "FLOAT",
          "localized_name": "strength"
        },
        {
          "widget": {
            "name": "low_mem_load"
          },
          "shape": 7,
          "name": "low_mem_load",
          "label": "low_mem_load",
          "type": "BOOLEAN",
          "localized_name": "low_mem_load"
        },
        {
          "widget": {
            "name": "merge_loras"
          },
          "shape": 7,
          "name": "merge_loras",
          "label": "merge_loras",
          "type": "BOOLEAN",
          "localized_name": "merge_loras"
        }
      ],
      "flags": {},
      "id": 138,
      "type": "WanVideoLoraSelect",
      "properties": {
        "cnr_id": "ComfyUI-WanVideoWrapper",
        "ver": "058286fc0f3b0651a2f6b68309df3f06e8332cc0",
        "widget_ue_connectable": {},
        "Node name for S&R": "WanVideoLoraSelect"
      },
      "order": 8
    },
    {
      "outputs": [
        {
          "name": "vae",
          "slot_index": 0,
          "links": [
            193,
            325
          ],
          "label": "vae",
          "type": "WANVAE",
          "localized_name": "vae"
        }
      ],
      "color": "#322",
      "widgets_values": [
        "wan_2.1_vae.safetensors",
        "bf16"
      ],
      "inputs": [
        {
          "shape": 7,
          "name": "compile_args",
          "label": "compile_args",
          "type": "WANCOMPILEARGS",
          "localized_name": "compile_args"
        },
        {
          "widget": {
            "name": "model_name"
          },
          "name": "model_name",
          "label": "model_name",
          "type": "COMBO",
          "localized_name": "model_name"
        },
        {
          "widget": {
            "name": "precision"
          },
          "shape": 7,
          "name": "precision",
          "label": "precision",
          "type": "COMBO",
          "localized_name": "precision"
        }
      ],
      "flags": {},
      "type": "WanVideoVAELoader",
      "mode": 0,
      "bgcolor": "#533",
      "size": [
        315,
        82
      ],
      "pos": [
        2270.646240234375,
        -2228.739990234375
      ],
      "id": 129,
      "properties": {
        "cnr_id": "ComfyUI-WanVideoWrapper",
        "ver": "c3ee35f3ece76e38099dc516182d69b406e16772",
        "widget_ue_connectable": {},
        "Node name for S&R": "WanVideoVAELoader"
      },
      "order": 9
    },
    {
      "outputs": [
        {
          "name": "wan_t5_model",
          "links": [
            202
          ],
          "label": "wan_t5_model",
          "type": "WANTEXTENCODER",
          "localized_name": "wan_t5_model"
        }
      ],
      "color": "#432",
      "widgets_values": [
        "umt5-xxl-enc-bf16.safetensors",
        "bf16",
        "offload_device",
        "disabled"
      ],
      "inputs": [
        {
          "widget": {
            "name": "model_name"
          },
          "name": "model_name",
          "label": "model_name",
          "type": "COMBO",
          "localized_name": "model_name"
        },
        {
          "widget": {
            "name": "precision"
          },
          "name": "precision",
          "label": "precision",
          "type": "COMBO",
          "localized_name": "precision"
        },
        {
          "widget": {
            "name": "load_device"
          },
          "shape": 7,
          "name": "load_device",
          "label": "load_device",
          "type": "COMBO",
          "localized_name": "load_device"
        },
        {
          "widget": {
            "name": "quantization"
          },
          "shape": 7,
          "name": "quantization",
          "label": "quantization",
          "type": "COMBO",
          "localized_name": "quantization"
        }
      ],
      "flags": {},
      "type": "LoadWanVideoT5TextEncoder",
      "mode": 0,
      "bgcolor": "#653",
      "size": [
        370.9598693847656,
        130
      ],
      "pos": [
        2232.4970703125,
        -2067.13330078125
      ],
      "id": 136,
      "properties": {
        "cnr_id": "ComfyUI-WanVideoWrapper",
        "ver": "058286fc0f3b0651a2f6b68309df3f06e8332cc0",
        "widget_ue_connectable": {},
        "Node name for S&R": "LoadWanVideoT5TextEncoder"
      },
      "order": 10
    },
    {
      "mode": 0,
      "outputs": [
        {
          "name": "wav2vec_model",
          "links": [
            334
          ],
          "label": "wav2vec_model",
          "type": "WAV2VECMODEL",
          "localized_name": "wav2vec_model"
        }
      ],
      "size": [
        330.96728515625,
        106
      ],
      "pos": [
        2248.339599609375,
        -1817.8314208984375
      ],
      "widgets_values": [
        "TencentGameMate/chinese-wav2vec2-base",
        "fp16",
        "main_device"
      ],
      "inputs": [
        {
          "widget": {
            "name": "model"
          },
          "name": "model",
          "label": "model",
          "type": "COMBO",
          "localized_name": "model"
        },
        {
          "widget": {
            "name": "base_precision"
          },
          "name": "base_precision",
          "label": "base_precision",
          "type": "COMBO",
          "localized_name": "base_precision"
        },
        {
          "widget": {
            "name": "load_device"
          },
          "name": "load_device",
          "label": "load_device",
          "type": "COMBO",
          "localized_name": "load_device"
        }
      ],
      "flags": {},
      "id": 137,
      "type": "DownloadAndLoadWav2VecModel",
      "properties": {
        "cnr_id": "ComfyUI-WanVideoWrapper",
        "ver": "058286fc0f3b0651a2f6b68309df3f06e8332cc0",
        "widget_ue_connectable": {},
        "Node name for S&R": "DownloadAndLoadWav2VecModel"
      },
      "order": 11
    },
    {
      "mode": 0,
      "outputs": [
        {
          "name": "text_embeds",
          "links": [
            306
          ],
          "label": "text_embeds",
          "type": "WANVIDEOTEXTEMBEDS",
          "localized_name": "text_embeds"
        }
      ],
      "size": [
        469.3669128417969,
        323.4193115234375
      ],
      "pos": [
        2833.218994140625,
        -2307.97119140625
      ],
      "widgets_values": [
        "两个人在说话",
        "bright tones, overexposed, static, blurred details, subtitles, style, works, paintings, images, static, overall gray, worst quality, low quality, JPEG compression residue, ugly, incomplete, extra fingers, poorly drawn hands, poorly drawn faces, deformed, disfigured, misshapen limbs, fused fingers, still picture, messy background, three legs, many people in the background, walking backwards",
        true,
        false,
        "gpu"
      ],
      "inputs": [
        {
          "shape": 7,
          "name": "t5",
          "link": 202,
          "label": "t5",
          "type": "WANTEXTENCODER",
          "localized_name": "t5"
        },
        {
          "shape": 7,
          "name": "model_to_offload",
          "label": "model_to_offload",
          "type": "WANVIDEOMODEL",
          "localized_name": "model_to_offload"
        },
        {
          "widget": {
            "name": "positive_prompt"
          },
          "name": "positive_prompt",
          "label": "positive_prompt",
          "type": "STRING",
          "localized_name": "positive_prompt"
        },
        {
          "widget": {
            "name": "negative_prompt"
          },
          "name": "negative_prompt",
          "label": "negative_prompt",
          "type": "STRING",
          "localized_name": "negative_prompt"
        },
        {
          "widget": {
            "name": "force_offload"
          },
          "shape": 7,
          "name": "force_offload",
          "label": "force_offload",
          "type": "BOOLEAN",
          "localized_name": "force_offload"
        },
        {
          "widget": {
            "name": "use_disk_cache"
          },
          "shape": 7,
          "name": "use_disk_cache",
          "label": "use_disk_cache",
          "type": "BOOLEAN",
          "localized_name": "use_disk_cache"
        },
        {
          "widget": {
            "name": "device"
          },
          "shape": 7,
          "name": "device",
          "label": "device",
          "type": "COMBO",
          "localized_name": "device"
        }
      ],
      "flags": {},
      "id": 135,
      "type": "WanVideoTextEncode",
      "properties": {
        "cnr_id": "ComfyUI-WanVideoWrapper",
        "ver": "058286fc0f3b0651a2f6b68309df3f06e8332cc0",
        "widget_ue_connectable": {},
        "Node name for S&R": "WanVideoTextEncode"
      },
      "order": 16
    }
  ],
  "extra": {
    "VHS_KeepIntermediate": true,
    "links_added_by_ue": [],
    "VHS_MetadataImage": true,
    "ue_links": [],
    "0246.VERSION": [
      0,
      0,
      4
    ],
    "VHS_latentpreviewrate": 0,
    "frontendVersion": "1.25.9",
    "VHS_latentpreview": true,
    "node_versions": {
      "ComfyUI-WanVideoWrapper": "0a11c67a0c0062b534178920a0d6dcaa75e7b5fe",
      "audio-separation-nodes-comfyui": "31a4567726e035097cc2d1f767767908a6fda2ea",
      "comfyui-videohelpersuite": "a7ce59e381934733bfae03b1be029756d6ce936d",
      "ComfyUI-KJNodes": "f7eb33abc80a2aded1b46dff0dd14d07856a7d50",
      "comfy-core": "0.3.43"
    },
    "ds": {
      "offset": [
        -2036.4066965328366,
        2399.987428270032
      ],
      "scale": 0.8769226950000021
    }
  },
  "groups": [
    {
      "color": "#3f789e",
      "font_size": 24,
      "flags": {},
      "id": 1,
      "title": "Models",
      "bounding": [
        969.4049072265625,
        -2553.697509765625,
        1772.8997802734375,
        888.819580078125
      ]
    },
    {
      "color": "#3f789e",
      "font_size": 24,
      "flags": {},
      "id": 2,
      "title": "多人处理",
      "bounding": [
        1300.7847900390625,
        -1613.2069091796875,
        1872.2999267578125,
        1188.6392822265625
      ]
    }
  ],
  "links": [
    [
      193,
      129,
      0,
      130,
      0,
      "WANVAE"
    ],
    [
      194,
      128,
      0,
      130,
      1,
      "LATENT"
    ],
    [
      196,
      130,
      0,
      131,
      0,
      "IMAGE"
    ],
    [
      197,
      122,
      0,
      128,
      0,
      "WANVIDEOMODEL"
    ],
    [
      202,
      136,
      0,
      135,
      0,
      "WANTEXTENCODER"
    ],
    [
      256,
      138,
      0,
      122,
      2,
      "WANVIDLORA"
    ],
    [
      257,
      125,
      0,
      159,
      0,
      "AUDIO"
    ],
    [
      270,
      120,
      0,
      122,
      6,
      "MULTITALKMODEL"
    ],
    [
      283,
      133,
      0,
      171,
      0,
      "IMAGE"
    ],
    [
      299,
      177,
      0,
      122,
      0,
      "WANCOMPILEARGS"
    ],
    [
      301,
      159,
      0,
      170,
      0,
      "AUDIO"
    ],
    [
      306,
      135,
      0,
      128,
      1,
      "WANVIDEOTEXTEMBEDS"
    ],
    [
      325,
      129,
      0,
      192,
      0,
      "WANVAE"
    ],
    [
      326,
      171,
      0,
      192,
      1,
      "IMAGE"
    ],
    [
      328,
      192,
      0,
      128,
      2,
      "WANVIDIMAGE_EMBEDS"
    ],
    [
      329,
      193,
      0,
      192,
      2,
      "WANVIDIMAGE_CLIPEMBEDS"
    ],
    [
      330,
      173,
      0,
      193,
      0,
      "CLIP_VISION"
    ],
    [
      331,
      171,
      0,
      193,
      1,
      "IMAGE"
    ],
    [
      332,
      134,
      0,
      122,
      1,
      "BLOCKSWAPARGS"
    ],
    [
      334,
      137,
      0,
      194,
      0,
      "WAV2VECMODEL"
    ],
    [
      335,
      170,
      3,
      194,
      1,
      "AUDIO"
    ],
    [
      336,
      194,
      0,
      128,
      15,
      "MULTITALK_EMBEDS"
    ],
    [
      338,
      195,
      0,
      194,
      7,
      "INT"
    ],
    [
      339,
      171,
      1,
      192,
      3,
      "INT"
    ],
    [
      340,
      171,
      2,
      192,
      4,
      "INT"
    ],
    [
      342,
      197,
      0,
      198,
      0,
      "MASK"
    ],
    [
      343,
      197,
      0,
      194,
      5,
      "MASK"
    ],
    [
      345,
      194,
      1,
      200,
      0,
      "AUDIO"
    ],
    [
      346,
      199,
      0,
      204,
      0,
      "AUDIO"
    ],
    [
      347,
      204,
      0,
      194,
      2,
      "AUDIO"
    ],
    [
      348,
      194,
      1,
      131,
      1,
      "AUDIO"
    ],
    [
      349,
      133,
      1,
      171,
      1,
      "MASK"
    ],
    [
      350,
      171,
      3,
      197,
      0,
      "MASK"
    ]
  ],
  "id": "d5c127be-2353-484e-8f11-2c6e0c02fc7f",
  "config": {},
  "version": 0.4,
  "last_node_id": 204,
  "revision": 0
}