{
  "last_link_id": 329,
  "nodes": [
    {
      "mode": 0,
      "outputs": [],
      "size": [
        420,
        310
      ],
      "pos": [
        320,
        860
      ],
      "widgets_values": [],
      "inputs": [
        {
          "name": "images",
          "link": 289,
          "label": "图像",
          "type": "IMAGE",
          "localized_name": "图像"
        }
      ],
      "flags": {},
      "id": 173,
      "type": "PreviewImage",
      "properties": {
        "cnr_id": "comfy-core",
        "ver": "0.3.40",
        "widget_ue_connectable": {},
        "Node name for S&R": "PreviewImage"
      },
      "order": 16
    },
    {
      "mode": 0,
      "outputs": [
        {
          "name": "IMAGE",
          "links": [
            222,
            289
          ],
          "label": "IMAGE",
          "type": "IMAGE",
          "localized_name": "图像"
        }
      ],
      "size": [
        270,
        30
      ],
      "pos": [
        -50,
        570
      ],
      "widgets_values": [],
      "inputs": [
        {
          "name": "image",
          "link": 302,
          "label": "image",
          "type": "IMAGE",
          "localized_name": "image"
        }
      ],
      "flags": {
        "collapsed": false
      },
      "id": 42,
      "type": "FluxKontextImageScale",
      "properties": {
        "cnr_id": "comfy-core",
        "ver": "0.3.38",
        "widget_ue_connectable": {},
        "Node name for S&R": "FluxKontextImageScale"
      },
      "order": 14
    },
    {
      "mode": 0,
      "outputs": [
        {
          "name": "CONDITIONING",
          "links": [
            238
          ],
          "label": "条件",
          "type": "CONDITIONING",
          "localized_name": "条件"
        }
      ],
      "size": [
        240,
        26
      ],
      "pos": [
        252.83242797851562,
        221.5253143310547
      ],
      "widgets_values": [],
      "inputs": [
        {
          "name": "conditioning",
          "link": 237,
          "label": "条件",
          "type": "CONDITIONING",
          "localized_name": "条件"
        }
      ],
      "flags": {
        "collapsed": false
      },
      "id": 135,
      "type": "ConditioningZeroOut",
      "properties": {
        "cnr_id": "comfy-core",
        "ver": "0.3.39",
        "widget_ue_connectable": {},
        "Node name for S&R": "ConditioningZeroOut"
      },
      "order": 11
    },
    {
      "mode": 0,
      "outputs": [
        {
          "name": "CONDITIONING",
          "slot_index": 0,
          "links": [
            57
          ],
          "label": "条件",
          "type": "CONDITIONING",
          "localized_name": "条件"
        }
      ],
      "size": [
        240,
        58
      ],
      "pos": [
        276.62353515625,
        103.59488677978516
      ],
      "widgets_values": [
        2.5
      ],
      "inputs": [
        {
          "name": "conditioning",
          "link": 292,
          "label": "条件",
          "type": "CONDITIONING",
          "localized_name": "条件"
        },
        {
          "widget": {
            "name": "guidance"
          },
          "name": "guidance",
          "type": "FLOAT",
          "localized_name": "引导"
        }
      ],
      "flags": {
        "collapsed": false
      },
      "id": 35,
      "type": "FluxGuidance",
      "properties": {
        "cnr_id": "comfy-core",
        "ver": "0.3.38",
        "widget_ue_connectable": {},
        "Node name for S&R": "FluxGuidance"
      },
      "order": 18
    },
    {
      "mode": 0,
      "outputs": [
        {
          "name": "CONDITIONING",
          "links": [
            292
          ],
          "label": "CONDITIONING",
          "type": "CONDITIONING",
          "localized_name": "条件"
        }
      ],
      "size": [
        197.712890625,
        46
      ],
      "pos": [
        15.098222732543945,
        171.1549835205078
      ],
      "widgets_values": [],
      "inputs": [
        {
          "name": "conditioning",
          "link": 294,
          "label": "conditioning",
          "type": "CONDITIONING",
          "localized_name": "conditioning"
        },
        {
          "shape": 7,
          "name": "latent",
          "link": 293,
          "label": "latent",
          "type": "LATENT",
          "localized_name": "latent"
        }
      ],
      "flags": {},
      "id": 177,
      "type": "ReferenceLatent",
      "properties": {
        "cnr_id": "comfy-core",
        "ver": "0.3.41",
        "widget_ue_connectable": {},
        "Node name for S&R": "ReferenceLatent"
      },
      "order": 17
    },
    {
      "mode": 0,
      "outputs": [],
      "size": [
        210,
        261.5087585449219
      ],
      "pos": [
        -739.0244750976562,
        329.2567138671875
      ],
      "widgets_values": [],
      "inputs": [
        {
          "name": "images",
          "link": 299,
          "label": "图像",
          "type": "IMAGE",
          "localized_name": "图像"
        }
      ],
      "flags": {},
      "id": 195,
      "type": "PreviewImage",
      "properties": {
        "cnr_id": "comfy-core",
        "ver": "0.3.50",
        "widget_ue_connectable": {},
        "Node name for S&R": "PreviewImage"
      },
      "order": 12
    },
    {
      "mode": 0,
      "outputs": [
        {
          "name": "LATENT",
          "slot_index": 0,
          "links": [
            52
          ],
          "label": "Latent",
          "type": "LATENT",
          "localized_name": "Latent"
        }
      ],
      "size": [
        337.66192626953125,
        486
      ],
      "pos": [
        547.7882690429688,
        -24.186359405517578
      ],
      "widgets_values": [
        973635688936699,
        "fixed",
        20,
        1,
        "euler",
        "simple",
        1
      ],
      "inputs": [
        {
          "name": "model",
          "link": 297,
          "label": "模型",
          "type": "MODEL",
          "localized_name": "模型"
        },
        {
          "name": "positive",
          "link": 57,
          "label": "正面条件",
          "type": "CONDITIONING",
          "localized_name": "正面条件"
        },
        {
          "name": "negative",
          "link": 238,
          "label": "负面条件",
          "type": "CONDITIONING",
          "localized_name": "负面条件"
        },
        {
          "name": "latent_image",
          "link": 304,
          "label": "Latent",
          "type": "LATENT",
          "localized_name": "Latent图像"
        },
        {
          "widget": {
            "name": "seed"
          },
          "name": "seed",
          "type": "INT",
          "localized_name": "随机种"
        },
        {
          "widget": {
            "name": "steps"
          },
          "name": "steps",
          "type": "INT",
          "localized_name": "步数"
        },
        {
          "widget": {
            "name": "cfg"
          },
          "name": "cfg",
          "type": "FLOAT",
          "localized_name": "CFG"
        },
        {
          "widget": {
            "name": "sampler_name"
          },
          "name": "sampler_name",
          "type": "COMBO",
          "localized_name": "采样器"
        },
        {
          "widget": {
            "name": "scheduler"
          },
          "name": "scheduler",
          "type": "COMBO",
          "localized_name": "调度器"
        },
        {
          "widget": {
            "name": "denoise"
          },
          "name": "denoise",
          "type": "FLOAT",
          "localized_name": "降噪"
        }
      ],
      "flags": {},
      "id": 31,
      "type": "KSampler",
      "properties": {
        "cnr_id": "comfy-core",
        "ver": "0.3.38",
        "widget_ue_connectable": {},
        "Node name for S&R": "KSampler"
      },
      "order": 19
    },
    {
      "mode": 0,
      "outputs": [
        {
          "name": "IMAGE",
          "links": [
            302
          ],
          "label": "IMAGE",
          "type": "IMAGE",
          "localized_name": "图像"
        }
      ],
      "size": [
        270,
        150
      ],
      "pos": [
        -375.90087890625,
        594.8803100585938
      ],
      "widgets_values": [
        "right",
        true,
        0,
        "white"
      ],
      "inputs": [
        {
          "name": "image1",
          "link": 314,
          "label": "image1",
          "type": "IMAGE",
          "localized_name": "image1"
        },
        {
          "shape": 7,
          "name": "image2",
          "link": 300,
          "label": "image2",
          "type": "IMAGE",
          "localized_name": "image2"
        },
        {
          "widget": {
            "name": "direction"
          },
          "name": "direction",
          "label": "direction",
          "type": "COMBO",
          "localized_name": "direction"
        },
        {
          "widget": {
            "name": "match_image_size"
          },
          "name": "match_image_size",
          "label": "match_image_size",
          "type": "BOOLEAN",
          "localized_name": "match_image_size"
        },
        {
          "widget": {
            "name": "spacing_width"
          },
          "name": "spacing_width",
          "label": "spacing_width",
          "type": "INT",
          "localized_name": "spacing_width"
        },
        {
          "widget": {
            "name": "spacing_color"
          },
          "name": "spacing_color",
          "label": "spacing_color",
          "type": "COMBO",
          "localized_name": "spacing_color"
        }
      ],
      "flags": {},
      "id": 146,
      "type": "ImageStitch",
      "properties": {
        "cnr_id": "comfy-core",
        "ver": "0.3.40",
        "widget_ue_connectable": {},
        "Node name for S&R": "ImageStitch"
      },
      "order": 13
    },
    {
      "mode": 0,
      "outputs": [
        {
          "name": "IMAGE",
          "links": [
            299,
            300
          ],
          "label": "图像",
          "type": "IMAGE",
          "localized_name": "图像"
        }
      ],
      "size": [
        270,
        82
      ],
      "pos": [
        -370.8674011230469,
        799.7077026367188
      ],
      "widgets_values": [
        "Zoe_DepthAnythingPreprocessor",
        512
      ],
      "inputs": [
        {
          "name": "image",
          "link": 316,
          "label": "图像",
          "type": "IMAGE",
          "localized_name": "image"
        },
        {
          "widget": {
            "name": "preprocessor"
          },
          "shape": 7,
          "name": "preprocessor",
          "type": "COMBO",
          "localized_name": "预处理器"
        },
        {
          "widget": {
            "name": "resolution"
          },
          "shape": 7,
          "name": "resolution",
          "type": "INT",
          "localized_name": "分辨率"
        }
      ],
      "flags": {},
      "id": 194,
      "type": "AIO_Preprocessor",
      "properties": {
        "cnr_id": "comfyui_controlnet_aux",
        "ver": "5a049bde9cc117dafc327cded156459289097ea1",
        "widget_ue_connectable": {},
        "Node name for S&R": "AIO_Preprocessor"
      },
      "order": 10
    },
    {
      "mode": 0,
      "outputs": [
        {
          "name": "IMAGE",
          "slot_index": 0,
          "links": [
            240,
            306,
            307
          ],
          "label": "图像",
          "type": "IMAGE",
          "localized_name": "图像"
        }
      ],
      "size": [
        190,
        46
      ],
      "pos": [
        278.18048095703125,
        392.9751892089844
      ],
      "widgets_values": [],
      "inputs": [
        {
          "name": "samples",
          "link": 52,
          "label": "Latent",
          "type": "LATENT",
          "localized_name": "Latent"
        },
        {
          "name": "vae",
          "link": 61,
          "label": "VAE",
          "type": "VAE",
          "localized_name": "vae"
        }
      ],
      "flags": {
        "collapsed": false
      },
      "id": 8,
      "type": "VAEDecode",
      "properties": {
        "cnr_id": "comfy-core",
        "ver": "0.3.38",
        "widget_ue_connectable": {},
        "Node name for S&R": "VAEDecode"
      },
      "order": 20
    },
    {
      "mode": 0,
      "outputs": [
        {
          "name": "width",
          "links": [
            308
          ],
          "label": "宽度",
          "type": "INT",
          "localized_name": "width"
        },
        {
          "name": "height",
          "links": [
            309,
            318
          ],
          "label": "高度",
          "type": "INT",
          "localized_name": "height"
        },
        {
          "name": "min_width",
          "links": [],
          "label": "min_width",
          "type": "INT",
          "localized_name": "min_width"
        },
        {
          "name": "min_height",
          "label": "min_height",
          "type": "INT",
          "localized_name": "min_height"
        }
      ],
      "size": [
        270,
        118
      ],
      "pos": [
        1504.756591796875,
        551.0396728515625
      ],
      "widgets_values": [
        512
      ],
      "inputs": [
        {
          "name": "image",
          "link": 307,
          "label": "图像",
          "type": "IMAGE",
          "localized_name": "image"
        },
        {
          "widget": {
            "name": "min_width"
          },
          "shape": 7,
          "name": "min_width",
          "type": "INT",
          "localized_name": "min_width"
        }
      ],
      "flags": {},
      "id": 202,
      "type": "GetImageSize_",
      "properties": {
        "cnr_id": "comfyui-mixlab-nodes",
        "ver": "0.46.0",
        "widget_ue_connectable": {},
        "Node name for S&R": "GetImageSize_"
      },
      "order": 22
    },
    {
      "mode": 0,
      "outputs": [
        {
          "name": "image",
          "links": [
            314
          ],
          "label": "图像",
          "type": "IMAGE",
          "localized_name": "image"
        },
        {
          "name": "mask",
          "label": "遮罩",
          "type": "MASK",
          "localized_name": "mask"
        },
        {
          "name": "original_size",
          "label": "原始大小",
          "type": "BOX",
          "localized_name": "original_size"
        },
        {
          "name": "width",
          "links": [
            323
          ],
          "label": "width",
          "type": "INT",
          "localized_name": "width"
        },
        {
          "name": "height",
          "links": [
            319
          ],
          "label": "height",
          "type": "INT",
          "localized_name": "height"
        }
      ],
      "size": [
        303.6851501464844,
        331.6586608886719
      ],
      "color": "rgba(38, 73, 116, 0.7)",
      "pos": [
        -1430.1060791015625,
        796.8486938476562
      ],
      "widgets_values": [
        "original",
        1,
        1,
        "letterbox",
        "lanczos",
        "8",
        "longest",
        1280,
        "#000000"
      ],
      "inputs": [
        {
          "shape": 7,
          "name": "image",
          "link": 313,
          "label": "图像",
          "type": "IMAGE",
          "localized_name": "image"
        },
        {
          "shape": 7,
          "name": "mask",
          "label": "遮罩",
          "type": "MASK",
          "localized_name": "mask"
        },
        {
          "widget": {
            "name": "aspect_ratio"
          },
          "name": "aspect_ratio",
          "type": "COMBO",
          "localized_name": "宽高比"
        },
        {
          "widget": {
            "name": "proportional_width"
          },
          "name": "proportional_width",
          "type": "INT",
          "localized_name": "比例宽"
        },
        {
          "widget": {
            "name": "proportional_height"
          },
          "name": "proportional_height",
          "type": "INT",
          "localized_name": "比例高"
        },
        {
          "widget": {
            "name": "fit"
          },
          "name": "fit",
          "type": "COMBO",
          "localized_name": "缩放模式"
        },
        {
          "widget": {
            "name": "method"
          },
          "name": "method",
          "type": "COMBO",
          "localized_name": "采样方法"
        },
        {
          "widget": {
            "name": "round_to_multiple"
          },
          "name": "round_to_multiple",
          "type": "COMBO",
          "localized_name": "倍数取整"
        },
        {
          "widget": {
            "name": "scale_to_side"
          },
          "name": "scale_to_side",
          "type": "COMBO",
          "localized_name": "缩放到边"
        },
        {
          "widget": {
            "name": "scale_to_length"
          },
          "name": "scale_to_length",
          "type": "INT",
          "localized_name": "缩放到长度"
        },
        {
          "widget": {
            "name": "background_color"
          },
          "name": "background_color",
          "type": "STRING",
          "localized_name": "background_color"
        }
      ],
      "flags": {},
      "id": 207,
      "type": "LayerUtility: ImageScaleByAspectRatio V2",
      "properties": {
        "cnr_id": "comfyui_layerstyle",
        "ver": "1.0.90",
        "widget_ue_connectable": {},
        "Node name for S&R": "LayerUtility: ImageScaleByAspectRatio V2"
      },
      "order": 6
    },
    {
      "mode": 0,
      "outputs": [
        {
          "name": "image",
          "links": [
            316
          ],
          "label": "图像",
          "type": "IMAGE",
          "localized_name": "image"
        },
        {
          "name": "mask",
          "label": "遮罩",
          "type": "MASK",
          "localized_name": "mask"
        },
        {
          "name": "original_size",
          "label": "原始大小",
          "type": "BOX",
          "localized_name": "original_size"
        },
        {
          "name": "width",
          "label": "width",
          "type": "INT",
          "localized_name": "width"
        },
        {
          "name": "height",
          "label": "height",
          "type": "INT",
          "localized_name": "height"
        }
      ],
      "size": [
        363.6851501464844,
        330
      ],
      "color": "rgba(38, 73, 116, 0.7)",
      "pos": [
        -1061.431640625,
        808.1727905273438
      ],
      "widgets_values": [
        "original",
        1,
        1,
        "letterbox",
        "lanczos",
        "8",
        "longest",
        1280,
        "#000000"
      ],
      "inputs": [
        {
          "shape": 7,
          "name": "image",
          "link": 315,
          "label": "图像",
          "type": "IMAGE",
          "localized_name": "image"
        },
        {
          "shape": 7,
          "name": "mask",
          "label": "遮罩",
          "type": "MASK",
          "localized_name": "mask"
        },
        {
          "widget": {
            "name": "aspect_ratio"
          },
          "name": "aspect_ratio",
          "type": "COMBO",
          "localized_name": "宽高比"
        },
        {
          "widget": {
            "name": "proportional_width"
          },
          "name": "proportional_width",
          "type": "INT",
          "localized_name": "比例宽"
        },
        {
          "widget": {
            "name": "proportional_height"
          },
          "name": "proportional_height",
          "type": "INT",
          "localized_name": "比例高"
        },
        {
          "widget": {
            "name": "fit"
          },
          "name": "fit",
          "type": "COMBO",
          "localized_name": "缩放模式"
        },
        {
          "widget": {
            "name": "method"
          },
          "name": "method",
          "type": "COMBO",
          "localized_name": "采样方法"
        },
        {
          "widget": {
            "name": "round_to_multiple"
          },
          "name": "round_to_multiple",
          "type": "COMBO",
          "localized_name": "倍数取整"
        },
        {
          "widget": {
            "name": "scale_to_side"
          },
          "name": "scale_to_side",
          "type": "COMBO",
          "localized_name": "缩放到边"
        },
        {
          "widget": {
            "name": "scale_to_length"
          },
          "name": "scale_to_length",
          "type": "INT",
          "localized_name": "缩放到长度"
        },
        {
          "widget": {
            "name": "background_color"
          },
          "name": "background_color",
          "type": "STRING",
          "localized_name": "background_color"
        }
      ],
      "flags": {},
      "id": 208,
      "type": "LayerUtility: ImageScaleByAspectRatio V2",
      "properties": {
        "cnr_id": "comfyui_layerstyle",
        "ver": "1.0.90",
        "widget_ue_connectable": {},
        "Node name for S&R": "LayerUtility: ImageScaleByAspectRatio V2"
      },
      "order": 7
    },
    {
      "mode": 0,
      "outputs": [
        {
          "name": "INT",
          "links": [],
          "label": "整数",
          "type": "INT",
          "localized_name": "整数"
        },
        {
          "name": "FLOAT",
          "links": [
            328
          ],
          "label": "浮点",
          "type": "FLOAT",
          "localized_name": "浮点"
        }
      ],
      "size": [
        400,
        200
      ],
      "pos": [
        1509.6842041015625,
        763.2246704101562
      ],
      "widgets_values": [
        "a/b"
      ],
      "inputs": [
        {
          "shape": 7,
          "name": "a",
          "link": 319,
          "label": "a",
          "type": "INT,FLOAT,IMAGE,LATENT",
          "localized_name": "a"
        },
        {
          "shape": 7,
          "name": "b",
          "link": 318,
          "label": "b",
          "type": "INT,FLOAT,IMAGE,LATENT",
          "localized_name": "b"
        },
        {
          "shape": 7,
          "name": "c",
          "label": "c",
          "type": "INT,FLOAT,IMAGE,LATENT",
          "localized_name": "c"
        },
        {
          "widget": {
            "name": "expression"
          },
          "name": "expression",
          "type": "INT,FLOAT,IMAGE,LATENT",
          "localized_name": "表达式"
        }
      ],
      "flags": {
        "collapsed": true
      },
      "id": 205,
      "type": "MathExpression|pysssss",
      "properties": {
        "cnr_id": "comfyui-custom-scripts",
        "ver": "f2838ed5e59de4d73cde5c98354b87a8d3200190",
        "widget_ue_connectable": {},
        "Node name for S&R": "MathExpression|pysssss"
      },
      "order": 23
    },
    {
      "mode": 0,
      "outputs": [
        {
          "name": "INT",
          "links": [
            320
          ],
          "label": "整数",
          "type": "INT",
          "localized_name": "整数"
        },
        {
          "name": "FLOAT",
          "label": "浮点",
          "type": "FLOAT",
          "localized_name": "浮点"
        }
      ],
      "size": [
        400,
        199.24603271484375
      ],
      "pos": [
        1532.1912841796875,
        836.4134521484375
      ],
      "widgets_values": [
        "a/b"
      ],
      "inputs": [
        {
          "shape": 7,
          "name": "a",
          "link": 323,
          "label": "a",
          "type": "INT,FLOAT,IMAGE,LATENT",
          "localized_name": "a"
        },
        {
          "shape": 7,
          "name": "b",
          "link": 328,
          "label": "b",
          "type": "INT,FLOAT,IMAGE,LATENT",
          "localized_name": "b"
        },
        {
          "shape": 7,
          "name": "c",
          "label": "c",
          "type": "INT,FLOAT,IMAGE,LATENT",
          "localized_name": "c"
        },
        {
          "widget": {
            "name": "expression"
          },
          "name": "expression",
          "type": "INT,FLOAT,IMAGE,LATENT",
          "localized_name": "表达式"
        }
      ],
      "flags": {
        "collapsed": true
      },
      "id": 209,
      "type": "MathExpression|pysssss",
      "properties": {
        "cnr_id": "comfyui-custom-scripts",
        "ver": "f2838ed5e59de4d73cde5c98354b87a8d3200190",
        "widget_ue_connectable": {},
        "Node name for S&R": "MathExpression|pysssss"
      },
      "order": 24
    },
    {
      "mode": 0,
      "outputs": [
        {
          "name": "IMAGE",
          "links": [
            329
          ],
          "label": "图像",
          "type": "IMAGE",
          "localized_name": "图像"
        }
      ],
      "size": [
        270,
        130
      ],
      "pos": [
        1812.768310546875,
        568.277099609375
      ],
      "widgets_values": [
        512,
        512,
        768,
        0
      ],
      "inputs": [
        {
          "name": "image",
          "link": 306,
          "label": "图像",
          "type": "IMAGE",
          "localized_name": "图像"
        },
        {
          "widget": {
            "name": "width"
          },
          "name": "width",
          "link": 308,
          "label": "width",
          "type": "INT",
          "localized_name": "宽度"
        },
        {
          "widget": {
            "name": "height"
          },
          "name": "height",
          "link": 309,
          "label": "height",
          "type": "INT",
          "localized_name": "高度"
        },
        {
          "widget": {
            "name": "x"
          },
          "name": "x",
          "link": 320,
          "label": "x",
          "type": "INT",
          "localized_name": "X"
        },
        {
          "widget": {
            "name": "y"
          },
          "name": "y",
          "type": "INT",
          "localized_name": "Y"
        }
      ],
      "flags": {},
      "id": 199,
      "type": "ImageCrop",
      "properties": {
        "cnr_id": "comfy-core",
        "ver": "0.3.50",
        "widget_ue_connectable": {
          "width": true,
          "x": true,
          "height": true
        },
        "Node name for S&R": "ImageCrop"
      },
      "order": 25
    },
    {
      "mode": 0,
      "outputs": [],
      "size": [
        472.52630615234375,
        517.7896728515625
      ],
      "pos": [
        2145.252197265625,
        517.838623046875
      ],
      "widgets_values": [
        "ComfyUI"
      ],
      "inputs": [
        {
          "name": "images",
          "link": 329,
          "label": "图像",
          "type": "IMAGE",
          "localized_name": "图片"
        },
        {
          "widget": {
            "name": "filename_prefix"
          },
          "name": "filename_prefix",
          "type": "STRING",
          "localized_name": "文件名前缀"
        }
      ],
      "flags": {},
      "id": 214,
      "type": "SaveImage",
      "properties": {
        "cnr_id": "comfy-core",
        "ver": "0.3.50",
        "widget_ue_connectable": {},
        "Node name for S&R": "SaveImage"
      },
      "order": 26
    },
    {
      "mode": 0,
      "outputs": [],
      "size": [
        650,
        660
      ],
      "pos": [
        782.1262817382812,
        516.4902954101562
      ],
      "widgets_values": [
        "ComfyUI"
      ],
      "inputs": [
        {
          "name": "images",
          "link": 240,
          "label": "图像",
          "type": "IMAGE",
          "localized_name": "图片"
        },
        {
          "widget": {
            "name": "filename_prefix"
          },
          "name": "filename_prefix",
          "type": "STRING",
          "localized_name": "文件名前缀"
        }
      ],
      "flags": {},
      "id": 136,
      "type": "SaveImage",
      "properties": {
        "cnr_id": "comfy-core",
        "ver": "0.3.39",
        "widget_ue_connectable": {},
        "Node name for S&R": "SaveImage"
      },
      "order": 21
    },
    {
      "mode": 0,
      "outputs": [
        {
          "name": "IMAGE",
          "links": [
            313
          ],
          "label": "图像",
          "type": "IMAGE",
          "localized_name": "图像"
        },
        {
          "name": "MASK",
          "label": "遮罩",
          "type": "MASK",
          "localized_name": "遮罩"
        }
      ],
      "size": [
        270,
        314.00006103515625
      ],
      "pos": [
        -1392.9078369140625,
        293.1671447753906
      ],
      "widgets_values": [
        "5460b03a345c71e51ee4efbaee75e95252050755c9c477b049f84bef0ee0bd1d.png",
        "image"
      ],
      "inputs": [
        {
          "widget": {
            "name": "image"
          },
          "name": "image",
          "type": "COMBO",
          "localized_name": "图像"
        },
        {
          "widget": {
            "name": "upload"
          },
          "name": "upload",
          "type": "IMAGEUPLOAD",
          "localized_name": "选择文件上传"
        }
      ],
      "flags": {},
      "id": 192,
      "type": "LoadImage",
      "properties": {
        "cnr_id": "comfy-core",
        "ver": "0.3.50",
        "widget_ue_connectable": {},
        "Node name for S&R": "LoadImage"
      },
      "order": 0
    },
    {
      "mode": 0,
      "outputs": [
        {
          "name": "IMAGE",
          "links": [
            315
          ],
          "label": "图像",
          "type": "IMAGE",
          "localized_name": "图像"
        },
        {
          "name": "MASK",
          "label": "遮罩",
          "type": "MASK",
          "localized_name": "遮罩"
        }
      ],
      "size": [
        270,
        314.00006103515625
      ],
      "pos": [
        -1050.236083984375,
        284.6020812988281
      ],
      "widgets_values": [
        "c40e6b374e16a4094f0725310ca46ca8c9360d158229060829518f1c2cf9cf75.png",
        "image"
      ],
      "inputs": [
        {
          "widget": {
            "name": "image"
          },
          "name": "image",
          "type": "COMBO",
          "localized_name": "图像"
        },
        {
          "widget": {
            "name": "upload"
          },
          "name": "upload",
          "type": "IMAGEUPLOAD",
          "localized_name": "选择文件上传"
        }
      ],
      "flags": {},
      "id": 193,
      "type": "LoadImage",
      "properties": {
        "cnr_id": "comfy-core",
        "ver": "0.3.50",
        "widget_ue_connectable": {},
        "Node name for S&R": "LoadImage"
      },
      "order": 1
    },
    {
      "mode": 0,
      "outputs": [
        {
          "name": "IMAGE",
          "links": [],
          "label": "图像",
          "type": "IMAGE",
          "localized_name": "图像"
        },
        {
          "name": "MASK",
          "label": "遮罩",
          "type": "MASK",
          "localized_name": "遮罩"
        }
      ],
      "size": [
        270,
        314.00006103515625
      ],
      "pos": [
        -46.10746383666992,
        661.6342163085938
      ],
      "widgets_values": [
        "41d2b5531e4fbd7a3dae788ef2b4b71fe32b2f85f07808799b24b477e68894a9.png",
        "image"
      ],
      "inputs": [
        {
          "widget": {
            "name": "image"
          },
          "name": "image",
          "type": "COMBO",
          "localized_name": "图像"
        },
        {
          "widget": {
            "name": "upload"
          },
          "name": "upload",
          "type": "IMAGEUPLOAD",
          "localized_name": "选择文件上传"
        }
      ],
      "flags": {},
      "id": 190,
      "type": "LoadImage",
      "properties": {
        "cnr_id": "comfy-core",
        "ver": "0.3.50",
        "widget_ue_connectable": {},
        "Node name for S&R": "LoadImage"
      },
      "order": 2
    },
    {
      "mode": 0,
      "outputs": [
        {
          "name": "MODEL",
          "links": [
            297
          ],
          "label": "模型",
          "type": "MODEL",
          "localized_name": "模型"
        }
      ],
      "size": [
        270,
        82
      ],
      "pos": [
        -9.230666160583496,
        51.63078308105469
      ],
      "widgets_values": [
        "LORA_flux_kontext_depth_reference_cotrol.safetensors",
        1
      ],
      "inputs": [
        {
          "name": "model",
          "link": 296,
          "label": "模型",
          "type": "MODEL",
          "localized_name": "模型"
        },
        {
          "widget": {
            "name": "lora_name"
          },
          "name": "lora_name",
          "type": "COMBO",
          "localized_name": "LoRA名称"
        },
        {
          "widget": {
            "name": "strength_model"
          },
          "name": "strength_model",
          "type": "FLOAT",
          "localized_name": "模型强度"
        }
      ],
      "flags": {},
      "id": 191,
      "type": "LoraLoaderModelOnly",
      "properties": {
        "cnr_id": "comfy-core",
        "ver": "0.3.50",
        "widget_ue_connectable": {},
        "Node name for S&R": "LoraLoaderModelOnly"
      },
      "order": 8
    },
    {
      "outputs": [
        {
          "name": "MODEL",
          "links": [
            296
          ],
          "label": "模型",
          "type": "MODEL",
          "localized_name": "模型"
        }
      ],
      "color": "#322",
      "widgets_values": [
        "flux1-dev-kontext_fp8_scaled.safetensors",
        "default"
      ],
      "inputs": [
        {
          "widget": {
            "name": "unet_name"
          },
          "name": "unet_name",
          "type": "COMBO",
          "localized_name": "UNET名称"
        },
        {
          "widget": {
            "name": "weight_dtype"
          },
          "name": "weight_dtype",
          "type": "COMBO",
          "localized_name": "剪枝类型"
        }
      ],
      "flags": {},
      "type": "UNETLoader",
      "mode": 0,
      "bgcolor": "#533",
      "size": [
        337.76861572265625,
        82
      ],
      "pos": [
        -400,
        80
      ],
      "id": 37,
      "properties": {
        "cnr_id": "comfy-core",
        "models": [
          {
            "name": "flux1-dev-kontext_fp8_scaled.safetensors",
            "directory": "diffusion_models",
            "url": "https://huggingface.co/Comfy-Org/flux1-kontext-dev_ComfyUI/resolve/main/split_files/diffusion_models/flux1-dev-kontext_fp8_scaled.safetensors"
          }
        ],
        "ver": "0.3.38",
        "widget_ue_connectable": {},
        "Node name for S&R": "UNETLoader"
      },
      "order": 3
    },
    {
      "outputs": [
        {
          "name": "CLIP",
          "links": [
            59
          ],
          "label": "CLIP",
          "type": "CLIP",
          "localized_name": "CLIP"
        }
      ],
      "color": "#322",
      "widgets_values": [
        "clip_l.safetensors",
        "t5xxl_fp8_e4m3fn_scaled.safetensors",
        "flux",
        "default"
      ],
      "inputs": [
        {
          "widget": {
            "name": "clip_name1"
          },
          "name": "clip_name1",
          "type": "COMBO",
          "localized_name": "CLIP1"
        },
        {
          "widget": {
            "name": "clip_name2"
          },
          "name": "clip_name2",
          "type": "COMBO",
          "localized_name": "CLIP2"
        },
        {
          "widget": {
            "name": "type"
          },
          "name": "type",
          "type": "COMBO",
          "localized_name": "类型"
        },
        {
          "widget": {
            "name": "device"
          },
          "shape": 7,
          "name": "device",
          "type": "COMBO",
          "localized_name": "设备"
        }
      ],
      "flags": {},
      "type": "DualCLIPLoader",
      "mode": 0,
      "bgcolor": "#533",
      "size": [
        337.76861572265625,
        130
      ],
      "pos": [
        -406.1282043457031,
        214.27418518066406
      ],
      "id": 38,
      "properties": {
        "cnr_id": "comfy-core",
        "models": [
          {
            "name": "clip_l.safetensors",
            "directory": "text_encoders",
            "url": "https://huggingface.co/comfyanonymous/flux_text_encoders/resolve/main/clip_l.safetensors"
          },
          {
            "name": "t5xxl_fp8_e4m3fn_scaled.safetensors",
            "directory": "text_encoders",
            "url": "https://huggingface.co/comfyanonymous/flux_text_encoders/resolve/main/t5xxl_fp8_e4m3fn_scaled.safetensors"
          }
        ],
        "ver": "0.3.38",
        "widget_ue_connectable": {},
        "Node name for S&R": "DualCLIPLoader"
      },
      "order": 4
    },
    {
      "outputs": [
        {
          "name": "VAE",
          "links": [
            61,
            223
          ],
          "label": "VAE",
          "type": "VAE",
          "localized_name": "VAE"
        }
      ],
      "color": "#322",
      "widgets_values": [
        "ae.sft"
      ],
      "inputs": [
        {
          "widget": {
            "name": "vae_name"
          },
          "name": "vae_name",
          "type": "COMBO",
          "localized_name": "vae名称"
        }
      ],
      "flags": {},
      "type": "VAELoader",
      "mode": 0,
      "bgcolor": "#533",
      "size": [
        337.76861572265625,
        58
      ],
      "pos": [
        -400,
        390
      ],
      "id": 39,
      "properties": {
        "cnr_id": "comfy-core",
        "models": [
          {
            "name": "ae.safetensors",
            "directory": "vae",
            "url": "https://huggingface.co/Comfy-Org/Lumina_Image_2.0_Repackaged/resolve/main/split_files/vae/ae.safetensors"
          }
        ],
        "ver": "0.3.38",
        "widget_ue_connectable": {},
        "Node name for S&R": "VAELoader"
      },
      "order": 5
    },
    {
      "outputs": [
        {
          "name": "CONDITIONING",
          "slot_index": 0,
          "links": [
            237,
            294
          ],
          "label": "条件",
          "type": "CONDITIONING",
          "localized_name": "条件"
        }
      ],
      "color": "#232",
      "widgets_values": [
        "redepthkontext change depth map to photo"
      ],
      "inputs": [
        {
          "name": "clip",
          "link": 59,
          "label": "CLIP",
          "type": "CLIP",
          "localized_name": "clip"
        },
        {
          "widget": {
            "name": "text"
          },
          "name": "text",
          "type": "STRING",
          "localized_name": "文本"
        }
      ],
      "flags": {},
      "type": "CLIPTextEncode",
      "mode": 0,
      "bgcolor": "#353",
      "size": [
        400,
        220
      ],
      "pos": [
        330,
        560
      ],
      "id": 6,
      "properties": {
        "cnr_id": "comfy-core",
        "ver": "0.3.38",
        "widget_ue_connectable": {},
        "Node name for S&R": "CLIPTextEncode"
      },
      "order": 9
    },
    {
      "mode": 0,
      "outputs": [
        {
          "name": "LATENT",
          "links": [
            293,
            304
          ],
          "label": "Latent",
          "type": "LATENT",
          "localized_name": "Latent"
        }
      ],
      "size": [
        240,
        50
      ],
      "pos": [
        -3.550112009048462,
        382.8647766113281
      ],
      "widgets_values": [],
      "inputs": [
        {
          "name": "pixels",
          "link": 222,
          "label": "图像",
          "type": "IMAGE",
          "localized_name": "像素"
        },
        {
          "name": "vae",
          "link": 223,
          "label": "VAE",
          "type": "VAE",
          "localized_name": "vae"
        }
      ],
      "flags": {
        "collapsed": false
      },
      "id": 124,
      "type": "VAEEncode",
      "properties": {
        "cnr_id": "comfy-core",
        "ver": "0.3.39",
        "widget_ue_connectable": {},
        "Node name for S&R": "VAEEncode"
      },
      "order": 15
    }
  ],
  "extra": {
    "VHS_KeepIntermediate": true,
    "links_added_by_ue": [],
    "VHS_MetadataImage": true,
    "ue_links": [],
    "0246.VERSION": [
      0,
      0,
      4
    ],
    "VHS_latentpreviewrate": 0,
    "frontendVersion": "1.24.4",
    "VHS_latentpreview": false,
    "groupNodes": {},
    "ds": {
      "offset": [
        1163.6883434392455,
        157.45984579876014
      ],
      "scale": 0.5989500000000042
    }
  },
  "groups": [
    {
      "color": "#3f789e",
      "font_size": 24,
      "flags": {},
      "id": 1,
      "title": "Step 1- Load models",
      "bounding": [
        -410,
        10,
        360,
        450
      ]
    },
    {
      "color": "#3f789e",
      "font_size": 24,
      "flags": {},
      "id": 3,
      "title": "Step 2 - Upload images",
      "bounding": [
        -410,
        480,
        700,
        680
      ]
    },
    {
      "color": "#3f789e",
      "font_size": 24,
      "flags": {},
      "id": 5,
      "title": "Step 3 - Prompt",
      "bounding": [
        310,
        480,
        430,
        330
      ]
    },
    {
      "color": "#3f789e",
      "font_size": 24,
      "flags": {},
      "id": 6,
      "title": "Conditioning",
      "bounding": [
        -37.930213928222656,
        10.566444396972656,
        540,
        250
      ]
    },
    {
      "color": "#3f789e",
      "font_size": 24,
      "flags": {},
      "id": 7,
      "title": "原图",
      "bounding": [
        -1402.9078369140625,
        219.56715393066406,
        290,
        397.60009765625
      ]
    },
    {
      "color": "#3f789e",
      "font_size": 24,
      "flags": {},
      "id": 8,
      "title": "深度参考图",
      "bounding": [
        -1065.0936279296875,
        213.43051147460938,
        290,
        397.60003662109375
      ]
    },
    {
      "color": "#3f789e",
      "font_size": 80,
      "flags": {},
      "id": 9,
      "title": "Kontext 图像编辑深度控制",
      "bounding": [
        -1403.31494140625,
        9.57215404510498,
        975.9812622070312,
        139.71292114257812
      ]
    },
    {
      "color": "#3f789e",
      "font_size": 24,
      "flags": {},
      "id": 10,
      "title": "裁剪",
      "bounding": [
        1494.756591796875,
        477.4396667480469,
        598.01171875,
        368.9737854003906
      ]
    }
  ],
  "links": [
    [
      52,
      31,
      0,
      8,
      0,
      "LATENT"
    ],
    [
      57,
      35,
      0,
      31,
      1,
      "CONDITIONING"
    ],
    [
      59,
      38,
      0,
      6,
      0,
      "CLIP"
    ],
    [
      61,
      39,
      0,
      8,
      1,
      "VAE"
    ],
    [
      222,
      42,
      0,
      124,
      0,
      "IMAGE"
    ],
    [
      223,
      39,
      0,
      124,
      1,
      "VAE"
    ],
    [
      237,
      6,
      0,
      135,
      0,
      "CONDITIONING"
    ],
    [
      238,
      135,
      0,
      31,
      2,
      "CONDITIONING"
    ],
    [
      240,
      8,
      0,
      136,
      0,
      "IMAGE"
    ],
    [
      289,
      42,
      0,
      173,
      0,
      "IMAGE"
    ],
    [
      292,
      177,
      0,
      35,
      0,
      "CONDITIONING"
    ],
    [
      293,
      124,
      0,
      177,
      1,
      "LATENT"
    ],
    [
      294,
      6,
      0,
      177,
      0,
      "CONDITIONING"
    ],
    [
      296,
      37,
      0,
      191,
      0,
      "MODEL"
    ],
    [
      297,
      191,
      0,
      31,
      0,
      "MODEL"
    ],
    [
      299,
      194,
      0,
      195,
      0,
      "IMAGE"
    ],
    [
      300,
      194,
      0,
      146,
      1,
      "IMAGE"
    ],
    [
      302,
      146,
      0,
      42,
      0,
      "IMAGE"
    ],
    [
      304,
      124,
      0,
      31,
      3,
      "LATENT"
    ],
    [
      306,
      8,
      0,
      199,
      0,
      "IMAGE"
    ],
    [
      307,
      8,
      0,
      202,
      0,
      "IMAGE"
    ],
    [
      308,
      202,
      0,
      199,
      1,
      "INT"
    ],
    [
      309,
      202,
      1,
      199,
      2,
      "INT"
    ],
    [
      313,
      192,
      0,
      207,
      0,
      "IMAGE"
    ],
    [
      314,
      207,
      0,
      146,
      0,
      "IMAGE"
    ],
    [
      315,
      193,
      0,
      208,
      0,
      "IMAGE"
    ],
    [
      316,
      208,
      0,
      194,
      0,
      "IMAGE"
    ],
    [
      318,
      202,
      1,
      205,
      1,
      "INT,FLOAT,IMAGE,LATENT"
    ],
    [
      319,
      207,
      4,
      205,
      0,
      "INT,FLOAT,IMAGE,LATENT"
    ],
    [
      320,
      209,
      0,
      199,
      3,
      "INT"
    ],
    [
      323,
      207,
      3,
      209,
      0,
      "INT,FLOAT,IMAGE,LATENT"
    ],
    [
      328,
      205,
      1,
      209,
      1,
      "INT,FLOAT,IMAGE,LATENT"
    ],
    [
      329,
      199,
      0,
      214,
      0,
      "IMAGE"
    ]
  ],
  "id": "7cbcec68-7fa6-47bb-a38a-da689949a001",
  "config": {},
  "version": 0.4,
  "last_node_id": 214,
  "revision": 0
}