{
  "last_link_id": 26,
  "nodes": [
    {
      "outputs": [],
      "color": "#432",
      "widgets_values": [
        "Nano-Banana每日免费5次（每日） 付费：0.1元/次"
      ],
      "inputs": [],
      "flags": {},
      "type": "Note",
      "mode": 0,
      "bgcolor": "#653",
      "size": [
        334.8148193359375,
        122.96295166015625
      ],
      "pos": [
        621.8223266601562,
        351.35662841796875
      ],
      "id": 7,
      "properties": {
        "widget_ue_connectable": {}
      },
      "order": 0
    },
    {
      "mode": 0,
      "outputs": [
        {
          "name": "IMAGE",
          "links": [
            14
          ],
          "label": "图像",
          "type": "IMAGE",
          "localized_name": "图像"
        },
        {
          "name": "MASK",
          "label": "遮罩",
          "type": "MASK",
          "localized_name": "遮罩"
        }
      ],
      "size": [
        274.080078125,
        314.0000305175781
      ],
      "pos": [
        11.23147201538086,
        813.7454223632812
      ],
      "widgets_values": [
        "85dc95ba5a2426db945b1f5fc30adc7e572cb88ee49b5b25022ba7a514b3f4df.png",
        "image"
      ],
      "inputs": [
        {
          "widget": {
            "name": "image"
          },
          "name": "image",
          "label": "image",
          "type": "COMBO",
          "localized_name": "图像"
        },
        {
          "widget": {
            "name": "upload"
          },
          "name": "upload",
          "label": "upload",
          "type": "IMAGEUPLOAD",
          "localized_name": "选择文件上传"
        }
      ],
      "flags": {},
      "id": 13,
      "type": "LoadImage",
      "properties": {
        "widget_ue_connectable": {},
        "Node name for S&R": "LoadImage"
      },
      "order": 1
    },
    {
      "mode": 0,
      "outputs": [
        {
          "name": "image",
          "links": [
            1,
            8
          ],
          "label": "image",
          "type": "IMAGE",
          "localized_name": "image"
        }
      ],
      "size": [
        298.55096435546875,
        216.84844970703125
      ],
      "pos": [
        999.9772338867188,
        418.02325439453125
      ],
      "widgets_values": [
        "",
        1522893748,
        "randomize"
      ],
      "inputs": [
        {
          "shape": 7,
          "name": "images",
          "link": 16,
          "label": "images",
          "type": "IMAGE",
          "localized_name": "images"
        },
        {
          "shape": 7,
          "name": "image1",
          "label": "image1",
          "type": "IMAGE",
          "localized_name": "image1"
        },
        {
          "shape": 7,
          "name": "image2",
          "label": "image2",
          "type": "IMAGE",
          "localized_name": "image2"
        },
        {
          "shape": 7,
          "name": "image3",
          "label": "image3",
          "type": "IMAGE",
          "localized_name": "image3"
        },
        {
          "shape": 7,
          "name": "image4",
          "label": "image4",
          "type": "IMAGE",
          "localized_name": "image4"
        },
        {
          "widget": {
            "name": "prompt"
          },
          "name": "prompt",
          "link": 9,
          "label": "prompt",
          "type": "STRING",
          "localized_name": "prompt"
        },
        {
          "widget": {
            "name": "seed"
          },
          "shape": 7,
          "name": "seed",
          "label": "seed",
          "type": "INT",
          "localized_name": "seed"
        }
      ],
      "flags": {},
      "id": 1,
      "type": "RH_Nano_Banana_Image2Image",
      "properties": {
        "widget_ue_connectable": {},
        "Node name for S&R": "RH_Nano_Banana_Image2Image"
      },
      "order": 8
    },
    {
      "mode": 0,
      "outputs": [],
      "size": [
        378.7132873535156,
        282
      ],
      "pos": [
        1680.2498779296875,
        387.1981506347656
      ],
      "widgets_values": [
        "ComfyUI"
      ],
      "inputs": [
        {
          "name": "images",
          "link": 1,
          "label": "图像",
          "type": "IMAGE",
          "localized_name": "图片"
        },
        {
          "widget": {
            "name": "filename_prefix"
          },
          "name": "filename_prefix",
          "label": "filename_prefix",
          "type": "STRING",
          "localized_name": "文件名前缀"
        }
      ],
      "flags": {},
      "id": 2,
      "type": "SaveImage",
      "properties": {
        "widget_ue_connectable": {},
        "Node name for S&R": "SaveImage"
      },
      "order": 9
    },
    {
      "mode": 0,
      "outputs": [
        {
          "name": "batch",
          "links": [
            16
          ],
          "label": "batch",
          "type": "*",
          "localized_name": "batch"
        }
      ],
      "size": [
        140,
        46
      ],
      "pos": [
        605.7173461914062,
        668.7940063476562
      ],
      "widgets_values": [],
      "inputs": [
        {
          "name": "any_1",
          "link": 19,
          "label": "any_1",
          "type": "*",
          "localized_name": "any_1"
        },
        {
          "name": "any_2",
          "link": 25,
          "label": "any_2",
          "type": "*",
          "localized_name": "any_2"
        }
      ],
      "flags": {},
      "id": 11,
      "type": "easy batchAnything",
      "properties": {
        "widget_ue_connectable": {},
        "Node name for S&R": "easy batchAnything"
      },
      "order": 6
    },
    {
      "mode": 0,
      "outputs": [],
      "size": [
        333.0997009277344,
        318.5702819824219
      ],
      "pos": [
        1658.2681884765625,
        766.4961547851562
      ],
      "widgets_values": [
        "ComfyUI"
      ],
      "inputs": [
        {
          "name": "images",
          "link": 6,
          "label": "图像",
          "type": "IMAGE",
          "localized_name": "图片"
        },
        {
          "widget": {
            "name": "filename_prefix"
          },
          "name": "filename_prefix",
          "label": "filename_prefix",
          "type": "STRING",
          "localized_name": "文件名前缀"
        }
      ],
      "flags": {},
      "id": 6,
      "type": "SaveImage",
      "properties": {
        "widget_ue_connectable": {},
        "Node name for S&R": "SaveImage"
      },
      "order": 11
    },
    {
      "mode": 0,
      "outputs": [
        {
          "name": "IMAGE",
          "links": [
            6
          ],
          "label": "IMAGE",
          "type": "IMAGE",
          "localized_name": "图像"
        }
      ],
      "size": [
        270,
        150
      ],
      "pos": [
        1305.3631591796875,
        927.263916015625
      ],
      "widgets_values": [
        "right",
        true,
        0,
        "white"
      ],
      "inputs": [
        {
          "name": "image1",
          "link": 26,
          "label": "image1",
          "type": "IMAGE",
          "localized_name": "image1"
        },
        {
          "shape": 7,
          "name": "image2",
          "link": 8,
          "label": "image2",
          "type": "IMAGE",
          "localized_name": "image2"
        },
        {
          "widget": {
            "name": "direction"
          },
          "name": "direction",
          "label": "direction",
          "type": "COMBO",
          "localized_name": "direction"
        },
        {
          "widget": {
            "name": "match_image_size"
          },
          "name": "match_image_size",
          "label": "match_image_size",
          "type": "BOOLEAN",
          "localized_name": "match_image_size"
        },
        {
          "widget": {
            "name": "spacing_width"
          },
          "name": "spacing_width",
          "label": "spacing_width",
          "type": "INT",
          "localized_name": "spacing_width"
        },
        {
          "widget": {
            "name": "spacing_color"
          },
          "name": "spacing_color",
          "label": "spacing_color",
          "type": "COMBO",
          "localized_name": "spacing_color"
        }
      ],
      "flags": {},
      "id": 5,
      "type": "ImageStitch",
      "properties": {
        "widget_ue_connectable": {},
        "Node name for S&R": "ImageStitch"
      },
      "order": 10
    },
    {
      "mode": 0,
      "outputs": [
        {
          "name": "IMAGE",
          "links": [
            26
          ],
          "label": "IMAGE",
          "type": "IMAGE",
          "localized_name": "图像"
        }
      ],
      "size": [
        270,
        150
      ],
      "pos": [
        1309.3797607421875,
        730.8748168945312
      ],
      "widgets_values": [
        "down",
        true,
        0,
        "white"
      ],
      "inputs": [
        {
          "name": "image1",
          "link": 23,
          "label": "image1",
          "type": "IMAGE",
          "localized_name": "image1"
        },
        {
          "shape": 7,
          "name": "image2",
          "link": 24,
          "label": "image2",
          "type": "IMAGE",
          "localized_name": "image2"
        },
        {
          "widget": {
            "name": "direction"
          },
          "name": "direction",
          "label": "direction",
          "type": "COMBO",
          "localized_name": "direction"
        },
        {
          "widget": {
            "name": "match_image_size"
          },
          "name": "match_image_size",
          "label": "match_image_size",
          "type": "BOOLEAN",
          "localized_name": "match_image_size"
        },
        {
          "widget": {
            "name": "spacing_width"
          },
          "name": "spacing_width",
          "label": "spacing_width",
          "type": "INT",
          "localized_name": "spacing_width"
        },
        {
          "widget": {
            "name": "spacing_color"
          },
          "name": "spacing_color",
          "label": "spacing_color",
          "type": "COMBO",
          "localized_name": "spacing_color"
        }
      ],
      "flags": {},
      "id": 17,
      "type": "ImageStitch",
      "properties": {
        "widget_ue_connectable": {},
        "Node name for S&R": "ImageStitch"
      },
      "order": 7
    },
    {
      "mode": 0,
      "outputs": [
        {
          "name": "IMAGE",
          "links": [
            24,
            25
          ],
          "label": "IMAGE",
          "type": "IMAGE",
          "localized_name": "图像"
        }
      ],
      "size": [
        213.7037353515625,
        115.3333740234375
      ],
      "pos": [
        331.1901550292969,
        789.753173828125
      ],
      "widgets_values": [
        1024,
        true
      ],
      "inputs": [
        {
          "name": "images",
          "link": 14,
          "label": "images",
          "type": "IMAGE",
          "localized_name": "images"
        },
        {
          "widget": {
            "name": "size"
          },
          "name": "size",
          "label": "size",
          "type": "INT",
          "localized_name": "size"
        },
        {
          "widget": {
            "name": "mode"
          },
          "name": "mode",
          "label": "mode",
          "type": "BOOLEAN",
          "localized_name": "mode"
        }
      ],
      "flags": {},
      "id": 14,
      "type": "ImageScaleDownToSize",
      "properties": {
        "widget_ue_connectable": {},
        "Node name for S&R": "ImageScaleDownToSize"
      },
      "order": 4
    },
    {
      "mode": 0,
      "outputs": [
        {
          "name": "IMAGE",
          "links": [
            19,
            23
          ],
          "label": "IMAGE",
          "type": "IMAGE",
          "localized_name": "图像"
        }
      ],
      "size": [
        213.7037353515625,
        115.3333740234375
      ],
      "pos": [
        343.69134521484375,
        491.82568359375
      ],
      "widgets_values": [
        1024,
        true
      ],
      "inputs": [
        {
          "name": "images",
          "link": 18,
          "label": "images",
          "type": "IMAGE",
          "localized_name": "images"
        },
        {
          "widget": {
            "name": "size"
          },
          "name": "size",
          "label": "size",
          "type": "INT",
          "localized_name": "size"
        },
        {
          "widget": {
            "name": "mode"
          },
          "name": "mode",
          "label": "mode",
          "type": "BOOLEAN",
          "localized_name": "mode"
        }
      ],
      "flags": {},
      "id": 15,
      "type": "ImageScaleDownToSize",
      "properties": {
        "widget_ue_connectable": {},
        "Node name for S&R": "ImageScaleDownToSize"
      },
      "order": 5
    },
    {
      "mode": 0,
      "outputs": [
        {
          "name": "IMAGE",
          "links": [
            18
          ],
          "label": "图像",
          "type": "IMAGE",
          "localized_name": "图像"
        },
        {
          "name": "MASK",
          "label": "遮罩",
          "type": "MASK",
          "localized_name": "遮罩"
        }
      ],
      "size": [
        274.080078125,
        314.0000305175781
      ],
      "pos": [
        10.116395950317383,
        344.2330322265625
      ],
      "widgets_values": [
        "ea6080a95182119052643873debaad579bc63740ce8130a4c402a0f4354ee420.png",
        "image"
      ],
      "inputs": [
        {
          "widget": {
            "name": "image"
          },
          "name": "image",
          "label": "image",
          "type": "COMBO",
          "localized_name": "图像"
        },
        {
          "widget": {
            "name": "upload"
          },
          "name": "upload",
          "label": "upload",
          "type": "IMAGEUPLOAD",
          "localized_name": "选择文件上传"
        }
      ],
      "flags": {},
      "id": 12,
      "type": "LoadImage",
      "properties": {
        "widget_ue_connectable": {},
        "Node name for S&R": "LoadImage"
      },
      "order": 3
    },
    {
      "mode": 0,
      "outputs": [
        {
          "name": "STRING",
          "links": [
            9
          ],
          "label": "字符串",
          "type": "STRING",
          "localized_name": "字符串"
        }
      ],
      "size": [
        301.50738525390625,
        113.586669921875
      ],
      "pos": [
        659.8480834960938,
        888.7715454101562
      ],
      "widgets_values": [
        "让image1的女人穿上image2的裙子，全身裙子。"
      ],
      "inputs": [
        {
          "widget": {
            "name": "text"
          },
          "name": "text",
          "label": "text",
          "type": "STRING",
          "localized_name": "文本"
        }
      ],
      "flags": {},
      "id": 8,
      "type": "Text Multiline",
      "properties": {
        "widget_ue_connectable": {},
        "Node name for S&R": "Text Multiline"
      },
      "order": 2
    }
  ],
  "extra": {
    "links_added_by_ue": [],
    "ue_links": [],
    "0246.VERSION": [
      0,
      0,
      4
    ],
    "ds": {
      "offset": [
        -669.0169950153844,
        -803.1164248191533
      ],
      "scale": 0.8024451172227238
    }
  },
  "groups": [
    {
      "color": "#3f789e",
      "font_size": 120,
      "flags": {},
      "id": 1,
      "title": "欢迎关注【破狼】公众号",
      "bounding": [
        391.84814453125,
        101.29820251464844,
        1353.502685546875,
        167.3424835205078
      ]
    }
  ],
  "links": [
    [
      1,
      1,
      0,
      2,
      0,
      "IMAGE"
    ],
    [
      6,
      5,
      0,
      6,
      0,
      "IMAGE"
    ],
    [
      8,
      1,
      0,
      5,
      1,
      "IMAGE"
    ],
    [
      9,
      8,
      0,
      1,
      5,
      "STRING"
    ],
    [
      14,
      13,
      0,
      14,
      0,
      "IMAGE"
    ],
    [
      16,
      11,
      0,
      1,
      0,
      "IMAGE"
    ],
    [
      18,
      12,
      0,
      15,
      0,
      "IMAGE"
    ],
    [
      19,
      15,
      0,
      11,
      0,
      "*"
    ],
    [
      23,
      15,
      0,
      17,
      0,
      "IMAGE"
    ],
    [
      24,
      14,
      0,
      17,
      1,
      "IMAGE"
    ],
    [
      25,
      14,
      0,
      11,
      1,
      "*"
    ],
    [
      26,
      17,
      0,
      5,
      0,
      "IMAGE"
    ]
  ],
  "id": "c627dd8d-3cd1-4c86-8061-4473b9a2ec4b",
  "config": {},
  "version": 0.4,
  "last_node_id": 17,
  "revision": 0
}