{
  "last_link_id": 40,
  "nodes": [
    {
      "mode": 0,
      "outputs": [
        {
          "name": "CONDITIONING",
          "links": [
            22
          ],
          "label": "条件",
          "type": "CONDITIONING",
          "localized_name": "条件"
        }
      ],
      "size": [
        215.21875,
        58
      ],
      "pos": [
        601.5960083007812,
        473.5284423828125
      ],
      "widgets_values": [
        2.5
      ],
      "inputs": [
        {
          "name": "conditioning",
          "link": 17,
          "label": "条件",
          "type": "CONDITIONING",
          "localized_name": "条件"
        },
        {
          "widget": {
            "name": "guidance"
          },
          "name": "guidance",
          "type": "FLOAT",
          "localized_name": "引导"
        }
      ],
      "flags": {},
      "id": 15,
      "type": "FluxGuidance",
      "properties": {
        "cnr_id": "comfy-core",
        "ver": "0.3.52",
        "widget_ue_connectable": {},
        "Node name for S&R": "FluxGuidance"
      },
      "order": 15
    },
    {
      "mode": 0,
      "outputs": [
        {
          "name": "CONDITIONING",
          "links": [
            4,
            10
          ],
          "label": "条件",
          "type": "CONDITIONING",
          "localized_name": "条件"
        }
      ],
      "size": [
        210,
        103.617431640625
      ],
      "pos": [
        159.4803466796875,
        469.40264892578125
      ],
      "widgets_values": [
        ""
      ],
      "inputs": [
        {
          "name": "clip",
          "link": 1,
          "label": "CLIP",
          "type": "CLIP",
          "localized_name": "clip"
        },
        {
          "widget": {
            "name": "text"
          },
          "name": "text",
          "link": 16,
          "type": "STRING",
          "localized_name": "文本"
        }
      ],
      "flags": {},
      "id": 5,
      "type": "CLIPTextEncode",
      "properties": {
        "cnr_id": "comfy-core",
        "ver": "0.3.52",
        "widget_ue_connectable": {
          "text": true
        },
        "Node name for S&R": "CLIPTextEncode"
      },
      "order": 10
    },
    {
      "mode": 0,
      "outputs": [
        {
          "name": "LATENT",
          "links": [
            9
          ],
          "label": "Latent",
          "type": "LATENT",
          "localized_name": "Latent"
        }
      ],
      "size": [
        140,
        46
      ],
      "pos": [
        374.4767150878906,
        758.7310791015625
      ],
      "widgets_values": [],
      "inputs": [
        {
          "name": "pixels",
          "link": 20,
          "label": "图像",
          "type": "IMAGE",
          "localized_name": "像素"
        },
        {
          "name": "vae",
          "link": 8,
          "label": "VAE",
          "type": "VAE",
          "localized_name": "vae"
        }
      ],
      "flags": {},
      "id": 10,
      "type": "VAEEncode",
      "properties": {
        "cnr_id": "comfy-core",
        "ver": "0.3.52",
        "widget_ue_connectable": {},
        "Node name for S&R": "VAEEncode"
      },
      "order": 12
    },
    {
      "mode": 0,
      "outputs": [
        {
          "name": "CONDITIONING",
          "links": [
            23
          ],
          "label": "条件",
          "type": "CONDITIONING",
          "localized_name": "条件"
        }
      ],
      "size": [
        140,
        26
      ],
      "pos": [
        648.855712890625,
        626.2938842773438
      ],
      "widgets_values": [],
      "inputs": [
        {
          "name": "conditioning",
          "link": 4,
          "label": "条件",
          "type": "CONDITIONING",
          "localized_name": "条件"
        }
      ],
      "flags": {},
      "id": 7,
      "type": "ConditioningZeroOut",
      "properties": {
        "cnr_id": "comfy-core",
        "ver": "0.3.52",
        "widget_ue_connectable": {},
        "Node name for S&R": "ConditioningZeroOut"
      },
      "order": 13
    },
    {
      "mode": 0,
      "outputs": [
        {
          "name": "CONDITIONING",
          "links": [
            17
          ],
          "label": "CONDITIONING",
          "type": "CONDITIONING",
          "localized_name": "条件"
        }
      ],
      "size": [
        143.41659545898438,
        46
      ],
      "pos": [
        418.3528137207031,
        472.0582580566406
      ],
      "widgets_values": [],
      "inputs": [
        {
          "name": "conditioning",
          "link": 10,
          "label": "conditioning",
          "type": "CONDITIONING",
          "localized_name": "conditioning"
        },
        {
          "shape": 7,
          "name": "latent",
          "link": 9,
          "label": "latent",
          "type": "LATENT",
          "localized_name": "latent"
        }
      ],
      "flags": {},
      "id": 4,
      "type": "ReferenceLatent",
      "properties": {
        "cnr_id": "comfy-core",
        "ver": "0.3.52",
        "widget_ue_connectable": {},
        "Node name for S&R": "ReferenceLatent"
      },
      "order": 14
    },
    {
      "mode": 0,
      "outputs": [],
      "size": [
        491.0548400878906,
        736.157470703125
      ],
      "pos": [
        2114.9140625,
        341.0561828613281
      ],
      "widgets_values": [],
      "inputs": [
        {
          "name": "images",
          "link": 32,
          "label": "图像",
          "type": "IMAGE",
          "localized_name": "图像"
        }
      ],
      "flags": {},
      "id": 13,
      "type": "PreviewImage",
      "properties": {
        "cnr_id": "comfy-core",
        "ver": "0.3.52",
        "widget_ue_connectable": {},
        "Node name for S&R": "PreviewImage"
      },
      "order": 19
    },
    {
      "mode": 0,
      "outputs": [
        {
          "name": "LATENT",
          "links": [
            13
          ],
          "label": "Latent",
          "type": "LATENT",
          "localized_name": "Latent"
        }
      ],
      "size": [
        270,
        720.4444580078125
      ],
      "pos": [
        1587.5419921875,
        339.28863525390625
      ],
      "widgets_values": [
        890,
        "fixed",
        20,
        1,
        "euler",
        "simple",
        1
      ],
      "inputs": [
        {
          "name": "model",
          "link": 3,
          "label": "模型",
          "type": "MODEL",
          "localized_name": "模型"
        },
        {
          "name": "positive",
          "link": 24,
          "label": "正面条件",
          "type": "CONDITIONING",
          "localized_name": "正面条件"
        },
        {
          "name": "negative",
          "link": 25,
          "label": "负面条件",
          "type": "CONDITIONING",
          "localized_name": "负面条件"
        },
        {
          "name": "latent_image",
          "link": 38,
          "label": "Latent",
          "type": "LATENT",
          "localized_name": "Latent图像"
        },
        {
          "widget": {
            "name": "seed"
          },
          "name": "seed",
          "type": "INT",
          "localized_name": "随机种"
        },
        {
          "widget": {
            "name": "steps"
          },
          "name": "steps",
          "type": "INT",
          "localized_name": "步数"
        },
        {
          "widget": {
            "name": "cfg"
          },
          "name": "cfg",
          "type": "FLOAT",
          "localized_name": "CFG"
        },
        {
          "widget": {
            "name": "sampler_name"
          },
          "name": "sampler_name",
          "type": "COMBO",
          "localized_name": "采样器"
        },
        {
          "widget": {
            "name": "scheduler"
          },
          "name": "scheduler",
          "type": "COMBO",
          "localized_name": "调度器"
        },
        {
          "widget": {
            "name": "denoise"
          },
          "name": "denoise",
          "type": "FLOAT",
          "localized_name": "降噪"
        }
      ],
      "flags": {},
      "id": 6,
      "type": "KSampler",
      "properties": {
        "cnr_id": "comfy-core",
        "ver": "0.3.52",
        "widget_ue_connectable": {},
        "Node name for S&R": "KSampler"
      },
      "order": 17
    },
    {
      "mode": 0,
      "outputs": [
        {
          "name": "IMAGE",
          "links": [
            20
          ],
          "label": "IMAGE",
          "type": "IMAGE",
          "localized_name": "图像"
        }
      ],
      "size": [
        187.75448608398438,
        26
      ],
      "pos": [
        139.12217712402344,
        762.4232788085938
      ],
      "widgets_values": [],
      "inputs": [
        {
          "name": "image",
          "link": 6,
          "label": "image",
          "type": "IMAGE",
          "localized_name": "image"
        }
      ],
      "flags": {},
      "id": 9,
      "type": "FluxKontextImageScale",
      "properties": {
        "cnr_id": "comfy-core",
        "ver": "0.3.52",
        "widget_ue_connectable": {},
        "Node name for S&R": "FluxKontextImageScale"
      },
      "order": 9
    },
    {
      "mode": 0,
      "outputs": [],
      "size": [
        1115.2548828125,
        989.27490234375
      ],
      "pos": [
        3045.7470703125,
        357.4008483886719
      ],
      "widgets_values": [],
      "inputs": [
        {
          "name": "images",
          "link": 37,
          "label": "图像",
          "type": "IMAGE",
          "localized_name": "图像"
        }
      ],
      "flags": {},
      "id": 25,
      "type": "PreviewImage",
      "properties": {
        "cnr_id": "comfy-core",
        "ver": "0.3.52",
        "widget_ue_connectable": {},
        "Node name for S&R": "PreviewImage"
      },
      "order": 22
    },
    {
      "mode": 0,
      "outputs": [
        {
          "name": "IMAGE",
          "links": [
            27,
            30,
            33
          ],
          "label": "图像",
          "type": "IMAGE",
          "localized_name": "图像"
        }
      ],
      "size": [
        270,
        82
      ],
      "pos": [
        899.7742309570312,
        493.3114013671875
      ],
      "widgets_values": [
        "OpenposePreprocessor",
        512
      ],
      "inputs": [
        {
          "name": "image",
          "link": 28,
          "label": "图像",
          "type": "IMAGE",
          "localized_name": "image"
        },
        {
          "widget": {
            "name": "preprocessor"
          },
          "shape": 7,
          "name": "preprocessor",
          "type": "COMBO",
          "localized_name": "预处理器"
        },
        {
          "widget": {
            "name": "resolution"
          },
          "shape": 7,
          "name": "resolution",
          "type": "INT",
          "localized_name": "分辨率"
        }
      ],
      "flags": {},
      "id": 18,
      "type": "AIO_Preprocessor",
      "properties": {
        "cnr_id": "comfyui_controlnet_aux",
        "ver": "1.1.0",
        "widget_ue_connectable": {},
        "Node name for S&R": "AIO_Preprocessor"
      },
      "order": 8
    },
    {
      "mode": 0,
      "outputs": [
        {
          "name": "positive",
          "links": [
            24
          ],
          "label": "正面条件",
          "type": "CONDITIONING",
          "localized_name": "正面条件"
        },
        {
          "name": "negative",
          "links": [
            25
          ],
          "label": "负面条件",
          "type": "CONDITIONING",
          "localized_name": "负面条件"
        }
      ],
      "size": [
        270,
        186
      ],
      "pos": [
        1245.4146728515625,
        402.4351806640625
      ],
      "widgets_values": [
        1.5,
        0,
        1
      ],
      "inputs": [
        {
          "name": "positive",
          "link": 22,
          "label": "正面条件",
          "type": "CONDITIONING",
          "localized_name": "正面条件"
        },
        {
          "name": "negative",
          "link": 23,
          "label": "负面条件",
          "type": "CONDITIONING",
          "localized_name": "负面条件"
        },
        {
          "name": "control_net",
          "link": 21,
          "label": "ControlNet",
          "type": "CONTROL_NET",
          "localized_name": "ControlNet"
        },
        {
          "name": "vae",
          "link": 26,
          "label": "VAE",
          "type": "VAE",
          "localized_name": "vae"
        },
        {
          "name": "image",
          "link": 27,
          "label": "图像",
          "type": "IMAGE",
          "localized_name": "图像"
        },
        {
          "widget": {
            "name": "strength"
          },
          "name": "strength",
          "type": "FLOAT",
          "localized_name": "强度"
        },
        {
          "widget": {
            "name": "start_percent"
          },
          "name": "start_percent",
          "type": "FLOAT",
          "localized_name": "开始时间"
        },
        {
          "widget": {
            "name": "end_percent"
          },
          "name": "end_percent",
          "type": "FLOAT",
          "localized_name": "结束时间"
        }
      ],
      "flags": {},
      "id": 17,
      "type": "ControlNetApplySD3",
      "properties": {
        "cnr_id": "comfy-core",
        "ver": "0.3.52",
        "widget_ue_connectable": {},
        "Node name for S&R": "ControlNetApplySD3"
      },
      "order": 16
    },
    {
      "mode": 0,
      "outputs": [
        {
          "name": "VAE",
          "links": [
            8,
            14,
            26
          ],
          "type": "VAE",
          "localized_name": "VAE"
        }
      ],
      "size": [
        270,
        58
      ],
      "pos": [
        -176.61434936523438,
        647.6990966796875
      ],
      "widgets_values": [
        "ae.safetensors"
      ],
      "inputs": [
        {
          "widget": {
            "name": "vae_name"
          },
          "name": "vae_name",
          "type": "COMBO",
          "localized_name": "vae名称"
        }
      ],
      "flags": {},
      "id": 3,
      "type": "VAELoader",
      "properties": {
        "cnr_id": "comfy-core",
        "ver": "0.3.52",
        "widget_ue_connectable": {},
        "Node name for S&R": "VAELoader"
      },
      "order": 0
    },
    {
      "mode": 0,
      "outputs": [
        {
          "name": "CONTROL_NET",
          "links": [
            21
          ],
          "label": "ControlNet",
          "type": "CONTROL_NET",
          "localized_name": "ControlNet"
        }
      ],
      "size": [
        270,
        58
      ],
      "pos": [
        899.048095703125,
        384.15350341796875
      ],
      "widgets_values": [
        "FLUX.1-dev-ControlNet-Union-Pro-2.0/diffusion_pytorch_model.safetensors"
      ],
      "inputs": [
        {
          "widget": {
            "name": "control_net_name"
          },
          "name": "control_net_name",
          "type": "COMBO",
          "localized_name": "ControlNet名称"
        }
      ],
      "flags": {},
      "id": 16,
      "type": "ControlNetLoader",
      "properties": {
        "cnr_id": "comfy-core",
        "ver": "0.3.52",
        "widget_ue_connectable": {},
        "Node name for S&R": "ControlNetLoader"
      },
      "order": 1
    },
    {
      "mode": 0,
      "outputs": [
        {
          "name": "IMAGE",
          "links": [
            28
          ],
          "label": "图像",
          "type": "IMAGE",
          "localized_name": "图像"
        },
        {
          "name": "MASK",
          "label": "遮罩",
          "type": "MASK",
          "localized_name": "遮罩"
        }
      ],
      "size": [
        328.966064453125,
        509.3251037597656
      ],
      "pos": [
        -1068.0867919921875,
        1263.4822998046875
      ],
      "widgets_values": [
        "d01b07f2f8c7c548d708ec1be5b6453f05531a1e0674ef34469561760d7a07a2.png",
        "image"
      ],
      "inputs": [
        {
          "widget": {
            "name": "image"
          },
          "name": "image",
          "type": "COMBO",
          "localized_name": "图像"
        },
        {
          "widget": {
            "name": "upload"
          },
          "name": "upload",
          "type": "IMAGEUPLOAD",
          "localized_name": "选择文件上传"
        }
      ],
      "flags": {},
      "id": 19,
      "type": "LoadImage",
      "properties": {
        "cnr_id": "comfy-core",
        "ver": "0.3.52",
        "widget_ue_connectable": {},
        "Node name for S&R": "LoadImage"
      },
      "order": 2
    },
    {
      "mode": 0,
      "outputs": [
        {
          "name": "IMAGE",
          "links": [
            37,
            39
          ],
          "label": "图像",
          "type": "IMAGE",
          "localized_name": "图像"
        }
      ],
      "size": [
        270,
        102
      ],
      "pos": [
        2694.68212890625,
        358.1480712890625
      ],
      "widgets_values": [
        "right",
        true
      ],
      "inputs": [
        {
          "name": "image1",
          "link": 33,
          "label": "图像_1",
          "type": "IMAGE",
          "localized_name": "image1"
        },
        {
          "name": "image2",
          "link": 34,
          "label": "图像_2",
          "type": "IMAGE",
          "localized_name": "image2"
        },
        {
          "widget": {
            "name": "direction"
          },
          "name": "direction",
          "type": "COMBO",
          "localized_name": "方向"
        },
        {
          "widget": {
            "name": "match_image_size"
          },
          "name": "match_image_size",
          "type": "BOOLEAN",
          "localized_name": "match_image_size"
        }
      ],
      "flags": {},
      "id": 22,
      "type": "ImageConcanate",
      "properties": {
        "cnr_id": "comfyui-kjnodes",
        "ver": "d9425173e77b5be8c75492a72424ddffae4d4445",
        "widget_ue_connectable": {},
        "Node name for S&R": "ImageConcanate"
      },
      "order": 20
    },
    {
      "mode": 0,
      "outputs": [
        {
          "name": "IMAGE",
          "links": [
            32,
            34,
            40
          ],
          "label": "图像",
          "type": "IMAGE",
          "localized_name": "图像"
        }
      ],
      "size": [
        140,
        46
      ],
      "pos": [
        1905.9698486328125,
        342.2846374511719
      ],
      "widgets_values": [],
      "inputs": [
        {
          "name": "samples",
          "link": 13,
          "label": "Latent",
          "type": "LATENT",
          "localized_name": "Latent"
        },
        {
          "name": "vae",
          "link": 14,
          "label": "VAE",
          "type": "VAE",
          "localized_name": "vae"
        }
      ],
      "flags": {},
      "id": 12,
      "type": "VAEDecode",
      "properties": {
        "cnr_id": "comfy-core",
        "ver": "0.3.52",
        "widget_ue_connectable": {},
        "Node name for S&R": "VAEDecode"
      },
      "order": 18
    },
    {
      "mode": 0,
      "outputs": [],
      "size": [
        561.0177001953125,
        796.8336791992188
      ],
      "pos": [
        4299.61181640625,
        296.5699157714844
      ],
      "widgets_values": [
        "ComfyUI"
      ],
      "inputs": [
        {
          "name": "images",
          "link": 40,
          "label": "图像",
          "type": "IMAGE",
          "localized_name": "图片"
        },
        {
          "widget": {
            "name": "filename_prefix"
          },
          "name": "filename_prefix",
          "type": "STRING",
          "localized_name": "文件名前缀"
        }
      ],
      "flags": {},
      "id": 28,
      "type": "SaveImage",
      "properties": {
        "widget_ue_connectable": {},
        "Node name for S&R": "SaveImage"
      },
      "order": 21
    },
    {
      "mode": 0,
      "outputs": [],
      "size": [
        759.210693359375,
        885.8950805664062
      ],
      "pos": [
        4917.0732421875,
        294.58587646484375
      ],
      "widgets_values": [
        "ComfyUI"
      ],
      "inputs": [
        {
          "name": "images",
          "link": 39,
          "label": "图像",
          "type": "IMAGE",
          "localized_name": "图片"
        },
        {
          "widget": {
            "name": "filename_prefix"
          },
          "name": "filename_prefix",
          "type": "STRING",
          "localized_name": "文件名前缀"
        }
      ],
      "flags": {},
      "id": 27,
      "type": "SaveImage",
      "properties": {
        "widget_ue_connectable": {},
        "Node name for S&R": "SaveImage"
      },
      "order": 23
    },
    {
      "mode": 0,
      "outputs": [],
      "size": [
        242.74391174316406,
        403.4662170410156
      ],
      "pos": [
        1265.4627685546875,
        656.6769409179688
      ],
      "widgets_values": [],
      "inputs": [
        {
          "name": "images",
          "link": 30,
          "label": "图像",
          "type": "IMAGE",
          "localized_name": "图像"
        }
      ],
      "flags": {},
      "id": 20,
      "type": "PreviewImage",
      "properties": {
        "cnr_id": "comfy-core",
        "ver": "0.3.52",
        "widget_ue_connectable": {},
        "Node name for S&R": "PreviewImage"
      },
      "order": 11
    },
    {
      "mode": 0,
      "outputs": [
        {
          "name": "CLIP",
          "links": [
            1
          ],
          "label": "CLIP",
          "type": "CLIP",
          "localized_name": "CLIP"
        }
      ],
      "size": [
        270,
        130
      ],
      "pos": [
        -177.135498046875,
        467.9585266113281
      ],
      "widgets_values": [
        "clip_l.safetensors",
        "t5xxl_fp8_e4m3fn.safetensors",
        "flux",
        "default"
      ],
      "inputs": [
        {
          "widget": {
            "name": "clip_name1"
          },
          "name": "clip_name1",
          "type": "COMBO",
          "localized_name": "CLIP1"
        },
        {
          "widget": {
            "name": "clip_name2"
          },
          "name": "clip_name2",
          "type": "COMBO",
          "localized_name": "CLIP2"
        },
        {
          "widget": {
            "name": "type"
          },
          "name": "type",
          "type": "COMBO",
          "localized_name": "类型"
        },
        {
          "widget": {
            "name": "device"
          },
          "shape": 7,
          "name": "device",
          "type": "COMBO",
          "localized_name": "设备"
        }
      ],
      "flags": {},
      "id": 2,
      "type": "DualCLIPLoader",
      "properties": {
        "cnr_id": "comfy-core",
        "ver": "0.3.52",
        "widget_ue_connectable": {},
        "Node name for S&R": "DualCLIPLoader"
      },
      "order": 3
    },
    {
      "mode": 0,
      "outputs": [
        {
          "name": "MODEL",
          "links": [
            3
          ],
          "label": "模型",
          "type": "MODEL",
          "localized_name": "模型"
        }
      ],
      "size": [
        279.6076965332031,
        83.06752014160156
      ],
      "pos": [
        -178.19078063964844,
        336.94622802734375
      ],
      "widgets_values": [
        "flux1-kontext-dev.safetensors",
        "fp8_e4m3fn"
      ],
      "inputs": [
        {
          "widget": {
            "name": "unet_name"
          },
          "name": "unet_name",
          "type": "COMBO",
          "localized_name": "UNET名称"
        },
        {
          "widget": {
            "name": "weight_dtype"
          },
          "name": "weight_dtype",
          "type": "COMBO",
          "localized_name": "剪枝类型"
        }
      ],
      "flags": {},
      "id": 1,
      "type": "UNETLoader",
      "properties": {
        "cnr_id": "comfy-core",
        "ver": "0.3.52",
        "widget_ue_connectable": {},
        "Node name for S&R": "UNETLoader"
      },
      "order": 4
    },
    {
      "mode": 0,
      "outputs": [
        {
          "name": "LATENT",
          "links": [
            38
          ],
          "label": "Latent",
          "type": "LATENT",
          "localized_name": "Latent"
        }
      ],
      "size": [
        270,
        106
      ],
      "pos": [
        849.64697265625,
        684.3840942382812
      ],
      "widgets_values": [
        640,
        1024,
        1
      ],
      "inputs": [
        {
          "widget": {
            "name": "width"
          },
          "name": "width",
          "type": "INT",
          "localized_name": "宽度"
        },
        {
          "widget": {
            "name": "height"
          },
          "name": "height",
          "type": "INT",
          "localized_name": "高度"
        },
        {
          "widget": {
            "name": "batch_size"
          },
          "name": "batch_size",
          "type": "INT",
          "localized_name": "批次大小"
        }
      ],
      "flags": {},
      "id": 26,
      "type": "EmptySD3LatentImage",
      "properties": {
        "cnr_id": "comfy-core",
        "ver": "0.3.52",
        "widget_ue_connectable": {},
        "Node name for S&R": "EmptySD3LatentImage"
      },
      "order": 5
    },
    {
      "mode": 0,
      "outputs": [
        {
          "name": "IMAGE",
          "links": [
            6
          ],
          "label": "图像",
          "type": "IMAGE",
          "localized_name": "图像"
        },
        {
          "name": "MASK",
          "label": "遮罩",
          "type": "MASK",
          "localized_name": "遮罩"
        }
      ],
      "size": [
        556.226318359375,
        783.6560668945312
      ],
      "pos": [
        -1170.8612060546875,
        374.0875244140625
      ],
      "widgets_values": [
        "pasted/0bb44a17983741db28cc53da28baf50f0b303ffbd0270244fabeae0ab63a729f.png",
        "image"
      ],
      "inputs": [
        {
          "widget": {
            "name": "image"
          },
          "name": "image",
          "type": "COMBO",
          "localized_name": "图像"
        },
        {
          "widget": {
            "name": "upload"
          },
          "name": "upload",
          "type": "IMAGEUPLOAD",
          "localized_name": "选择文件上传"
        }
      ],
      "flags": {},
      "id": 8,
      "type": "LoadImage",
      "properties": {
        "cnr_id": "comfy-core",
        "ver": "0.3.52",
        "widget_ue_connectable": {},
        "Node name for S&R": "LoadImage"
      },
      "order": 6
    },
    {
      "outputs": [
        {
          "name": "text",
          "links": [
            16
          ],
          "label": "文本",
          "type": "STRING",
          "localized_name": "text"
        }
      ],
      "color": "#232",
      "widgets_values": [
        "auto",
        "english",
        false,
        "",
        "",
        "GoogleTranslator",
        "改变角色姿势",
        "proxy_hide",
        "authorization_hide"
      ],
      "inputs": [
        {
          "widget": {
            "name": "from_translate"
          },
          "name": "from_translate",
          "type": "COMBO",
          "localized_name": "从"
        },
        {
          "widget": {
            "name": "to_translate"
          },
          "name": "to_translate",
          "type": "COMBO",
          "localized_name": "到"
        },
        {
          "widget": {
            "name": "add_proxies"
          },
          "name": "add_proxies",
          "type": "BOOLEAN",
          "localized_name": "添加代理"
        },
        {
          "widget": {
            "name": "proxies"
          },
          "name": "proxies",
          "type": "STRING",
          "localized_name": "代理"
        },
        {
          "widget": {
            "name": "auth_data"
          },
          "name": "auth_data",
          "type": "STRING",
          "localized_name": "账户信息"
        },
        {
          "widget": {
            "name": "service"
          },
          "name": "service",
          "type": "COMBO",
          "localized_name": "服务"
        },
        {
          "widget": {
            "name": "text"
          },
          "name": "text",
          "type": "STRING",
          "localized_name": "文本"
        }
      ],
      "flags": {},
      "type": "DeepTranslatorTextNode",
      "mode": 0,
      "bgcolor": "#353",
      "size": [
        291.36761474609375,
        355
      ],
      "pos": [
        -187.82054138183594,
        -95.40084838867188
      ],
      "id": 14,
      "properties": {
        "cnr_id": "comfyui_custom_nodes_alekpet",
        "ver": "1.0.73",
        "widget_ue_connectable": {},
        "Node name for S&R": "DeepTranslatorTextNode"
      },
      "order": 7
    }
  ],
  "extra": {
    "VHS_KeepIntermediate": true,
    "links_added_by_ue": [],
    "VHS_MetadataImage": true,
    "ue_links": [],
    "0246.VERSION": [
      0,
      0,
      4
    ],
    "VHS_latentpreviewrate": 0,
    "frontendVersion": "1.25.11",
    "VHS_latentpreview": true,
    "ds": {
      "offset": [
        1399.4835412689624,
        391.47463528291445
      ],
      "scale": 1.2839025177495096
    }
  },
  "groups": [
    {
      "color": "#3f789e",
      "font_size": 24,
      "flags": {},
      "id": 1,
      "title": "角色图",
      "bounding": [
        -1180.8612060546875,
        300.4875183105469,
        576.226318359375,
        867.256103515625
      ]
    },
    {
      "color": "#3f789e",
      "font_size": 24,
      "flags": {},
      "id": 2,
      "title": "控制图",
      "bounding": [
        -1078.0867919921875,
        1189.88232421875,
        348.966064453125,
        592.925048828125
      ]
    }
  ],
  "links": [
    [
      1,
      2,
      0,
      5,
      0,
      "CLIP"
    ],
    [
      3,
      1,
      0,
      6,
      0,
      "MODEL"
    ],
    [
      4,
      5,
      0,
      7,
      0,
      "CONDITIONING"
    ],
    [
      6,
      8,
      0,
      9,
      0,
      "IMAGE"
    ],
    [
      8,
      3,
      0,
      10,
      1,
      "VAE"
    ],
    [
      9,
      10,
      0,
      4,
      1,
      "LATENT"
    ],
    [
      10,
      5,
      0,
      4,
      0,
      "CONDITIONING"
    ],
    [
      13,
      6,
      0,
      12,
      0,
      "LATENT"
    ],
    [
      14,
      3,
      0,
      12,
      1,
      "VAE"
    ],
    [
      16,
      14,
      0,
      5,
      1,
      "STRING"
    ],
    [
      17,
      4,
      0,
      15,
      0,
      "CONDITIONING"
    ],
    [
      20,
      9,
      0,
      10,
      0,
      "IMAGE"
    ],
    [
      21,
      16,
      0,
      17,
      2,
      "CONTROL_NET"
    ],
    [
      22,
      15,
      0,
      17,
      0,
      "CONDITIONING"
    ],
    [
      23,
      7,
      0,
      17,
      1,
      "CONDITIONING"
    ],
    [
      24,
      17,
      0,
      6,
      1,
      "CONDITIONING"
    ],
    [
      25,
      17,
      1,
      6,
      2,
      "CONDITIONING"
    ],
    [
      26,
      3,
      0,
      17,
      3,
      "VAE"
    ],
    [
      27,
      18,
      0,
      17,
      4,
      "IMAGE"
    ],
    [
      28,
      19,
      0,
      18,
      0,
      "IMAGE"
    ],
    [
      30,
      18,
      0,
      20,
      0,
      "IMAGE"
    ],
    [
      32,
      12,
      0,
      13,
      0,
      "IMAGE"
    ],
    [
      33,
      18,
      0,
      22,
      0,
      "IMAGE"
    ],
    [
      34,
      12,
      0,
      22,
      1,
      "IMAGE"
    ],
    [
      37,
      22,
      0,
      25,
      0,
      "IMAGE"
    ],
    [
      38,
      26,
      0,
      6,
      3,
      "LATENT"
    ],
    [
      39,
      22,
      0,
      27,
      0,
      "IMAGE"
    ],
    [
      40,
      12,
      0,
      28,
      0,
      "IMAGE"
    ]
  ],
  "id": "f192999c-bf58-46bb-9995-adf8b5a2dcd6",
  "config": {},
  "version": 0.4,
  "last_node_id": 28,
  "revision": 0
}