{
  "last_link_id": 7,
  "nodes": [
    {
      "mode": 0,
      "outputs": [],
      "size": [
        270,
        588.9091186523438
      ],
      "pos": [
        1204.9439697265625,
        -50.11240768432617
      ],
      "widgets_values": [
        "video/ComfyUI",
        "auto",
        "auto"
      ],
      "inputs": [
        {
          "name": "video",
          "link": 2,
          "label": "video",
          "type": "VIDEO",
          "localized_name": "video"
        },
        {
          "widget": {
            "name": "filename_prefix"
          },
          "name": "filename_prefix",
          "label": "filename_prefix",
          "type": "STRING",
          "localized_name": "filename_prefix"
        },
        {
          "widget": {
            "name": "format"
          },
          "name": "format",
          "label": "format",
          "type": "COMBO",
          "localized_name": "format"
        },
        {
          "widget": {
            "name": "codec"
          },
          "name": "codec",
          "label": "codec",
          "type": "COMBO",
          "localized_name": "codec"
        }
      ],
      "flags": {},
      "id": 3,
      "type": "SaveVideo",
      "properties": {
        "widget_ue_connectable": {},
        "Node name for S&R": "SaveVideo"
      },
      "order": 2
    },
    {
      "mode": 0,
      "outputs": [
        {
          "name": "output",
          "label": "output",
          "type": "*",
          "localized_name": "output"
        }
      ],
      "size": [
        239.55267333984375,
        121.67107391357422
      ],
      "pos": [
        946.3391723632812,
        70.40958404541016
      ],
      "widgets_values": [
        "https://midjourney-plus.oss-us-west-1.aliyuncs.com/sora/a584305c-9996-4acb-96f6-0fba00a411a3.mp4"
      ],
      "inputs": [
        {
          "shape": 7,
          "name": "anything",
          "link": 5,
          "label": "anything",
          "type": "*",
          "localized_name": "anything"
        }
      ],
      "flags": {},
      "id": 8,
      "type": "easy showAnything",
      "properties": {
        "widget_ue_connectable": {},
        "Node name for S&R": "easy showAnything"
      },
      "order": 3
    },
    {
      "mode": 0,
      "outputs": [
        {
          "name": "output",
          "label": "output",
          "type": "*",
          "localized_name": "output"
        }
      ],
      "size": [
        233.394775390625,
        135.52635192871094
      ],
      "pos": [
        952.840576171875,
        243.91737365722656
      ],
      "widgets_values": [
        "{\"status\": \"success\", \"video_url\": \"https://midjourney-plus.oss-us-west-1.aliyuncs.com/sora/a584305c-9996-4acb-96f6-0fba00a411a3.mp4\", \"successful_provider\": \"backup\", \"total_retries\": 0, \"used_redis_config\": true}"
      ],
      "inputs": [
        {
          "shape": 7,
          "name": "anything",
          "link": 6,
          "label": "anything",
          "type": "*",
          "localized_name": "anything"
        }
      ],
      "flags": {},
      "id": 9,
      "type": "easy showAnything",
      "properties": {
        "widget_ue_connectable": {},
        "Node name for S&R": "easy showAnything"
      },
      "order": 4
    },
    {
      "mode": 0,
      "outputs": [
        {
          "name": "IMAGE",
          "links": [
            1
          ],
          "label": "IMAGE",
          "type": "IMAGE",
          "localized_name": "IMAGE"
        },
        {
          "name": "MASK",
          "label": "MASK",
          "type": "MASK",
          "localized_name": "MASK"
        }
      ],
      "size": [
        270,
        314
      ],
      "pos": [
        64.73454284667969,
        -4.950906276702881
      ],
      "widgets_values": [
        "825b8cb2f5603b068704ef435df77d570f081be814a40f652f080b8d4bc6ba03.png",
        "image"
      ],
      "inputs": [
        {
          "widget": {
            "name": "image"
          },
          "name": "image",
          "label": "image",
          "type": "COMBO",
          "localized_name": "image"
        },
        {
          "widget": {
            "name": "upload"
          },
          "name": "upload",
          "label": "upload",
          "type": "IMAGEUPLOAD",
          "localized_name": "choose file to upload"
        }
      ],
      "flags": {},
      "id": 2,
      "type": "LoadImage",
      "properties": {
        "widget_ue_connectable": {},
        "Node name for S&R": "LoadImage"
      },
      "order": 0
    },
    {
      "mode": 0,
      "outputs": [
        {
          "name": "video",
          "links": [
            2
          ],
          "label": "video",
          "type": "VIDEO",
          "localized_name": "video"
        },
        {
          "name": "video_url",
          "links": [
            5
          ],
          "label": "video_url",
          "type": "STRING",
          "localized_name": "video_url"
        },
        {
          "name": "response",
          "links": [
            6
          ],
          "label": "response",
          "type": "STRING",
          "localized_name": "response"
        }
      ],
      "size": [
        414.99334716796875,
        367.0687561035156
      ],
      "pos": [
        415.2321472167969,
        -4.977827072143555
      ],
      "widgets_values": [
        "镜头一（0s–3s）\n从空中俯拍，镜头缓缓向下俯冲穿越云层，紫蓝色霓虹反射在摩天大楼玻璃幕墙上，阳光折射出耀眼的镜面光晕。画面逐渐拉近城市主干道，车辆与行人缓慢移动，营造出未来都市的秩序与生机。\n镜头二（3s–6s）\n镜头平移至街道中央，以低角度仰拍方式沿车流方向推进，车灯形成光迹拖尾效果。街边LED广告屏闪烁，天空映照出淡淡的极光渐变。加入轻微镜头晃动与对焦转换，展现真实空间感。\n镜头三（6s–10s）\n镜头沿建筑立面上升，反射出的光影闪烁间穿插一个“光能转场”——画面由现实街区渐变为虚拟都市网格。最后镜头定格在天际线中央，太阳光线穿透玻璃，画面缓缓过曝收尾。",
        "landscape",
        2072917155,
        "randomize"
      ],
      "inputs": [
        {
          "name": "image",
          "link": 1,
          "label": "image",
          "type": "IMAGE",
          "localized_name": "image"
        },
        {
          "widget": {
            "name": "prompt"
          },
          "name": "prompt",
          "label": "prompt",
          "type": "STRING",
          "localized_name": "prompt"
        },
        {
          "widget": {
            "name": "model"
          },
          "name": "model",
          "label": "model",
          "type": "COMBO",
          "localized_name": "model"
        },
        {
          "widget": {
            "name": "seed"
          },
          "shape": 7,
          "name": "seed",
          "label": "seed",
          "type": "INT",
          "localized_name": "seed"
        }
      ],
      "flags": {},
      "id": 1,
      "type": "RH_Sora2_I2V",
      "properties": {
        "widget_ue_connectable": {},
        "Node name for S&R": "RH_Sora2_I2V"
      },
      "order": 1
    }
  ],
  "extra": {
    "links_added_by_ue": [],
    "ue_links": [],
    "0246.VERSION": [
      0,
      0,
      4
    ],
    "ds": {
      "offset": [
        -22.081857283367924,
        91.47190140238638
      ],
      "scale": 2.274511628246825
    }
  },
  "groups": [],
  "links": [
    [
      1,
      2,
      0,
      1,
      0,
      "IMAGE"
    ],
    [
      2,
      1,
      0,
      3,
      0,
      "VIDEO"
    ],
    [
      5,
      1,
      1,
      8,
      0,
      "*"
    ],
    [
      6,
      1,
      2,
      9,
      0,
      "*"
    ]
  ],
  "id": "1fedc185-94c9-46f2-9a6b-145cfe9153e4",
  "config": {},
  "version": 0.4,
  "last_node_id": 10,
  "revision": 0
}